benchmark,objective,group,round,common_risk,prior_risk,task_risk,combined_risk,positive_weight_count,diagnostic_scope
GB1,G-Rank,0,1,G-Rank,0.15912882486979169,0.11359094690393517,0.10351097249696194,96,current-run measured OOF; recomputed only after all-complete
GB1,G-Rank,0,1,T-Uniform-96,0.15912882486979169,0.11359094690393517,0.10351097249696194,96,current-run measured OOF; recomputed only after all-complete
GB1,G-Rank,0,1,T-DCG-96,0.15455400891558826,0.10756968345359394,0.09959536723889173,96,current-run measured OOF; recomputed only after all-complete
GB1,G-Rank,0,1,T-DCG-192,0.15455400891558826,0.10756968345359394,0.09959536723889173,96,current-run measured OOF; recomputed only after all-complete
GB1,G-Rank,0,2,G-Rank,0.07207284150300203,0.07848690174244068,0.06243022890484958,192,current-run measured OOF; recomputed only after all-complete
GB1,G-Rank,0,2,T-Uniform-96,0.06767068085847076,0.06981517650462962,0.05569512918290217,96,current-run measured OOF; recomputed only after all-complete
GB1,G-Rank,0,2,T-DCG-96,0.059276492501704026,0.059612362978449386,0.04845346789304843,96,current-run measured OOF; recomputed only after all-complete
GB1,G-Rank,0,2,T-DCG-192,0.06605338845151318,0.07060643953763567,0.05671424948020337,192,current-run measured OOF; recomputed only after all-complete
GB1,G-Rank,0,3,G-Rank,0.04399778682672111,0.03472471302592379,0.03262642437396173,288,current-run measured OOF; recomputed only after all-complete
GB1,G-Rank,0,3,T-Uniform-96,0.031240580994405864,0.017948605886702676,0.019197513355780484,96,current-run measured OOF; recomputed only after all-complete
GB1,G-Rank,0,3,T-DCG-96,0.03054974428058712,0.017245694605904954,0.018229204426296396,96,current-run measured OOF; recomputed only after all-complete
GB1,G-Rank,0,3,T-DCG-192,0.04147198948337787,0.030236863978173004,0.029364487284559287,192,current-run measured OOF; recomputed only after all-complete
GB1,G-Rank,0,4,G-Rank,0.04429985858775951,0.03136905917414912,0.030110575216657564,384,current-run measured OOF; recomputed only after all-complete
GB1,G-Rank,0,4,T-Uniform-96,0.03172475320321542,0.019336276584201388,0.018571310706551845,96,current-run measured OOF; recomputed only after all-complete
GB1,G-Rank,0,4,T-DCG-96,0.036863050806468484,0.018043176828532403,0.018534322794866425,96,current-run measured OOF; recomputed only after all-complete
GB1,G-Rank,0,4,T-DCG-192,0.04122342388692184,0.021846507025822633,0.021871013805721404,192,current-run measured OOF; recomputed only after all-complete
GB1,T-Uniform-96,0,1,G-Rank,0.15912882486979169,0.11359094690393517,0.10351097249696194,96,current-run measured OOF; recomputed only after all-complete
GB1,T-Uniform-96,0,1,T-Uniform-96,0.15912882486979169,0.11359094690393517,0.10351097249696194,96,current-run measured OOF; recomputed only after all-complete
GB1,T-Uniform-96,0,1,T-DCG-96,0.15455400891558826,0.10756968345359394,0.09959536723889173,96,current-run measured OOF; recomputed only after all-complete
GB1,T-Uniform-96,0,1,T-DCG-192,0.15455400891558826,0.10756968345359394,0.09959536723889173,96,current-run measured OOF; recomputed only after all-complete
GB1,T-Uniform-96,0,2,G-Rank,0.07207284150300203,0.07848690174244068,0.06252363637611795,192,current-run measured OOF; recomputed only after all-complete
GB1,T-Uniform-96,0,2,T-Uniform-96,0.06767068085847076,0.06981517650462962,0.055598202205294656,96,current-run measured OOF; recomputed only after all-complete
GB1,T-Uniform-96,0,2,T-DCG-96,0.059276492501704026,0.059612362978449386,0.048307262788877044,96,current-run measured OOF; recomputed only after all-complete
GB1,T-Uniform-96,0,2,T-DCG-192,0.06605338845151318,0.07060643953763567,0.05674402934155355,192,current-run measured OOF; recomputed only after all-complete
GB1,T-Uniform-96,0,3,G-Rank,0.042047927081993744,0.03354423952037252,0.03354423952037252,288,current-run measured OOF; recomputed only after all-complete
GB1,T-Uniform-96,0,3,T-Uniform-96,0.029313012896251284,0.01393698861078961,0.01393698861078961,96,current-run measured OOF; recomputed only after all-complete
GB1,T-Uniform-96,0,3,T-DCG-96,0.029656290799137817,0.013775688758629041,0.013775688758629041,96,current-run measured OOF; recomputed only after all-complete
GB1,T-Uniform-96,0,3,T-DCG-192,0.0398490120964629,0.02630962749539719,0.02630962749539719,192,current-run measured OOF; recomputed only after all-complete
GB1,T-Uniform-96,0,4,G-Rank,0.052238835228814014,0.02930099875838668,0.028576191670563727,384,current-run measured OOF; recomputed only after all-complete
GB1,T-Uniform-96,0,4,T-Uniform-96,0.034456376676206234,0.014227125379774304,0.013326349892081807,96,current-run measured OOF; recomputed only after all-complete
GB1,T-Uniform-96,0,4,T-DCG-96,0.035372536881011434,0.012288262361924885,0.01187061264765497,96,current-run measured OOF; recomputed only after all-complete
GB1,T-Uniform-96,0,4,T-DCG-192,0.04083509538637965,0.017442767136262027,0.017399858565850124,192,current-run measured OOF; recomputed only after all-complete
GB1,T-DCG-96,0,1,G-Rank,0.15912882486979169,0.11359094690393517,0.10356670783154726,96,current-run measured OOF; recomputed only after all-complete
GB1,T-DCG-96,0,1,T-Uniform-96,0.15912882486979169,0.11359094690393517,0.10356670783154726,96,current-run measured OOF; recomputed only after all-complete
GB1,T-DCG-96,0,1,T-DCG-96,0.15455400891558826,0.10756968345359394,0.09954357179681107,96,current-run measured OOF; recomputed only after all-complete
GB1,T-DCG-96,0,1,T-DCG-192,0.15455400891558826,0.10756968345359394,0.09954357179681107,96,current-run measured OOF; recomputed only after all-complete
GB1,T-DCG-96,0,2,G-Rank,0.0700949916133174,0.07742288377549914,0.06258576232750179,192,current-run measured OOF; recomputed only after all-complete
GB1,T-DCG-96,0,2,T-Uniform-96,0.06528049045138888,0.06928337944878472,0.05575334663079518,96,current-run measured OOF; recomputed only after all-complete
GB1,T-DCG-96,0,2,T-DCG-96,0.05655190303402536,0.05946272240251237,0.048167816132866886,96,current-run measured OOF; recomputed only after all-complete
GB1,T-DCG-96,0,2,T-DCG-192,0.06381707066200654,0.06987562032235234,0.05663930415597434,192,current-run measured OOF; recomputed only after all-complete
GB1,T-DCG-96,0,3,G-Rank,0.044173650126725396,0.04029364775564772,0.038586909688036616,288,current-run measured OOF; recomputed only after all-complete
GB1,T-DCG-96,0,3,T-Uniform-96,0.031386575581114975,0.021190753198945478,0.021142685876644137,96,current-run measured OOF; recomputed only after all-complete
GB1,T-DCG-96,0,3,T-DCG-96,0.030126087657700945,0.019646158371249986,0.019572058357596702,96,current-run measured OOF; recomputed only after all-complete
GB1,T-DCG-96,0,3,T-DCG-192,0.04109006047581999,0.031092219437792678,0.030536660998050923,192,current-run measured OOF; recomputed only after all-complete
GB1,T-DCG-96,0,4,G-Rank,0.05135557386610243,0.03422014801590531,0.03281448436239131,384,current-run measured OOF; recomputed only after all-complete
GB1,T-DCG-96,0,4,T-Uniform-96,0.03490280222009729,0.02020037615740741,0.018577764693946574,96,current-run measured OOF; recomputed only after all-complete
GB1,T-DCG-96,0,4,T-DCG-96,0.03795299933819119,0.018329975067674094,0.01730787747624386,96,current-run measured OOF; recomputed only after all-complete
GB1,T-DCG-96,0,4,T-DCG-192,0.043931833751875066,0.02423972938475148,0.023236234991789572,192,current-run measured OOF; recomputed only after all-complete
GB1,T-DCG-192,0,1,G-Rank,0.15912882486979169,0.11359094690393517,0.10356670783154726,96,current-run measured OOF; recomputed only after all-complete
GB1,T-DCG-192,0,1,T-Uniform-96,0.15912882486979169,0.11359094690393517,0.10356670783154726,96,current-run measured OOF; recomputed only after all-complete
GB1,T-DCG-192,0,1,T-DCG-96,0.15455400891558826,0.10756968345359394,0.09954357179681107,96,current-run measured OOF; recomputed only after all-complete
GB1,T-DCG-192,0,1,T-DCG-192,0.15455400891558826,0.10756968345359394,0.09954357179681107,96,current-run measured OOF; recomputed only after all-complete
GB1,T-DCG-192,0,2,G-Rank,0.0700949916133174,0.07742288377549914,0.062494325266490625,192,current-run measured OOF; recomputed only after all-complete
GB1,T-DCG-192,0,2,T-Uniform-96,0.06528049045138888,0.06928337944878472,0.055797453761433115,96,current-run measured OOF; recomputed only after all-complete
GB1,T-DCG-192,0,2,T-DCG-96,0.05655190303402536,0.05946272240251237,0.04822513461702816,96,current-run measured OOF; recomputed only after all-complete
GB1,T-DCG-192,0,2,T-DCG-192,0.06381707066200654,0.06987562032235234,0.0565805101812989,192,current-run measured OOF; recomputed only after all-complete
GB1,T-DCG-192,0,3,G-Rank,0.041652621882769636,0.037097632639692645,0.03359786162760149,288,current-run measured OOF; recomputed only after all-complete
GB1,T-DCG-192,0,3,T-Uniform-96,0.02835820829917374,0.019369619864004633,0.019194020697565647,96,current-run measured OOF; recomputed only after all-complete
GB1,T-DCG-192,0,3,T-DCG-96,0.027493078321938754,0.01836713811067131,0.01828365553090367,96,current-run measured OOF; recomputed only after all-complete
GB1,T-DCG-192,0,3,T-DCG-192,0.038774771857575205,0.029151101844669285,0.027970339933594563,192,current-run measured OOF; recomputed only after all-complete
GB1,T-DCG-192,0,4,G-Rank,0.04606573669998735,0.03605839941236708,0.035458386215298,384,current-run measured OOF; recomputed only after all-complete
GB1,T-DCG-192,0,4,T-Uniform-96,0.0363935011404532,0.026762573807327838,0.026616663316266137,96,current-run measured OOF; recomputed only after all-complete
GB1,T-DCG-192,0,4,T-DCG-96,0.035414110242730557,0.023058005425278288,0.02309477066511214,96,current-run measured OOF; recomputed only after all-complete
GB1,T-DCG-192,0,4,T-DCG-192,0.037523694346981135,0.026931493481860205,0.026816900758619002,192,current-run measured OOF; recomputed only after all-complete
GB1,G-Rank,1,1,G-Rank,0.149036548755787,0.12064163773148147,0.10470923274990256,96,current-run measured OOF; recomputed only after all-complete
GB1,G-Rank,1,1,T-Uniform-96,0.149036548755787,0.12064163773148147,0.10470923274990256,96,current-run measured OOF; recomputed only after all-complete
GB1,G-Rank,1,1,T-DCG-96,0.14695112461111814,0.11510466069515511,0.10300626898832961,96,current-run measured OOF; recomputed only after all-complete
GB1,G-Rank,1,1,T-DCG-192,0.14695112461111814,0.11510466069515511,0.10300626898832961,96,current-run measured OOF; recomputed only after all-complete
GB1,G-Rank,1,2,G-Rank,0.03763799314145688,0.05192883809407552,0.03404247953007273,192,current-run measured OOF; recomputed only after all-complete
GB1,G-Rank,1,2,T-Uniform-96,0.02901437547471788,0.03986824883355034,0.027249030999680998,96,current-run measured OOF; recomputed only after all-complete
GB1,G-Rank,1,2,T-DCG-96,0.02772556514474152,0.037751196558681546,0.026303247524508206,96,current-run measured OOF; recomputed only after all-complete
GB1,G-Rank,1,2,T-DCG-192,0.035240010303742825,0.04812620748859562,0.03212813439461751,192,current-run measured OOF; recomputed only after all-complete
GB1,G-Rank,1,3,G-Rank,0.05217375578703704,0.05333526569465878,0.04237104570235008,288,current-run measured OOF; recomputed only after all-complete
GB1,G-Rank,1,3,T-Uniform-96,0.05727329960575811,0.05292526684670782,0.044880316775618,96,current-run measured OOF; recomputed only after all-complete
GB1,G-Rank,1,3,T-DCG-96,0.054225859634652845,0.05100716924762711,0.043131011048396214,96,current-run measured OOF; recomputed only after all-complete
GB1,G-Rank,1,3,T-DCG-192,0.053505031038974374,0.05408432000469275,0.04408802432881605,192,current-run measured OOF; recomputed only after all-complete
GB1,G-Rank,1,4,G-Rank,0.054782125684950084,0.05913725605717412,0.045213610589854146,384,current-run measured OOF; recomputed only after all-complete
GB1,G-Rank,1,4,T-Uniform-96,0.06069921564172815,0.06626750804759839,0.05127997770539272,96,current-run measured OOF; recomputed only after all-complete
GB1,G-Rank,1,4,T-DCG-96,0.05896576775396102,0.06127386957441666,0.04977944619205422,96,current-run measured OOF; recomputed only after all-complete
GB1,G-Rank,1,4,T-DCG-192,0.05645421972575471,0.05711397959401489,0.04593090307838113,192,current-run measured OOF; recomputed only after all-complete
GB1,T-Uniform-96,1,1,G-Rank,0.149036548755787,0.12064163773148147,0.10470923274990256,96,current-run measured OOF; recomputed only after all-complete
GB1,T-Uniform-96,1,1,T-Uniform-96,0.149036548755787,0.12064163773148147,0.10470923274990256,96,current-run measured OOF; recomputed only after all-complete
GB1,T-Uniform-96,1,1,T-DCG-96,0.14695112461111814,0.11510466069515511,0.10300626898832961,96,current-run measured OOF; recomputed only after all-complete
GB1,T-Uniform-96,1,1,T-DCG-192,0.14695112461111814,0.11510466069515511,0.10300626898832961,96,current-run measured OOF; recomputed only after all-complete
GB1,T-Uniform-96,1,2,G-Rank,0.03763799314145688,0.05192883809407552,0.03409076361657375,192,current-run measured OOF; recomputed only after all-complete
GB1,T-Uniform-96,1,2,T-Uniform-96,0.02901437547471788,0.03986824883355034,0.027218172161769985,96,current-run measured OOF; recomputed only after all-complete
GB1,T-Uniform-96,1,2,T-DCG-96,0.02772556514474152,0.037751196558681546,0.026260172223691522,96,current-run measured OOF; recomputed only after all-complete
GB1,T-Uniform-96,1,2,T-DCG-192,0.035240010303742825,0.04812620748859562,0.03216256302347214,192,current-run measured OOF; recomputed only after all-complete
GB1,T-Uniform-96,1,3,G-Rank,0.049739382394547324,0.054497089569133655,0.042277704419101364,288,current-run measured OOF; recomputed only after all-complete
GB1,T-Uniform-96,1,3,T-Uniform-96,0.05344343774112655,0.056323644065072016,0.046070290136839886,96,current-run measured OOF; recomputed only after all-complete
GB1,T-Uniform-96,1,3,T-DCG-96,0.05037623679708777,0.05351173710268998,0.043943721093857156,96,current-run measured OOF; recomputed only after all-complete
GB1,T-Uniform-96,1,3,T-DCG-192,0.04978781598597055,0.05348160779998518,0.04344173623262478,192,current-run measured OOF; recomputed only after all-complete
GB1,T-Uniform-96,1,4,G-Rank,0.0628311898973253,0.06373754254093876,0.05304231438911136,384,current-run measured OOF; recomputed only after all-complete
GB1,T-Uniform-96,1,4,T-Uniform-96,0.0611689708851002,0.06496959262424046,0.05363100674084947,96,current-run measured OOF; recomputed only after all-complete
GB1,T-Uniform-96,1,4,T-DCG-96,0.057446247047509884,0.057837132892022886,0.04961219081811585,96,current-run measured OOF; recomputed only after all-complete
GB1,T-Uniform-96,1,4,T-DCG-192,0.059041736718321726,0.05807599536406375,0.049479313991384666,192,current-run measured OOF; recomputed only after all-complete
GB1,T-DCG-96,1,1,G-Rank,0.149036548755787,0.12064163773148147,0.10481168941854822,96,current-run measured OOF; recomputed only after all-complete
GB1,T-DCG-96,1,1,T-Uniform-96,0.149036548755787,0.12064163773148147,0.10481168941854822,96,current-run measured OOF; recomputed only after all-complete
GB1,T-DCG-96,1,1,T-DCG-96,0.14695112461111814,0.11510466069515511,0.10291360616600309,96,current-run measured OOF; recomputed only after all-complete
GB1,T-DCG-96,1,1,T-DCG-192,0.14695112461111814,0.11510466069515511,0.10291360616600309,96,current-run measured OOF; recomputed only after all-complete
GB1,T-DCG-96,1,2,G-Rank,0.043768494217484084,0.05056995815700955,0.0368898221174652,192,current-run measured OOF; recomputed only after all-complete
GB1,T-DCG-96,1,2,T-Uniform-96,0.03620804680718316,0.04008469758210359,0.03203608487883657,96,current-run measured OOF; recomputed only after all-complete
GB1,T-DCG-96,1,2,T-DCG-96,0.035972297115211445,0.03767917806930382,0.031141596730234693,96,current-run measured OOF; recomputed only after all-complete
GB1,T-DCG-96,1,2,T-DCG-192,0.04214536233279641,0.04693494439261017,0.03532766986495214,192,current-run measured OOF; recomputed only after all-complete
GB1,T-DCG-96,1,3,G-Rank,0.0493220157911094,0.050774845076195986,0.04267579415336601,288,current-run measured OOF; recomputed only after all-complete
GB1,T-DCG-96,1,3,T-Uniform-96,0.06383806393470293,0.057616559566293725,0.053515246450648014,96,current-run measured OOF; recomputed only after all-complete
GB1,T-DCG-96,1,3,T-DCG-96,0.06095778559257251,0.058346763179563214,0.053533978282172386,96,current-run measured OOF; recomputed only after all-complete
GB1,T-DCG-96,1,3,T-DCG-192,0.054597908506606375,0.05478994339204763,0.04859696509974008,192,current-run measured OOF; recomputed only after all-complete
GB1,T-DCG-96,1,4,G-Rank,0.04177009617840802,0.04075195171214916,0.03517588939875262,384,current-run measured OOF; recomputed only after all-complete
GB1,T-DCG-96,1,4,T-Uniform-96,0.05113264366432472,0.049228668212890625,0.046470229834166536,96,current-run measured OOF; recomputed only after all-complete
GB1,T-DCG-96,1,4,T-DCG-96,0.044924585858865704,0.04383983193117605,0.04114962774083325,96,current-run measured OOF; recomputed only after all-complete
GB1,T-DCG-96,1,4,T-DCG-192,0.04562397129937947,0.04069700741937915,0.03838548658873261,192,current-run measured OOF; recomputed only after all-complete
GB1,T-DCG-192,1,1,G-Rank,0.149036548755787,0.12064163773148147,0.10481168941854822,96,current-run measured OOF; recomputed only after all-complete
GB1,T-DCG-192,1,1,T-Uniform-96,0.149036548755787,0.12064163773148147,0.10481168941854822,96,current-run measured OOF; recomputed only after all-complete
GB1,T-DCG-192,1,1,T-DCG-96,0.14695112461111814,0.11510466069515511,0.10291360616600309,96,current-run measured OOF; recomputed only after all-complete
GB1,T-DCG-192,1,1,T-DCG-192,0.14695112461111814,0.11510466069515511,0.10291360616600309,96,current-run measured OOF; recomputed only after all-complete
GB1,T-DCG-192,1,2,G-Rank,0.043768494217484084,0.05056995815700955,0.03681598969605114,192,current-run measured OOF; recomputed only after all-complete
GB1,T-DCG-192,1,2,T-Uniform-96,0.03620804680718316,0.04008469758210359,0.031996953619217984,96,current-run measured OOF; recomputed only after all-complete
GB1,T-DCG-192,1,2,T-DCG-96,0.035972297115211445,0.03767917806930382,0.03115952532132036,96,current-run measured OOF; recomputed only after all-complete
GB1,T-DCG-192,1,2,T-DCG-192,0.04214536233279641,0.04693494439261017,0.03529885603792778,192,current-run measured OOF; recomputed only after all-complete
GB1,T-DCG-192,1,3,G-Rank,0.0493220157911094,0.050774845076195986,0.04250437959025336,288,current-run measured OOF; recomputed only after all-complete
GB1,T-DCG-192,1,3,T-Uniform-96,0.06383806393470293,0.057616559566293725,0.053794535802142975,96,current-run measured OOF; recomputed only after all-complete
GB1,T-DCG-192,1,3,T-DCG-96,0.06095778559257251,0.058346763179563214,0.05361493940757618,96,current-run measured OOF; recomputed only after all-complete
GB1,T-DCG-192,1,3,T-DCG-192,0.054597908506606375,0.05478994339204763,0.04851424406851722,192,current-run measured OOF; recomputed only after all-complete
GB1,T-DCG-192,1,4,G-Rank,0.03963290320502386,0.04145669937133789,0.035197155544900695,384,current-run measured OOF; recomputed only after all-complete
GB1,T-DCG-192,1,4,T-Uniform-96,0.05063574402420609,0.04661489416051794,0.04439338005898851,96,current-run measured OOF; recomputed only after all-complete
GB1,T-DCG-192,1,4,T-DCG-96,0.04460275029554684,0.040154935823291146,0.03856888864634472,96,current-run measured OOF; recomputed only after all-complete
GB1,T-DCG-192,1,4,T-DCG-192,0.044411237382303646,0.03952546288080687,0.03687498384400563,192,current-run measured OOF; recomputed only after all-complete
GB1,G-Rank,2,1,G-Rank,0.17304484049479166,0.16243037471064814,0.11251990601752626,96,current-run measured OOF; recomputed only after all-complete
GB1,G-Rank,2,1,T-Uniform-96,0.17304484049479166,0.16243037471064814,0.11251990601752626,96,current-run measured OOF; recomputed only after all-complete
GB1,G-Rank,2,1,T-DCG-96,0.21135758614863423,0.17238902812221457,0.1389126561914342,96,current-run measured OOF; recomputed only after all-complete
GB1,G-Rank,2,1,T-DCG-192,0.21135758614863423,0.17238902812221457,0.1389126561914342,96,current-run measured OOF; recomputed only after all-complete
GB1,G-Rank,2,2,G-Rank,0.05541744938603155,0.05937752900300203,0.04575201977669299,192,current-run measured OOF; recomputed only after all-complete
GB1,G-Rank,2,2,T-Uniform-96,0.04981387103045428,0.051556622540509266,0.0402546777464344,96,current-run measured OOF; recomputed only after all-complete
GB1,G-Rank,2,2,T-DCG-96,0.05533459563871257,0.05959899702931071,0.0481594687176199,96,current-run measured OOF; recomputed only after all-complete
GB1,G-Rank,2,2,T-DCG-192,0.057518275467896875,0.06241859100207619,0.04920537815844455,192,current-run measured OOF; recomputed only after all-complete
GB1,G-Rank,2,3,G-Rank,0.054476430550197186,0.04178203901963306,0.03855684957056291,288,current-run measured OOF; recomputed only after all-complete
GB1,G-Rank,2,3,T-Uniform-96,0.052510045683433,0.03566964859825103,0.03508150179550628,96,current-run measured OOF; recomputed only after all-complete
GB1,G-Rank,2,3,T-DCG-96,0.049364906544779014,0.03177908030579637,0.032095420303340026,96,current-run measured OOF; recomputed only after all-complete
GB1,G-Rank,2,3,T-DCG-192,0.05030449913771549,0.03799636038785596,0.035829600981022766,192,current-run measured OOF; recomputed only after all-complete
GB1,G-Rank,2,4,G-Rank,0.05158248654118291,0.04164278948748553,0.037953505512443926,384,current-run measured OOF; recomputed only after all-complete
GB1,G-Rank,2,4,T-Uniform-96,0.0594744329099302,0.03799579761646412,0.040256600300733976,96,current-run measured OOF; recomputed only after all-complete
GB1,G-Rank,2,4,T-DCG-96,0.05393620095810625,0.032279328423673675,0.035173050968133716,96,current-run measured OOF; recomputed only after all-complete
GB1,G-Rank,2,4,T-DCG-192,0.050418926149333694,0.03466579280784328,0.03441738679712345,192,current-run measured OOF; recomputed only after all-complete
GB1,T-Uniform-96,2,1,G-Rank,0.17304484049479166,0.16243037471064814,0.11251990601752626,96,current-run measured OOF; recomputed only after all-complete
GB1,T-Uniform-96,2,1,T-Uniform-96,0.17304484049479166,0.16243037471064814,0.11251990601752626,96,current-run measured OOF; recomputed only after all-complete
GB1,T-Uniform-96,2,1,T-DCG-96,0.21135758614863423,0.17238902812221457,0.1389126561914342,96,current-run measured OOF; recomputed only after all-complete
GB1,T-Uniform-96,2,1,T-DCG-192,0.21135758614863423,0.17238902812221457,0.1389126561914342,96,current-run measured OOF; recomputed only after all-complete
GB1,T-Uniform-96,2,2,G-Rank,0.05541744938603155,0.05937752900300203,0.045774273298839596,192,current-run measured OOF; recomputed only after all-complete
GB1,T-Uniform-96,2,2,T-Uniform-96,0.04981387103045428,0.051556622540509266,0.0402345959927957,96,current-run measured OOF; recomputed only after all-complete
GB1,T-Uniform-96,2,2,T-DCG-96,0.05533459563871257,0.05959899702931071,0.048201637190496596,96,current-run measured OOF; recomputed only after all-complete
GB1,T-Uniform-96,2,2,T-DCG-192,0.057518275467896875,0.06241859100207619,0.04925345306498306,192,current-run measured OOF; recomputed only after all-complete
GB1,T-Uniform-96,2,3,G-Rank,0.05455860614122513,0.04166319210015861,0.03911319699982999,288,current-run measured OOF; recomputed only after all-complete
GB1,T-Uniform-96,2,3,T-Uniform-96,0.05313025580512152,0.03648332509484311,0.03557838189022944,96,current-run measured OOF; recomputed only after all-complete
GB1,T-Uniform-96,2,3,T-DCG-96,0.049438193281097574,0.03223638940526425,0.0318968004862743,96,current-run measured OOF; recomputed only after all-complete
GB1,T-Uniform-96,2,3,T-DCG-192,0.04961102892381365,0.03700327988753668,0.03524018119577908,192,current-run measured OOF; recomputed only after all-complete
GB1,T-Uniform-96,2,4,G-Rank,0.05798557069566515,0.0437650239026105,0.043463432815088,384,current-run measured OOF; recomputed only after all-complete
GB1,T-Uniform-96,2,4,T-Uniform-96,0.06207303647641782,0.036932556717484084,0.03692203225135666,96,current-run measured OOF; recomputed only after all-complete
GB1,T-Uniform-96,2,4,T-DCG-96,0.055856799078939146,0.032011025246981524,0.03204973179764432,96,current-run measured OOF; recomputed only after all-complete
GB1,T-Uniform-96,2,4,T-DCG-192,0.051857728224067305,0.03481753371174285,0.03467760103388582,192,current-run measured OOF; recomputed only after all-complete
GB1,T-DCG-96,2,1,G-Rank,0.17304484049479166,0.16243037471064814,0.11357918588395556,96,current-run measured OOF; recomputed only after all-complete
GB1,T-DCG-96,2,1,T-Uniform-96,0.17304484049479166,0.16243037471064814,0.11357918588395556,96,current-run measured OOF; recomputed only after all-complete
GB1,T-DCG-96,2,1,T-DCG-96,0.21135758614863423,0.17238902812221457,0.13791003763342657,96,current-run measured OOF; recomputed only after all-complete
GB1,T-DCG-96,2,1,T-DCG-192,0.21135758614863423,0.17238902812221457,0.13791003763342657,96,current-run measured OOF; recomputed only after all-complete
GB1,T-DCG-96,2,2,G-Rank,0.056991647790979455,0.05833357351797599,0.045694562360842385,192,current-run measured OOF; recomputed only after all-complete
GB1,T-DCG-96,2,2,T-Uniform-96,0.05105103386773004,0.05320400661892361,0.04268828102388849,96,current-run measured OOF; recomputed only after all-complete
GB1,T-DCG-96,2,2,T-DCG-96,0.05725655449701812,0.06207380861939517,0.05053863575463955,96,current-run measured OOF; recomputed only after all-complete
GB1,T-DCG-96,2,2,T-DCG-192,0.0593470049869731,0.06263474641378683,0.04963509460079043,192,current-run measured OOF; recomputed only after all-complete
GB1,T-DCG-96,2,3,G-Rank,0.05049170976803626,0.04381321617932313,0.039550381782379365,288,current-run measured OOF; recomputed only after all-complete
GB1,T-DCG-96,2,3,T-Uniform-96,0.04569709055708269,0.03927323455182613,0.036582143267882346,96,current-run measured OOF; recomputed only after all-complete
GB1,T-DCG-96,2,3,T-DCG-96,0.04351990444108585,0.03580394415839958,0.03397819782666726,96,current-run measured OOF; recomputed only after all-complete
GB1,T-DCG-96,2,3,T-DCG-192,0.04775952904636926,0.04116682443144158,0.037976635407337235,192,current-run measured OOF; recomputed only after all-complete
GB1,T-DCG-96,2,4,G-Rank,0.050446413181446215,0.03871568927058467,0.037092314653626245,384,current-run measured OOF; recomputed only after all-complete
GB1,T-DCG-96,2,4,T-Uniform-96,0.054750901681405534,0.035052970603660305,0.03463959696059551,96,current-run measured OOF; recomputed only after all-complete
GB1,T-DCG-96,2,4,T-DCG-96,0.050890877589381406,0.033319520734204314,0.03294756186215074,96,current-run measured OOF; recomputed only after all-complete
GB1,T-DCG-96,2,4,T-DCG-192,0.04576003538064083,0.03227494987005132,0.031011565535650033,192,current-run measured OOF; recomputed only after all-complete
GB1,T-DCG-192,2,1,G-Rank,0.17304484049479166,0.16243037471064814,0.11357918588395556,96,current-run measured OOF; recomputed only after all-complete
GB1,T-DCG-192,2,1,T-Uniform-96,0.17304484049479166,0.16243037471064814,0.11357918588395556,96,current-run measured OOF; recomputed only after all-complete
GB1,T-DCG-192,2,1,T-DCG-96,0.21135758614863423,0.17238902812221457,0.13791003763342657,96,current-run measured OOF; recomputed only after all-complete
GB1,T-DCG-192,2,1,T-DCG-192,0.21135758614863423,0.17238902812221457,0.13791003763342657,96,current-run measured OOF; recomputed only after all-complete
GB1,T-DCG-192,2,2,G-Rank,0.056991647790979455,0.05833357351797599,0.04558131813616587,192,current-run measured OOF; recomputed only after all-complete
GB1,T-DCG-192,2,2,T-Uniform-96,0.05105103386773004,0.05320400661892361,0.042633775735053836,96,current-run measured OOF; recomputed only after all-complete
GB1,T-DCG-192,2,2,T-DCG-96,0.05725655449701812,0.06207380861939517,0.05057293521800657,96,current-run measured OOF; recomputed only after all-complete
GB1,T-DCG-192,2,2,T-DCG-192,0.0593470049869731,0.06263474641378683,0.049591708961151934,192,current-run measured OOF; recomputed only after all-complete
GB1,T-DCG-192,2,3,G-Rank,0.05483933437017747,0.042361768348390345,0.040259221723979194,288,current-run measured OOF; recomputed only after all-complete
GB1,T-DCG-192,2,3,T-Uniform-96,0.049221180103443285,0.037388051978845156,0.03623296281350292,96,current-run measured OOF; recomputed only after all-complete
GB1,T-DCG-192,2,3,T-DCG-96,0.04783260595250025,0.034028129874325325,0.03342167396946383,96,current-run measured OOF; recomputed only after all-complete
GB1,T-DCG-192,2,3,T-DCG-192,0.0526219352112459,0.039929419279557746,0.038543624065419946,192,current-run measured OOF; recomputed only after all-complete
GB1,T-DCG-192,2,4,G-Rank,0.06387299078482168,0.04633846106352629,0.043329199594263436,384,current-run measured OOF; recomputed only after all-complete
GB1,T-DCG-192,2,4,T-Uniform-96,0.06924609784726744,0.05080124183937355,0.04634941106046584,96,current-run measured OOF; recomputed only after all-complete
GB1,T-DCG-192,2,4,T-DCG-96,0.07250648281267254,0.045798604539425275,0.043618617754761745,96,current-run measured OOF; recomputed only after all-complete
GB1,T-DCG-192,2,4,T-DCG-192,0.06457280494692698,0.04272832298894977,0.03957671528028566,192,current-run measured OOF; recomputed only after all-complete
GB1,G-Rank,3,1,G-Rank,0.14484490288628474,0.1523697464554398,0.11527423660082647,96,current-run measured OOF; recomputed only after all-complete
GB1,G-Rank,3,1,T-Uniform-96,0.14484490288628474,0.1523697464554398,0.11527423660082647,96,current-run measured OOF; recomputed only after all-complete
GB1,G-Rank,3,1,T-DCG-96,0.15349601181805353,0.14631322553954035,0.11883463900909076,96,current-run measured OOF; recomputed only after all-complete
GB1,G-Rank,3,1,T-DCG-192,0.15349601181805353,0.14631322553954035,0.11883463900909076,96,current-run measured OOF; recomputed only after all-complete
GB1,G-Rank,3,2,G-Rank,0.05068312750922308,0.0431835033275463,0.03896057697880315,192,current-run measured OOF; recomputed only after all-complete
GB1,G-Rank,3,2,T-Uniform-96,0.03778994524920429,0.027580543800636573,0.026678684431062055,96,current-run measured OOF; recomputed only after all-complete
GB1,G-Rank,3,2,T-DCG-96,0.03819381865326446,0.02442296864164806,0.02523475097051319,96,current-run measured OOF; recomputed only after all-complete
GB1,G-Rank,3,2,T-DCG-192,0.04833161354533362,0.0379031035780464,0.03550648169163992,192,current-run measured OOF; recomputed only after all-complete
GB1,G-Rank,3,3,G-Rank,0.04588845335407021,0.033810420618462796,0.032301855571871124,288,current-run measured OOF; recomputed only after all-complete
GB1,G-Rank,3,3,T-Uniform-96,0.035530938042534724,0.02126635641718107,0.021865721952964667,96,current-run measured OOF; recomputed only after all-complete
GB1,G-Rank,3,3,T-DCG-96,0.04026027757046658,0.02351077422629781,0.024903083664323436,96,current-run measured OOF; recomputed only after all-complete
GB1,G-Rank,3,3,T-DCG-192,0.04685808377296988,0.03002802835522007,0.030865802215442575,192,current-run measured OOF; recomputed only after all-complete
GB1,G-Rank,3,4,G-Rank,0.04611864796391241,0.028422073081687645,0.027612471397700882,384,current-run measured OOF; recomputed only after all-complete
GB1,G-Rank,3,4,T-Uniform-96,0.04664449338559751,0.023200352986653645,0.02336008463336053,96,current-run measured OOF; recomputed only after all-complete
GB1,G-Rank,3,4,T-DCG-96,0.04856850812229559,0.023619527579995175,0.02399498035875336,96,current-run measured OOF; recomputed only after all-complete
GB1,G-Rank,3,4,T-DCG-192,0.045714439620456994,0.02412764597432994,0.02398510349262419,192,current-run measured OOF; recomputed only after all-complete
GB1,T-Uniform-96,3,1,G-Rank,0.14484490288628474,0.1523697464554398,0.11527423660082647,96,current-run measured OOF; recomputed only after all-complete
GB1,T-Uniform-96,3,1,T-Uniform-96,0.14484490288628474,0.1523697464554398,0.11527423660082647,96,current-run measured OOF; recomputed only after all-complete
GB1,T-Uniform-96,3,1,T-DCG-96,0.15349601181805353,0.14631322553954035,0.11883463900909076,96,current-run measured OOF; recomputed only after all-complete
GB1,T-Uniform-96,3,1,T-DCG-192,0.15349601181805353,0.14631322553954035,0.11883463900909076,96,current-run measured OOF; recomputed only after all-complete
GB1,T-Uniform-96,3,2,G-Rank,0.05068312750922308,0.0431835033275463,0.03945220653867814,192,current-run measured OOF; recomputed only after all-complete
GB1,T-Uniform-96,3,2,T-Uniform-96,0.03778994524920429,0.027580543800636573,0.02634809442373573,96,current-run measured OOF; recomputed only after all-complete
GB1,T-Uniform-96,3,2,T-DCG-96,0.03819381865326446,0.02442296864164806,0.024370435739292148,96,current-run measured OOF; recomputed only after all-complete
GB1,T-Uniform-96,3,2,T-DCG-192,0.04833161354533362,0.0379031035780464,0.03547315504425083,192,current-run measured OOF; recomputed only after all-complete
GB1,T-Uniform-96,3,3,G-Rank,0.045711020219800245,0.03567843967013889,0.033297274110097176,288,current-run measured OOF; recomputed only after all-complete
GB1,T-Uniform-96,3,3,T-Uniform-96,0.037770055449057996,0.024114538122106483,0.02348992267914048,96,current-run measured OOF; recomputed only after all-complete
GB1,T-Uniform-96,3,3,T-DCG-96,0.042488256121338254,0.026773250131241797,0.026729568618155092,96,current-run measured OOF; recomputed only after all-complete
GB1,T-Uniform-96,3,3,T-DCG-192,0.04550132731145446,0.03027149397585895,0.029728703703133616,191,current-run measured OOF; recomputed only after all-complete
GB1,T-Uniform-96,3,4,G-Rank,0.04788985075774017,0.03202856911553277,0.03202856911553277,384,current-run measured OOF; recomputed only after all-complete
GB1,T-Uniform-96,3,4,T-Uniform-96,0.05364559314869068,0.029866465815791377,0.029866465815791377,96,current-run measured OOF; recomputed only after all-complete
GB1,T-Uniform-96,3,4,T-DCG-96,0.053550288195791176,0.030664136704296515,0.030664136704296515,96,current-run measured OOF; recomputed only after all-complete
GB1,T-Uniform-96,3,4,T-DCG-192,0.04981624338082323,0.03106949267659476,0.03106949267659476,192,current-run measured OOF; recomputed only after all-complete
GB1,T-DCG-96,3,1,G-Rank,0.14484490288628474,0.1523697464554398,0.11570493661840664,96,current-run measured OOF; recomputed only after all-complete
GB1,T-DCG-96,3,1,T-Uniform-96,0.14484490288628474,0.1523697464554398,0.11570493661840664,96,current-run measured OOF; recomputed only after all-complete
GB1,T-DCG-96,3,1,T-DCG-96,0.15349601181805353,0.14631322553954035,0.11842795453362011,96,current-run measured OOF; recomputed only after all-complete
GB1,T-DCG-96,3,1,T-DCG-192,0.15349601181805353,0.14631322553954035,0.11842795453362011,96,current-run measured OOF; recomputed only after all-complete
GB1,T-DCG-96,3,2,G-Rank,0.05663349010326244,0.051766642817744506,0.04698870198234045,192,current-run measured OOF; recomputed only after all-complete
GB1,T-DCG-96,3,2,T-Uniform-96,0.040989911114728016,0.028385586208767365,0.02784583713384352,96,current-run measured OOF; recomputed only after all-complete
GB1,T-DCG-96,3,2,T-DCG-96,0.04159362735120131,0.03132045362005015,0.030797445998599845,96,current-run measured OOF; recomputed only after all-complete
GB1,T-DCG-96,3,2,T-DCG-192,0.05376871995251061,0.048467259565141446,0.04460631455838762,192,current-run measured OOF; recomputed only after all-complete
GB1,T-DCG-96,3,3,G-Rank,0.04962524497786994,0.04008755991324803,0.039359024502632727,288,current-run measured OOF; recomputed only after all-complete
GB1,T-DCG-96,3,3,T-Uniform-96,0.03841808303393454,0.024672520013503087,0.024494229903296718,96,current-run measured OOF; recomputed only after all-complete
GB1,T-DCG-96,3,3,T-DCG-96,0.037494063813067476,0.022880718010427455,0.02283769089384141,96,current-run measured OOF; recomputed only after all-complete
GB1,T-DCG-96,3,3,T-DCG-192,0.046385979906559155,0.03314065820786857,0.03289718367219795,192,current-run measured OOF; recomputed only after all-complete
GB1,T-DCG-96,3,4,G-Rank,0.04555051415054886,0.03746652603149414,0.035690421001940115,384,current-run measured OOF; recomputed only after all-complete
GB1,T-DCG-96,3,4,T-Uniform-96,0.04765413425586842,0.034165629634150756,0.03320435897367315,96,current-run measured OOF; recomputed only after all-complete
GB1,T-DCG-96,3,4,T-DCG-96,0.05379679775930127,0.03700694195248947,0.03655565564336554,96,current-run measured OOF; recomputed only after all-complete
GB1,T-DCG-96,3,4,T-DCG-192,0.050148339774210814,0.03519319134254572,0.0345697455983359,192,current-run measured OOF; recomputed only after all-complete
GB1,T-DCG-192,3,1,G-Rank,0.14484490288628474,0.1523697464554398,0.11570493661840664,96,current-run measured OOF; recomputed only after all-complete
GB1,T-DCG-192,3,1,T-Uniform-96,0.14484490288628474,0.1523697464554398,0.11570493661840664,96,current-run measured OOF; recomputed only after all-complete
GB1,T-DCG-192,3,1,T-DCG-96,0.15349601181805353,0.14631322553954035,0.11842795453362011,96,current-run measured OOF; recomputed only after all-complete
GB1,T-DCG-192,3,1,T-DCG-192,0.15349601181805353,0.14631322553954035,0.11842795453362011,96,current-run measured OOF; recomputed only after all-complete
GB1,T-DCG-192,3,2,G-Rank,0.05663349010326244,0.051766642817744506,0.044493901850198504,192,current-run measured OOF; recomputed only after all-complete
GB1,T-DCG-192,3,2,T-Uniform-96,0.040989911114728016,0.028385586208767365,0.02903097918994743,96,current-run measured OOF; recomputed only after all-complete
GB1,T-DCG-192,3,2,T-DCG-96,0.04159362735120131,0.03132045362005015,0.03170971627576721,96,current-run measured OOF; recomputed only after all-complete
GB1,T-DCG-192,3,2,T-DCG-192,0.05376871995251061,0.048467259565141446,0.04275688352140608,192,current-run measured OOF; recomputed only after all-complete
GB1,T-DCG-192,3,3,G-Rank,0.04331986959742584,0.03976681137608239,0.03477609761035086,288,current-run measured OOF; recomputed only after all-complete
GB1,T-DCG-192,3,3,T-Uniform-96,0.03316391054004308,0.024078620314107513,0.023218132248762836,96,current-run measured OOF; recomputed only after all-complete
GB1,T-DCG-192,3,3,T-DCG-96,0.03603500995053254,0.028205833989662237,0.026964843996786964,96,current-run measured OOF; recomputed only after all-complete
GB1,T-DCG-192,3,3,T-DCG-192,0.043175280855731635,0.03568911066966794,0.03309466483192232,192,current-run measured OOF; recomputed only after all-complete
GB1,T-DCG-192,3,4,G-Rank,0.04650579558478462,0.035391639780115204,0.03370542133617798,384,current-run measured OOF; recomputed only after all-complete
GB1,T-DCG-192,3,4,T-Uniform-96,0.04083183076646593,0.02496034127694589,0.0243873521296176,96,current-run measured OOF; recomputed only after all-complete
GB1,T-DCG-192,3,4,T-DCG-96,0.0471162284094598,0.024100485236478522,0.024193262372154408,96,current-run measured OOF; recomputed only after all-complete
GB1,T-DCG-192,3,4,T-DCG-192,0.0519667264466121,0.03166329535710869,0.031291597548325736,192,current-run measured OOF; recomputed only after all-complete
GB1,G-Rank,4,1,G-Rank,0.11736269350405093,0.1350295455367477,0.09746138380187967,96,current-run measured OOF; recomputed only after all-complete
GB1,G-Rank,4,1,T-Uniform-96,0.11736269350405093,0.1350295455367477,0.09746138380187967,96,current-run measured OOF; recomputed only after all-complete
GB1,G-Rank,4,1,T-DCG-96,0.12339070710848458,0.16844275557592778,0.1124728678778265,96,current-run measured OOF; recomputed only after all-complete
GB1,G-Rank,4,1,T-DCG-192,0.12339070710848458,0.16844275557592778,0.1124728678778265,96,current-run measured OOF; recomputed only after all-complete
GB1,G-Rank,4,2,G-Rank,0.04260755468297888,0.03993154455114294,0.03354032434929007,192,current-run measured OOF; recomputed only after all-complete
GB1,G-Rank,4,2,T-Uniform-96,0.027840790925202544,0.030899895562065974,0.024798838736971574,96,current-run measured OOF; recomputed only after all-complete
GB1,G-Rank,4,2,T-DCG-96,0.026803070007997566,0.028441812477875385,0.023533888850066173,96,current-run measured OOF; recomputed only after all-complete
GB1,G-Rank,4,2,T-DCG-192,0.039138175299059844,0.03664074617610955,0.03108143500313337,192,current-run measured OOF; recomputed only after all-complete
GB1,G-Rank,4,3,G-Rank,0.03962506580745242,0.041953046298975484,0.032346805598175404,288,current-run measured OOF; recomputed only after all-complete
GB1,G-Rank,4,3,T-Uniform-96,0.043852692278324334,0.03530820995691872,0.03219803139775763,96,current-run measured OOF; recomputed only after all-complete
GB1,G-Rank,4,3,T-DCG-96,0.0561119830582652,0.038413055293088555,0.03970625681975261,96,current-run measured OOF; recomputed only after all-complete
GB1,G-Rank,4,3,T-DCG-192,0.05105623148507393,0.038739436840168215,0.037104573622668856,192,current-run measured OOF; recomputed only after all-complete
GB1,G-Rank,4,4,G-Rank,0.04496056062203866,0.03718724074187102,0.03166551682376722,384,current-run measured OOF; recomputed only after all-complete
GB1,G-Rank,4,4,T-Uniform-96,0.06279378467135958,0.04253465157968026,0.04254790351045743,96,current-run measured OOF; recomputed only after all-complete
GB1,G-Rank,4,4,T-DCG-96,0.08368127105697726,0.06006988237378466,0.06107207198572957,96,current-run measured OOF; recomputed only after all-complete
GB1,G-Rank,4,4,T-DCG-192,0.06868255730793038,0.05066193081417433,0.048481962648026955,192,current-run measured OOF; recomputed only after all-complete
GB1,T-Uniform-96,4,1,G-Rank,0.11736269350405093,0.1350295455367477,0.09746138380187967,96,current-run measured OOF; recomputed only after all-complete
GB1,T-Uniform-96,4,1,T-Uniform-96,0.11736269350405093,0.1350295455367477,0.09746138380187967,96,current-run measured OOF; recomputed only after all-complete
GB1,T-Uniform-96,4,1,T-DCG-96,0.12339070710848458,0.16844275557592778,0.1124728678778265,96,current-run measured OOF; recomputed only after all-complete
GB1,T-Uniform-96,4,1,T-DCG-192,0.12339070710848458,0.16844275557592778,0.1124728678778265,96,current-run measured OOF; recomputed only after all-complete
GB1,T-Uniform-96,4,2,G-Rank,0.04260755468297888,0.03993154455114294,0.03401411643492535,192,current-run measured OOF; recomputed only after all-complete
GB1,T-Uniform-96,4,2,T-Uniform-96,0.027840790925202544,0.030899895562065974,0.02450601306497828,96,current-run measured OOF; recomputed only after all-complete
GB1,T-Uniform-96,4,2,T-DCG-96,0.026803070007997566,0.028441812477875385,0.02340745009400459,96,current-run measured OOF; recomputed only after all-complete
GB1,T-Uniform-96,4,2,T-DCG-192,0.039138175299059844,0.03664074617610955,0.03151608619510637,192,current-run measured OOF; recomputed only after all-complete
GB1,T-Uniform-96,4,3,G-Rank,0.03980528278115355,0.03929412381312157,0.03173204971878732,288,current-run measured OOF; recomputed only after all-complete
GB1,T-Uniform-96,4,3,T-Uniform-96,0.04170525319291731,0.02851999541859568,0.026527860184727494,96,current-run measured OOF; recomputed only after all-complete
GB1,T-Uniform-96,4,3,T-DCG-96,0.051726013923303255,0.03186137663304172,0.031715950450583154,96,current-run measured OOF; recomputed only after all-complete
GB1,T-Uniform-96,4,3,T-DCG-192,0.048228693897188854,0.03166021177154623,0.029707767907096946,192,current-run measured OOF; recomputed only after all-complete
GB1,T-Uniform-96,4,4,G-Rank,0.04053357795432762,0.036188584786874284,0.028767669617796088,384,current-run measured OOF; recomputed only after all-complete
GB1,T-Uniform-96,4,4,T-Uniform-96,0.05762751897176107,0.04643214190447772,0.03974108205635214,96,current-run measured OOF; recomputed only after all-complete
GB1,T-Uniform-96,4,4,T-DCG-96,0.0823898877768857,0.0644101994351545,0.05978779497329595,96,current-run measured OOF; recomputed only after all-complete
GB1,T-Uniform-96,4,4,T-DCG-192,0.06541374824497984,0.04866010096912996,0.04436996934104591,192,current-run measured OOF; recomputed only after all-complete
GB1,T-DCG-96,4,1,G-Rank,0.11736269350405093,0.1350295455367477,0.09869645652715953,96,current-run measured OOF; recomputed only after all-complete
GB1,T-DCG-96,4,1,T-Uniform-96,0.11736269350405093,0.1350295455367477,0.09869645652715953,96,current-run measured OOF; recomputed only after all-complete
GB1,T-DCG-96,4,1,T-DCG-96,0.12339070710848458,0.16844275557592778,0.111122511517102,96,current-run measured OOF; recomputed only after all-complete
GB1,T-DCG-96,4,1,T-DCG-192,0.12339070710848458,0.16844275557592778,0.111122511517102,96,current-run measured OOF; recomputed only after all-complete
GB1,T-DCG-96,4,2,G-Rank,0.04079486705638744,0.044636055275245945,0.03595425521830128,192,current-run measured OOF; recomputed only after all-complete
GB1,T-DCG-96,4,2,T-Uniform-96,0.03274394847728588,0.038289953161168976,0.030451350270022482,96,current-run measured OOF; recomputed only after all-complete
GB1,T-DCG-96,4,2,T-DCG-96,0.03067139748147119,0.03740831510725349,0.029167217891206895,96,current-run measured OOF; recomputed only after all-complete
GB1,T-DCG-96,4,2,T-DCG-192,0.03804005508061943,0.04273254087380946,0.034125948185875644,192,current-run measured OOF; recomputed only after all-complete
GB1,T-DCG-96,4,3,G-Rank,0.03481630762254587,0.03396376202953532,0.029638447405306412,288,current-run measured OOF; recomputed only after all-complete
GB1,T-DCG-96,4,3,T-Uniform-96,0.039058983571244855,0.028371928650655867,0.027182927378459034,96,current-run measured OOF; recomputed only after all-complete
GB1,T-DCG-96,4,3,T-DCG-96,0.04373836072215043,0.029380704234817614,0.028705725842062473,96,current-run measured OOF; recomputed only after all-complete
GB1,T-DCG-96,4,3,T-DCG-192,0.040021076305055935,0.03036636584633316,0.02836844867803352,192,current-run measured OOF; recomputed only after all-complete
GB1,T-DCG-96,4,4,G-Rank,0.03929302427503798,0.035371868698685256,0.032308535104328705,384,current-run measured OOF; recomputed only after all-complete
GB1,T-DCG-96,4,4,T-Uniform-96,0.040967817659731266,0.0327048831515842,0.03162285386476216,96,current-run measured OOF; recomputed only after all-complete
GB1,T-DCG-96,4,4,T-DCG-96,0.039410159455438035,0.0319310210881683,0.030977316058428506,96,current-run measured OOF; recomputed only after all-complete
GB1,T-DCG-96,4,4,T-DCG-192,0.04014288723850938,0.033583376538183336,0.03230047970696401,192,current-run measured OOF; recomputed only after all-complete
GB1,T-DCG-192,4,1,G-Rank,0.11736269350405093,0.1350295455367477,0.09869645652715953,96,current-run measured OOF; recomputed only after all-complete
GB1,T-DCG-192,4,1,T-Uniform-96,0.11736269350405093,0.1350295455367477,0.09869645652715953,96,current-run measured OOF; recomputed only after all-complete
GB1,T-DCG-192,4,1,T-DCG-96,0.12339070710848458,0.16844275557592778,0.111122511517102,96,current-run measured OOF; recomputed only after all-complete
GB1,T-DCG-192,4,1,T-DCG-192,0.12339070710848458,0.16844275557592778,0.111122511517102,96,current-run measured OOF; recomputed only after all-complete
GB1,T-DCG-192,4,2,G-Rank,0.04079486705638744,0.044636055275245945,0.03546410232832286,192,current-run measured OOF; recomputed only after all-complete
GB1,T-DCG-192,4,2,T-Uniform-96,0.03274394847728588,0.038289953161168976,0.030453583156553166,96,current-run measured OOF; recomputed only after all-complete
GB1,T-DCG-192,4,2,T-DCG-96,0.03067139748147119,0.03740831510725349,0.02936352884499892,96,current-run measured OOF; recomputed only after all-complete
GB1,T-DCG-192,4,2,T-DCG-192,0.03804005508061943,0.04273254087380946,0.03382938845169261,192,current-run measured OOF; recomputed only after all-complete
GB1,T-DCG-192,4,3,G-Rank,0.03531237525050369,0.03340703600555126,0.025776534154801484,288,current-run measured OOF; recomputed only after all-complete
GB1,T-DCG-192,4,3,T-Uniform-96,0.03590352250715342,0.025316403235918206,0.023175305692385545,96,current-run measured OOF; recomputed only after all-complete
GB1,T-DCG-192,4,3,T-DCG-96,0.03808725956444065,0.027742939869742383,0.025498145692851634,96,current-run measured OOF; recomputed only after all-complete
GB1,T-DCG-192,4,3,T-DCG-192,0.037282578390631774,0.02907891501952944,0.02549579324797999,192,current-run measured OOF; recomputed only after all-complete
GB1,T-DCG-192,4,4,G-Rank,0.047637118233574756,0.044360231470178674,0.04277296422089135,384,current-run measured OOF; recomputed only after all-complete
GB1,T-DCG-192,4,4,T-Uniform-96,0.05432821203161168,0.0425514645046658,0.042524106595027,96,current-run measured OOF; recomputed only after all-complete
GB1,T-DCG-192,4,4,T-DCG-96,0.06064193409018294,0.042865374831925006,0.043224727470421234,96,current-run measured OOF; recomputed only after all-complete
GB1,T-DCG-192,4,4,T-DCG-192,0.053802506498375625,0.03886741459976881,0.03868465584045623,192,current-run measured OOF; recomputed only after all-complete
GB1,G-Rank,5,1,G-Rank,0.16341767487702547,0.16507579662181712,0.14913311241840904,96,current-run measured OOF; recomputed only after all-complete
GB1,G-Rank,5,1,T-Uniform-96,0.16341767487702547,0.16507579662181712,0.14913311241840904,96,current-run measured OOF; recomputed only after all-complete
GB1,G-Rank,5,1,T-DCG-96,0.18938847480486581,0.19960368197377812,0.18059426755268723,96,current-run measured OOF; recomputed only after all-complete
GB1,G-Rank,5,1,T-DCG-192,0.18938847480486581,0.19960368197377812,0.18059426755268723,96,current-run measured OOF; recomputed only after all-complete
GB1,G-Rank,5,2,G-Rank,0.048566182454427086,0.03716652481644242,0.03246455619444912,192,current-run measured OOF; recomputed only after all-complete
GB1,G-Rank,5,2,T-Uniform-96,0.038814685962818285,0.025748358832465276,0.025242929814443118,96,current-run measured OOF; recomputed only after all-complete
GB1,G-Rank,5,2,T-DCG-96,0.03548079233703564,0.021774244630040022,0.022168307418224956,96,current-run measured OOF; recomputed only after all-complete
GB1,G-Rank,5,2,T-DCG-192,0.04457671663653284,0.03238873248858807,0.02907608279364363,192,current-run measured OOF; recomputed only after all-complete
GB1,G-Rank,5,3,G-Rank,0.03641215927479853,0.03621484157316315,0.028662589831513645,288,current-run measured OOF; recomputed only after all-complete
GB1,G-Rank,5,3,T-Uniform-96,0.025279951684268904,0.02088645652488426,0.018280844188928697,96,current-run measured OOF; recomputed only after all-complete
GB1,G-Rank,5,3,T-DCG-96,0.023684313937602706,0.017353352595240002,0.016254122779028674,96,current-run measured OOF; recomputed only after all-complete
GB1,G-Rank,5,3,T-DCG-192,0.02985806166535832,0.027557987389702762,0.02272071727238538,192,current-run measured OOF; recomputed only after all-complete
GB1,G-Rank,5,4,G-Rank,0.03731575718632451,0.02218484878540039,0.020724704418752557,384,current-run measured OOF; recomputed only after all-complete
GB1,G-Rank,5,4,T-Uniform-96,0.03685243041427047,0.013435081199363428,0.013987612657386331,96,current-run measured OOF; recomputed only after all-complete
GB1,G-Rank,5,4,T-DCG-96,0.03962287830271618,0.012660602334336652,0.013910522314644012,96,current-run measured OOF; recomputed only after all-complete
GB1,G-Rank,5,4,T-DCG-192,0.040557752250252335,0.01701201598519226,0.017470953100645854,192,current-run measured OOF; recomputed only after all-complete
GB1,T-Uniform-96,5,1,G-Rank,0.16341767487702547,0.16507579662181712,0.14913311241840904,96,current-run measured OOF; recomputed only after all-complete
GB1,T-Uniform-96,5,1,T-Uniform-96,0.16341767487702547,0.16507579662181712,0.14913311241840904,96,current-run measured OOF; recomputed only after all-complete
GB1,T-Uniform-96,5,1,T-DCG-96,0.18938847480486581,0.19960368197377812,0.18059426755268723,96,current-run measured OOF; recomputed only after all-complete
GB1,T-Uniform-96,5,1,T-DCG-192,0.18938847480486581,0.19960368197377812,0.18059426755268723,96,current-run measured OOF; recomputed only after all-complete
GB1,T-Uniform-96,5,2,G-Rank,0.048566182454427086,0.03716652481644242,0.03324768497407024,192,current-run measured OOF; recomputed only after all-complete
GB1,T-Uniform-96,5,2,T-Uniform-96,0.038814685962818285,0.025748358832465276,0.024784879560270187,96,current-run measured OOF; recomputed only after all-complete
GB1,T-Uniform-96,5,2,T-DCG-96,0.03548079233703564,0.021774244630040022,0.021431262541244327,96,current-run measured OOF; recomputed only after all-complete
GB1,T-Uniform-96,5,2,T-DCG-192,0.04457671663653284,0.03238873248858807,0.029437470646112067,192,current-run measured OOF; recomputed only after all-complete
GB1,T-Uniform-96,5,3,G-Rank,0.03612266090508187,0.032989187986271866,0.029823797403238077,288,current-run measured OOF; recomputed only after all-complete
GB1,T-Uniform-96,5,3,T-Uniform-96,0.02985140325601209,0.018157582224151234,0.017691946743171604,96,current-run measured OOF; recomputed only after all-complete
GB1,T-Uniform-96,5,3,T-DCG-96,0.02733400203493252,0.015534072808364855,0.015228662479672691,96,current-run measured OOF; recomputed only after all-complete
GB1,T-Uniform-96,5,3,T-DCG-192,0.03182036307443215,0.024613698992413873,0.022635841272587047,192,current-run measured OOF; recomputed only after all-complete
GB1,T-Uniform-96,5,4,G-Rank,0.04022914391976815,0.02308752801683214,0.022443831859697186,384,current-run measured OOF; recomputed only after all-complete
GB1,T-Uniform-96,5,4,T-Uniform-96,0.044774373372395836,0.017348112883391203,0.01722379231528387,96,current-run measured OOF; recomputed only after all-complete
GB1,T-Uniform-96,5,4,T-DCG-96,0.04769952364721289,0.0178052814810139,0.017904898090253005,96,current-run measured OOF; recomputed only after all-complete
GB1,T-Uniform-96,5,4,T-DCG-192,0.044914016418267456,0.018930045660657042,0.01876405287284351,192,current-run measured OOF; recomputed only after all-complete
GB1,T-DCG-96,5,1,G-Rank,0.16341767487702547,0.16507579662181712,0.1495100589553475,96,current-run measured OOF; recomputed only after all-complete
GB1,T-DCG-96,5,1,T-Uniform-96,0.16341767487702547,0.16507579662181712,0.1495100589553475,96,current-run measured OOF; recomputed only after all-complete
GB1,T-DCG-96,5,1,T-DCG-96,0.18938847480486581,0.19960368197377812,0.1802505236532306,96,current-run measured OOF; recomputed only after all-complete
GB1,T-DCG-96,5,1,T-DCG-192,0.18938847480486581,0.19960368197377812,0.1802505236532306,96,current-run measured OOF; recomputed only after all-complete
GB1,T-DCG-96,5,2,G-Rank,0.059398651123046875,0.04098009180139612,0.03630327445933692,192,current-run measured OOF; recomputed only after all-complete
GB1,T-DCG-96,5,2,T-Uniform-96,0.047490296540436926,0.03195359971788195,0.030231609725547216,96,current-run measured OOF; recomputed only after all-complete
GB1,T-DCG-96,5,2,T-DCG-96,0.044099751950320835,0.028062525096926635,0.02707696294114576,96,current-run measured OOF; recomputed only after all-complete
GB1,T-DCG-96,5,2,T-DCG-192,0.05467294302295244,0.036715893060567474,0.03305393143878617,192,current-run measured OOF; recomputed only after all-complete
GB1,T-DCG-96,5,3,G-Rank,0.04429383663810657,0.03456377361700532,0.03144595597084135,288,current-run measured OOF; recomputed only after all-complete
GB1,T-DCG-96,5,3,T-Uniform-96,0.03856866153669946,0.02690469875257202,0.025662419044251067,96,current-run measured OOF; recomputed only after all-complete
GB1,T-DCG-96,5,3,T-DCG-96,0.03672122105922662,0.023851442448491245,0.02296139514422072,96,current-run measured OOF; recomputed only after all-complete
GB1,T-DCG-96,5,3,T-DCG-192,0.04290821796761466,0.030719754899617684,0.028466427767005222,192,current-run measured OOF; recomputed only after all-complete
GB1,T-DCG-96,5,4,G-Rank,0.04182708704913104,0.027078805146393953,0.026826689489961794,384,current-run measured OOF; recomputed only after all-complete
GB1,T-DCG-96,5,4,T-Uniform-96,0.0476438734266493,0.02167546307599103,0.021642548353092345,96,current-run measured OOF; recomputed only after all-complete
GB1,T-DCG-96,5,4,T-DCG-96,0.04885843221290358,0.020945338171997455,0.020937895413904225,96,current-run measured OOF; recomputed only after all-complete
GB1,T-DCG-96,5,4,T-DCG-192,0.04564374487826847,0.023278489895620102,0.023168591218576756,192,current-run measured OOF; recomputed only after all-complete
GB1,T-DCG-192,5,1,G-Rank,0.16341767487702547,0.16507579662181712,0.1495100589553475,96,current-run measured OOF; recomputed only after all-complete
GB1,T-DCG-192,5,1,T-Uniform-96,0.16341767487702547,0.16507579662181712,0.1495100589553475,96,current-run measured OOF; recomputed only after all-complete
GB1,T-DCG-192,5,1,T-DCG-96,0.18938847480486581,0.19960368197377812,0.1802505236532306,96,current-run measured OOF; recomputed only after all-complete
GB1,T-DCG-192,5,1,T-DCG-192,0.18938847480486581,0.19960368197377812,0.1802505236532306,96,current-run measured OOF; recomputed only after all-complete
GB1,T-DCG-192,5,2,G-Rank,0.059398651123046875,0.04098009180139612,0.035415922411326156,192,current-run measured OOF; recomputed only after all-complete
GB1,T-DCG-192,5,2,T-Uniform-96,0.047490296540436926,0.03195359971788195,0.030266210231359374,96,current-run measured OOF; recomputed only after all-complete
GB1,T-DCG-192,5,2,T-DCG-96,0.044099751950320835,0.028062525096926635,0.02739163931369811,96,current-run measured OOF; recomputed only after all-complete
GB1,T-DCG-192,5,2,T-DCG-192,0.05467294302295244,0.036715893060567474,0.03250503270882966,192,current-run measured OOF; recomputed only after all-complete
GB1,T-DCG-192,5,3,G-Rank,0.04355103292582948,0.03504908264746228,0.03097093174023978,288,current-run measured OOF; recomputed only after all-complete
GB1,T-DCG-192,5,3,T-Uniform-96,0.041882361894772374,0.027127364044817383,0.025861571138236422,96,current-run measured OOF; recomputed only after all-complete
GB1,T-DCG-192,5,3,T-DCG-96,0.03895556533954651,0.02386550018596861,0.02310336593774396,96,current-run measured OOF; recomputed only after all-complete
GB1,T-DCG-192,5,3,T-DCG-192,0.04333710677930047,0.029324613741294726,0.027138739600698115,192,current-run measured OOF; recomputed only after all-complete
GB1,T-DCG-192,5,4,G-Rank,0.04189327028062608,0.024727256209762006,0.023411561954485603,384,current-run measured OOF; recomputed only after all-complete
GB1,T-DCG-192,5,4,T-Uniform-96,0.05261059160585757,0.02110968695746528,0.021124056458237478,96,current-run measured OOF; recomputed only after all-complete
GB1,T-DCG-192,5,4,T-DCG-96,0.0549922842189129,0.02000976632706937,0.020354374086463175,96,current-run measured OOF; recomputed only after all-complete
GB1,T-DCG-192,5,4,T-DCG-192,0.04875588343499582,0.021118823071341827,0.020524396532338497,192,current-run measured OOF; recomputed only after all-complete
GB1,G-Rank,6,1,G-Rank,0.13594676830150462,0.127716064453125,0.11292181695145974,96,current-run measured OOF; recomputed only after all-complete
GB1,G-Rank,6,1,T-Uniform-96,0.13594676830150462,0.127716064453125,0.11292181695145974,96,current-run measured OOF; recomputed only after all-complete
GB1,G-Rank,6,1,T-DCG-96,0.16343226565935395,0.1221893256795456,0.12026934994318875,96,current-run measured OOF; recomputed only after all-complete
GB1,G-Rank,6,1,T-DCG-192,0.16343226565935395,0.1221893256795456,0.12026934994318875,96,current-run measured OOF; recomputed only after all-complete
GB1,G-Rank,6,2,G-Rank,0.06907420688205294,0.04250144958496094,0.04178863074685141,192,current-run measured OOF; recomputed only after all-complete
GB1,G-Rank,6,2,T-Uniform-96,0.05719742951569734,0.03242337262188947,0.032192532334872216,96,current-run measured OOF; recomputed only after all-complete
GB1,G-Rank,6,2,T-DCG-96,0.04930245732951601,0.027266512696622183,0.027279166936366173,96,current-run measured OOF; recomputed only after all-complete
GB1,G-Rank,6,2,T-DCG-192,0.06162454406988343,0.03728126660343291,0.036804879632298254,192,current-run measured OOF; recomputed only after all-complete
GB1,G-Rank,6,3,G-Rank,0.06909792969419797,0.051179506487643606,0.045415219235363576,288,current-run measured OOF; recomputed only after all-complete
GB1,G-Rank,6,3,T-Uniform-96,0.054750042197145056,0.028599491825810185,0.029041218076434724,96,current-run measured OOF; recomputed only after all-complete
GB1,G-Rank,6,3,T-DCG-96,0.05485410063918516,0.022858183478527732,0.02495439515662916,96,current-run measured OOF; recomputed only after all-complete
GB1,G-Rank,6,3,T-DCG-192,0.059827143714063384,0.03405899803148066,0.03182473696772792,192,current-run measured OOF; recomputed only after all-complete
GB1,G-Rank,6,4,G-Rank,0.04874360119854962,0.028423830314918797,0.02761105443730812,384,current-run measured OOF; recomputed only after all-complete
GB1,G-Rank,6,4,T-Uniform-96,0.03593218768084491,0.01292525397406684,0.014110099653296118,96,current-run measured OOF; recomputed only after all-complete
GB1,G-Rank,6,4,T-DCG-96,0.03900859801355492,0.01206493141076917,0.013691107574079554,96,current-run measured OOF; recomputed only after all-complete
GB1,G-Rank,6,4,T-DCG-192,0.04333476884439083,0.017661339116390694,0.018940827093979644,192,current-run measured OOF; recomputed only after all-complete
GB1,T-Uniform-96,6,1,G-Rank,0.13594676830150462,0.127716064453125,0.11292181695145974,96,current-run measured OOF; recomputed only after all-complete
GB1,T-Uniform-96,6,1,T-Uniform-96,0.13594676830150462,0.127716064453125,0.11292181695145974,96,current-run measured OOF; recomputed only after all-complete
GB1,T-Uniform-96,6,1,T-DCG-96,0.16343226565935395,0.1221893256795456,0.12026934994318875,96,current-run measured OOF; recomputed only after all-complete
GB1,T-Uniform-96,6,1,T-DCG-192,0.16343226565935395,0.1221893256795456,0.12026934994318875,96,current-run measured OOF; recomputed only after all-complete
GB1,T-Uniform-96,6,2,G-Rank,0.06907420688205294,0.04250144958496094,0.041855307300433124,192,current-run measured OOF; recomputed only after all-complete
GB1,T-Uniform-96,6,2,T-Uniform-96,0.05719742951569734,0.03242337262188947,0.03213692653673058,96,current-run measured OOF; recomputed only after all-complete
GB1,T-Uniform-96,6,2,T-DCG-96,0.04930245732951601,0.027266512696622183,0.027170518999968588,96,current-run measured OOF; recomputed only after all-complete
GB1,T-Uniform-96,6,2,T-DCG-192,0.06162454406988343,0.03728126660343291,0.03681800325626933,192,current-run measured OOF; recomputed only after all-complete
GB1,T-Uniform-96,6,3,G-Rank,0.06384275250637644,0.045490720144515176,0.04167342435392976,288,current-run measured OOF; recomputed only after all-complete
GB1,T-Uniform-96,6,3,T-Uniform-96,0.058029614358281884,0.03081032081886574,0.029858355902306063,96,current-run measured OOF; recomputed only after all-complete
GB1,T-Uniform-96,6,3,T-DCG-96,0.059149347696899696,0.024690367261898275,0.024381033211680895,96,current-run measured OOF; recomputed only after all-complete
GB1,T-Uniform-96,6,3,T-DCG-192,0.0611554638472757,0.03165483458139996,0.02989954231824472,192,current-run measured OOF; recomputed only after all-complete
GB1,T-Uniform-96,6,4,G-Rank,0.05390611401310674,0.02713538099218298,0.02713538099218298,384,current-run measured OOF; recomputed only after all-complete
GB1,T-Uniform-96,6,4,T-Uniform-96,0.040971120198567704,0.012445449829101562,0.012445449829101562,96,current-run measured OOF; recomputed only after all-complete
GB1,T-Uniform-96,6,4,T-DCG-96,0.04397581435927099,0.013018436074325913,0.013018436074325913,96,current-run measured OOF; recomputed only after all-complete
GB1,T-Uniform-96,6,4,T-DCG-192,0.04484329080193049,0.018821835209276373,0.018821835209276373,192,current-run measured OOF; recomputed only after all-complete
GB1,T-DCG-96,6,1,G-Rank,0.13594676830150462,0.127716064453125,0.11579794015123386,96,current-run measured OOF; recomputed only after all-complete
GB1,T-DCG-96,6,1,T-Uniform-96,0.13594676830150462,0.127716064453125,0.11579794015123386,96,current-run measured OOF; recomputed only after all-complete
GB1,T-DCG-96,6,1,T-DCG-96,0.16343226565935395,0.1221893256795456,0.11711055644733552,96,current-run measured OOF; recomputed only after all-complete
GB1,T-DCG-96,6,1,T-DCG-192,0.16343226565935395,0.1221893256795456,0.11711055644733552,96,current-run measured OOF; recomputed only after all-complete
GB1,T-DCG-96,6,2,G-Rank,0.07046070805302372,0.04803516246654369,0.04767859321872566,192,current-run measured OOF; recomputed only after all-complete
GB1,T-DCG-96,6,2,T-Uniform-96,0.06116775230125145,0.033957446063006366,0.03391238790643272,96,current-run measured OOF; recomputed only after all-complete
GB1,T-DCG-96,6,2,T-DCG-96,0.05190620882990995,0.028875077596287844,0.02886325736668784,96,current-run measured OOF; recomputed only after all-complete
GB1,T-DCG-96,6,2,T-DCG-192,0.06284253657959836,0.04209646344745464,0.04182136045496771,192,current-run measured OOF; recomputed only after all-complete
GB1,T-DCG-96,6,3,G-Rank,0.06864652908387989,0.03789046173723636,0.03678868879960868,288,current-run measured OOF; recomputed only after all-complete
GB1,T-DCG-96,6,3,T-Uniform-96,0.040286499776957946,0.019386825247556583,0.01836806995783755,96,current-run measured OOF; recomputed only after all-complete
GB1,T-DCG-96,6,3,T-DCG-96,0.03751708589269908,0.015476170711887206,0.014903816973746075,96,current-run measured OOF; recomputed only after all-complete
GB1,T-DCG-96,6,3,T-DCG-192,0.0544229874100702,0.02703500574961513,0.02609189004332033,192,current-run measured OOF; recomputed only after all-complete
GB1,T-DCG-96,6,4,G-Rank,0.055457185815881806,0.030639939837985564,0.030639939837985564,384,current-run measured OOF; recomputed only after all-complete
GB1,T-DCG-96,6,4,T-Uniform-96,0.044560061560736754,0.016850789388020832,0.016850789388020832,96,current-run measured OOF; recomputed only after all-complete
GB1,T-DCG-96,6,4,T-DCG-96,0.05328880903785189,0.020261870972212947,0.020261870972212947,96,current-run measured OOF; recomputed only after all-complete
GB1,T-DCG-96,6,4,T-DCG-192,0.053429963329601524,0.027242945271803785,0.027242945271803785,192,current-run measured OOF; recomputed only after all-complete
GB1,T-DCG-192,6,1,G-Rank,0.13594676830150462,0.127716064453125,0.11579794015123386,96,current-run measured OOF; recomputed only after all-complete
GB1,T-DCG-192,6,1,T-Uniform-96,0.13594676830150462,0.127716064453125,0.11579794015123386,96,current-run measured OOF; recomputed only after all-complete
GB1,T-DCG-192,6,1,T-DCG-96,0.16343226565935395,0.1221893256795456,0.11711055644733552,96,current-run measured OOF; recomputed only after all-complete
GB1,T-DCG-192,6,1,T-DCG-192,0.16343226565935395,0.1221893256795456,0.11711055644733552,96,current-run measured OOF; recomputed only after all-complete
GB1,T-DCG-192,6,2,G-Rank,0.07046070805302372,0.04803516246654369,0.04622496614669804,192,current-run measured OOF; recomputed only after all-complete
GB1,T-DCG-192,6,2,T-Uniform-96,0.06116775230125145,0.033957446063006366,0.034561457228225484,96,current-run measured OOF; recomputed only after all-complete
GB1,T-DCG-192,6,2,T-DCG-96,0.05190620882990995,0.028875077596287844,0.029576470992720896,96,current-run measured OOF; recomputed only after all-complete
GB1,T-DCG-192,6,2,T-DCG-192,0.06284253657959836,0.04209646344745464,0.04081750731866677,192,current-run measured OOF; recomputed only after all-complete
GB1,T-DCG-192,6,3,G-Rank,0.07526915750385803,0.0488103544761124,0.04554244010161233,288,current-run measured OOF; recomputed only after all-complete
GB1,T-DCG-192,6,3,T-Uniform-96,0.053830621664416156,0.028535065827546294,0.02780143648845276,96,current-run measured OOF; recomputed only after all-complete
GB1,T-DCG-192,6,3,T-DCG-96,0.05559553301923738,0.022395602703016878,0.022743815230853146,96,current-run measured OOF; recomputed only after all-complete
GB1,T-DCG-192,6,3,T-DCG-192,0.06438842855505365,0.03465583982768299,0.03262794892029407,192,current-run measured OOF; recomputed only after all-complete
GB1,T-DCG-192,6,4,G-Rank,0.05738934764155634,0.031114489943892865,0.030563621327208284,384,current-run measured OOF; recomputed only after all-complete
GB1,T-DCG-192,6,4,T-Uniform-96,0.0466931837576407,0.011851416693793401,0.012028252184001638,96,current-run measured OOF; recomputed only after all-complete
GB1,T-DCG-192,6,4,T-DCG-96,0.053017328853045075,0.011106261166868941,0.01144246841660459,96,current-run measured OOF; recomputed only after all-complete
GB1,T-DCG-192,6,4,T-DCG-192,0.05402600389297378,0.022267972967063,0.022181408046468495,192,current-run measured OOF; recomputed only after all-complete
GB1,G-Rank,7,1,G-Rank,0.1342858208550347,0.12723513002748843,0.10912586964031451,96,current-run measured OOF; recomputed only after all-complete
GB1,G-Rank,7,1,T-Uniform-96,0.1342858208550347,0.12723513002748843,0.10912586964031451,96,current-run measured OOF; recomputed only after all-complete
GB1,G-Rank,7,1,T-DCG-96,0.14503552354581062,0.15096610029041183,0.12370600609543334,96,current-run measured OOF; recomputed only after all-complete
GB1,G-Rank,7,1,T-DCG-192,0.14503552354581062,0.15096610029041183,0.12370600609543334,96,current-run measured OOF; recomputed only after all-complete
GB1,G-Rank,7,2,G-Rank,0.04573864407009548,0.04564744454843026,0.0366234912615248,192,current-run measured OOF; recomputed only after all-complete
GB1,G-Rank,7,2,T-Uniform-96,0.036889606051974826,0.02392860695167824,0.024121333504291267,96,current-run measured OOF; recomputed only after all-complete
GB1,G-Rank,7,2,T-DCG-96,0.03608450250457833,0.021531276235544357,0.02295039519968901,96,current-run measured OOF; recomputed only after all-complete
GB1,G-Rank,7,2,T-DCG-192,0.04349644577914888,0.039495524525722615,0.03328990079788235,192,current-run measured OOF; recomputed only after all-complete
GB1,G-Rank,7,3,G-Rank,0.04418015970614712,0.034762744877400546,0.028237689568561444,288,current-run measured OOF; recomputed only after all-complete
GB1,G-Rank,7,3,T-Uniform-96,0.04553812913933899,0.01964088722511574,0.02130569658138322,96,current-run measured OOF; recomputed only after all-complete
GB1,G-Rank,7,3,T-DCG-96,0.0486738573927488,0.017502568876187022,0.0210110131090734,96,current-run measured OOF; recomputed only after all-complete
GB1,G-Rank,7,3,T-DCG-192,0.049256360455397004,0.025946397789741928,0.024669949306290146,192,current-run measured OOF; recomputed only after all-complete
GB1,G-Rank,7,4,G-Rank,0.041498678701895254,0.0266778204176161,0.02210033945581898,384,current-run measured OOF; recomputed only after all-complete
GB1,G-Rank,7,4,T-Uniform-96,0.05568394837556062,0.017259173923068576,0.019771113409521663,96,current-run measured OOF; recomputed only after all-complete
GB1,G-Rank,7,4,T-DCG-96,0.060010149728209616,0.018114255279746368,0.02112986460124655,96,current-run measured OOF; recomputed only after all-complete
GB1,G-Rank,7,4,T-DCG-192,0.05005431839908639,0.020255872961109797,0.02084941560192244,192,current-run measured OOF; recomputed only after all-complete
GB1,T-Uniform-96,7,1,G-Rank,0.1342858208550347,0.12723513002748843,0.10912586964031451,96,current-run measured OOF; recomputed only after all-complete
GB1,T-Uniform-96,7,1,T-Uniform-96,0.1342858208550347,0.12723513002748843,0.10912586964031451,96,current-run measured OOF; recomputed only after all-complete
GB1,T-Uniform-96,7,1,T-DCG-96,0.14503552354581062,0.15096610029041183,0.12370600609543334,96,current-run measured OOF; recomputed only after all-complete
GB1,T-Uniform-96,7,1,T-DCG-192,0.14503552354581062,0.15096610029041183,0.12370600609543334,96,current-run measured OOF; recomputed only after all-complete
GB1,T-Uniform-96,7,2,G-Rank,0.04573864407009548,0.04564744454843026,0.03902098636303341,192,current-run measured OOF; recomputed only after all-complete
GB1,T-Uniform-96,7,2,T-Uniform-96,0.036889606051974826,0.02392860695167824,0.02246347490631208,96,current-run measured OOF; recomputed only after all-complete
GB1,T-Uniform-96,7,2,T-DCG-96,0.03608450250457833,0.021531276235544357,0.02076782698994991,96,current-run measured OOF; recomputed only after all-complete
GB1,T-Uniform-96,7,2,T-DCG-192,0.04349644577914888,0.039495524525722615,0.03445050925448733,192,current-run measured OOF; recomputed only after all-complete
GB1,T-Uniform-96,7,3,G-Rank,0.04113353001891504,0.03369843910751029,0.029758221905416993,288,current-run measured OOF; recomputed only after all-complete
GB1,T-Uniform-96,7,3,T-Uniform-96,0.03992685074668853,0.01582003620916924,0.014981618364623582,96,current-run measured OOF; recomputed only after all-complete
GB1,T-Uniform-96,7,3,T-DCG-96,0.03999067217287188,0.016713835646038667,0.0154299700668876,96,current-run measured OOF; recomputed only after all-complete
GB1,T-Uniform-96,7,3,T-DCG-192,0.045053418464405984,0.026775049979605028,0.023731688295217837,192,current-run measured OOF; recomputed only after all-complete
GB1,T-Uniform-96,7,4,G-Rank,0.04670354172035499,0.030711182841548213,0.029462499028994237,384,current-run measured OOF; recomputed only after all-complete
GB1,T-Uniform-96,7,4,T-Uniform-96,0.060524657920554836,0.023496557165075233,0.023346472495112413,96,current-run measured OOF; recomputed only after all-complete
GB1,T-Uniform-96,7,4,T-DCG-96,0.0615107875640901,0.021851897350342687,0.021769042964108535,96,current-run measured OOF; recomputed only after all-complete
GB1,T-Uniform-96,7,4,T-DCG-192,0.05466166196122747,0.023454345359827707,0.023109452018249505,192,current-run measured OOF; recomputed only after all-complete
GB1,T-DCG-96,7,1,G-Rank,0.1342858208550347,0.12723513002748843,0.10955943031001898,96,current-run measured OOF; recomputed only after all-complete
GB1,T-DCG-96,7,1,T-Uniform-96,0.1342858208550347,0.12723513002748843,0.10955943031001898,96,current-run measured OOF; recomputed only after all-complete
GB1,T-DCG-96,7,1,T-DCG-96,0.14503552354581062,0.15096610029041183,0.12320759894170875,96,current-run measured OOF; recomputed only after all-complete
GB1,T-DCG-96,7,1,T-DCG-192,0.14503552354581062,0.15096610029041183,0.12320759894170875,96,current-run measured OOF; recomputed only after all-complete
GB1,T-DCG-96,7,2,G-Rank,0.04575814141167534,0.04755323904531974,0.039950119157946974,192,current-run measured OOF; recomputed only after all-complete
GB1,T-DCG-96,7,2,T-Uniform-96,0.035649900083188656,0.027407893428096065,0.024619707363283044,96,current-run measured OOF; recomputed only after all-complete
GB1,T-DCG-96,7,2,T-DCG-96,0.034034274971753826,0.02430321298796441,0.022442495388963937,96,current-run measured OOF; recomputed only after all-complete
GB1,T-DCG-96,7,2,T-DCG-192,0.042784744210536206,0.041250470655465984,0.0353139850854206,192,current-run measured OOF; recomputed only after all-complete
GB1,T-DCG-96,7,3,G-Rank,0.039393483856577934,0.02849906429505315,0.026513236776730138,288,current-run measured OOF; recomputed only after all-complete
GB1,T-DCG-96,7,3,T-Uniform-96,0.031003222053433643,0.013502584072788065,0.013081957519377393,96,current-run measured OOF; recomputed only after all-complete
GB1,T-DCG-96,7,3,T-DCG-96,0.03130779442298288,0.012613731460332706,0.012403159222882902,96,current-run measured OOF; recomputed only after all-complete
GB1,T-DCG-96,7,3,T-DCG-192,0.041186043742973535,0.02155291016287212,0.02050635858044332,192,current-run measured OOF; recomputed only after all-complete
GB1,T-DCG-96,7,4,G-Rank,0.05481389716819481,0.027183161841498483,0.027183161841498483,384,current-run measured OOF; recomputed only after all-complete
GB1,T-DCG-96,7,4,T-Uniform-96,0.0634012398896394,0.01901315759729456,0.01901315759729456,96,current-run measured OOF; recomputed only after all-complete
GB1,T-DCG-96,7,4,T-DCG-96,0.07213392911399087,0.019337742817400517,0.019337742817400517,96,current-run measured OOF; recomputed only after all-complete
GB1,T-DCG-96,7,4,T-DCG-192,0.06164136472819862,0.02155797248602817,0.02155797248602817,192,current-run measured OOF; recomputed only after all-complete
GB1,T-DCG-192,7,1,G-Rank,0.1342858208550347,0.12723513002748843,0.10955943031001898,96,current-run measured OOF; recomputed only after all-complete
GB1,T-DCG-192,7,1,T-Uniform-96,0.1342858208550347,0.12723513002748843,0.10955943031001898,96,current-run measured OOF; recomputed only after all-complete
GB1,T-DCG-192,7,1,T-DCG-96,0.14503552354581062,0.15096610029041183,0.12320759894170875,96,current-run measured OOF; recomputed only after all-complete
GB1,T-DCG-192,7,1,T-DCG-192,0.14503552354581062,0.15096610029041183,0.12320759894170875,96,current-run measured OOF; recomputed only after all-complete
GB1,T-DCG-192,7,2,G-Rank,0.04575814141167534,0.04755323904531974,0.03804199458339762,192,current-run measured OOF; recomputed only after all-complete
GB1,T-DCG-192,7,2,T-Uniform-96,0.035649900083188656,0.027407893428096065,0.02504237877011467,96,current-run measured OOF; recomputed only after all-complete
GB1,T-DCG-192,7,2,T-DCG-96,0.034034274971753826,0.02430321298796441,0.02325809887309688,96,current-run measured OOF; recomputed only after all-complete
GB1,T-DCG-192,7,2,T-DCG-192,0.042784744210536206,0.041250470655465984,0.03419437097706605,192,current-run measured OOF; recomputed only after all-complete
GB1,T-DCG-192,7,3,G-Rank,0.04391324601873285,0.03291057068624614,0.028792817240874062,288,current-run measured OOF; recomputed only after all-complete
GB1,T-DCG-192,7,3,T-Uniform-96,0.04024455380537873,0.018160219545717594,0.018156228584433227,96,current-run measured OOF; recomputed only after all-complete
GB1,T-DCG-192,7,3,T-DCG-96,0.04279772207160552,0.016284310035169322,0.016733419030592264,96,current-run measured OOF; recomputed only after all-complete
GB1,T-DCG-192,7,3,T-DCG-192,0.04878546326427462,0.023917712448706458,0.022484189400193914,192,current-run measured OOF; recomputed only after all-complete
GB1,T-DCG-192,7,4,G-Rank,0.052372641033596457,0.025858075530440717,0.024261707135517296,384,current-run measured OOF; recomputed only after all-complete
GB1,T-DCG-192,7,4,T-Uniform-96,0.054761162510624635,0.014427114416051793,0.014469796206187805,96,current-run measured OOF; recomputed only after all-complete
GB1,T-DCG-192,7,4,T-DCG-96,0.06158248398798447,0.013677572217035687,0.014352382552037319,96,current-run measured OOF; recomputed only after all-complete
GB1,T-DCG-192,7,4,T-DCG-192,0.051048773486392945,0.020083216073098306,0.019274237213600304,192,current-run measured OOF; recomputed only after all-complete
GB1,G-Rank,8,1,G-Rank,0.16612187138310186,0.16897300437644677,0.1523225978741375,96,current-run measured OOF; recomputed only after all-complete
GB1,G-Rank,8,1,T-Uniform-96,0.16612187138310186,0.16897300437644677,0.1523225978741375,96,current-run measured OOF; recomputed only after all-complete
GB1,G-Rank,8,1,T-DCG-96,0.21087858102528037,0.22152601840615807,0.20275742335137403,96,current-run measured OOF; recomputed only after all-complete
GB1,G-Rank,8,1,T-DCG-192,0.21087858102528037,0.22152601840615807,0.20275742335137403,96,current-run measured OOF; recomputed only after all-complete
GB1,G-Rank,8,2,G-Rank,0.058255372224030676,0.043864073576750574,0.035696207863779056,192,current-run measured OOF; recomputed only after all-complete
GB1,G-Rank,8,2,T-Uniform-96,0.05974373994050203,0.03995203088831018,0.031371017794212246,96,current-run measured OOF; recomputed only after all-complete
GB1,G-Rank,8,2,T-DCG-96,0.06012979323723327,0.03427776757950447,0.030229644703920915,96,current-run measured OOF; recomputed only after all-complete
GB1,G-Rank,8,2,T-DCG-192,0.05869131840687158,0.03953961699969839,0.03399838740686989,192,current-run measured OOF; recomputed only after all-complete
GB1,G-Rank,8,3,G-Rank,0.05948711128391847,0.0394204431437007,0.03525494193773945,288,current-run measured OOF; recomputed only after all-complete
GB1,G-Rank,8,3,T-Uniform-96,0.06825199833622685,0.03086156020929784,0.03542610010088034,96,current-run measured OOF; recomputed only after all-complete
GB1,G-Rank,8,3,T-DCG-96,0.06600152280174694,0.026765189877539383,0.031883202650621535,96,current-run measured OOF; recomputed only after all-complete
GB1,G-Rank,8,3,T-DCG-192,0.06290782929117267,0.03477665799945389,0.033276855628543205,192,current-run measured OOF; recomputed only after all-complete
GB1,G-Rank,8,4,G-Rank,0.04641622084158439,0.03270566904986347,0.030680142413600852,384,current-run measured OOF; recomputed only after all-complete
GB1,G-Rank,8,4,T-Uniform-96,0.04132994899043331,0.02371286462854456,0.02526646887869898,96,current-run measured OOF; recomputed only after all-complete
GB1,G-Rank,8,4,T-DCG-96,0.03648500020272214,0.020662827653297647,0.02197779299518617,96,current-run measured OOF; recomputed only after all-complete
GB1,G-Rank,8,4,T-DCG-192,0.03856993932501528,0.02439366300750644,0.02461259018572815,192,current-run measured OOF; recomputed only after all-complete
GB1,T-Uniform-96,8,1,G-Rank,0.16612187138310186,0.16897300437644677,0.1523225978741375,96,current-run measured OOF; recomputed only after all-complete
GB1,T-Uniform-96,8,1,T-Uniform-96,0.16612187138310186,0.16897300437644677,0.1523225978741375,96,current-run measured OOF; recomputed only after all-complete
GB1,T-Uniform-96,8,1,T-DCG-96,0.21087858102528037,0.22152601840615807,0.20275742335137403,96,current-run measured OOF; recomputed only after all-complete
GB1,T-Uniform-96,8,1,T-DCG-192,0.21087858102528037,0.22152601840615807,0.20275742335137403,96,current-run measured OOF; recomputed only after all-complete
GB1,T-Uniform-96,8,2,G-Rank,0.058255372224030676,0.043864073576750574,0.035720734487832015,192,current-run measured OOF; recomputed only after all-complete
GB1,T-Uniform-96,8,2,T-Uniform-96,0.05974373994050203,0.03995203088831018,0.03134207898654506,96,current-run measured OOF; recomputed only after all-complete
GB1,T-Uniform-96,8,2,T-DCG-96,0.06012979323723327,0.03427776757950447,0.030022629824315947,96,current-run measured OOF; recomputed only after all-complete
GB1,T-Uniform-96,8,2,T-DCG-192,0.05869131840687158,0.03953961699969839,0.03390510600325775,192,current-run measured OOF; recomputed only after all-complete
GB1,T-Uniform-96,8,3,G-Rank,0.057491244929644636,0.039244244945719736,0.03895716007965952,288,current-run measured OOF; recomputed only after all-complete
GB1,T-Uniform-96,8,3,T-Uniform-96,0.0657785674672068,0.032965389298804014,0.03296149653027706,96,current-run measured OOF; recomputed only after all-complete
GB1,T-Uniform-96,8,3,T-DCG-96,0.06078273358773002,0.028281276516353145,0.028299929194135067,96,current-run measured OOF; recomputed only after all-complete
GB1,T-Uniform-96,8,3,T-DCG-192,0.0594272232598284,0.03526227310765066,0.03504416387225853,192,current-run measured OOF; recomputed only after all-complete
GB1,T-Uniform-96,8,4,G-Rank,0.056388395803946036,0.03439780517860695,0.03439780517860695,384,current-run measured OOF; recomputed only after all-complete
GB1,T-Uniform-96,8,4,T-Uniform-96,0.05338695314195421,0.02544833995677807,0.02544833995677807,96,current-run measured OOF; recomputed only after all-complete
GB1,T-Uniform-96,8,4,T-DCG-96,0.05644693120178074,0.022109855650099645,0.022109855650099645,96,current-run measured OOF; recomputed only after all-complete
GB1,T-Uniform-96,8,4,T-DCG-192,0.05642988206757422,0.025993788253707757,0.025993788253707757,192,current-run measured OOF; recomputed only after all-complete
GB1,T-DCG-96,8,1,G-Rank,0.16612187138310186,0.16897300437644677,0.15268459529368517,96,current-run measured OOF; recomputed only after all-complete
GB1,T-DCG-96,8,1,T-Uniform-96,0.16612187138310186,0.16897300437644677,0.15268459529368517,96,current-run measured OOF; recomputed only after all-complete
GB1,T-DCG-96,8,1,T-DCG-96,0.21087858102528037,0.22152601840615807,0.2024423024696666,96,current-run measured OOF; recomputed only after all-complete
GB1,T-DCG-96,8,1,T-DCG-192,0.21087858102528037,0.22152601840615807,0.2024423024696666,96,current-run measured OOF; recomputed only after all-complete
GB1,T-DCG-96,8,2,G-Rank,0.05260361565483942,0.04560477645308883,0.03598607394854093,192,current-run measured OOF; recomputed only after all-complete
GB1,T-DCG-96,8,2,T-Uniform-96,0.04881837632921007,0.04041290283203125,0.029832169222603688,96,current-run measured OOF; recomputed only after all-complete
GB1,T-DCG-96,8,2,T-DCG-96,0.0473987286457341,0.034241338347875225,0.027343958464320493,96,current-run measured OOF; recomputed only after all-complete
GB1,T-DCG-96,8,2,T-DCG-192,0.05088470428795048,0.04079134789764603,0.03317916342165798,192,current-run measured OOF; recomputed only after all-complete
GB1,T-DCG-96,8,3,G-Rank,0.06551401899675284,0.04096880207663537,0.03922223723789849,288,current-run measured OOF; recomputed only after all-complete
GB1,T-DCG-96,8,3,T-Uniform-96,0.0684773323467239,0.03872956954893261,0.03810672211214702,96,current-run measured OOF; recomputed only after all-complete
GB1,T-DCG-96,8,3,T-DCG-96,0.06242622748803802,0.03455117812101316,0.03417506487448861,96,current-run measured OOF; recomputed only after all-complete
GB1,T-DCG-96,8,3,T-DCG-192,0.06350683965713941,0.039057901752745254,0.037508040851756824,192,current-run measured OOF; recomputed only after all-complete
GB1,T-DCG-96,8,4,G-Rank,0.05359937526561596,0.028508583704630535,0.027986701877467508,384,current-run measured OOF; recomputed only after all-complete
GB1,T-DCG-96,8,4,T-Uniform-96,0.0430766918041088,0.020066791110568572,0.019933139115578296,96,current-run measured OOF; recomputed only after all-complete
GB1,T-DCG-96,8,4,T-DCG-96,0.038854615623493315,0.017360988385871128,0.017288574640396685,96,current-run measured OOF; recomputed only after all-complete
GB1,T-DCG-96,8,4,T-DCG-192,0.048218222575385224,0.022061042695544073,0.02197768125341482,192,current-run measured OOF; recomputed only after all-complete
GB1,T-DCG-192,8,1,G-Rank,0.16612187138310186,0.16897300437644677,0.15268459529368517,96,current-run measured OOF; recomputed only after all-complete
GB1,T-DCG-192,8,1,T-Uniform-96,0.16612187138310186,0.16897300437644677,0.15268459529368517,96,current-run measured OOF; recomputed only after all-complete
GB1,T-DCG-192,8,1,T-DCG-96,0.21087858102528037,0.22152601840615807,0.2024423024696666,96,current-run measured OOF; recomputed only after all-complete
GB1,T-DCG-192,8,1,T-DCG-192,0.21087858102528037,0.22152601840615807,0.2024423024696666,96,current-run measured OOF; recomputed only after all-complete
GB1,T-DCG-192,8,2,G-Rank,0.05260361565483942,0.04560477645308883,0.03584581913261288,192,current-run measured OOF; recomputed only after all-complete
GB1,T-DCG-192,8,2,T-Uniform-96,0.04881837632921007,0.04041290283203125,0.0296897357974089,96,current-run measured OOF; recomputed only after all-complete
GB1,T-DCG-192,8,2,T-DCG-96,0.0473987286457341,0.034241338347875225,0.027379858111148677,96,current-run measured OOF; recomputed only after all-complete
GB1,T-DCG-192,8,2,T-DCG-192,0.05088470428795048,0.04079134789764603,0.03314453923037731,192,current-run measured OOF; recomputed only after all-complete
GB1,T-DCG-192,8,3,G-Rank,0.06507590964988427,0.040143634393218455,0.03731703438156326,288,current-run measured OOF; recomputed only after all-complete
GB1,T-DCG-192,8,3,T-Uniform-96,0.0658835893795814,0.035066957826967594,0.03517538581785239,96,current-run measured OOF; recomputed only after all-complete
GB1,T-DCG-192,8,3,T-DCG-96,0.060089626235429475,0.03130576064734558,0.03177157022766546,96,current-run measured OOF; recomputed only after all-complete
GB1,T-DCG-192,8,3,T-DCG-192,0.06339190836941527,0.037661117013794786,0.03555189350842601,192,current-run measured OOF; recomputed only after all-complete
GB1,T-DCG-192,8,4,G-Rank,0.05474339591132269,0.029339260525173615,0.028817323015605398,384,current-run measured OOF; recomputed only after all-complete
GB1,T-DCG-192,8,4,T-Uniform-96,0.04407478261876988,0.02088998865198206,0.02072069105181953,96,current-run measured OOF; recomputed only after all-complete
GB1,T-DCG-192,8,4,T-DCG-96,0.0408739189205076,0.018826385024944416,0.018758930503823202,96,current-run measured OOF; recomputed only after all-complete
GB1,T-DCG-192,8,4,T-DCG-192,0.049861647703606946,0.024749941233535525,0.02463769185765751,192,current-run measured OOF; recomputed only after all-complete
GB1,G-Rank,9,1,G-Rank,0.18385654025607637,0.17471143934461808,0.14435847585900516,96,current-run measured OOF; recomputed only after all-complete
GB1,G-Rank,9,1,T-Uniform-96,0.18385654025607637,0.17471143934461808,0.14435847585900516,96,current-run measured OOF; recomputed only after all-complete
GB1,G-Rank,9,1,T-DCG-96,0.24560970748088237,0.21562009683554503,0.19680609728611087,96,current-run measured OOF; recomputed only after all-complete
GB1,G-Rank,9,1,T-DCG-192,0.24560970748088237,0.21562009683554503,0.19680609728611087,96,current-run measured OOF; recomputed only after all-complete
GB1,G-Rank,9,2,G-Rank,0.06219913341380932,0.06705658524124711,0.053499225743963486,192,current-run measured OOF; recomputed only after all-complete
GB1,G-Rank,9,2,T-Uniform-96,0.06890869140625,0.05631934271918403,0.05214359066717266,96,current-run measured OOF; recomputed only after all-complete
GB1,G-Rank,9,2,T-DCG-96,0.0803215675591721,0.06621258430119344,0.06439964671218498,96,current-run measured OOF; recomputed only after all-complete
GB1,G-Rank,9,2,T-DCG-192,0.07027062083559292,0.07055884710558159,0.06039401237653055,192,current-run measured OOF; recomputed only after all-complete
GB1,G-Rank,9,3,G-Rank,0.052467335725844486,0.06180203075435099,0.041180255260295034,288,current-run measured OOF; recomputed only after all-complete
GB1,G-Rank,9,3,T-Uniform-96,0.05970921143582819,0.05442175845550412,0.04336582834968056,96,current-run measured OOF; recomputed only after all-complete
GB1,G-Rank,9,3,T-DCG-96,0.059196808775959724,0.06848980875658077,0.049100250679625174,96,current-run measured OOF; recomputed only after all-complete
GB1,G-Rank,9,3,T-DCG-192,0.05612212037307856,0.06722396310441431,0.04505676823444375,192,current-run measured OOF; recomputed only after all-complete
GB1,G-Rank,9,4,G-Rank,0.05649791823493109,0.0597996711730957,0.04385522900112226,384,current-run measured OOF; recomputed only after all-complete
GB1,G-Rank,9,4,T-Uniform-96,0.08005963431464301,0.051084023934823496,0.05349222070197059,96,current-run measured OOF; recomputed only after all-complete
GB1,G-Rank,9,4,T-DCG-96,0.06921300419522852,0.044855537113007625,0.04700942818453846,96,current-run measured OOF; recomputed only after all-complete
GB1,G-Rank,9,4,T-DCG-192,0.06110877924527492,0.05026576881373161,0.0427623068155069,192,current-run measured OOF; recomputed only after all-complete
GB1,T-Uniform-96,9,1,G-Rank,0.18385654025607637,0.17471143934461808,0.14435847585900516,96,current-run measured OOF; recomputed only after all-complete
GB1,T-Uniform-96,9,1,T-Uniform-96,0.18385654025607637,0.17471143934461808,0.14435847585900516,96,current-run measured OOF; recomputed only after all-complete
GB1,T-Uniform-96,9,1,T-DCG-96,0.24560970748088237,0.21562009683554503,0.19680609728611087,96,current-run measured OOF; recomputed only after all-complete
GB1,T-Uniform-96,9,1,T-DCG-192,0.24560970748088237,0.21562009683554503,0.19680609728611087,96,current-run measured OOF; recomputed only after all-complete
GB1,T-Uniform-96,9,2,G-Rank,0.06219913341380932,0.06705658524124711,0.055161975185199275,192,current-run measured OOF; recomputed only after all-complete
GB1,T-Uniform-96,9,2,T-Uniform-96,0.06890869140625,0.05631934271918403,0.05043409782351959,96,current-run measured OOF; recomputed only after all-complete
GB1,T-Uniform-96,9,2,T-DCG-96,0.0803215675591721,0.06621258430119344,0.06229420624917064,96,current-run measured OOF; recomputed only after all-complete
GB1,T-Uniform-96,9,2,T-DCG-192,0.07027062083559292,0.07055884710558159,0.06111171843621561,192,current-run measured OOF; recomputed only after all-complete
GB1,T-Uniform-96,9,3,G-Rank,0.05478660886997385,0.06612355424543466,0.04558933960083419,288,current-run measured OOF; recomputed only after all-complete
GB1,T-Uniform-96,9,3,T-Uniform-96,0.06028540340470678,0.05418377158082562,0.041602366317796444,96,current-run measured OOF; recomputed only after all-complete
GB1,T-Uniform-96,9,3,T-DCG-96,0.06412988360691138,0.0687159765489295,0.05135113630936067,96,current-run measured OOF; recomputed only after all-complete
GB1,T-Uniform-96,9,3,T-DCG-192,0.06048500547564781,0.066565814015947,0.04781091605192749,192,current-run measured OOF; recomputed only after all-complete
GB1,T-Uniform-96,9,4,G-Rank,0.06912843386332194,0.05940032888341834,0.059383150258606576,384,current-run measured OOF; recomputed only after all-complete
GB1,T-Uniform-96,9,4,T-Uniform-96,0.10350313893070928,0.04134022748028791,0.041340222445634726,96,current-run measured OOF; recomputed only after all-complete
GB1,T-Uniform-96,9,4,T-DCG-96,0.10477097060667184,0.03768728040519765,0.037688980709276725,96,current-run measured OOF; recomputed only after all-complete
GB1,T-Uniform-96,9,4,T-DCG-192,0.08141033444252814,0.04417420526787577,0.04416488898915979,192,current-run measured OOF; recomputed only after all-complete
GB1,T-DCG-96,9,1,G-Rank,0.18385654025607637,0.17471143934461808,0.14526759988328905,96,current-run measured OOF; recomputed only after all-complete
GB1,T-DCG-96,9,1,T-Uniform-96,0.18385654025607637,0.17471143934461808,0.14526759988328905,96,current-run measured OOF; recomputed only after all-complete
GB1,T-DCG-96,9,1,T-DCG-96,0.24560970748088237,0.21562009683554503,0.19594428498323668,96,current-run measured OOF; recomputed only after all-complete
GB1,T-DCG-96,9,1,T-DCG-192,0.24560970748088237,0.21562009683554503,0.19594428498323668,96,current-run measured OOF; recomputed only after all-complete
GB1,T-DCG-96,9,2,G-Rank,0.06726653487594039,0.07157007853190105,0.06203291000848499,192,current-run measured OOF; recomputed only after all-complete
GB1,T-DCG-96,9,2,T-Uniform-96,0.06681604738588685,0.054775096752025465,0.0515546067017957,96,current-run measured OOF; recomputed only after all-complete
GB1,T-DCG-96,9,2,T-DCG-96,0.06525979444421212,0.054059992198449966,0.051244840190376034,96,current-run measured OOF; recomputed only after all-complete
GB1,T-DCG-96,9,2,T-DCG-192,0.06593303729206193,0.06742960248217568,0.05941195354096491,192,current-run measured OOF; recomputed only after all-complete
GB1,T-DCG-96,9,3,G-Rank,0.0804212489082326,0.0664816648381237,0.05827053400632233,288,current-run measured OOF; recomputed only after all-complete
GB1,T-DCG-96,9,3,T-Uniform-96,0.0753360638402617,0.048350895383230445,0.04494495751577989,96,current-run measured OOF; recomputed only after all-complete
GB1,T-DCG-96,9,3,T-DCG-96,0.07089311253190465,0.04254753765239949,0.04035302327395479,96,current-run measured OOF; recomputed only after all-complete
GB1,T-DCG-96,9,3,T-DCG-192,0.07109904234310825,0.04917265484599319,0.043718539912344145,192,current-run measured OOF; recomputed only after all-complete
GB1,T-DCG-96,9,4,G-Rank,0.07758056675946272,0.05877480683503328,0.05788668101933466,384,current-run measured OOF; recomputed only after all-complete
GB1,T-DCG-96,9,4,T-Uniform-96,0.08351154680605288,0.04213841756184896,0.04203341290080364,96,current-run measured OOF; recomputed only after all-complete
GB1,T-DCG-96,9,4,T-DCG-96,0.08131089369136296,0.03862919440656877,0.03860175579972982,96,current-run measured OOF; recomputed only after all-complete
GB1,T-DCG-96,9,4,T-DCG-192,0.06963672065998082,0.04740967428390685,0.04673611486088639,192,current-run measured OOF; recomputed only after all-complete
GB1,T-DCG-192,9,1,G-Rank,0.18385654025607637,0.17471143934461808,0.14526759988328905,96,current-run measured OOF; recomputed only after all-complete
GB1,T-DCG-192,9,1,T-Uniform-96,0.18385654025607637,0.17471143934461808,0.14526759988328905,96,current-run measured OOF; recomputed only after all-complete
GB1,T-DCG-192,9,1,T-DCG-96,0.24560970748088237,0.21562009683554503,0.19594428498323668,96,current-run measured OOF; recomputed only after all-complete
GB1,T-DCG-192,9,1,T-DCG-192,0.24560970748088237,0.21562009683554503,0.19594428498323668,96,current-run measured OOF; recomputed only after all-complete
GB1,T-DCG-192,9,2,G-Rank,0.06726653487594039,0.07157007853190105,0.059745400846732764,192,current-run measured OOF; recomputed only after all-complete
GB1,T-DCG-192,9,2,T-Uniform-96,0.06681604738588685,0.054775096752025465,0.05293813676768789,96,current-run measured OOF; recomputed only after all-complete
GB1,T-DCG-192,9,2,T-DCG-96,0.06525979444421212,0.054059992198449966,0.05256197781891604,96,current-run measured OOF; recomputed only after all-complete
GB1,T-DCG-192,9,2,T-DCG-192,0.06593303729206193,0.06742960248217568,0.05782782760354322,192,current-run measured OOF; recomputed only after all-complete
GB1,T-DCG-192,9,3,G-Rank,0.08489379045567559,0.06827686451099538,0.057183493480173125,288,current-run measured OOF; recomputed only after all-complete
GB1,T-DCG-192,9,3,T-Uniform-96,0.08429554754814494,0.05401297361271862,0.050183897308722684,96,current-run measured OOF; recomputed only after all-complete
GB1,T-DCG-192,9,3,T-DCG-96,0.07953730394197979,0.04796955498780506,0.04651736052170924,96,current-run measured OOF; recomputed only after all-complete
GB1,T-DCG-192,9,3,T-DCG-192,0.07443376481216542,0.05374712595392584,0.04591637975582536,191,current-run measured OOF; recomputed only after all-complete
GB1,T-DCG-192,9,4,G-Rank,0.07378428953665274,0.0726231645654749,0.05967322651576227,384,current-run measured OOF; recomputed only after all-complete
GB1,T-DCG-192,9,4,T-Uniform-96,0.07817310757107206,0.06187643828215423,0.05839873164561682,96,current-run measured OOF; recomputed only after all-complete
GB1,T-DCG-192,9,4,T-DCG-96,0.07171686792514677,0.05350588044858913,0.05163702232989821,96,current-run measured OOF; recomputed only after all-complete
GB1,T-DCG-192,9,4,T-DCG-192,0.07144692069386292,0.05703170886626548,0.05018463905564232,192,current-run measured OOF; recomputed only after all-complete
GB1,G-Rank,10,1,G-Rank,0.11963229709201388,0.1480701587818287,0.09842085128075558,96,current-run measured OOF; recomputed only after all-complete
GB1,G-Rank,10,1,T-Uniform-96,0.11963229709201388,0.1480701587818287,0.09842085128075558,96,current-run measured OOF; recomputed only after all-complete
GB1,G-Rank,10,1,T-DCG-96,0.12203171760706791,0.13295392590152047,0.09571617647673758,96,current-run measured OOF; recomputed only after all-complete
GB1,G-Rank,10,1,T-DCG-192,0.12203171760706791,0.13295392590152047,0.09571617647673758,96,current-run measured OOF; recomputed only after all-complete
GB1,G-Rank,10,2,G-Rank,0.03945767437970196,0.03830789636682582,0.03242087466765118,192,current-run measured OOF; recomputed only after all-complete
GB1,G-Rank,10,2,T-Uniform-96,0.03861434371383102,0.024533872251157402,0.026830591807188522,96,current-run measured OOF; recomputed only after all-complete
GB1,G-Rank,10,2,T-DCG-96,0.03390611198138552,0.020247238521094557,0.022710669895885407,96,current-run measured OOF; recomputed only after all-complete
GB1,G-Rank,10,2,T-DCG-192,0.03624860307699737,0.032832879554801374,0.028672127388295915,192,current-run measured OOF; recomputed only after all-complete
GB1,G-Rank,10,3,G-Rank,0.03724672503268604,0.03300867486228995,0.026762707979348557,288,current-run measured OOF; recomputed only after all-complete
GB1,G-Rank,10,3,T-Uniform-96,0.03979137404955954,0.01791570216049383,0.018895518770157226,96,current-run measured OOF; recomputed only after all-complete
GB1,G-Rank,10,3,T-DCG-96,0.048172160781201526,0.015358170528779141,0.01944315770304121,96,current-run measured OOF; recomputed only after all-complete
GB1,G-Rank,10,3,T-DCG-192,0.04780801700098087,0.021640273862532006,0.02380099999270828,192,current-run measured OOF; recomputed only after all-complete
GB1,G-Rank,10,4,G-Rank,0.044319709142049156,0.024347720322785555,0.021610993160711744,384,current-run measured OOF; recomputed only after all-complete
GB1,G-Rank,10,4,T-Uniform-96,0.052445676591661244,0.01833343505859375,0.018565392938405156,96,current-run measured OOF; recomputed only after all-complete
GB1,G-Rank,10,4,T-DCG-96,0.057252529661655255,0.016040713742746997,0.017402556018193995,96,current-run measured OOF; recomputed only after all-complete
GB1,G-Rank,10,4,T-DCG-192,0.051749512599181806,0.022267987924951563,0.020555111047366736,192,current-run measured OOF; recomputed only after all-complete
GB1,T-Uniform-96,10,1,G-Rank,0.11963229709201388,0.1480701587818287,0.09842085128075558,96,current-run measured OOF; recomputed only after all-complete
GB1,T-Uniform-96,10,1,T-Uniform-96,0.11963229709201388,0.1480701587818287,0.09842085128075558,96,current-run measured OOF; recomputed only after all-complete
GB1,T-Uniform-96,10,1,T-DCG-96,0.12203171760706791,0.13295392590152047,0.09571617647673758,96,current-run measured OOF; recomputed only after all-complete
GB1,T-Uniform-96,10,1,T-DCG-192,0.12203171760706791,0.13295392590152047,0.09571617647673758,96,current-run measured OOF; recomputed only after all-complete
GB1,T-Uniform-96,10,2,G-Rank,0.03945767437970196,0.03830789636682582,0.036034079725546626,192,current-run measured OOF; recomputed only after all-complete
GB1,T-Uniform-96,10,2,T-Uniform-96,0.03861434371383102,0.024533872251157402,0.02434383188306999,96,current-run measured OOF; recomputed only after all-complete
GB1,T-Uniform-96,10,2,T-DCG-96,0.03390611198138552,0.020247238521094557,0.020150431180258145,96,current-run measured OOF; recomputed only after all-complete
GB1,T-Uniform-96,10,2,T-DCG-192,0.03624860307699737,0.032832879554801374,0.031032836829211204,192,current-run measured OOF; recomputed only after all-complete
GB1,T-Uniform-96,10,3,G-Rank,0.03337999299393432,0.03215062438378772,0.027758694151038363,288,current-run measured OOF; recomputed only after all-complete
GB1,T-Uniform-96,10,3,T-Uniform-96,0.033961637520495754,0.019420733667695474,0.01838164200157894,96,current-run measured OOF; recomputed only after all-complete
GB1,T-Uniform-96,10,3,T-DCG-96,0.03969772729888654,0.016804182470169435,0.01681048864083198,96,current-run measured OOF; recomputed only after all-complete
GB1,T-Uniform-96,10,3,T-DCG-192,0.04135581593850705,0.023150383875751107,0.022275500935637665,192,current-run measured OOF; recomputed only after all-complete
GB1,T-Uniform-96,10,4,G-Rank,0.04533070105093497,0.028880446045487018,0.02502433235882615,384,current-run measured OOF; recomputed only after all-complete
GB1,T-Uniform-96,10,4,T-Uniform-96,0.04901859495374891,0.018827155784324364,0.017273879888318588,96,current-run measured OOF; recomputed only after all-complete
GB1,T-Uniform-96,10,4,T-DCG-96,0.057598898094248105,0.017714181787409914,0.01792500763705509,96,current-run measured OOF; recomputed only after all-complete
GB1,T-Uniform-96,10,4,T-DCG-192,0.05093645176654788,0.022417626425022187,0.02060744716519892,192,current-run measured OOF; recomputed only after all-complete
GB1,T-DCG-96,10,1,G-Rank,0.11963229709201388,0.1480701587818287,0.09894472624967376,96,current-run measured OOF; recomputed only after all-complete
GB1,T-DCG-96,10,1,T-Uniform-96,0.11963229709201388,0.1480701587818287,0.09894472624967376,96,current-run measured OOF; recomputed only after all-complete
GB1,T-DCG-96,10,1,T-DCG-96,0.12203171760706791,0.13295392590152047,0.09522167026328973,96,current-run measured OOF; recomputed only after all-complete
GB1,T-DCG-96,10,1,T-DCG-192,0.12203171760706791,0.13295392590152047,0.09522167026328973,96,current-run measured OOF; recomputed only after all-complete
GB1,T-DCG-96,10,2,G-Rank,0.03885474028410735,0.03676576967592593,0.03635509293597376,192,current-run measured OOF; recomputed only after all-complete
GB1,T-DCG-96,10,2,T-Uniform-96,0.037429880212854455,0.023361206054687497,0.023350999488250996,96,current-run measured OOF; recomputed only after all-complete
GB1,T-DCG-96,10,2,T-DCG-96,0.033187290612158464,0.02015163297780171,0.02014678214734854,96,current-run measured OOF; recomputed only after all-complete
GB1,T-DCG-96,10,2,T-DCG-192,0.0358688878178161,0.031952754634707425,0.031630813517712374,192,current-run measured OOF; recomputed only after all-complete
GB1,T-DCG-96,10,3,G-Rank,0.03764927240065587,0.034650009846000515,0.028948069895805745,288,current-run measured OOF; recomputed only after all-complete
GB1,T-DCG-96,10,3,T-Uniform-96,0.034539650497122557,0.02373338236239712,0.020679176000249423,96,current-run measured OOF; recomputed only after all-complete
GB1,T-DCG-96,10,3,T-DCG-96,0.04493527170754228,0.02151973460183401,0.019624594984172367,96,current-run measured OOF; recomputed only after all-complete
GB1,T-DCG-96,10,3,T-DCG-192,0.04692677566815845,0.025405052573989857,0.023050574352702198,192,current-run measured OOF; recomputed only after all-complete
GB1,T-DCG-96,10,4,G-Rank,0.040950474915681066,0.0336747787616871,0.03258451944583501,384,current-run measured OOF; recomputed only after all-complete
GB1,T-DCG-96,10,4,T-Uniform-96,0.048589123619927295,0.030291521990740738,0.02991313057992132,96,current-run measured OOF; recomputed only after all-complete
GB1,T-DCG-96,10,4,T-DCG-96,0.061211791137786915,0.035550235917922446,0.0354833267032798,96,current-run measured OOF; recomputed only after all-complete
GB1,T-DCG-96,10,4,T-DCG-192,0.054063728272759674,0.035713729541482046,0.03531472365650416,192,current-run measured OOF; recomputed only after all-complete
GB1,T-DCG-192,10,1,G-Rank,0.11963229709201388,0.1480701587818287,0.09894472624967376,96,current-run measured OOF; recomputed only after all-complete
GB1,T-DCG-192,10,1,T-Uniform-96,0.11963229709201388,0.1480701587818287,0.09894472624967376,96,current-run measured OOF; recomputed only after all-complete
GB1,T-DCG-192,10,1,T-DCG-96,0.12203171760706791,0.13295392590152047,0.09522167026328973,96,current-run measured OOF; recomputed only after all-complete
GB1,T-DCG-192,10,1,T-DCG-192,0.12203171760706791,0.13295392590152047,0.09522167026328973,96,current-run measured OOF; recomputed only after all-complete
GB1,T-DCG-192,10,2,G-Rank,0.03885474028410735,0.03676576967592593,0.03175990411256078,192,current-run measured OOF; recomputed only after all-complete
GB1,T-DCG-192,10,2,T-Uniform-96,0.037429880212854455,0.023361206054687497,0.025507274535014158,96,current-run measured OOF; recomputed only after all-complete
GB1,T-DCG-192,10,2,T-DCG-96,0.033187290612158464,0.02015163297780171,0.022200065703390923,96,current-run measured OOF; recomputed only after all-complete
GB1,T-DCG-192,10,2,T-DCG-192,0.0358688878178161,0.031952754634707425,0.02839759861067567,192,current-run measured OOF; recomputed only after all-complete
GB1,T-DCG-192,10,3,G-Rank,0.03445516201694316,0.029390918538076564,0.02756761250171549,288,current-run measured OOF; recomputed only after all-complete
GB1,T-DCG-192,10,3,T-Uniform-96,0.030665927463107635,0.017771402994791668,0.017339962631358567,96,current-run measured OOF; recomputed only after all-complete
GB1,T-DCG-192,10,3,T-DCG-96,0.04235744919543553,0.01976777876241172,0.02001322380665457,96,current-run measured OOF; recomputed only after all-complete
GB1,T-DCG-192,10,3,T-DCG-192,0.044083372698111765,0.0235948789346241,0.02335633243990564,191,current-run measured OOF; recomputed only after all-complete
GB1,T-DCG-192,10,4,G-Rank,0.04177728405705205,0.030904266569349498,0.028526033097067704,384,current-run measured OOF; recomputed only after all-complete
GB1,T-DCG-192,10,4,T-Uniform-96,0.05765374501546223,0.03030819363064236,0.029890332156924188,96,current-run measured OOF; recomputed only after all-complete
GB1,T-DCG-192,10,4,T-DCG-96,0.07379750945906728,0.036328690371072274,0.03692999507512397,96,current-run measured OOF; recomputed only after all-complete
GB1,T-DCG-192,10,4,T-DCG-192,0.05922852474194729,0.03169348694082835,0.030974093608639734,192,current-run measured OOF; recomputed only after all-complete
GB1,G-Rank,11,1,G-Rank,0.1409149169921875,0.16355161313657407,0.12887625162962893,96,current-run measured OOF; recomputed only after all-complete
GB1,G-Rank,11,1,T-Uniform-96,0.1409149169921875,0.16355161313657407,0.12887625162962893,96,current-run measured OOF; recomputed only after all-complete
GB1,G-Rank,11,1,T-DCG-96,0.16478289052885353,0.20501378216908694,0.1590790355892306,96,current-run measured OOF; recomputed only after all-complete
GB1,G-Rank,11,1,T-DCG-192,0.16478289052885353,0.20501378216908694,0.1590790355892306,96,current-run measured OOF; recomputed only after all-complete
GB1,G-Rank,11,2,G-Rank,0.056099149915907115,0.05690376846878617,0.04392944814701217,192,current-run measured OOF; recomputed only after all-complete
GB1,G-Rank,11,2,T-Uniform-96,0.06240816469545718,0.04848254168475116,0.046478650933648426,96,current-run measured OOF; recomputed only after all-complete
GB1,G-Rank,11,2,T-DCG-96,0.06328469626948363,0.05058197827379642,0.04783810604933059,96,current-run measured OOF; recomputed only after all-complete
GB1,G-Rank,11,2,T-DCG-192,0.0580409744316116,0.05634051917703347,0.04523806402005889,192,current-run measured OOF; recomputed only after all-complete
GB1,G-Rank,11,3,G-Rank,0.04614492241083676,0.039318027156207136,0.03424264948178554,288,current-run measured OOF; recomputed only after all-complete
GB1,G-Rank,11,3,T-Uniform-96,0.05072021484375,0.040059658725565835,0.03663744167771579,96,current-run measured OOF; recomputed only after all-complete
GB1,G-Rank,11,3,T-DCG-96,0.06301197161441613,0.03930400694728038,0.03970804963773175,96,current-run measured OOF; recomputed only after all-complete
GB1,G-Rank,11,3,T-DCG-192,0.05551432208444327,0.03784690300853768,0.036071387225535725,192,current-run measured OOF; recomputed only after all-complete
GB1,G-Rank,11,4,G-Rank,0.04273967389707212,0.048010243309868715,0.034268145694722085,384,current-run measured OOF; recomputed only after all-complete
GB1,G-Rank,11,4,T-Uniform-96,0.05913817441021954,0.05494089479799624,0.047654748106220786,96,current-run measured OOF; recomputed only after all-complete
GB1,G-Rank,11,4,T-DCG-96,0.06577390516571145,0.0552584350972085,0.052024033373651454,96,current-run measured OOF; recomputed only after all-complete
GB1,G-Rank,11,4,T-DCG-192,0.055707938537102514,0.051492095989550596,0.043354952321050584,192,current-run measured OOF; recomputed only after all-complete
GB1,T-Uniform-96,11,1,G-Rank,0.1409149169921875,0.16355161313657407,0.12887625162962893,96,current-run measured OOF; recomputed only after all-complete
GB1,T-Uniform-96,11,1,T-Uniform-96,0.1409149169921875,0.16355161313657407,0.12887625162962893,96,current-run measured OOF; recomputed only after all-complete
GB1,T-Uniform-96,11,1,T-DCG-96,0.16478289052885353,0.20501378216908694,0.1590790355892306,96,current-run measured OOF; recomputed only after all-complete
GB1,T-Uniform-96,11,1,T-DCG-192,0.16478289052885353,0.20501378216908694,0.1590790355892306,96,current-run measured OOF; recomputed only after all-complete
GB1,T-Uniform-96,11,2,G-Rank,0.056099149915907115,0.05690376846878617,0.045934421057424124,192,current-run measured OOF; recomputed only after all-complete
GB1,T-Uniform-96,11,2,T-Uniform-96,0.06240816469545718,0.04848254168475116,0.04503013601479533,96,current-run measured OOF; recomputed only after all-complete
GB1,T-Uniform-96,11,2,T-DCG-96,0.06328469626948363,0.05058197827379642,0.04665123326041736,96,current-run measured OOF; recomputed only after all-complete
GB1,T-Uniform-96,11,2,T-DCG-192,0.0580409744316116,0.05634051917703347,0.04665481569557828,192,current-run measured OOF; recomputed only after all-complete
GB1,T-Uniform-96,11,3,G-Rank,0.04436923054510675,0.04132383579416367,0.03406605995956765,288,current-run measured OOF; recomputed only after all-complete
GB1,T-Uniform-96,11,3,T-Uniform-96,0.04371743535799255,0.03707584334008488,0.03390462114364092,96,current-run measured OOF; recomputed only after all-complete
GB1,T-Uniform-96,11,3,T-DCG-96,0.05048586920988666,0.038411440621912325,0.03747875752393316,96,current-run measured OOF; recomputed only after all-complete
GB1,T-Uniform-96,11,3,T-DCG-192,0.04794468490671615,0.03838896638484057,0.034922276434982774,192,current-run measured OOF; recomputed only after all-complete
GB1,T-Uniform-96,11,4,G-Rank,0.040594445334540465,0.038117029048778395,0.030339058665326653,384,current-run measured OOF; recomputed only after all-complete
GB1,T-Uniform-96,11,4,T-Uniform-96,0.05851844505027487,0.04715799402307581,0.041736859005722333,96,current-run measured OOF; recomputed only after all-complete
GB1,T-Uniform-96,11,4,T-DCG-96,0.059961605445164656,0.04364659008714751,0.04044131144319824,96,current-run measured OOF; recomputed only after all-complete
GB1,T-Uniform-96,11,4,T-DCG-192,0.05039169686398517,0.03884848195248771,0.033978561964764536,192,current-run measured OOF; recomputed only after all-complete
GB1,T-DCG-96,11,1,G-Rank,0.1409149169921875,0.16355161313657407,0.12972337491096053,96,current-run measured OOF; recomputed only after all-complete
GB1,T-DCG-96,11,1,T-Uniform-96,0.1409149169921875,0.16355161313657407,0.12972337491096053,96,current-run measured OOF; recomputed only after all-complete
GB1,T-DCG-96,11,1,T-DCG-96,0.16478289052885353,0.20501378216908694,0.15822409953542502,96,current-run measured OOF; recomputed only after all-complete
GB1,T-DCG-96,11,1,T-DCG-192,0.16478289052885353,0.20501378216908694,0.15822409953542502,96,current-run measured OOF; recomputed only after all-complete
GB1,T-DCG-96,11,2,G-Rank,0.04984608402958623,0.05946343033402054,0.046660512026634425,192,current-run measured OOF; recomputed only after all-complete
GB1,T-DCG-96,11,2,T-Uniform-96,0.05392484311704282,0.04432649965639467,0.04081846181188962,96,current-run measured OOF; recomputed only after all-complete
GB1,T-DCG-96,11,2,T-DCG-96,0.05067048420474697,0.0424392673802177,0.039290890125104345,96,current-run measured OOF; recomputed only after all-complete
GB1,T-DCG-96,11,2,T-DCG-192,0.04879544424826203,0.054969559973743934,0.044428427550874505,192,current-run measured OOF; recomputed only after all-complete
GB1,T-DCG-96,11,3,G-Rank,0.039987927765185616,0.03711996614851251,0.03336339715442246,288,current-run measured OOF; recomputed only after all-complete
GB1,T-DCG-96,11,3,T-Uniform-96,0.04170559855645576,0.027587639451517487,0.026136866317532065,96,current-run measured OOF; recomputed only after all-complete
GB1,T-DCG-96,11,3,T-DCG-96,0.045798603515637144,0.027719318363648607,0.027049129066872134,96,current-run measured OOF; recomputed only after all-complete
GB1,T-DCG-96,11,3,T-DCG-192,0.045989711200519555,0.034780065313619955,0.0325242771903768,192,current-run measured OOF; recomputed only after all-complete
GB1,T-DCG-96,11,4,G-Rank,0.04514707459343805,0.03863459163241916,0.03335429501701017,384,current-run measured OOF; recomputed only after all-complete
GB1,T-DCG-96,11,4,T-Uniform-96,0.0666775173611111,0.04895641185619212,0.04541270110847571,96,current-run measured OOF; recomputed only after all-complete
GB1,T-DCG-96,11,4,T-DCG-96,0.07495875741855448,0.044738817054507475,0.04291333007837553,96,current-run measured OOF; recomputed only after all-complete
GB1,T-DCG-96,11,4,T-DCG-192,0.06135699736710626,0.03975603261875381,0.03598758896145334,192,current-run measured OOF; recomputed only after all-complete
GB1,T-DCG-192,11,1,G-Rank,0.1409149169921875,0.16355161313657407,0.12972337491096053,96,current-run measured OOF; recomputed only after all-complete
GB1,T-DCG-192,11,1,T-Uniform-96,0.1409149169921875,0.16355161313657407,0.12972337491096053,96,current-run measured OOF; recomputed only after all-complete
GB1,T-DCG-192,11,1,T-DCG-96,0.16478289052885353,0.20501378216908694,0.15822409953542502,96,current-run measured OOF; recomputed only after all-complete
GB1,T-DCG-192,11,1,T-DCG-192,0.16478289052885353,0.20501378216908694,0.15822409953542502,96,current-run measured OOF; recomputed only after all-complete
GB1,T-DCG-192,11,2,G-Rank,0.04984608402958623,0.05946343033402054,0.04364505715548673,192,current-run measured OOF; recomputed only after all-complete
GB1,T-DCG-192,11,2,T-Uniform-96,0.05392484311704282,0.04432649965639467,0.04258411917801583,96,current-run measured OOF; recomputed only after all-complete
GB1,T-DCG-192,11,2,T-DCG-96,0.05067048420474697,0.0424392673802177,0.04079436571866344,96,current-run measured OOF; recomputed only after all-complete
GB1,T-DCG-192,11,2,T-DCG-192,0.04879544424826203,0.054969559973743934,0.042315232417416575,192,current-run measured OOF; recomputed only after all-complete
GB1,T-DCG-192,11,3,G-Rank,0.03997446905274777,0.041318016941818844,0.032376627324452525,288,current-run measured OOF; recomputed only after all-complete
GB1,T-DCG-192,11,3,T-Uniform-96,0.04058947779023598,0.03473653911072531,0.02971689370587526,96,current-run measured OOF; recomputed only after all-complete
GB1,T-DCG-192,11,3,T-DCG-96,0.04149993639040347,0.035535160531151085,0.030909909346794225,96,current-run measured OOF; recomputed only after all-complete
GB1,T-DCG-192,11,3,T-DCG-192,0.04335609135976254,0.03695386678678529,0.03214534019050824,192,current-run measured OOF; recomputed only after all-complete
GB1,T-DCG-192,11,4,G-Rank,0.04200335785194679,0.03865013299164949,0.030697673772010926,384,current-run measured OOF; recomputed only after all-complete
GB1,T-DCG-192,11,4,T-Uniform-96,0.06643632606223777,0.051854734067563656,0.04766536738015594,96,current-run measured OOF; recomputed only after all-complete
GB1,T-DCG-192,11,4,T-DCG-96,0.07186865204028539,0.048320257542100904,0.04626923387522333,96,current-run measured OOF; recomputed only after all-complete
GB1,T-DCG-192,11,4,T-DCG-192,0.05814043555475874,0.04236038790512444,0.03733056652021344,192,current-run measured OOF; recomputed only after all-complete
GB1,G-Rank,12,1,G-Rank,0.19754536946614584,0.1810347945601852,0.16308825769890603,96,current-run measured OOF; recomputed only after all-complete
GB1,G-Rank,12,1,T-Uniform-96,0.19754536946614584,0.1810347945601852,0.16308825769890603,96,current-run measured OOF; recomputed only after all-complete
GB1,G-Rank,12,1,T-DCG-96,0.23603746293360828,0.22677991030648328,0.2081998814663724,96,current-run measured OOF; recomputed only after all-complete
GB1,G-Rank,12,1,T-DCG-192,0.23603746293360828,0.22677991030648328,0.2081998814663724,96,current-run measured OOF; recomputed only after all-complete
GB1,G-Rank,12,2,G-Rank,0.045514283356843176,0.036704169379340276,0.032128586977344976,192,current-run measured OOF; recomputed only after all-complete
GB1,G-Rank,12,2,T-Uniform-96,0.03869657163266783,0.02499163592303241,0.024942395719487375,96,current-run measured OOF; recomputed only after all-complete
GB1,G-Rank,12,2,T-DCG-96,0.031280883485586275,0.02007389321778411,0.020246512575709686,96,current-run measured OOF; recomputed only after all-complete
GB1,G-Rank,12,2,T-DCG-192,0.039527010246344904,0.03125912802431517,0.02772712825368051,192,current-run measured OOF; recomputed only after all-complete
GB1,G-Rank,12,3,G-Rank,0.05013514807848937,0.03818186483919539,0.03323388850708489,288,current-run measured OOF; recomputed only after all-complete
GB1,G-Rank,12,3,T-Uniform-96,0.03515135211709105,0.01781146516525206,0.018436363968932987,96,current-run measured OOF; recomputed only after all-complete
GB1,G-Rank,12,3,T-DCG-96,0.03770032725318213,0.016920540137618383,0.01852764174187155,96,current-run measured OOF; recomputed only after all-complete
GB1,G-Rank,12,3,T-DCG-192,0.04497589924599188,0.030253953916752733,0.028086591026314032,192,current-run measured OOF; recomputed only after all-complete
GB1,G-Rank,12,4,G-Rank,0.04335241847568089,0.025389962726169158,0.02284122223215752,384,current-run measured OOF; recomputed only after all-complete
GB1,G-Rank,12,4,T-Uniform-96,0.04553326853999384,0.016095479329427082,0.01442623212528583,96,current-run measured OOF; recomputed only after all-complete
GB1,G-Rank,12,4,T-DCG-96,0.04682721749309423,0.015017849497345599,0.01409390383090638,96,current-run measured OOF; recomputed only after all-complete
GB1,G-Rank,12,4,T-DCG-192,0.04529877102855251,0.019669669058512283,0.018272671118065787,192,current-run measured OOF; recomputed only after all-complete
GB1,T-Uniform-96,12,1,G-Rank,0.19754536946614584,0.1810347945601852,0.16308825769890603,96,current-run measured OOF; recomputed only after all-complete
GB1,T-Uniform-96,12,1,T-Uniform-96,0.19754536946614584,0.1810347945601852,0.16308825769890603,96,current-run measured OOF; recomputed only after all-complete
GB1,T-Uniform-96,12,1,T-DCG-96,0.23603746293360828,0.22677991030648328,0.2081998814663724,96,current-run measured OOF; recomputed only after all-complete
GB1,T-Uniform-96,12,1,T-DCG-192,0.23603746293360828,0.22677991030648328,0.2081998814663724,96,current-run measured OOF; recomputed only after all-complete
GB1,T-Uniform-96,12,2,G-Rank,0.045514283356843176,0.036704169379340276,0.033235055656957085,192,current-run measured OOF; recomputed only after all-complete
GB1,T-Uniform-96,12,2,T-Uniform-96,0.03869657163266783,0.02499163592303241,0.024220543872165868,96,current-run measured OOF; recomputed only after all-complete
GB1,T-Uniform-96,12,2,T-DCG-96,0.031280883485586275,0.02007389321778411,0.019582651091779653,96,current-run measured OOF; recomputed only after all-complete
GB1,T-Uniform-96,12,2,T-DCG-192,0.039527010246344904,0.03125912802431517,0.028502139518211733,192,current-run measured OOF; recomputed only after all-complete
GB1,T-Uniform-96,12,3,G-Rank,0.05119901429478524,0.03713633428712277,0.03356663597684354,288,current-run measured OOF; recomputed only after all-complete
GB1,T-Uniform-96,12,3,T-Uniform-96,0.03668212890624999,0.015493008334940843,0.014715271341797917,96,current-run measured OOF; recomputed only after all-complete
GB1,T-Uniform-96,12,3,T-DCG-96,0.038877305144854525,0.014014947041612047,0.013473866558523293,96,current-run measured OOF; recomputed only after all-complete
GB1,T-Uniform-96,12,3,T-DCG-192,0.046556034081390356,0.026289115233564614,0.024604504985725164,192,current-run measured OOF; recomputed only after all-complete
GB1,T-Uniform-96,12,4,G-Rank,0.04166285196940104,0.02520137363009983,0.022296742069213893,384,current-run measured OOF; recomputed only after all-complete
GB1,T-Uniform-96,12,4,T-Uniform-96,0.047851032680935324,0.018970842714662903,0.01629564222505477,96,current-run measured OOF; recomputed only after all-complete
GB1,T-Uniform-96,12,4,T-DCG-96,0.05314835352150346,0.017169776551488828,0.016072413566209393,96,current-run measured OOF; recomputed only after all-complete
GB1,T-Uniform-96,12,4,T-DCG-192,0.048445111323273365,0.022200877809543745,0.020350517104338155,192,current-run measured OOF; recomputed only after all-complete
GB1,T-DCG-96,12,1,G-Rank,0.19754536946614584,0.1810347945601852,0.16318420671424833,96,current-run measured OOF; recomputed only after all-complete
GB1,T-DCG-96,12,1,T-Uniform-96,0.19754536946614584,0.1810347945601852,0.16318420671424833,96,current-run measured OOF; recomputed only after all-complete
GB1,T-DCG-96,12,1,T-DCG-96,0.23603746293360828,0.22677991030648328,0.20811321891150544,96,current-run measured OOF; recomputed only after all-complete
GB1,T-DCG-96,12,1,T-DCG-192,0.23603746293360828,0.22677991030648328,0.20811321891150544,96,current-run measured OOF; recomputed only after all-complete
GB1,T-DCG-96,12,2,G-Rank,0.04646908795392071,0.04011676929615162,0.034593713363124216,192,current-run measured OOF; recomputed only after all-complete
GB1,T-DCG-96,12,2,T-Uniform-96,0.03756925794813368,0.027769018102575233,0.02586192946178582,96,current-run measured OOF; recomputed only after all-complete
GB1,T-DCG-96,12,2,T-DCG-96,0.0306106217820147,0.022145699474310138,0.020857368327113237,96,current-run measured OOF; recomputed only after all-complete
GB1,T-DCG-96,12,2,T-DCG-192,0.040422345286352385,0.034009425522426834,0.0296114011371113,192,current-run measured OOF; recomputed only after all-complete
GB1,T-DCG-96,12,3,G-Rank,0.05534881884832604,0.036579817574374146,0.034852371276714096,288,current-run measured OOF; recomputed only after all-complete
GB1,T-DCG-96,12,3,T-Uniform-96,0.04125562126253858,0.022946330254951134,0.02253004163671557,96,current-run measured OOF; recomputed only after all-complete
GB1,T-DCG-96,12,3,T-DCG-96,0.03901662360114262,0.018900537040985967,0.01863142838814331,96,current-run measured OOF; recomputed only after all-complete
GB1,T-DCG-96,12,3,T-DCG-192,0.047743863640393916,0.02918588153192101,0.028070757847810688,192,current-run measured OOF; recomputed only after all-complete
GB1,T-DCG-96,12,4,G-Rank,0.051653102592185696,0.03502255898934823,0.0316810357675759,384,current-run measured OOF; recomputed only after all-complete
GB1,T-DCG-96,12,4,T-Uniform-96,0.049056900872124574,0.023127944381148725,0.022278109006850677,96,current-run measured OOF; recomputed only after all-complete
GB1,T-DCG-96,12,4,T-DCG-96,0.05015490279757525,0.02389451522996997,0.02319346782727185,96,current-run measured OOF; recomputed only after all-complete
GB1,T-DCG-96,12,4,T-DCG-192,0.05181463207730779,0.028878566468826812,0.027144363645848282,192,current-run measured OOF; recomputed only after all-complete
GB1,T-DCG-192,12,1,G-Rank,0.19754536946614584,0.1810347945601852,0.16318420671424833,96,current-run measured OOF; recomputed only after all-complete
GB1,T-DCG-192,12,1,T-Uniform-96,0.19754536946614584,0.1810347945601852,0.16318420671424833,96,current-run measured OOF; recomputed only after all-complete
GB1,T-DCG-192,12,1,T-DCG-96,0.23603746293360828,0.22677991030648328,0.20811321891150544,96,current-run measured OOF; recomputed only after all-complete
GB1,T-DCG-192,12,1,T-DCG-192,0.23603746293360828,0.22677991030648328,0.20811321891150544,96,current-run measured OOF; recomputed only after all-complete
GB1,T-DCG-192,12,2,G-Rank,0.04646908795392071,0.04011676929615162,0.033802067319201295,192,current-run measured OOF; recomputed only after all-complete
GB1,T-DCG-192,12,2,T-Uniform-96,0.03756925794813368,0.027769018102575233,0.026127601098159592,96,current-run measured OOF; recomputed only after all-complete
GB1,T-DCG-192,12,2,T-DCG-96,0.0306106217820147,0.022145699474310138,0.021167536723540898,96,current-run measured OOF; recomputed only after all-complete
GB1,T-DCG-192,12,2,T-DCG-192,0.040422345286352385,0.034009425522426834,0.02907699567791071,192,current-run measured OOF; recomputed only after all-complete
GB1,T-DCG-192,12,3,G-Rank,0.05295791939943416,0.04447279774439515,0.03760905181386753,288,current-run measured OOF; recomputed only after all-complete
GB1,T-DCG-192,12,3,T-Uniform-96,0.049867229697145056,0.033792126816486634,0.03219241174367737,96,current-run measured OOF; recomputed only after all-complete
GB1,T-DCG-192,12,3,T-DCG-96,0.0458619796011245,0.02807062430936019,0.027532590046066986,96,current-run measured OOF; recomputed only after all-complete
GB1,T-DCG-192,12,3,T-DCG-192,0.048367086171857115,0.0346140652938968,0.03145371231209622,192,current-run measured OOF; recomputed only after all-complete
GB1,T-DCG-192,12,4,G-Rank,0.04770618014865452,0.02663816346062554,0.024613608533359713,384,current-run measured OOF; recomputed only after all-complete
GB1,T-DCG-192,12,4,T-Uniform-96,0.038815074496799044,0.009703035707826968,0.009348038025605571,96,current-run measured OOF; recomputed only after all-complete
GB1,T-DCG-192,12,4,T-DCG-96,0.04087076163079239,0.008800977928263877,0.008899268040238602,96,current-run measured OOF; recomputed only after all-complete
GB1,T-DCG-192,12,4,T-DCG-192,0.047062575034612884,0.015698954249711187,0.015043375579041379,192,current-run measured OOF; recomputed only after all-complete
GB1,G-Rank,13,1,G-Rank,0.1333053023726852,0.10358231155960647,0.09545134489149094,96,current-run measured OOF; recomputed only after all-complete
GB1,G-Rank,13,1,T-Uniform-96,0.1333053023726852,0.10358231155960647,0.09545134489149094,96,current-run measured OOF; recomputed only after all-complete
GB1,G-Rank,13,1,T-DCG-96,0.16999796300346345,0.10748953442548083,0.1056370047414911,96,current-run measured OOF; recomputed only after all-complete
GB1,G-Rank,13,1,T-DCG-192,0.16999796300346345,0.10748953442548083,0.1056370047414911,96,current-run measured OOF; recomputed only after all-complete
GB1,G-Rank,13,2,G-Rank,0.05008640995732061,0.028541353013780385,0.027138436815895978,192,current-run measured OOF; recomputed only after all-complete
GB1,G-Rank,13,2,T-Uniform-96,0.04107447023744937,0.021371064362702547,0.020881654239156878,96,current-run measured OOF; recomputed only after all-complete
GB1,G-Rank,13,2,T-DCG-96,0.03783243949175093,0.019714253750587732,0.019412883086068842,96,current-run measured OOF; recomputed only after all-complete
GB1,G-Rank,13,2,T-DCG-192,0.04638503708735205,0.025965083967552902,0.02488567917470848,192,current-run measured OOF; recomputed only after all-complete
GB1,G-Rank,13,3,G-Rank,0.04044127496999314,0.022394774218482086,0.020841750506118473,288,current-run measured OOF; recomputed only after all-complete
GB1,G-Rank,13,3,T-Uniform-96,0.039104540161635164,0.01064473218878601,0.011066597465739242,96,current-run measured OOF; recomputed only after all-complete
GB1,G-Rank,13,3,T-DCG-96,0.044833646803615214,0.009107219115606767,0.010468340697358011,96,current-run measured OOF; recomputed only after all-complete
GB1,G-Rank,13,3,T-DCG-192,0.046983491260836986,0.014456242303651818,0.01562876809640201,192,current-run measured OOF; recomputed only after all-complete
GB1,G-Rank,13,4,G-Rank,0.04722045969080043,0.02198047108120389,0.019987615899753577,384,current-run measured OOF; recomputed only after all-complete
GB1,G-Rank,13,4,T-Uniform-96,0.06718197575321903,0.019837414776837384,0.020765933735432503,96,current-run measured OOF; recomputed only after all-complete
GB1,G-Rank,13,4,T-DCG-96,0.07424275214545155,0.018919360933454206,0.021050755602905622,96,current-run measured OOF; recomputed only after all-complete
GB1,G-Rank,13,4,T-DCG-192,0.058969995767274706,0.020167883175407127,0.019449465008762518,192,current-run measured OOF; recomputed only after all-complete
GB1,T-Uniform-96,13,1,G-Rank,0.1333053023726852,0.10358231155960647,0.09545134489149094,96,current-run measured OOF; recomputed only after all-complete
GB1,T-Uniform-96,13,1,T-Uniform-96,0.1333053023726852,0.10358231155960647,0.09545134489149094,96,current-run measured OOF; recomputed only after all-complete
GB1,T-Uniform-96,13,1,T-DCG-96,0.16999796300346345,0.10748953442548083,0.1056370047414911,96,current-run measured OOF; recomputed only after all-complete
GB1,T-Uniform-96,13,1,T-DCG-192,0.16999796300346345,0.10748953442548083,0.1056370047414911,96,current-run measured OOF; recomputed only after all-complete
GB1,T-Uniform-96,13,2,G-Rank,0.05008640995732061,0.028541353013780385,0.027244404702715552,192,current-run measured OOF; recomputed only after all-complete
GB1,T-Uniform-96,13,2,T-Uniform-96,0.04107447023744937,0.021371064362702547,0.020799565482593794,96,current-run measured OOF; recomputed only after all-complete
GB1,T-Uniform-96,13,2,T-DCG-96,0.03783243949175093,0.019714253750587732,0.019303866467700777,96,current-run measured OOF; recomputed only after all-complete
GB1,T-Uniform-96,13,2,T-DCG-192,0.04638503708735205,0.025965083967552902,0.024929667824675983,192,current-run measured OOF; recomputed only after all-complete
GB1,T-Uniform-96,13,3,G-Rank,0.040606651777102626,0.019615832670235343,0.01903425400011364,288,current-run measured OOF; recomputed only after all-complete
GB1,T-Uniform-96,13,3,T-Uniform-96,0.04043726665983475,0.00882523148148148,0.008579986235765216,96,current-run measured OOF; recomputed only after all-complete
GB1,T-Uniform-96,13,3,T-DCG-96,0.04712018306397119,0.007729953229144398,0.00777549182221045,96,current-run measured OOF; recomputed only after all-complete
GB1,T-Uniform-96,13,3,T-DCG-192,0.04799995741099423,0.01309237921300044,0.01324629093501727,192,current-run measured OOF; recomputed only after all-complete
GB1,T-Uniform-96,13,4,G-Rank,0.04803457083525481,0.022753742006089955,0.021517075607740705,384,current-run measured OOF; recomputed only after all-complete
GB1,T-Uniform-96,13,4,T-Uniform-96,0.05528238084581163,0.016821260805483216,0.016466463673296544,96,current-run measured OOF; recomputed only after all-complete
GB1,T-Uniform-96,13,4,T-DCG-96,0.05824229700772671,0.015382178198328343,0.015314616165025096,96,current-run measured OOF; recomputed only after all-complete
GB1,T-Uniform-96,13,4,T-DCG-192,0.052921640094376284,0.017622584655903807,0.016767913627214883,192,current-run measured OOF; recomputed only after all-complete
GB1,T-DCG-96,13,1,G-Rank,0.1333053023726852,0.10358231155960647,0.09680273528587639,96,current-run measured OOF; recomputed only after all-complete
GB1,T-DCG-96,13,1,T-Uniform-96,0.1333053023726852,0.10358231155960647,0.09680273528587639,96,current-run measured OOF; recomputed only after all-complete
GB1,T-DCG-96,13,1,T-DCG-96,0.16999796300346345,0.10748953442548083,0.1039694593473248,96,current-run measured OOF; recomputed only after all-complete
GB1,T-DCG-96,13,1,T-DCG-192,0.16999796300346345,0.10748953442548083,0.1039694593473248,96,current-run measured OOF; recomputed only after all-complete
GB1,T-DCG-96,13,2,G-Rank,0.051060570610894106,0.03350370901602286,0.032655229688964185,192,current-run measured OOF; recomputed only after all-complete
GB1,T-DCG-96,13,2,T-Uniform-96,0.04472344009964555,0.028237519440827544,0.027957143793111556,96,current-run measured OOF; recomputed only after all-complete
GB1,T-DCG-96,13,2,T-DCG-96,0.04290885877136219,0.0281241070768111,0.027787999184275606,96,current-run measured OOF; recomputed only after all-complete
GB1,T-DCG-96,13,2,T-DCG-192,0.04867851218247475,0.03218208712358326,0.03143431877184984,192,current-run measured OOF; recomputed only after all-complete
GB1,T-DCG-96,13,3,G-Rank,0.03715676306370028,0.02379778742953747,0.02379778742953747,288,current-run measured OOF; recomputed only after all-complete
GB1,T-DCG-96,13,3,T-Uniform-96,0.03542092405719521,0.015392162181712963,0.015392162181712963,96,current-run measured OOF; recomputed only after all-complete
GB1,T-DCG-96,13,3,T-DCG-96,0.03769779511719781,0.013791930137367063,0.013791930137367063,96,current-run measured OOF; recomputed only after all-complete
GB1,T-DCG-96,13,3,T-DCG-192,0.0411152626839281,0.018271750185894452,0.018271750185894452,192,current-run measured OOF; recomputed only after all-complete
GB1,T-DCG-96,13,4,G-Rank,0.043415714193273475,0.026018328136867944,0.026018328136867944,384,current-run measured OOF; recomputed only after all-complete
GB1,T-DCG-96,13,4,T-Uniform-96,0.06358395682440864,0.021769912154586225,0.021769912154586225,96,current-run measured OOF; recomputed only after all-complete
GB1,T-DCG-96,13,4,T-DCG-96,0.07306414794700183,0.020392987660297224,0.020392987660297224,96,current-run measured OOF; recomputed only after all-complete
GB1,T-DCG-96,13,4,T-DCG-192,0.05870002926446237,0.02312573580557394,0.02312573580557394,192,current-run measured OOF; recomputed only after all-complete
GB1,T-DCG-192,13,1,G-Rank,0.1333053023726852,0.10358231155960647,0.09680273528587639,96,current-run measured OOF; recomputed only after all-complete
GB1,T-DCG-192,13,1,T-Uniform-96,0.1333053023726852,0.10358231155960647,0.09680273528587639,96,current-run measured OOF; recomputed only after all-complete
GB1,T-DCG-192,13,1,T-DCG-96,0.16999796300346345,0.10748953442548083,0.1039694593473248,96,current-run measured OOF; recomputed only after all-complete
GB1,T-DCG-192,13,1,T-DCG-192,0.16999796300346345,0.10748953442548083,0.1039694593473248,96,current-run measured OOF; recomputed only after all-complete
GB1,T-DCG-192,13,2,G-Rank,0.051060570610894106,0.03350370901602286,0.032577634409004755,192,current-run measured OOF; recomputed only after all-complete
GB1,T-DCG-192,13,2,T-Uniform-96,0.04472344009964555,0.028237519440827544,0.02803565742370637,96,current-run measured OOF; recomputed only after all-complete
GB1,T-DCG-192,13,2,T-DCG-96,0.04290885877136219,0.0281241070768111,0.027833590436901416,96,current-run measured OOF; recomputed only after all-complete
GB1,T-DCG-192,13,2,T-DCG-192,0.04867851218247475,0.03218208712358326,0.03137591105503318,192,current-run measured OOF; recomputed only after all-complete
GB1,T-DCG-192,13,3,G-Rank,0.03816802936653378,0.022664241502968537,0.022664241502968537,288,current-run measured OOF; recomputed only after all-complete
GB1,T-DCG-192,13,3,T-Uniform-96,0.03599193557299704,0.013132103186085391,0.013132103186085391,96,current-run measured OOF; recomputed only after all-complete
GB1,T-DCG-192,13,3,T-DCG-96,0.03826245614189184,0.011815223038729724,0.011815223038729724,96,current-run measured OOF; recomputed only after all-complete
GB1,T-DCG-192,13,3,T-DCG-192,0.04179138604761577,0.016836654652270827,0.016836654652270827,192,current-run measured OOF; recomputed only after all-complete
GB1,T-DCG-192,13,4,G-Rank,0.03945921085498951,0.022823695783261894,0.0217491549839894,384,current-run measured OOF; recomputed only after all-complete
GB1,T-DCG-192,13,4,T-Uniform-96,0.04610504927458586,0.02023548550075955,0.01986220565157444,96,current-run measured OOF; recomputed only after all-complete
GB1,T-DCG-192,13,4,T-DCG-96,0.056090081729462456,0.02163469849456724,0.02215642566836967,96,current-run measured OOF; recomputed only after all-complete
GB1,T-DCG-192,13,4,T-DCG-192,0.046630580356720734,0.022088273370835517,0.02165408549516195,192,current-run measured OOF; recomputed only after all-complete
GB1,G-Rank,14,1,G-Rank,0.14150096752025462,0.13437906901041666,0.10676150712264702,96,current-run measured OOF; recomputed only after all-complete
GB1,G-Rank,14,1,T-Uniform-96,0.14150096752025462,0.13437906901041666,0.10676150712264702,96,current-run measured OOF; recomputed only after all-complete
GB1,G-Rank,14,1,T-DCG-96,0.13894812901839348,0.1405196418632717,0.10859028113142827,96,current-run measured OOF; recomputed only after all-complete
GB1,G-Rank,14,1,T-DCG-192,0.13894812901839348,0.1405196418632717,0.10859028113142827,96,current-run measured OOF; recomputed only after all-complete
GB1,G-Rank,14,2,G-Rank,0.04465371591073495,0.052050413908781824,0.03997531482773566,192,current-run measured OOF; recomputed only after all-complete
GB1,G-Rank,14,2,T-Uniform-96,0.03594059414333767,0.03851346616391783,0.032276345432983626,96,current-run measured OOF; recomputed only after all-complete
GB1,G-Rank,14,2,T-DCG-96,0.030326462082022828,0.033750356208244466,0.0277117137876339,96,current-run measured OOF; recomputed only after all-complete
GB1,G-Rank,14,2,T-DCG-192,0.039445117985080186,0.04627340570801087,0.035573421429141196,192,current-run measured OOF; recomputed only after all-complete
GB1,G-Rank,14,3,G-Rank,0.05152777945226766,0.04137626825863769,0.035677546225783646,288,current-run measured OOF; recomputed only after all-complete
GB1,G-Rank,14,3,T-Uniform-96,0.04451500535501864,0.029077223789544752,0.02760378635778717,96,current-run measured OOF; recomputed only after all-complete
GB1,G-Rank,14,3,T-DCG-96,0.039217730806936385,0.023023437250971168,0.02280227779920688,96,current-run measured OOF; recomputed only after all-complete
GB1,G-Rank,14,3,T-DCG-192,0.04680043042279883,0.03126920909538859,0.028540106357274175,192,current-run measured OOF; recomputed only after all-complete
GB1,G-Rank,14,4,G-Rank,0.043708130165382664,0.02870409576981156,0.026269926849333023,384,current-run measured OOF; recomputed only after all-complete
GB1,G-Rank,14,4,T-Uniform-96,0.03615404058385779,0.010284141257957178,0.012184209923313344,96,current-run measured OOF; recomputed only after all-complete
GB1,G-Rank,14,4,T-DCG-96,0.03422997900136143,0.009331906546402029,0.011184504819901617,96,current-run measured OOF; recomputed only after all-complete
GB1,G-Rank,14,4,T-DCG-192,0.0424167781032448,0.01867632187489986,0.019607556990663178,192,current-run measured OOF; recomputed only after all-complete
GB1,T-Uniform-96,14,1,G-Rank,0.14150096752025462,0.13437906901041666,0.10676150712264702,96,current-run measured OOF; recomputed only after all-complete
GB1,T-Uniform-96,14,1,T-Uniform-96,0.14150096752025462,0.13437906901041666,0.10676150712264702,96,current-run measured OOF; recomputed only after all-complete
GB1,T-Uniform-96,14,1,T-DCG-96,0.13894812901839348,0.1405196418632717,0.10859028113142827,96,current-run measured OOF; recomputed only after all-complete
GB1,T-Uniform-96,14,1,T-DCG-192,0.13894812901839348,0.1405196418632717,0.10859028113142827,96,current-run measured OOF; recomputed only after all-complete
GB1,T-Uniform-96,14,2,G-Rank,0.04465371591073495,0.052050413908781824,0.04005783762563675,192,current-run measured OOF; recomputed only after all-complete
GB1,T-Uniform-96,14,2,T-Uniform-96,0.03594059414333767,0.03851346616391783,0.032225276528748605,96,current-run measured OOF; recomputed only after all-complete
GB1,T-Uniform-96,14,2,T-DCG-96,0.030326462082022828,0.033750356208244466,0.027732323027254036,96,current-run measured OOF; recomputed only after all-complete
GB1,T-Uniform-96,14,2,T-DCG-192,0.039445117985080186,0.04627340570801087,0.03566711625001699,192,current-run measured OOF; recomputed only after all-complete
GB1,T-Uniform-96,14,3,G-Rank,0.0509538689758552,0.04228472088263032,0.0361850937834621,288,current-run measured OOF; recomputed only after all-complete
GB1,T-Uniform-96,14,3,T-Uniform-96,0.044158904150189686,0.030044995217656887,0.02781430417806154,96,current-run measured OOF; recomputed only after all-complete
GB1,T-Uniform-96,14,3,T-DCG-96,0.039083568286482996,0.024148123336539623,0.0229497407167828,96,current-run measured OOF; recomputed only after all-complete
GB1,T-Uniform-96,14,3,T-DCG-192,0.046819350861627036,0.032411003772762736,0.02859779413229276,192,current-run measured OOF; recomputed only after all-complete
GB1,T-Uniform-96,14,4,G-Rank,0.04326012399461534,0.029012565259580254,0.0277311126485649,384,current-run measured OOF; recomputed only after all-complete
GB1,T-Uniform-96,14,4,T-Uniform-96,0.03260050879584418,0.011001657556604455,0.010822441888151726,96,current-run measured OOF; recomputed only after all-complete
GB1,T-Uniform-96,14,4,T-DCG-96,0.03281989549357543,0.010148608695073558,0.009981608370284337,96,current-run measured OOF; recomputed only after all-complete
GB1,T-Uniform-96,14,4,T-DCG-192,0.04229963247000529,0.020203265570035052,0.01984210202051874,192,current-run measured OOF; recomputed only after all-complete
GB1,T-DCG-96,14,1,G-Rank,0.14150096752025462,0.13437906901041666,0.10691312474037457,96,current-run measured OOF; recomputed only after all-complete
GB1,T-DCG-96,14,1,T-Uniform-96,0.14150096752025462,0.13437906901041666,0.10691312474037457,96,current-run measured OOF; recomputed only after all-complete
GB1,T-DCG-96,14,1,T-DCG-96,0.13894812901839348,0.1405196418632717,0.10843761536392603,96,current-run measured OOF; recomputed only after all-complete
GB1,T-DCG-96,14,1,T-DCG-192,0.13894812901839348,0.1405196418632717,0.10843761536392603,96,current-run measured OOF; recomputed only after all-complete
GB1,T-DCG-96,14,2,G-Rank,0.04528575473361545,0.05395006250452113,0.041149923701605265,192,current-run measured OOF; recomputed only after all-complete
GB1,T-DCG-96,14,2,T-Uniform-96,0.035699137934932006,0.04196110478153936,0.0333216520998807,96,current-run measured OOF; recomputed only after all-complete
GB1,T-DCG-96,14,2,T-DCG-96,0.029812235442196224,0.03732764685556855,0.02846672845508025,96,current-run measured OOF; recomputed only after all-complete
GB1,T-DCG-96,14,2,T-DCG-192,0.03978800331393997,0.04856365703057179,0.03659419088589672,192,current-run measured OOF; recomputed only after all-complete
GB1,T-DCG-96,14,3,G-Rank,0.045894711760009435,0.04175934968171296,0.03585089957308581,288,current-run measured OOF; recomputed only after all-complete
GB1,T-DCG-96,14,3,T-Uniform-96,0.03499995730050797,0.02372974034690072,0.021614784978026807,96,current-run measured OOF; recomputed only after all-complete
GB1,T-DCG-96,14,3,T-DCG-96,0.030595475930230737,0.01860785949122521,0.017220591113559478,96,current-run measured OOF; recomputed only after all-complete
GB1,T-DCG-96,14,3,T-DCG-192,0.0406607656132122,0.030292389890425108,0.027328807509883583,192,current-run measured OOF; recomputed only after all-complete
GB1,T-DCG-96,14,4,G-Rank,0.04158908349496348,0.029553519354926217,0.028268855958647143,384,current-run measured OOF; recomputed only after all-complete
GB1,T-DCG-96,14,4,T-Uniform-96,0.0318444393299244,0.01067246331108941,0.010570198051430708,96,current-run measured OOF; recomputed only after all-complete
GB1,T-DCG-96,14,4,T-DCG-96,0.029873180930140707,0.010642727089538112,0.010512959376739957,96,current-run measured OOF; recomputed only after all-complete
GB1,T-DCG-96,14,4,T-DCG-192,0.038920441063149486,0.018390555917458248,0.01807691095270496,192,current-run measured OOF; recomputed only after all-complete
GB1,T-DCG-192,14,1,G-Rank,0.14150096752025462,0.13437906901041666,0.10691312474037457,96,current-run measured OOF; recomputed only after all-complete
GB1,T-DCG-192,14,1,T-Uniform-96,0.14150096752025462,0.13437906901041666,0.10691312474037457,96,current-run measured OOF; recomputed only after all-complete
GB1,T-DCG-192,14,1,T-DCG-96,0.13894812901839348,0.1405196418632717,0.10843761536392603,96,current-run measured OOF; recomputed only after all-complete
GB1,T-DCG-192,14,1,T-DCG-192,0.13894812901839348,0.1405196418632717,0.10843761536392603,96,current-run measured OOF; recomputed only after all-complete
GB1,T-DCG-192,14,2,G-Rank,0.04528575473361545,0.05395006250452113,0.04092462711749736,192,current-run measured OOF; recomputed only after all-complete
GB1,T-DCG-192,14,2,T-Uniform-96,0.035699137934932006,0.04196110478153936,0.033230673696180185,96,current-run measured OOF; recomputed only after all-complete
GB1,T-DCG-192,14,2,T-DCG-96,0.029812235442196224,0.03732764685556855,0.02853468102829021,96,current-run measured OOF; recomputed only after all-complete
GB1,T-DCG-192,14,2,T-DCG-192,0.03978800331393997,0.04856365703057179,0.036482909261789966,192,current-run measured OOF; recomputed only after all-complete
GB1,T-DCG-192,14,3,G-Rank,0.048408183868366345,0.045216082872513726,0.03648450139073952,288,current-run measured OOF; recomputed only after all-complete
GB1,T-DCG-192,14,3,T-Uniform-96,0.040181823228121784,0.027473983450681583,0.025429374018096976,96,current-run measured OOF; recomputed only after all-complete
GB1,T-DCG-192,14,3,T-DCG-96,0.03603775435536967,0.022632119934432086,0.02142549260214358,96,current-run measured OOF; recomputed only after all-complete
GB1,T-DCG-192,14,3,T-DCG-192,0.04469265506814056,0.033426430310425366,0.03000619865906622,192,current-run measured OOF; recomputed only after all-complete
GB1,T-DCG-192,14,4,G-Rank,0.044923473287511756,0.03003606089839229,0.027928009558222073,384,current-run measured OOF; recomputed only after all-complete
GB1,T-DCG-192,14,4,T-Uniform-96,0.03728780040034541,0.013154418380172166,0.012442434743742029,96,current-run measured OOF; recomputed only after all-complete
GB1,T-DCG-192,14,4,T-DCG-96,0.04114821953423564,0.011019431832361228,0.010896256553602674,96,current-run measured OOF; recomputed only after all-complete
GB1,T-DCG-192,14,4,T-DCG-192,0.045396859534244965,0.019681284186133394,0.019071862404881925,192,current-run measured OOF; recomputed only after all-complete
GB1,G-Rank,15,1,G-Rank,0.13454295970775462,0.12565556278935186,0.10679160384146602,96,current-run measured OOF; recomputed only after all-complete
GB1,G-Rank,15,1,T-Uniform-96,0.13454295970775462,0.12565556278935186,0.10679160384146602,96,current-run measured OOF; recomputed only after all-complete
GB1,G-Rank,15,1,T-DCG-96,0.12703314111509648,0.13013263129486102,0.10568472147770411,96,current-run measured OOF; recomputed only after all-complete
GB1,G-Rank,15,1,T-DCG-192,0.12703314111509648,0.13013263129486102,0.10568472147770411,96,current-run measured OOF; recomputed only after all-complete
GB1,G-Rank,15,2,G-Rank,0.04799136409053097,0.03391018620243779,0.030743641953620216,192,current-run measured OOF; recomputed only after all-complete
GB1,G-Rank,15,2,T-Uniform-96,0.04167104650426793,0.019878811306423612,0.02068515150601221,96,current-run measured OOF; recomputed only after all-complete
GB1,G-Rank,15,2,T-DCG-96,0.04732507267735614,0.021373977038090304,0.022882351513506188,96,current-run measured OOF; recomputed only after all-complete
GB1,G-Rank,15,2,T-DCG-192,0.05012322050971298,0.03181354869787926,0.029910152215666685,192,current-run measured OOF; recomputed only after all-complete
GB1,G-Rank,15,3,G-Rank,0.03739315917298954,0.023986293128161435,0.021527578694156547,288,current-run measured OOF; recomputed only after all-complete
GB1,G-Rank,15,3,T-Uniform-96,0.038915155355822406,0.011646788797260802,0.013829798807741026,96,current-run measured OOF; recomputed only after all-complete
GB1,G-Rank,15,3,T-DCG-96,0.03888435486011803,0.01037967553735775,0.01301290356838989,96,current-run measured OOF; recomputed only after all-complete
GB1,G-Rank,15,3,T-DCG-192,0.04136228847725165,0.018168410310887576,0.017760799937280834,192,current-run measured OOF; recomputed only after all-complete
GB1,G-Rank,15,4,G-Rank,0.04883211630362052,0.02328126518814652,0.020440687155704684,384,current-run measured OOF; recomputed only after all-complete
GB1,G-Rank,15,4,T-Uniform-96,0.05938724235252097,0.015367861147280093,0.016729457405798846,96,current-run measured OOF; recomputed only after all-complete
GB1,G-Rank,15,4,T-DCG-96,0.061295300749004994,0.013114923626375737,0.015052255493584066,96,current-run measured OOF; recomputed only after all-complete
GB1,G-Rank,15,4,T-DCG-192,0.05321356801953007,0.013177163594299374,0.01370487575045097,192,current-run measured OOF; recomputed only after all-complete
GB1,T-Uniform-96,15,1,G-Rank,0.13454295970775462,0.12565556278935186,0.10679160384146602,96,current-run measured OOF; recomputed only after all-complete
GB1,T-Uniform-96,15,1,T-Uniform-96,0.13454295970775462,0.12565556278935186,0.10679160384146602,96,current-run measured OOF; recomputed only after all-complete
GB1,T-Uniform-96,15,1,T-DCG-96,0.12703314111509648,0.13013263129486102,0.10568472147770411,96,current-run measured OOF; recomputed only after all-complete
GB1,T-Uniform-96,15,1,T-DCG-192,0.12703314111509648,0.13013263129486102,0.10568472147770411,96,current-run measured OOF; recomputed only after all-complete
GB1,T-Uniform-96,15,2,G-Rank,0.04799136409053097,0.03391018620243779,0.03214061526211378,192,current-run measured OOF; recomputed only after all-complete
GB1,T-Uniform-96,15,2,T-Uniform-96,0.04167104650426793,0.019878811306423612,0.0196019531476708,96,current-run measured OOF; recomputed only after all-complete
GB1,T-Uniform-96,15,2,T-DCG-96,0.04732507267735614,0.021373977038090304,0.021280734742697493,96,current-run measured OOF; recomputed only after all-complete
GB1,T-Uniform-96,15,2,T-DCG-192,0.05012322050971298,0.03181354869787926,0.030467640857968156,192,current-run measured OOF; recomputed only after all-complete
GB1,T-Uniform-96,15,3,G-Rank,0.034120075660150885,0.021550580143765003,0.021550580143765003,288,current-run measured OOF; recomputed only after all-complete
GB1,T-Uniform-96,15,3,T-Uniform-96,0.03445346659593621,0.013073579764660495,0.013073579764660495,96,current-run measured OOF; recomputed only after all-complete
GB1,T-Uniform-96,15,3,T-DCG-96,0.03372584242083734,0.01199414972442024,0.01199414972442024,96,current-run measured OOF; recomputed only after all-complete
GB1,T-Uniform-96,15,3,T-DCG-192,0.03485584862242285,0.014745893125574899,0.014745893125574899,192,current-run measured OOF; recomputed only after all-complete
GB1,T-Uniform-96,15,4,G-Rank,0.039905247864899816,0.025496014842280635,0.025359134424231034,384,current-run measured OOF; recomputed only after all-complete
GB1,T-Uniform-96,15,4,T-Uniform-96,0.03527890311347114,0.015547858344184026,0.015543722063729773,96,current-run measured OOF; recomputed only after all-complete
GB1,T-Uniform-96,15,4,T-DCG-96,0.03551178852404032,0.016292145412246162,0.016309319325006063,96,current-run measured OOF; recomputed only after all-complete
GB1,T-Uniform-96,15,4,T-DCG-192,0.034913345544570186,0.0158747365332008,0.01578427591242866,192,current-run measured OOF; recomputed only after all-complete
GB1,T-DCG-96,15,1,G-Rank,0.13454295970775462,0.12565556278935186,0.10717900903608034,96,current-run measured OOF; recomputed only after all-complete
GB1,T-DCG-96,15,1,T-Uniform-96,0.13454295970775462,0.12565556278935186,0.10717900903608034,96,current-run measured OOF; recomputed only after all-complete
GB1,T-DCG-96,15,1,T-DCG-96,0.12703314111509648,0.13013263129486102,0.10529448639940377,96,current-run measured OOF; recomputed only after all-complete
GB1,T-DCG-96,15,1,T-DCG-192,0.12703314111509648,0.13013263129486102,0.10529448639940377,96,current-run measured OOF; recomputed only after all-complete
GB1,T-DCG-96,15,2,G-Rank,0.04073319611725984,0.029944596467194735,0.027777319562331777,192,current-run measured OOF; recomputed only after all-complete
GB1,T-DCG-96,15,2,T-Uniform-96,0.029896135683412903,0.015223750361689816,0.014690375560247148,96,current-run measured OOF; recomputed only after all-complete
GB1,T-DCG-96,15,2,T-DCG-96,0.03020817219657103,0.016642074613460643,0.015587431595915783,96,current-run measured OOF; recomputed only after all-complete
GB1,T-DCG-96,15,2,T-DCG-192,0.038728508822660226,0.027726839269647384,0.025603829286943887,192,current-run measured OOF; recomputed only after all-complete
GB1,T-DCG-96,15,3,G-Rank,0.035961554047175076,0.023201124821834274,0.023201124821834274,288,current-run measured OOF; recomputed only after all-complete
GB1,T-DCG-96,15,3,T-Uniform-96,0.038457674254115226,0.010669472776813271,0.010669472776813271,96,current-run measured OOF; recomputed only after all-complete
GB1,T-DCG-96,15,3,T-DCG-96,0.03701260851613843,0.00949851125757312,0.00949851125757312,96,current-run measured OOF; recomputed only after all-complete
GB1,T-DCG-96,15,3,T-DCG-192,0.038387157667715666,0.01632317344218437,0.01632317344218437,192,current-run measured OOF; recomputed only after all-complete
GB1,T-DCG-96,15,4,G-Rank,0.03832761446634928,0.0241158715000859,0.0241158715000859,384,current-run measured OOF; recomputed only after all-complete
GB1,T-DCG-96,15,4,T-Uniform-96,0.04116745348329897,0.013324172408492476,0.013324172408492476,96,current-run measured OOF; recomputed only after all-complete
GB1,T-DCG-96,15,4,T-DCG-96,0.04745917222496289,0.012691880413568744,0.012691880413568744,96,current-run measured OOF; recomputed only after all-complete
GB1,T-DCG-96,15,4,T-DCG-192,0.0413065203026718,0.015052577103522782,0.015052577103522782,192,current-run measured OOF; recomputed only after all-complete
GB1,T-DCG-192,15,1,G-Rank,0.13454295970775462,0.12565556278935186,0.10717900903608034,96,current-run measured OOF; recomputed only after all-complete
GB1,T-DCG-192,15,1,T-Uniform-96,0.13454295970775462,0.12565556278935186,0.10717900903608034,96,current-run measured OOF; recomputed only after all-complete
GB1,T-DCG-192,15,1,T-DCG-96,0.12703314111509648,0.13013263129486102,0.10529448639940377,96,current-run measured OOF; recomputed only after all-complete
GB1,T-DCG-192,15,1,T-DCG-192,0.12703314111509648,0.13013263129486102,0.10529448639940377,96,current-run measured OOF; recomputed only after all-complete
GB1,T-DCG-192,15,2,G-Rank,0.04073319611725984,0.029944596467194735,0.027580277892355187,192,current-run measured OOF; recomputed only after all-complete
GB1,T-DCG-192,15,2,T-Uniform-96,0.029896135683412903,0.015223750361689816,0.01500954367287293,96,current-run measured OOF; recomputed only after all-complete
GB1,T-DCG-192,15,2,T-DCG-96,0.03020817219657103,0.016642074613460643,0.015745973822576195,96,current-run measured OOF; recomputed only after all-complete
GB1,T-DCG-192,15,2,T-DCG-192,0.038728508822660226,0.027726839269647384,0.025424072689515465,192,current-run measured OOF; recomputed only after all-complete
GB1,T-DCG-192,15,3,G-Rank,0.03710862147955247,0.023555949228127142,0.021385470490430054,288,current-run measured OOF; recomputed only after all-complete
GB1,T-DCG-192,15,3,T-Uniform-96,0.03619089636783051,0.011371502660429527,0.01227721272492345,96,current-run measured OOF; recomputed only after all-complete
GB1,T-DCG-192,15,3,T-DCG-96,0.03439704067971799,0.010128133320001485,0.011070539267737113,96,current-run measured OOF; recomputed only after all-complete
GB1,T-DCG-192,15,3,T-DCG-192,0.03843606543809957,0.017015379378498632,0.015976292947341753,192,current-run measured OOF; recomputed only after all-complete
GB1,T-DCG-192,15,4,G-Rank,0.04277915424770779,0.022952953974405926,0.02202512604453664,384,current-run measured OOF; recomputed only after all-complete
GB1,T-DCG-192,15,4,T-Uniform-96,0.053658220503065325,0.017834062929506657,0.017773264495753654,96,current-run measured OOF; recomputed only after all-complete
GB1,T-DCG-192,15,4,T-DCG-96,0.05726291508514884,0.015771395326329554,0.015925652041121816,96,current-run measured OOF; recomputed only after all-complete
GB1,T-DCG-192,15,4,T-DCG-192,0.05024112255514752,0.01720833768640994,0.016937250612483384,192,current-run measured OOF; recomputed only after all-complete
GB1,G-Rank,16,1,G-Rank,0.1796852394386574,0.14965424714265044,0.138726684712363,96,current-run measured OOF; recomputed only after all-complete
GB1,G-Rank,16,1,T-Uniform-96,0.1796852394386574,0.14965424714265044,0.138726684712363,96,current-run measured OOF; recomputed only after all-complete
GB1,G-Rank,16,1,T-DCG-96,0.21006656691078496,0.1871987473271018,0.17336223032146297,96,current-run measured OOF; recomputed only after all-complete
GB1,G-Rank,16,1,T-DCG-192,0.21006656691078496,0.1871987473271018,0.17336223032146297,96,current-run measured OOF; recomputed only after all-complete
GB1,G-Rank,16,2,G-Rank,0.05471236617476852,0.048274570041232645,0.04522823936694809,192,current-run measured OOF; recomputed only after all-complete
GB1,G-Rank,16,2,T-Uniform-96,0.0437451821786386,0.041369120279947914,0.03801983999782853,96,current-run measured OOF; recomputed only after all-complete
GB1,G-Rank,16,2,T-DCG-96,0.041959724991950234,0.037097525396269086,0.03501374365111849,96,current-run measured OOF; recomputed only after all-complete
GB1,G-Rank,16,2,T-DCG-192,0.051186120451522876,0.04409833857290627,0.041768546841694856,192,current-run measured OOF; recomputed only after all-complete
GB1,G-Rank,16,3,G-Rank,0.039839923790616426,0.03513395835342722,0.03160920383880696,288,current-run measured OOF; recomputed only after all-complete
GB1,G-Rank,16,3,T-Uniform-96,0.02860922479825746,0.026693713027263376,0.02282127803475199,96,current-run measured OOF; recomputed only after all-complete
GB1,G-Rank,16,3,T-DCG-96,0.03178629407892456,0.026453434485780636,0.02388121157544202,96,current-run measured OOF; recomputed only after all-complete
GB1,G-Rank,16,3,T-DCG-192,0.04130732853468011,0.031150825985308744,0.03024876124924042,192,current-run measured OOF; recomputed only after all-complete
GB1,G-Rank,16,4,G-Rank,0.04618637650101273,0.03740934089378074,0.03159265672459689,384,current-run measured OOF; recomputed only after all-complete
GB1,G-Rank,16,4,T-Uniform-96,0.04904718752260562,0.03418420862268518,0.0326863118801686,96,current-run measured OOF; recomputed only after all-complete
GB1,G-Rank,16,4,T-DCG-96,0.059514780696204965,0.03845583281991081,0.03946182275397791,96,current-run measured OOF; recomputed only after all-complete
GB1,G-Rank,16,4,T-DCG-192,0.053219579825264006,0.03871524378342274,0.03652086340568633,192,current-run measured OOF; recomputed only after all-complete
GB1,T-Uniform-96,16,1,G-Rank,0.1796852394386574,0.14965424714265044,0.138726684712363,96,current-run measured OOF; recomputed only after all-complete
GB1,T-Uniform-96,16,1,T-Uniform-96,0.1796852394386574,0.14965424714265044,0.138726684712363,96,current-run measured OOF; recomputed only after all-complete
GB1,T-Uniform-96,16,1,T-DCG-96,0.21006656691078496,0.1871987473271018,0.17336223032146297,96,current-run measured OOF; recomputed only after all-complete
GB1,T-Uniform-96,16,1,T-DCG-192,0.21006656691078496,0.1871987473271018,0.17336223032146297,96,current-run measured OOF; recomputed only after all-complete
GB1,T-Uniform-96,16,2,G-Rank,0.05471236617476852,0.048274570041232645,0.045352616956144766,192,current-run measured OOF; recomputed only after all-complete
GB1,T-Uniform-96,16,2,T-Uniform-96,0.0437451821786386,0.041369120279947914,0.037922450589778195,96,current-run measured OOF; recomputed only after all-complete
GB1,T-Uniform-96,16,2,T-DCG-96,0.041959724991950234,0.037097525396269086,0.03512165554016198,96,current-run measured OOF; recomputed only after all-complete
GB1,T-Uniform-96,16,2,T-DCG-192,0.051186120451522876,0.04409833857290627,0.041971438615657476,192,current-run measured OOF; recomputed only after all-complete
GB1,T-Uniform-96,16,3,G-Rank,0.036664693280339083,0.03461373620890132,0.03105880728610118,288,current-run measured OOF; recomputed only after all-complete
GB1,T-Uniform-96,16,3,T-Uniform-96,0.026464171860934287,0.02263650776427469,0.020958168455173242,96,current-run measured OOF; recomputed only after all-complete
GB1,T-Uniform-96,16,3,T-DCG-96,0.026809430251376606,0.0218846459629506,0.021036890807500666,96,current-run measured OOF; recomputed only after all-complete
GB1,T-Uniform-96,16,3,T-DCG-192,0.035079850782712585,0.027905874161634543,0.027231899168579623,192,current-run measured OOF; recomputed only after all-complete
GB1,T-Uniform-96,16,4,G-Rank,0.03785578409830729,0.036430040995279946,0.0278572428258532,384,current-run measured OOF; recomputed only after all-complete
GB1,T-Uniform-96,16,4,T-Uniform-96,0.05058177312215168,0.03644371032714844,0.0306957693888595,96,current-run measured OOF; recomputed only after all-complete
GB1,T-Uniform-96,16,4,T-DCG-96,0.06038188963629169,0.04317481839699791,0.03917718767843373,96,current-run measured OOF; recomputed only after all-complete
GB1,T-Uniform-96,16,4,T-DCG-192,0.05293554662298694,0.03776184992904191,0.03344679864687567,192,current-run measured OOF; recomputed only after all-complete
GB1,T-DCG-96,16,1,G-Rank,0.1796852394386574,0.14965424714265044,0.13888238152373963,96,current-run measured OOF; recomputed only after all-complete
GB1,T-DCG-96,16,1,T-Uniform-96,0.1796852394386574,0.14965424714265044,0.13888238152373963,96,current-run measured OOF; recomputed only after all-complete
GB1,T-DCG-96,16,1,T-DCG-96,0.21006656691078496,0.1871987473271018,0.1732030804417415,96,current-run measured OOF; recomputed only after all-complete
GB1,T-DCG-96,16,1,T-DCG-192,0.21006656691078496,0.1871987473271018,0.1732030804417415,96,current-run measured OOF; recomputed only after all-complete
GB1,T-DCG-96,16,2,G-Rank,0.05762856094925492,0.04671555978280526,0.045597983795316155,192,current-run measured OOF; recomputed only after all-complete
GB1,T-DCG-96,16,2,T-Uniform-96,0.05019131413212529,0.03848845870406539,0.03795907229931945,96,current-run measured OOF; recomputed only after all-complete
GB1,T-DCG-96,16,2,T-DCG-96,0.04848600042480424,0.03509746417768576,0.03490661560069152,96,current-run measured OOF; recomputed only after all-complete
GB1,T-DCG-96,16,2,T-DCG-192,0.05486906913746964,0.042842958858231535,0.042050557023565256,192,current-run measured OOF; recomputed only after all-complete
GB1,T-DCG-96,16,3,G-Rank,0.04362636403945902,0.03922888150103952,0.036151748573611045,288,current-run measured OOF; recomputed only after all-complete
GB1,T-DCG-96,16,3,T-Uniform-96,0.03847732857912166,0.035666257756237135,0.032583803482113,96,current-run measured OOF; recomputed only after all-complete
GB1,T-DCG-96,16,3,T-DCG-96,0.038522161342010766,0.03496913139179348,0.03211025668192322,96,current-run measured OOF; recomputed only after all-complete
GB1,T-DCG-96,16,3,T-DCG-192,0.04349016162221375,0.037948484705359685,0.0359418426571803,192,current-run measured OOF; recomputed only after all-complete
GB1,T-DCG-96,16,4,G-Rank,0.048840981942635996,0.04043980881019875,0.03449275590963562,384,current-run measured OOF; recomputed only after all-complete
GB1,T-DCG-96,16,4,T-Uniform-96,0.052150585033275465,0.044114501387984666,0.0354009211280675,96,current-run measured OOF; recomputed only after all-complete
GB1,T-DCG-96,16,4,T-DCG-96,0.05333414706238099,0.050484850442854626,0.0393276367130719,96,current-run measured OOF; recomputed only after all-complete
GB1,T-DCG-96,16,4,T-DCG-192,0.04826448856022831,0.04372680960651514,0.03422657403394993,192,current-run measured OOF; recomputed only after all-complete
GB1,T-DCG-192,16,1,G-Rank,0.1796852394386574,0.14965424714265044,0.13888238152373963,96,current-run measured OOF; recomputed only after all-complete
GB1,T-DCG-192,16,1,T-Uniform-96,0.1796852394386574,0.14965424714265044,0.13888238152373963,96,current-run measured OOF; recomputed only after all-complete
GB1,T-DCG-192,16,1,T-DCG-96,0.21006656691078496,0.1871987473271018,0.1732030804417415,96,current-run measured OOF; recomputed only after all-complete
GB1,T-DCG-192,16,1,T-DCG-192,0.21006656691078496,0.1871987473271018,0.1732030804417415,96,current-run measured OOF; recomputed only after all-complete
GB1,T-DCG-192,16,2,G-Rank,0.05762856094925492,0.04671555978280526,0.0449872278655974,192,current-run measured OOF; recomputed only after all-complete
GB1,T-DCG-192,16,2,T-Uniform-96,0.05019131413212529,0.03848845870406539,0.03786384296533081,96,current-run measured OOF; recomputed only after all-complete
GB1,T-DCG-192,16,2,T-DCG-96,0.04848600042480424,0.03509746417768576,0.03514467208692145,96,current-run measured OOF; recomputed only after all-complete
GB1,T-DCG-192,16,2,T-DCG-192,0.05486906913746964,0.042842958858231535,0.041744898608675314,192,current-run measured OOF; recomputed only after all-complete
GB1,T-DCG-192,16,3,G-Rank,0.04112827630690587,0.041696828415691445,0.03644801118083993,288,current-run measured OOF; recomputed only after all-complete
GB1,T-DCG-192,16,3,T-Uniform-96,0.03483342928160365,0.03549533420138889,0.03104131011990824,96,current-run measured OOF; recomputed only after all-complete
GB1,T-DCG-192,16,3,T-DCG-96,0.034888889260051605,0.04040133273351728,0.03333910165831397,96,current-run measured OOF; recomputed only after all-complete
GB1,T-DCG-192,16,3,T-DCG-192,0.03881223971785648,0.03921139391142966,0.03516955493781317,192,current-run measured OOF; recomputed only after all-complete
GB1,T-DCG-192,16,4,G-Rank,0.050658791153519234,0.03602627471641258,0.03239849509583825,384,current-run measured OOF; recomputed only after all-complete
GB1,T-DCG-192,16,4,T-Uniform-96,0.06131901564421477,0.03168014243797019,0.029069274126440975,96,current-run measured OOF; recomputed only after all-complete
GB1,T-DCG-192,16,4,T-DCG-96,0.0709950968968022,0.03382912326230294,0.0327811766502479,96,current-run measured OOF; recomputed only after all-complete
GB1,T-DCG-192,16,4,T-DCG-192,0.06449130305768525,0.03632837006016919,0.03412585203766333,192,current-run measured OOF; recomputed only after all-complete
GB1,G-Rank,17,1,G-Rank,0.12710401746961805,0.17143871166087962,0.117025076082741,96,current-run measured OOF; recomputed only after all-complete
GB1,G-Rank,17,1,T-Uniform-96,0.12710401746961805,0.17143871166087962,0.117025076082741,96,current-run measured OOF; recomputed only after all-complete
GB1,G-Rank,17,1,T-DCG-96,0.1366980131066917,0.2102505550218841,0.13565413753659591,96,current-run measured OOF; recomputed only after all-complete
GB1,G-Rank,17,1,T-DCG-192,0.1366980131066917,0.2102505550218841,0.13565413753659591,96,current-run measured OOF; recomputed only after all-complete
GB1,G-Rank,17,2,G-Rank,0.043328249896014186,0.04206650345413773,0.033666193875061166,192,current-run measured OOF; recomputed only after all-complete
GB1,G-Rank,17,2,T-Uniform-96,0.03883171081542969,0.03361285174334491,0.026951444285267235,96,current-run measured OOF; recomputed only after all-complete
GB1,G-Rank,17,2,T-DCG-96,0.03544953536848875,0.03032357450828815,0.02511256900846646,96,current-run measured OOF; recomputed only after all-complete
GB1,G-Rank,17,2,T-DCG-192,0.04047848119805479,0.038126337432328364,0.03112624505098331,192,current-run measured OOF; recomputed only after all-complete
GB1,G-Rank,17,3,G-Rank,0.05547538935238769,0.0401476950311857,0.0375284439155685,288,current-run measured OOF; recomputed only after all-complete
GB1,G-Rank,17,3,T-Uniform-96,0.05725552908187049,0.035489557211291156,0.03484574424562823,96,current-run measured OOF; recomputed only after all-complete
GB1,G-Rank,17,3,T-DCG-96,0.05981819108934327,0.03463360411275205,0.035601301158933917,96,current-run measured OOF; recomputed only after all-complete
GB1,G-Rank,17,3,T-DCG-192,0.05594292539376195,0.03628649412243054,0.034939203430685774,192,current-run measured OOF; recomputed only after all-complete
GB1,G-Rank,17,4,G-Rank,0.058383173412746854,0.03076413825706199,0.029837866033021836,384,current-run measured OOF; recomputed only after all-complete
GB1,G-Rank,17,4,T-Uniform-96,0.06284819708930121,0.029195997450086802,0.027456323348623274,96,current-run measured OOF; recomputed only after all-complete
GB1,G-Rank,17,4,T-DCG-96,0.06907744514628472,0.02562459547244146,0.025023660000290392,96,current-run measured OOF; recomputed only after all-complete
GB1,G-Rank,17,4,T-DCG-192,0.062308602595270234,0.028389833478442497,0.026710990198509765,192,current-run measured OOF; recomputed only after all-complete
GB1,T-Uniform-96,17,1,G-Rank,0.12710401746961805,0.17143871166087962,0.117025076082741,96,current-run measured OOF; recomputed only after all-complete
GB1,T-Uniform-96,17,1,T-Uniform-96,0.12710401746961805,0.17143871166087962,0.117025076082741,96,current-run measured OOF; recomputed only after all-complete
GB1,T-Uniform-96,17,1,T-DCG-96,0.1366980131066917,0.2102505550218841,0.13565413753659591,96,current-run measured OOF; recomputed only after all-complete
GB1,T-Uniform-96,17,1,T-DCG-192,0.1366980131066917,0.2102505550218841,0.13565413753659591,96,current-run measured OOF; recomputed only after all-complete
GB1,T-Uniform-96,17,2,G-Rank,0.043328249896014186,0.04206650345413773,0.03376944280960071,192,current-run measured OOF; recomputed only after all-complete
GB1,T-Uniform-96,17,2,T-Uniform-96,0.03883171081542969,0.03361285174334491,0.026846241753748765,96,current-run measured OOF; recomputed only after all-complete
GB1,T-Uniform-96,17,2,T-DCG-96,0.03544953536848875,0.03032357450828815,0.024983997772118252,96,current-run measured OOF; recomputed only after all-complete
GB1,T-Uniform-96,17,2,T-DCG-192,0.04047848119805479,0.038126337432328364,0.031154598125777457,192,current-run measured OOF; recomputed only after all-complete
GB1,T-Uniform-96,17,3,G-Rank,0.05668472687730411,0.039535396874196244,0.036324266029851976,288,current-run measured OOF; recomputed only after all-complete
GB1,T-Uniform-96,17,3,T-Uniform-96,0.058591960388937124,0.03687104276178305,0.03549578856062971,96,current-run measured OOF; recomputed only after all-complete
GB1,T-Uniform-96,17,3,T-DCG-96,0.0626009822507716,0.03608494635787328,0.036296442827184895,96,current-run measured OOF; recomputed only after all-complete
GB1,T-Uniform-96,17,3,T-DCG-192,0.05965754034589455,0.03721604993310656,0.035051275956882136,192,current-run measured OOF; recomputed only after all-complete
GB1,T-Uniform-96,17,4,G-Rank,0.05261437981216996,0.0329027705722385,0.03126474880638256,384,current-run measured OOF; recomputed only after all-complete
GB1,T-Uniform-96,17,4,T-Uniform-96,0.060884970205801504,0.038964024296513314,0.036868539871707066,96,current-run measured OOF; recomputed only after all-complete
GB1,T-Uniform-96,17,4,T-DCG-96,0.06243576504038443,0.03769564418205268,0.03694334164278512,96,current-run measured OOF; recomputed only after all-complete
GB1,T-Uniform-96,17,4,T-DCG-192,0.056867553403656304,0.03631999729030423,0.03451858657653895,192,current-run measured OOF; recomputed only after all-complete
GB1,T-DCG-96,17,1,G-Rank,0.12710401746961805,0.17143871166087962,0.11904498243857736,96,current-run measured OOF; recomputed only after all-complete
GB1,T-DCG-96,17,1,T-Uniform-96,0.12710401746961805,0.17143871166087962,0.11904498243857736,96,current-run measured OOF; recomputed only after all-complete
GB1,T-DCG-96,17,1,T-DCG-96,0.1366980131066917,0.2102505550218841,0.13365526204633588,96,current-run measured OOF; recomputed only after all-complete
GB1,T-DCG-96,17,1,T-DCG-192,0.1366980131066917,0.2102505550218841,0.13365526204633588,96,current-run measured OOF; recomputed only after all-complete
GB1,T-DCG-96,17,2,G-Rank,0.04923156455711083,0.046909049705222805,0.03696800883593115,192,current-run measured OOF; recomputed only after all-complete
GB1,T-DCG-96,17,2,T-Uniform-96,0.04561537283438224,0.034021730776186344,0.02614154522893941,96,current-run measured OOF; recomputed only after all-complete
GB1,T-DCG-96,17,2,T-DCG-96,0.0415122173180843,0.029321637386735887,0.02362526153238977,96,current-run measured OOF; recomputed only after all-complete
GB1,T-DCG-96,17,2,T-DCG-192,0.046097153878951,0.04117667343890309,0.033111381890166006,192,current-run measured OOF; recomputed only after all-complete
GB1,T-DCG-96,17,3,G-Rank,0.060829549823441784,0.03527434339902692,0.03384124183423694,288,current-run measured OOF; recomputed only after all-complete
GB1,T-DCG-96,17,3,T-Uniform-96,0.06604810801062565,0.03366942857028035,0.032841997477530534,96,current-run measured OOF; recomputed only after all-complete
GB1,T-DCG-96,17,3,T-DCG-96,0.06630017803836785,0.03035785926429313,0.03010583539585143,96,current-run measured OOF; recomputed only after all-complete
GB1,T-DCG-96,17,3,T-DCG-192,0.06350191493180309,0.03354751119085837,0.032344497216182766,192,current-run measured OOF; recomputed only after all-complete
GB1,T-DCG-96,17,4,G-Rank,0.05270714230007595,0.03307731063277633,0.03125178245665199,384,current-run measured OOF; recomputed only after all-complete
GB1,T-DCG-96,17,4,T-Uniform-96,0.05585043518631547,0.02921613057454427,0.028130756808728355,96,current-run measured OOF; recomputed only after all-complete
GB1,T-DCG-96,17,4,T-DCG-96,0.05738341871089556,0.028922774438260884,0.02839609966602892,96,current-run measured OOF; recomputed only after all-complete
GB1,T-DCG-96,17,4,T-DCG-192,0.055821245138997874,0.030216503518595155,0.028736818598555525,192,current-run measured OOF; recomputed only after all-complete
GB1,T-DCG-192,17,1,G-Rank,0.12710401746961805,0.17143871166087962,0.11904498243857736,96,current-run measured OOF; recomputed only after all-complete
GB1,T-DCG-192,17,1,T-Uniform-96,0.12710401746961805,0.17143871166087962,0.11904498243857736,96,current-run measured OOF; recomputed only after all-complete
GB1,T-DCG-192,17,1,T-DCG-96,0.1366980131066917,0.2102505550218841,0.13365526204633588,96,current-run measured OOF; recomputed only after all-complete
GB1,T-DCG-192,17,1,T-DCG-192,0.1366980131066917,0.2102505550218841,0.13365526204633588,96,current-run measured OOF; recomputed only after all-complete
GB1,T-DCG-192,17,2,G-Rank,0.04923156455711083,0.046909049705222805,0.036406528937475785,192,current-run measured OOF; recomputed only after all-complete
GB1,T-DCG-192,17,2,T-Uniform-96,0.04561537283438224,0.034021730776186344,0.026247120574727736,96,current-run measured OOF; recomputed only after all-complete
GB1,T-DCG-192,17,2,T-DCG-96,0.0415122173180843,0.029321637386735887,0.02391669243559897,96,current-run measured OOF; recomputed only after all-complete
GB1,T-DCG-192,17,2,T-DCG-192,0.046097153878951,0.04117667343890309,0.0328272772620725,192,current-run measured OOF; recomputed only after all-complete
GB1,T-DCG-192,17,3,G-Rank,0.056747687696920006,0.03373611512988683,0.030910697872025217,288,current-run measured OOF; recomputed only after all-complete
GB1,T-DCG-192,17,3,T-Uniform-96,0.06405931637610918,0.030648941856352876,0.029646772161806664,96,current-run measured OOF; recomputed only after all-complete
GB1,T-DCG-192,17,3,T-DCG-96,0.06352999515883886,0.02776540504015466,0.02804660619959094,96,current-run measured OOF; recomputed only after all-complete
GB1,T-DCG-192,17,3,T-DCG-192,0.06034427247039893,0.03186407266866387,0.029800801015817203,192,current-run measured OOF; recomputed only after all-complete
GB1,T-DCG-192,17,4,G-Rank,0.058250179997196914,0.028912261680320458,0.028116754056806182,384,current-run measured OOF; recomputed only after all-complete
GB1,T-DCG-192,17,4,T-Uniform-96,0.06300502353244358,0.02586060983163339,0.02619434272139015,96,current-run measured OOF; recomputed only after all-complete
GB1,T-DCG-192,17,4,T-DCG-96,0.060984053779950254,0.023976742781800894,0.02450301437337013,96,current-run measured OOF; recomputed only after all-complete
GB1,T-DCG-192,17,4,T-DCG-192,0.059580909362120245,0.025072529674600177,0.024767513745596745,192,current-run measured OOF; recomputed only after all-complete
GB1,G-Rank,18,1,G-Rank,0.13983154296875,0.1198707863136574,0.09954966820355142,96,current-run measured OOF; recomputed only after all-complete
GB1,G-Rank,18,1,T-Uniform-96,0.13983154296875,0.1198707863136574,0.09954966820355142,96,current-run measured OOF; recomputed only after all-complete
GB1,G-Rank,18,1,T-DCG-96,0.13872873471046027,0.11756028776418855,0.0999192581306129,96,current-run measured OOF; recomputed only after all-complete
GB1,G-Rank,18,1,T-DCG-192,0.13872873471046027,0.11756028776418855,0.0999192581306129,96,current-run measured OOF; recomputed only after all-complete
GB1,G-Rank,18,2,G-Rank,0.04129748874240451,0.04589469344527634,0.0359373942092489,192,current-run measured OOF; recomputed only after all-complete
GB1,G-Rank,18,2,T-Uniform-96,0.03784928498444733,0.042078371401186344,0.033753424915689084,96,current-run measured OOF; recomputed only after all-complete
GB1,G-Rank,18,2,T-DCG-96,0.03824700787924692,0.04078456010240202,0.0335939995126649,96,current-run measured OOF; recomputed only after all-complete
GB1,G-Rank,18,2,T-DCG-192,0.04090522885673456,0.04433958730360583,0.03538721976585393,192,current-run measured OOF; recomputed only after all-complete
GB1,G-Rank,18,3,G-Rank,0.04079149452910665,0.04699788662631816,0.037257177872578304,288,current-run measured OOF; recomputed only after all-complete
GB1,G-Rank,18,3,T-Uniform-96,0.05248386084788129,0.05256784698109568,0.04700315377572584,96,current-run measured OOF; recomputed only after all-complete
GB1,G-Rank,18,3,T-DCG-96,0.06174194704063392,0.05507611142868039,0.054026709944945316,96,current-run measured OOF; recomputed only after all-complete
GB1,G-Rank,18,3,T-DCG-192,0.052321191557041985,0.05172102363656525,0.04617390424937637,192,current-run measured OOF; recomputed only after all-complete
GB1,G-Rank,18,4,G-Rank,0.04585135424578631,0.043797060295387547,0.03579695709386973,384,current-run measured OOF; recomputed only after all-complete
GB1,G-Rank,18,4,T-Uniform-96,0.0807477456552011,0.06550979614257812,0.06512353200778138,96,current-run measured OOF; recomputed only after all-complete
GB1,G-Rank,18,4,T-DCG-96,0.10028220396016345,0.06834275096826943,0.07255971277285257,96,current-run measured OOF; recomputed only after all-complete
GB1,G-Rank,18,4,T-DCG-192,0.07648547555126313,0.05326886683208994,0.05326261041924983,192,current-run measured OOF; recomputed only after all-complete
GB1,T-Uniform-96,18,1,G-Rank,0.13983154296875,0.1198707863136574,0.09954966820355142,96,current-run measured OOF; recomputed only after all-complete
GB1,T-Uniform-96,18,1,T-Uniform-96,0.13983154296875,0.1198707863136574,0.09954966820355142,96,current-run measured OOF; recomputed only after all-complete
GB1,T-Uniform-96,18,1,T-DCG-96,0.13872873471046027,0.11756028776418855,0.0999192581306129,96,current-run measured OOF; recomputed only after all-complete
GB1,T-Uniform-96,18,1,T-DCG-192,0.13872873471046027,0.11756028776418855,0.0999192581306129,96,current-run measured OOF; recomputed only after all-complete
GB1,T-Uniform-96,18,2,G-Rank,0.04129748874240451,0.04589469344527634,0.03594094775604857,192,current-run measured OOF; recomputed only after all-complete
GB1,T-Uniform-96,18,2,T-Uniform-96,0.03784928498444733,0.042078371401186344,0.033750562085391456,96,current-run measured OOF; recomputed only after all-complete
GB1,T-Uniform-96,18,2,T-DCG-96,0.03824700787924692,0.04078456010240202,0.033608403102335836,96,current-run measured OOF; recomputed only after all-complete
GB1,T-Uniform-96,18,2,T-DCG-192,0.04090522885673456,0.04433958730360583,0.035400990175480374,192,current-run measured OOF; recomputed only after all-complete
GB1,T-Uniform-96,18,3,G-Rank,0.041267007793745716,0.04742555134253901,0.03665616634578429,288,current-run measured OOF; recomputed only after all-complete
GB1,T-Uniform-96,18,3,T-Uniform-96,0.05421394379541217,0.05062615037454989,0.044595450411819205,96,current-run measured OOF; recomputed only after all-complete
GB1,T-Uniform-96,18,3,T-DCG-96,0.06285329468569475,0.055334431324725195,0.051581904774931873,96,current-run measured OOF; recomputed only after all-complete
GB1,T-Uniform-96,18,3,T-DCG-192,0.05389403407781851,0.054524570763211586,0.04619792605114432,192,current-run measured OOF; recomputed only after all-complete
GB1,T-Uniform-96,18,4,G-Rank,0.05483539899190267,0.04870608117845324,0.04285149134599775,384,current-run measured OOF; recomputed only after all-complete
GB1,T-Uniform-96,18,4,T-Uniform-96,0.09162162851404261,0.05467789261429399,0.053475249522274164,96,current-run measured OOF; recomputed only after all-complete
GB1,T-Uniform-96,18,4,T-DCG-96,0.10462461310152693,0.053569613006788495,0.05347776762935708,96,current-run measured OOF; recomputed only after all-complete
GB1,T-Uniform-96,18,4,T-DCG-192,0.08000278383482204,0.0473807983830021,0.04495598134449482,192,current-run measured OOF; recomputed only after all-complete
GB1,T-DCG-96,18,1,G-Rank,0.13983154296875,0.1198707863136574,0.09956816317796298,96,current-run measured OOF; recomputed only after all-complete
GB1,T-DCG-96,18,1,T-Uniform-96,0.13983154296875,0.1198707863136574,0.09956816317796298,96,current-run measured OOF; recomputed only after all-complete
GB1,T-DCG-96,18,1,T-DCG-96,0.13872873471046027,0.11756028776418855,0.09990217144235114,96,current-run measured OOF; recomputed only after all-complete
GB1,T-DCG-96,18,1,T-DCG-192,0.13872873471046027,0.11756028776418855,0.09990217144235114,96,current-run measured OOF; recomputed only after all-complete
GB1,T-DCG-96,18,2,G-Rank,0.0421454111735026,0.04665226406521267,0.03609108739351966,192,current-run measured OOF; recomputed only after all-complete
GB1,T-DCG-96,18,2,T-Uniform-96,0.04048192059552228,0.0447986744068287,0.03586266820905568,96,current-run measured OOF; recomputed only after all-complete
GB1,T-DCG-96,18,2,T-DCG-96,0.04096717011576475,0.04294433637490684,0.035664859506698475,96,current-run measured OOF; recomputed only after all-complete
GB1,T-DCG-96,18,2,T-DCG-192,0.0421937955308049,0.04515611097792135,0.03591644632278068,192,current-run measured OOF; recomputed only after all-complete
GB1,T-DCG-96,18,3,G-Rank,0.04127085912047754,0.042609530057763204,0.036083083824737155,288,current-run measured OOF; recomputed only after all-complete
GB1,T-DCG-96,18,3,T-Uniform-96,0.052399560747813795,0.05051638756269291,0.04478022824160912,96,current-run measured OOF; recomputed only after all-complete
GB1,T-DCG-96,18,3,T-DCG-96,0.06196143507952879,0.05270297485869055,0.04907688187232648,96,current-run measured OOF; recomputed only after all-complete
GB1,T-DCG-96,18,3,T-DCG-192,0.05407526855090041,0.05103006820465559,0.04468529439291581,192,current-run measured OOF; recomputed only after all-complete
GB1,T-DCG-96,18,4,G-Rank,0.05080857100310149,0.04072501924302843,0.04072501924302843,384,current-run measured OOF; recomputed only after all-complete
GB1,T-DCG-96,18,4,T-Uniform-96,0.07394684685601129,0.04938146803114149,0.04938146803114149,96,current-run measured OOF; recomputed only after all-complete
GB1,T-DCG-96,18,4,T-DCG-96,0.06680313775969973,0.04240296267977882,0.04240296267977882,96,current-run measured OOF; recomputed only after all-complete
GB1,T-DCG-96,18,4,T-DCG-192,0.056822873071218416,0.035098427359680086,0.035098427359680086,192,current-run measured OOF; recomputed only after all-complete
GB1,T-DCG-192,18,1,G-Rank,0.13983154296875,0.1198707863136574,0.09956816317796298,96,current-run measured OOF; recomputed only after all-complete
GB1,T-DCG-192,18,1,T-Uniform-96,0.13983154296875,0.1198707863136574,0.09956816317796298,96,current-run measured OOF; recomputed only after all-complete
GB1,T-DCG-192,18,1,T-DCG-96,0.13872873471046027,0.11756028776418855,0.09990217144235114,96,current-run measured OOF; recomputed only after all-complete
GB1,T-DCG-192,18,1,T-DCG-192,0.13872873471046027,0.11756028776418855,0.09990217144235114,96,current-run measured OOF; recomputed only after all-complete
GB1,T-DCG-192,18,2,G-Rank,0.0421454111735026,0.04665226406521267,0.03607696658406365,192,current-run measured OOF; recomputed only after all-complete
GB1,T-DCG-192,18,2,T-Uniform-96,0.04048192059552228,0.0447986744068287,0.035845552331926184,96,current-run measured OOF; recomputed only after all-complete
GB1,T-DCG-192,18,2,T-DCG-96,0.04096717011576475,0.04294433637490684,0.03566671918358247,96,current-run measured OOF; recomputed only after all-complete
GB1,T-DCG-192,18,2,T-DCG-192,0.0421937955308049,0.04515611097792135,0.03591415899807024,192,current-run measured OOF; recomputed only after all-complete
GB1,T-DCG-192,18,3,G-Rank,0.040561670792609736,0.03750936877089764,0.033592650994595435,288,current-run measured OOF; recomputed only after all-complete
GB1,T-DCG-192,18,3,T-Uniform-96,0.05067154998151363,0.045125199934092065,0.0412222323391875,96,current-run measured OOF; recomputed only after all-complete
GB1,T-DCG-192,18,3,T-DCG-96,0.059313397034168734,0.04976180569810222,0.04801289324539733,96,current-run measured OOF; recomputed only after all-complete
GB1,T-DCG-192,18,3,T-DCG-192,0.05268919782638022,0.04656769515509075,0.04335070429095101,192,current-run measured OOF; recomputed only after all-complete
GB1,T-DCG-192,18,4,G-Rank,0.046976681108827946,0.038466435891610605,0.038236886220878084,384,current-run measured OOF; recomputed only after all-complete
GB1,T-DCG-192,18,4,T-Uniform-96,0.06103211862069589,0.043295754326714404,0.04331466025562355,96,current-run measured OOF; recomputed only after all-complete
GB1,T-DCG-192,18,4,T-DCG-96,0.054904108416847106,0.03671122825985708,0.03675130240938592,96,current-run measured OOF; recomputed only after all-complete
GB1,T-DCG-192,18,4,T-DCG-192,0.04978581033059478,0.03021972673201077,0.030217303467011156,192,current-run measured OOF; recomputed only after all-complete
GB1,G-Rank,19,1,G-Rank,0.1244529441550926,0.12562052408854166,0.10207871726993802,96,current-run measured OOF; recomputed only after all-complete
GB1,G-Rank,19,1,T-Uniform-96,0.1244529441550926,0.12562052408854166,0.10207871726993802,96,current-run measured OOF; recomputed only after all-complete
GB1,G-Rank,19,1,T-DCG-96,0.1337911146109291,0.12193467774609015,0.103376548920063,96,current-run measured OOF; recomputed only after all-complete
GB1,G-Rank,19,1,T-DCG-192,0.1337911146109291,0.12193467774609015,0.103376548920063,96,current-run measured OOF; recomputed only after all-complete
GB1,G-Rank,19,2,G-Rank,0.07422242341218172,0.060526529947916664,0.04975808545767783,192,current-run measured OOF; recomputed only after all-complete
GB1,G-Rank,19,2,T-Uniform-96,0.06475194295247397,0.05431916978624132,0.04025257244831126,96,current-run measured OOF; recomputed only after all-complete
GB1,G-Rank,19,2,T-DCG-96,0.076770334054448,0.047432023453759554,0.040611392080544116,96,current-run measured OOF; recomputed only after all-complete
GB1,G-Rank,19,2,T-DCG-192,0.07953091956880656,0.05516186445574471,0.048036877235494706,192,current-run measured OOF; recomputed only after all-complete
GB1,G-Rank,19,3,G-Rank,0.07038739156003515,0.04767934121549212,0.04481902708560827,288,current-run measured OOF; recomputed only after all-complete
GB1,G-Rank,19,3,T-Uniform-96,0.08231953436455118,0.04232574588477366,0.04426792826612267,96,current-run measured OOF; recomputed only after all-complete
GB1,G-Rank,19,3,T-DCG-96,0.0709684213976891,0.035327900146380854,0.03730124178668561,96,current-run measured OOF; recomputed only after all-complete
GB1,G-Rank,19,3,T-DCG-192,0.06579007688845497,0.039987295876269306,0.0392969864541958,192,current-run measured OOF; recomputed only after all-complete
GB1,G-Rank,19,4,G-Rank,0.05796126966123228,0.03648150408709491,0.03486204286316973,384,current-run measured OOF; recomputed only after all-complete
GB1,G-Rank,19,4,T-Uniform-96,0.04964694270381221,0.0244363855432581,0.025102397611251142,96,current-run measured OOF; recomputed only after all-complete
GB1,G-Rank,19,4,T-DCG-96,0.04589530418479771,0.022013362090426897,0.02275117525614683,96,current-run measured OOF; recomputed only after all-complete
GB1,G-Rank,19,4,T-DCG-192,0.057241904127122524,0.031770767945743766,0.03204322142564568,192,current-run measured OOF; recomputed only after all-complete
GB1,T-Uniform-96,19,1,G-Rank,0.1244529441550926,0.12562052408854166,0.10207871726993802,96,current-run measured OOF; recomputed only after all-complete
GB1,T-Uniform-96,19,1,T-Uniform-96,0.1244529441550926,0.12562052408854166,0.10207871726993802,96,current-run measured OOF; recomputed only after all-complete
GB1,T-Uniform-96,19,1,T-DCG-96,0.1337911146109291,0.12193467774609015,0.103376548920063,96,current-run measured OOF; recomputed only after all-complete
GB1,T-Uniform-96,19,1,T-DCG-192,0.1337911146109291,0.12193467774609015,0.103376548920063,96,current-run measured OOF; recomputed only after all-complete
GB1,T-Uniform-96,19,2,G-Rank,0.07422242341218172,0.060526529947916664,0.04982977639274355,192,current-run measured OOF; recomputed only after all-complete
GB1,T-Uniform-96,19,2,T-Uniform-96,0.06475194295247397,0.05431916978624132,0.040172062272124276,96,current-run measured OOF; recomputed only after all-complete
GB1,T-Uniform-96,19,2,T-DCG-96,0.076770334054448,0.047432023453759554,0.0411393388675188,96,current-run measured OOF; recomputed only after all-complete
GB1,T-Uniform-96,19,2,T-DCG-192,0.07953091956880656,0.05516186445574471,0.048441767372850046,192,current-run measured OOF; recomputed only after all-complete
GB1,T-Uniform-96,19,3,G-Rank,0.07150532286844136,0.04681187173139575,0.045489269617472336,288,current-run measured OOF; recomputed only after all-complete
GB1,T-Uniform-96,19,3,T-Uniform-96,0.08060486718950939,0.04080049491222994,0.04057531939632821,96,current-run measured OOF; recomputed only after all-complete
GB1,T-Uniform-96,19,3,T-DCG-96,0.06939486845722305,0.034647746035699804,0.03450466877929196,96,current-run measured OOF; recomputed only after all-complete
GB1,T-Uniform-96,19,3,T-DCG-192,0.06530946856889018,0.03947727206968422,0.03871358099514373,192,current-run measured OOF; recomputed only after all-complete
GB1,T-Uniform-96,19,4,G-Rank,0.06495244414718063,0.04032724874990958,0.04032724874990958,384,current-run measured OOF; recomputed only after all-complete
GB1,T-Uniform-96,19,4,T-Uniform-96,0.05730021441424334,0.025785234239366323,0.025785234239366323,96,current-run measured OOF; recomputed only after all-complete
GB1,T-Uniform-96,19,4,T-DCG-96,0.06017356357564499,0.022775662357728738,0.022775662357728738,96,current-run measured OOF; recomputed only after all-complete
GB1,T-Uniform-96,19,4,T-DCG-192,0.07169816196931698,0.03379017714439678,0.03379017714439678,192,current-run measured OOF; recomputed only after all-complete
GB1,T-DCG-96,19,1,G-Rank,0.1244529441550926,0.12562052408854166,0.10248705996437363,96,current-run measured OOF; recomputed only after all-complete
GB1,T-DCG-96,19,1,T-Uniform-96,0.1244529441550926,0.12562052408854166,0.10248705996437363,96,current-run measured OOF; recomputed only after all-complete
GB1,T-DCG-96,19,1,T-DCG-96,0.1337911146109291,0.12193467774609015,0.10293954043066493,96,current-run measured OOF; recomputed only after all-complete
GB1,T-DCG-96,19,1,T-DCG-192,0.1337911146109291,0.12193467774609015,0.10293954043066493,96,current-run measured OOF; recomputed only after all-complete
GB1,T-DCG-96,19,2,G-Rank,0.06650684497974536,0.06569459703233506,0.05038186623350932,192,current-run measured OOF; recomputed only after all-complete
GB1,T-DCG-96,19,2,T-Uniform-96,0.06818397923519737,0.06270844755116958,0.047909013995070686,95,current-run measured OOF; recomputed only after all-complete
GB1,T-DCG-96,19,2,T-DCG-96,0.08134492072921108,0.06656733337521675,0.057405649405348966,95,current-run measured OOF; recomputed only after all-complete
GB1,T-DCG-96,19,2,T-DCG-192,0.07498612227919718,0.06756062732549595,0.055687752446437554,192,current-run measured OOF; recomputed only after all-complete
GB1,T-DCG-96,19,3,G-Rank,0.06566250438716349,0.045860280061781986,0.045073504319314506,288,current-run measured OOF; recomputed only after all-complete
GB1,T-DCG-96,19,3,T-Uniform-96,0.07315245577337319,0.041153268068415634,0.0410626079274564,96,current-run measured OOF; recomputed only after all-complete
GB1,T-DCG-96,19,3,T-DCG-96,0.06332068826594935,0.03381052160584279,0.03377057758238256,96,current-run measured OOF; recomputed only after all-complete
GB1,T-DCG-96,19,3,T-DCG-192,0.060098543040378344,0.03982549339675763,0.039261633034150964,192,current-run measured OOF; recomputed only after all-complete
GB1,T-DCG-96,19,4,G-Rank,0.05761699323300962,0.04053124675044307,0.04040214341849328,384,current-run measured OOF; recomputed only after all-complete
GB1,T-DCG-96,19,4,T-Uniform-96,0.04847009093673141,0.023347501401548034,0.02332487581846752,96,current-run measured OOF; recomputed only after all-complete
GB1,T-DCG-96,19,4,T-DCG-96,0.049649550121115826,0.02069757148704006,0.020696548359165415,96,current-run measured OOF; recomputed only after all-complete
GB1,T-DCG-96,19,4,T-DCG-192,0.05375833475623563,0.03020686690985515,0.030164006993320683,192,current-run measured OOF; recomputed only after all-complete
GB1,T-DCG-192,19,1,G-Rank,0.1244529441550926,0.12562052408854166,0.10248705996437363,96,current-run measured OOF; recomputed only after all-complete
GB1,T-DCG-192,19,1,T-Uniform-96,0.1244529441550926,0.12562052408854166,0.10248705996437363,96,current-run measured OOF; recomputed only after all-complete
GB1,T-DCG-192,19,1,T-DCG-96,0.1337911146109291,0.12193467774609015,0.10293954043066493,96,current-run measured OOF; recomputed only after all-complete
GB1,T-DCG-192,19,1,T-DCG-192,0.1337911146109291,0.12193467774609015,0.10293954043066493,96,current-run measured OOF; recomputed only after all-complete
GB1,T-DCG-192,19,2,G-Rank,0.06650684497974536,0.06569459703233506,0.04974586301972247,192,current-run measured OOF; recomputed only after all-complete
GB1,T-DCG-192,19,2,T-Uniform-96,0.06818397923519737,0.06270844755116958,0.04748897490308821,95,current-run measured OOF; recomputed only after all-complete
GB1,T-DCG-192,19,2,T-DCG-96,0.08134492072921108,0.06656733337521675,0.05761819242214753,95,current-run measured OOF; recomputed only after all-complete
GB1,T-DCG-192,19,2,T-DCG-192,0.07498612227919718,0.06756062732549595,0.05547662646720193,192,current-run measured OOF; recomputed only after all-complete
GB1,T-DCG-192,19,3,G-Rank,0.06478258088455933,0.04570275242600094,0.04281119764668086,288,current-run measured OOF; recomputed only after all-complete
GB1,T-DCG-192,19,3,T-Uniform-96,0.0741251250843943,0.03909904574170525,0.04002628679003268,96,current-run measured OOF; recomputed only after all-complete
GB1,T-DCG-192,19,3,T-DCG-96,0.06299445038157321,0.03217147876022908,0.03320437642884167,96,current-run measured OOF; recomputed only after all-complete
GB1,T-DCG-192,19,3,T-DCG-192,0.05924730797320865,0.03704436699871694,0.03544272117428517,192,current-run measured OOF; recomputed only after all-complete
GB1,T-DCG-192,19,4,G-Rank,0.04920040236579048,0.03435564041137695,0.03161733622673467,384,current-run measured OOF; recomputed only after all-complete
GB1,T-DCG-192,19,4,T-Uniform-96,0.04192664888170031,0.025077325326425055,0.023939517115545955,96,current-run measured OOF; recomputed only after all-complete
GB1,T-DCG-192,19,4,T-DCG-96,0.04188811422859178,0.02158309094718415,0.020959809941163598,96,current-run measured OOF; recomputed only after all-complete
GB1,T-DCG-192,19,4,T-DCG-192,0.04909184778260231,0.028782156563926315,0.027402318412948882,192,current-run measured OOF; recomputed only after all-complete
GB1,G-Rank,20,1,G-Rank,0.15998105649594907,0.14424528899016203,0.12534854365462908,96,current-run measured OOF; recomputed only after all-complete
GB1,G-Rank,20,1,T-Uniform-96,0.15998105649594907,0.14424528899016203,0.12534854365462908,96,current-run measured OOF; recomputed only after all-complete
GB1,G-Rank,20,1,T-DCG-96,0.1681629918529689,0.14584009370624132,0.13058321737734255,96,current-run measured OOF; recomputed only after all-complete
GB1,G-Rank,20,1,T-DCG-192,0.1681629918529689,0.14584009370624132,0.13058321737734255,96,current-run measured OOF; recomputed only after all-complete
GB1,G-Rank,20,2,G-Rank,0.0634413825141059,0.04742516411675348,0.04228222595852057,192,current-run measured OOF; recomputed only after all-complete
GB1,G-Rank,20,2,T-Uniform-96,0.057449411462854455,0.03678328902633102,0.03469058591182595,96,current-run measured OOF; recomputed only after all-complete
GB1,G-Rank,20,2,T-DCG-96,0.0497954690171351,0.032748009098672246,0.030595662945635455,96,current-run measured OOF; recomputed only after all-complete
GB1,G-Rank,20,2,T-DCG-192,0.057639789153464564,0.0429060716766735,0.03832675054577566,192,current-run measured OOF; recomputed only after all-complete
GB1,G-Rank,20,3,G-Rank,0.04624080788778507,0.03601327485344864,0.030851361907712045,288,current-run measured OOF; recomputed only after all-complete
GB1,G-Rank,20,3,T-Uniform-96,0.033749521514515816,0.02241823800797325,0.02151098002906641,96,current-run measured OOF; recomputed only after all-complete
GB1,G-Rank,20,3,T-DCG-96,0.03406900386932366,0.020818434957487048,0.02085720771170423,96,current-run measured OOF; recomputed only after all-complete
GB1,G-Rank,20,3,T-DCG-192,0.04152389374473836,0.02797221420792339,0.025388382798230257,192,current-run measured OOF; recomputed only after all-complete
GB1,G-Rank,20,4,G-Rank,0.04032173863163701,0.028508248152556245,0.023317717822368383,384,current-run measured OOF; recomputed only after all-complete
GB1,G-Rank,20,4,T-Uniform-96,0.050001550603795936,0.017578266285083913,0.018466214134009118,96,current-run measured OOF; recomputed only after all-complete
GB1,G-Rank,20,4,T-DCG-96,0.054278500120017864,0.014686400344586204,0.017624070858605182,96,current-run measured OOF; recomputed only after all-complete
GB1,G-Rank,20,4,T-DCG-192,0.049636527764956764,0.01885270328463158,0.019525162098244227,192,current-run measured OOF; recomputed only after all-complete
GB1,T-Uniform-96,20,1,G-Rank,0.15998105649594907,0.14424528899016203,0.12534854365462908,96,current-run measured OOF; recomputed only after all-complete
GB1,T-Uniform-96,20,1,T-Uniform-96,0.15998105649594907,0.14424528899016203,0.12534854365462908,96,current-run measured OOF; recomputed only after all-complete
GB1,T-Uniform-96,20,1,T-DCG-96,0.1681629918529689,0.14584009370624132,0.13058321737734255,96,current-run measured OOF; recomputed only after all-complete
GB1,T-Uniform-96,20,1,T-DCG-192,0.1681629918529689,0.14584009370624132,0.13058321737734255,96,current-run measured OOF; recomputed only after all-complete
GB1,T-Uniform-96,20,2,G-Rank,0.0634413825141059,0.04742516411675348,0.04263521414894145,192,current-run measured OOF; recomputed only after all-complete
GB1,T-Uniform-96,20,2,T-Uniform-96,0.057449411462854455,0.03678328902633102,0.03438885487777339,96,current-run measured OOF; recomputed only after all-complete
GB1,T-Uniform-96,20,2,T-DCG-96,0.0497954690171351,0.032748009098672246,0.030417775929127908,96,current-run measured OOF; recomputed only after all-complete
GB1,T-Uniform-96,20,2,T-DCG-192,0.057639789153464564,0.0429060716766735,0.0386261747621484,192,current-run measured OOF; recomputed only after all-complete
GB1,T-Uniform-96,20,3,G-Rank,0.050343517413355195,0.03844511557998972,0.033355719386956854,288,current-run measured OOF; recomputed only after all-complete
GB1,T-Uniform-96,20,3,T-Uniform-96,0.03991043028026942,0.02165919174382716,0.020306833864729992,96,current-run measured OOF; recomputed only after all-complete
GB1,T-Uniform-96,20,3,T-DCG-96,0.03817060720184321,0.019147083565580723,0.018491229791960894,96,current-run measured OOF; recomputed only after all-complete
GB1,T-Uniform-96,20,3,T-DCG-192,0.04185889560878411,0.028857228024141816,0.024960759268561408,192,current-run measured OOF; recomputed only after all-complete
GB1,T-Uniform-96,20,4,G-Rank,0.042474437642980506,0.02734897754810475,0.023987472835401976,384,current-run measured OOF; recomputed only after all-complete
GB1,T-Uniform-96,20,4,T-Uniform-96,0.043009528407344115,0.02261698687518085,0.021024915253638015,96,current-run measured OOF; recomputed only after all-complete
GB1,T-Uniform-96,20,4,T-DCG-96,0.044409496296905965,0.019489684864553585,0.01894528550986398,96,current-run measured OOF; recomputed only after all-complete
GB1,T-Uniform-96,20,4,T-DCG-192,0.04587395170124048,0.021225504753431653,0.020025102930441283,192,current-run measured OOF; recomputed only after all-complete
GB1,T-DCG-96,20,1,G-Rank,0.15998105649594907,0.14424528899016203,0.12547741367257,96,current-run measured OOF; recomputed only after all-complete
GB1,T-DCG-96,20,1,T-Uniform-96,0.15998105649594907,0.14424528899016203,0.12547741367257,96,current-run measured OOF; recomputed only after all-complete
GB1,T-DCG-96,20,1,T-DCG-96,0.1681629918529689,0.14584009370624132,0.13045858561074677,96,current-run measured OOF; recomputed only after all-complete
GB1,T-DCG-96,20,1,T-DCG-192,0.1681629918529689,0.14584009370624132,0.13045858561074677,96,current-run measured OOF; recomputed only after all-complete
GB1,T-DCG-96,20,2,G-Rank,0.05696275499131945,0.05104983294451678,0.04174656231808832,192,current-run measured OOF; recomputed only after all-complete
GB1,T-DCG-96,20,2,T-Uniform-96,0.04994717350712529,0.037203188295717594,0.031711368547960174,96,current-run measured OOF; recomputed only after all-complete
GB1,T-DCG-96,20,2,T-DCG-96,0.04533983093608315,0.0321398549313396,0.028520353654812643,96,current-run measured OOF; recomputed only after all-complete
GB1,T-DCG-96,20,2,T-DCG-192,0.052798173255564754,0.044973658963079526,0.03768096532336839,192,current-run measured OOF; recomputed only after all-complete
GB1,T-DCG-96,20,3,G-Rank,0.044186229731974454,0.037149772068437066,0.03558290940576088,288,current-run measured OOF; recomputed only after all-complete
GB1,T-DCG-96,20,3,T-Uniform-96,0.03305650247958462,0.023850554791988166,0.023382656992833723,96,current-run measured OOF; recomputed only after all-complete
GB1,T-DCG-96,20,3,T-DCG-96,0.04909978357796712,0.032356406748335995,0.03230190893745862,96,current-run measured OOF; recomputed only after all-complete
GB1,T-DCG-96,20,3,T-DCG-192,0.04971112587143324,0.036566718518195616,0.03568091026218066,192,current-run measured OOF; recomputed only after all-complete
GB1,T-DCG-96,20,4,G-Rank,0.045273904447202334,0.026663409339057077,0.026663409339057077,384,current-run measured OOF; recomputed only after all-complete
GB1,T-DCG-96,20,4,T-Uniform-96,0.04906216374150029,0.018496054190176508,0.018496054190176508,96,current-run measured OOF; recomputed only after all-complete
GB1,T-DCG-96,20,4,T-DCG-96,0.07737615696711857,0.028467844524560915,0.028467844524560915,96,current-run measured OOF; recomputed only after all-complete
GB1,T-DCG-96,20,4,T-DCG-192,0.06658302729239333,0.02557725855304836,0.02557725855304836,192,current-run measured OOF; recomputed only after all-complete
GB1,T-DCG-192,20,1,G-Rank,0.15998105649594907,0.14424528899016203,0.12547741367257,96,current-run measured OOF; recomputed only after all-complete
GB1,T-DCG-192,20,1,T-Uniform-96,0.15998105649594907,0.14424528899016203,0.12547741367257,96,current-run measured OOF; recomputed only after all-complete
GB1,T-DCG-192,20,1,T-DCG-96,0.1681629918529689,0.14584009370624132,0.13045858561074677,96,current-run measured OOF; recomputed only after all-complete
GB1,T-DCG-192,20,1,T-DCG-192,0.1681629918529689,0.14584009370624132,0.13045858561074677,96,current-run measured OOF; recomputed only after all-complete
GB1,T-DCG-192,20,2,G-Rank,0.05696275499131945,0.05104983294451678,0.040973421266229944,192,current-run measured OOF; recomputed only after all-complete
GB1,T-DCG-192,20,2,T-Uniform-96,0.04994717350712529,0.037203188295717594,0.03179499370570422,96,current-run measured OOF; recomputed only after all-complete
GB1,T-DCG-192,20,2,T-DCG-96,0.04533983093608315,0.0321398549313396,0.02885563323749515,96,current-run measured OOF; recomputed only after all-complete
GB1,T-DCG-192,20,2,T-DCG-192,0.052798173255564754,0.044973658963079526,0.03726104290990612,192,current-run measured OOF; recomputed only after all-complete
GB1,T-DCG-192,20,3,G-Rank,0.040791829427083336,0.03618087035965364,0.03056938328506428,288,current-run measured OOF; recomputed only after all-complete
GB1,T-DCG-192,20,3,T-Uniform-96,0.029910868577996397,0.02150610150623714,0.02015764541248018,96,current-run measured OOF; recomputed only after all-complete
GB1,T-DCG-192,20,3,T-DCG-96,0.036074450736840305,0.021939640302229547,0.022040995514489438,96,current-run measured OOF; recomputed only after all-complete
GB1,T-DCG-192,20,3,T-DCG-192,0.041979844102934906,0.029388839511163497,0.02704657089644897,192,current-run measured OOF; recomputed only after all-complete
GB1,T-DCG-192,20,4,G-Rank,0.039896249771118164,0.025499661763509113,0.023077069979779156,384,current-run measured OOF; recomputed only after all-complete
GB1,T-DCG-192,20,4,T-Uniform-96,0.044860380667227286,0.01751723112883391,0.01647558947244897,96,current-run measured OOF; recomputed only after all-complete
GB1,T-DCG-192,20,4,T-DCG-96,0.05688288245073353,0.018118309876662582,0.01787349599377066,96,current-run measured OOF; recomputed only after all-complete
GB1,T-DCG-192,20,4,T-DCG-192,0.05211319985443173,0.01909396759449484,0.018536935179221205,192,current-run measured OOF; recomputed only after all-complete
GB1,G-Rank,21,1,G-Rank,0.15951368543836805,0.17098094798900462,0.1437847713328867,96,current-run measured OOF; recomputed only after all-complete
GB1,G-Rank,21,1,T-Uniform-96,0.15951368543836805,0.17098094798900462,0.1437847713328867,96,current-run measured OOF; recomputed only after all-complete
GB1,G-Rank,21,1,T-DCG-96,0.20941404039369824,0.1994074637089825,0.1848811983073591,96,current-run measured OOF; recomputed only after all-complete
GB1,G-Rank,21,1,T-DCG-192,0.20941404039369824,0.1994074637089825,0.1848811983073591,96,current-run measured OOF; recomputed only after all-complete
GB1,G-Rank,21,2,G-Rank,0.06121508280436198,0.050075954861111105,0.04606884508443637,192,current-run measured OOF; recomputed only after all-complete
GB1,G-Rank,21,2,T-Uniform-96,0.06371399208351418,0.04577664975766782,0.045718906029271554,96,current-run measured OOF; recomputed only after all-complete
GB1,G-Rank,21,2,T-DCG-96,0.054176322132695354,0.041115331499612634,0.0401570438917706,96,current-run measured OOF; recomputed only after all-complete
GB1,G-Rank,21,2,T-DCG-192,0.05601168263414255,0.04649927336255181,0.04271967578802147,192,current-run measured OOF; recomputed only after all-complete
GB1,G-Rank,21,3,G-Rank,0.05253563398196373,0.03420622816465192,0.03237769196197049,288,current-run measured OOF; recomputed only after all-complete
GB1,G-Rank,21,3,T-Uniform-96,0.03719395767023534,0.02702061531475052,0.023654224029469397,96,current-run measured OOF; recomputed only after all-complete
GB1,G-Rank,21,3,T-DCG-96,0.03866720361572133,0.025291526039814,0.023002992163071598,96,current-run measured OOF; recomputed only after all-complete
GB1,G-Rank,21,3,T-DCG-192,0.050610680608722945,0.03190372994856099,0.03043599066211456,192,current-run measured OOF; recomputed only after all-complete
GB1,G-Rank,21,4,G-Rank,0.0554373440919099,0.03149323993259006,0.029258822284167773,384,current-run measured OOF; recomputed only after all-complete
GB1,G-Rank,21,4,T-Uniform-96,0.06457335860640914,0.028119051897967304,0.027384731875967436,96,current-run measured OOF; recomputed only after all-complete
GB1,G-Rank,21,4,T-DCG-96,0.07981793159558205,0.02848895594340485,0.030665598774737183,96,current-run measured OOF; recomputed only after all-complete
GB1,G-Rank,21,4,T-DCG-192,0.06809235983014494,0.031192994890833752,0.03064180765978124,192,current-run measured OOF; recomputed only after all-complete
GB1,T-Uniform-96,21,1,G-Rank,0.15951368543836805,0.17098094798900462,0.1437847713328867,96,current-run measured OOF; recomputed only after all-complete
GB1,T-Uniform-96,21,1,T-Uniform-96,0.15951368543836805,0.17098094798900462,0.1437847713328867,96,current-run measured OOF; recomputed only after all-complete
GB1,T-Uniform-96,21,1,T-DCG-96,0.20941404039369824,0.1994074637089825,0.1848811983073591,96,current-run measured OOF; recomputed only after all-complete
GB1,T-Uniform-96,21,1,T-DCG-192,0.20941404039369824,0.1994074637089825,0.1848811983073591,96,current-run measured OOF; recomputed only after all-complete
GB1,T-Uniform-96,21,2,G-Rank,0.06121508280436198,0.050075954861111105,0.04703438400166418,192,current-run measured OOF; recomputed only after all-complete
GB1,T-Uniform-96,21,2,T-Uniform-96,0.06371399208351418,0.04577664975766782,0.0449566653347615,96,current-run measured OOF; recomputed only after all-complete
GB1,T-Uniform-96,21,2,T-DCG-96,0.054176322132695354,0.041115331499612634,0.039934001233017775,96,current-run measured OOF; recomputed only after all-complete
GB1,T-Uniform-96,21,2,T-DCG-192,0.05601168263414255,0.04649927336255181,0.043673805065829116,192,current-run measured OOF; recomputed only after all-complete
GB1,T-Uniform-96,21,3,G-Rank,0.05355889381858711,0.035961135424704214,0.034903653208997715,288,current-run measured OOF; recomputed only after all-complete
GB1,T-Uniform-96,21,3,T-Uniform-96,0.03757448549623842,0.027872470180684162,0.024564459902562424,96,current-run measured OOF; recomputed only after all-complete
GB1,T-Uniform-96,21,3,T-DCG-96,0.039308453662216664,0.02637873378966306,0.02429022432994749,96,current-run measured OOF; recomputed only after all-complete
GB1,T-Uniform-96,21,3,T-DCG-192,0.05267428631472694,0.03223333771646421,0.03236915057278151,192,current-run measured OOF; recomputed only after all-complete
GB1,T-Uniform-96,21,4,G-Rank,0.0598394164332637,0.028520901997884113,0.02753360362173427,384,current-run measured OOF; recomputed only after all-complete
GB1,T-Uniform-96,21,4,T-Uniform-96,0.058930909192120594,0.024271576492874713,0.022568557650540222,96,current-run measured OOF; recomputed only after all-complete
GB1,T-Uniform-96,21,4,T-DCG-96,0.06875732103914375,0.027211104257043657,0.02688324308742142,96,current-run measured OOF; recomputed only after all-complete
GB1,T-Uniform-96,21,4,T-DCG-192,0.06221041831493348,0.02777871109934024,0.026612052108647907,192,current-run measured OOF; recomputed only after all-complete
GB1,T-DCG-96,21,1,G-Rank,0.15951368543836805,0.17098094798900462,0.1451823947063308,96,current-run measured OOF; recomputed only after all-complete
GB1,T-DCG-96,21,1,T-Uniform-96,0.15951368543836805,0.17098094798900462,0.1451823947063308,96,current-run measured OOF; recomputed only after all-complete
GB1,T-DCG-96,21,1,T-DCG-96,0.20941404039369824,0.1994074637089825,0.1835154896963352,96,current-run measured OOF; recomputed only after all-complete
GB1,T-DCG-96,21,1,T-DCG-192,0.20941404039369824,0.1994074637089825,0.1835154896963352,96,current-run measured OOF; recomputed only after all-complete
GB1,T-DCG-96,21,2,G-Rank,0.05914490311234085,0.05221289175528066,0.04769967890659093,192,current-run measured OOF; recomputed only after all-complete
GB1,T-DCG-96,21,2,T-Uniform-96,0.05730374654134115,0.04760092276114005,0.046306429009174234,96,current-run measured OOF; recomputed only after all-complete
GB1,T-DCG-96,21,2,T-DCG-96,0.05026211116586922,0.043638221781968835,0.041845092074388794,96,current-run measured OOF; recomputed only after all-complete
GB1,T-DCG-96,21,2,T-DCG-192,0.05471365854538486,0.04898254002589288,0.04485956474402395,192,current-run measured OOF; recomputed only after all-complete
GB1,T-DCG-96,21,3,G-Rank,0.05366947294426225,0.03376131620263203,0.03264722125695743,288,current-run measured OOF; recomputed only after all-complete
GB1,T-DCG-96,21,3,T-Uniform-96,0.04213573314525463,0.025873631606867283,0.02411055869667847,96,current-run measured OOF; recomputed only after all-complete
GB1,T-DCG-96,21,3,T-DCG-96,0.040960935060655464,0.023385721219473188,0.02226657926206179,96,current-run measured OOF; recomputed only after all-complete
GB1,T-DCG-96,21,3,T-DCG-192,0.05236210339414708,0.029441470129013016,0.029103638504249445,192,current-run measured OOF; recomputed only after all-complete
GB1,T-DCG-96,21,4,G-Rank,0.054667013662832754,0.028892093234592017,0.028892093234592017,384,current-run measured OOF; recomputed only after all-complete
GB1,T-DCG-96,21,4,T-Uniform-96,0.04402821152298538,0.018798969410083913,0.018798969410083913,96,current-run measured OOF; recomputed only after all-complete
GB1,T-DCG-96,21,4,T-DCG-96,0.05524579738710515,0.020800080251195587,0.020800080251195587,96,current-run measured OOF; recomputed only after all-complete
GB1,T-DCG-96,21,4,T-DCG-192,0.0561988099388433,0.026679504265456917,0.026679504265456917,192,current-run measured OOF; recomputed only after all-complete
GB1,T-DCG-192,21,1,G-Rank,0.15951368543836805,0.17098094798900462,0.1451823947063308,96,current-run measured OOF; recomputed only after all-complete
GB1,T-DCG-192,21,1,T-Uniform-96,0.15951368543836805,0.17098094798900462,0.1451823947063308,96,current-run measured OOF; recomputed only after all-complete
GB1,T-DCG-192,21,1,T-DCG-96,0.20941404039369824,0.1994074637089825,0.1835154896963352,96,current-run measured OOF; recomputed only after all-complete
GB1,T-DCG-192,21,1,T-DCG-192,0.20941404039369824,0.1994074637089825,0.1835154896963352,96,current-run measured OOF; recomputed only after all-complete
GB1,T-DCG-192,21,2,G-Rank,0.05914490311234085,0.05221289175528066,0.047538483012000386,192,current-run measured OOF; recomputed only after all-complete
GB1,T-DCG-192,21,2,T-Uniform-96,0.05730374654134115,0.04760092276114005,0.046616354513598746,96,current-run measured OOF; recomputed only after all-complete
GB1,T-DCG-192,21,2,T-DCG-96,0.05026211116586922,0.043638221781968835,0.0419597038371605,96,current-run measured OOF; recomputed only after all-complete
GB1,T-DCG-192,21,2,T-DCG-192,0.05471365854538486,0.04898254002589288,0.0446845365648604,192,current-run measured OOF; recomputed only after all-complete
GB1,T-DCG-192,21,3,G-Rank,0.05607322410300925,0.033607639893582814,0.03250811408588008,288,current-run measured OOF; recomputed only after all-complete
GB1,T-DCG-192,21,3,T-Uniform-96,0.042073096758053624,0.026597136823238166,0.024362210030929112,96,current-run measured OOF; recomputed only after all-complete
GB1,T-DCG-192,21,3,T-DCG-96,0.04575516460263509,0.022325446885236255,0.02066680516272637,96,current-run measured OOF; recomputed only after all-complete
GB1,T-DCG-192,21,3,T-DCG-192,0.05786980019817803,0.02779135448765824,0.027099465661965152,192,current-run measured OOF; recomputed only after all-complete
GB1,T-DCG-192,21,4,G-Rank,0.05474890602959528,0.031007660759819877,0.03063186340113937,384,current-run measured OOF; recomputed only after all-complete
GB1,T-DCG-192,21,4,T-Uniform-96,0.04261493682861328,0.023338105943467885,0.022748944123275255,96,current-run measured OOF; recomputed only after all-complete
GB1,T-DCG-192,21,4,T-DCG-96,0.044801052257957066,0.020681582169032507,0.02048151864103676,96,current-run measured OOF; recomputed only after all-complete
GB1,T-DCG-192,21,4,T-DCG-192,0.05051141535932729,0.02749211881264737,0.026941556279416242,192,current-run measured OOF; recomputed only after all-complete
GB1,G-Rank,22,1,G-Rank,0.12436478226273147,0.1255199291087963,0.10094245646907495,96,current-run measured OOF; recomputed only after all-complete
GB1,G-Rank,22,1,T-Uniform-96,0.12436478226273147,0.1255199291087963,0.10094245646907495,96,current-run measured OOF; recomputed only after all-complete
GB1,G-Rank,22,1,T-DCG-96,0.12888985666978622,0.11941671269471833,0.10220437482784646,96,current-run measured OOF; recomputed only after all-complete
GB1,G-Rank,22,1,T-DCG-192,0.12888985666978622,0.11941671269471833,0.10220437482784646,96,current-run measured OOF; recomputed only after all-complete
GB1,G-Rank,22,2,G-Rank,0.050267113579644106,0.03194314462167245,0.030125317644812865,192,current-run measured OOF; recomputed only after all-complete
GB1,G-Rank,22,2,T-Uniform-96,0.03732843752260561,0.021617182978877315,0.020203588580295053,96,current-run measured OOF; recomputed only after all-complete
GB1,G-Rank,22,2,T-DCG-96,0.03417986475826538,0.019922281259309133,0.018638806239030654,96,current-run measured OOF; recomputed only after all-complete
GB1,G-Rank,22,2,T-DCG-192,0.04567139529185296,0.028996462527657727,0.02728644852490152,192,current-run measured OOF; recomputed only after all-complete
GB1,G-Rank,22,3,G-Rank,0.05387457702385545,0.03121642647783779,0.03065460686732059,288,current-run measured OOF; recomputed only after all-complete
GB1,G-Rank,22,3,T-Uniform-96,0.04465107858916859,0.015618218315972219,0.016886354815244347,96,current-run measured OOF; recomputed only after all-complete
GB1,G-Rank,22,3,T-DCG-96,0.03692296095475122,0.012928728633748722,0.013967632575809708,96,current-run measured OOF; recomputed only after all-complete
GB1,G-Rank,22,3,T-DCG-192,0.04591705752468971,0.022807989147000857,0.02300710468404505,192,current-run measured OOF; recomputed only after all-complete
GB1,G-Rank,22,4,G-Rank,0.06487817234463161,0.036107937494913735,0.03480223903081462,384,current-run measured OOF; recomputed only after all-complete
GB1,G-Rank,22,4,T-Uniform-96,0.04258191144024884,0.01614076119882089,0.015076952117811163,96,current-run measured OOF; recomputed only after all-complete
GB1,G-Rank,22,4,T-DCG-96,0.04209301051178192,0.014545775317954281,0.014022047988070526,96,current-run measured OOF; recomputed only after all-complete
GB1,G-Rank,22,4,T-DCG-192,0.04955458059253479,0.022615616931803632,0.021471023312709853,192,current-run measured OOF; recomputed only after all-complete
GB1,T-Uniform-96,22,1,G-Rank,0.12436478226273147,0.1255199291087963,0.10094245646907495,96,current-run measured OOF; recomputed only after all-complete
GB1,T-Uniform-96,22,1,T-Uniform-96,0.12436478226273147,0.1255199291087963,0.10094245646907495,96,current-run measured OOF; recomputed only after all-complete
GB1,T-Uniform-96,22,1,T-DCG-96,0.12888985666978622,0.11941671269471833,0.10220437482784646,96,current-run measured OOF; recomputed only after all-complete
GB1,T-Uniform-96,22,1,T-DCG-192,0.12888985666978622,0.11941671269471833,0.10220437482784646,96,current-run measured OOF; recomputed only after all-complete
GB1,T-Uniform-96,22,2,G-Rank,0.050267113579644106,0.03194314462167245,0.030127355980938842,192,current-run measured OOF; recomputed only after all-complete
GB1,T-Uniform-96,22,2,T-Uniform-96,0.03732843752260561,0.021617182978877315,0.020201889737165857,96,current-run measured OOF; recomputed only after all-complete
GB1,T-Uniform-96,22,2,T-DCG-96,0.03417986475826538,0.019922281259309133,0.01863728055565192,96,current-run measured OOF; recomputed only after all-complete
GB1,T-Uniform-96,22,2,T-DCG-192,0.04567139529185296,0.028996462527657727,0.027289628908297146,192,current-run measured OOF; recomputed only after all-complete
GB1,T-Uniform-96,22,3,G-Rank,0.05514735678422925,0.031123994636274008,0.031123994636274008,288,current-run measured OOF; recomputed only after all-complete
GB1,T-Uniform-96,22,3,T-Uniform-96,0.04550657547059864,0.015883457513503087,0.015883457513503087,96,current-run measured OOF; recomputed only after all-complete
GB1,T-Uniform-96,22,3,T-DCG-96,0.03752453601564828,0.013093446367718784,0.013093446367718784,96,current-run measured OOF; recomputed only after all-complete
GB1,T-Uniform-96,22,3,T-DCG-192,0.046942440002602344,0.023337792703649,0.023337792703649,192,current-run measured OOF; recomputed only after all-complete
GB1,T-Uniform-96,22,4,G-Rank,0.07432721279285572,0.033206551163284866,0.033206551163284866,384,current-run measured OOF; recomputed only after all-complete
GB1,T-Uniform-96,22,4,T-Uniform-96,0.047235471230966074,0.019735195018627028,0.019735195018627028,96,current-run measured OOF; recomputed only after all-complete
GB1,T-Uniform-96,22,4,T-DCG-96,0.044037681452772565,0.01796880408205084,0.01796880408205084,96,current-run measured OOF; recomputed only after all-complete
GB1,T-Uniform-96,22,4,T-DCG-192,0.0551892325283352,0.022404670838964087,0.022404670838964087,192,current-run measured OOF; recomputed only after all-complete
GB1,T-DCG-96,22,1,G-Rank,0.12436478226273147,0.1255199291087963,0.10128593149829536,96,current-run measured OOF; recomputed only after all-complete
GB1,T-DCG-96,22,1,T-Uniform-96,0.12436478226273147,0.1255199291087963,0.10128593149829536,96,current-run measured OOF; recomputed only after all-complete
GB1,T-DCG-96,22,1,T-DCG-96,0.12888985666978622,0.11941671269471833,0.1018893455402913,96,current-run measured OOF; recomputed only after all-complete
GB1,T-DCG-96,22,1,T-DCG-192,0.12888985666978622,0.11941671269471833,0.1018893455402913,96,current-run measured OOF; recomputed only after all-complete
GB1,T-DCG-96,22,2,G-Rank,0.053799523247612856,0.031185574001736115,0.031027001986133885,192,current-run measured OOF; recomputed only after all-complete
GB1,T-DCG-96,22,2,T-Uniform-96,0.03983144406919126,0.019785845721209495,0.019745705239757303,96,current-run measured OOF; recomputed only after all-complete
GB1,T-DCG-96,22,2,T-DCG-96,0.03751500520705483,0.01838267204043899,0.018363024819321512,96,current-run measured OOF; recomputed only after all-complete
GB1,T-DCG-96,22,2,T-DCG-192,0.04952908130797089,0.02806980421354271,0.02794712709781065,192,current-run measured OOF; recomputed only after all-complete
GB1,T-DCG-96,22,3,G-Rank,0.04798935208628044,0.026282521105270493,0.026282521105270493,288,current-run measured OOF; recomputed only after all-complete
GB1,T-DCG-96,22,3,T-Uniform-96,0.03676689995659722,0.01293380172164352,0.01293380172164352,96,current-run measured OOF; recomputed only after all-complete
GB1,T-DCG-96,22,3,T-DCG-96,0.03003888253648603,0.010859675158079781,0.010859675158079781,96,current-run measured OOF; recomputed only after all-complete
GB1,T-DCG-96,22,3,T-DCG-192,0.037647580107637114,0.01832517433340752,0.01832517433340752,192,current-run measured OOF; recomputed only after all-complete
GB1,T-DCG-96,22,4,G-Rank,0.06511589332863137,0.029443952772352438,0.029203782243733507,384,current-run measured OOF; recomputed only after all-complete
GB1,T-DCG-96,22,4,T-Uniform-96,0.043593000482629846,0.011210547553168401,0.01102711341557521,96,current-run measured OOF; recomputed only after all-complete
GB1,T-DCG-96,22,4,T-DCG-96,0.04284829259819989,0.01122865153764035,0.011112992623465422,96,current-run measured OOF; recomputed only after all-complete
GB1,T-DCG-96,22,4,T-DCG-192,0.04811648553524871,0.018603998978618193,0.018212465034760466,192,current-run measured OOF; recomputed only after all-complete
GB1,T-DCG-192,22,1,G-Rank,0.12436478226273147,0.1255199291087963,0.10128593149829536,96,current-run measured OOF; recomputed only after all-complete
GB1,T-DCG-192,22,1,T-Uniform-96,0.12436478226273147,0.1255199291087963,0.10128593149829536,96,current-run measured OOF; recomputed only after all-complete
GB1,T-DCG-192,22,1,T-DCG-96,0.12888985666978622,0.11941671269471833,0.1018893455402913,96,current-run measured OOF; recomputed only after all-complete
GB1,T-DCG-192,22,1,T-DCG-192,0.12888985666978622,0.11941671269471833,0.1018893455402913,96,current-run measured OOF; recomputed only after all-complete
GB1,T-DCG-192,22,2,G-Rank,0.053799523247612856,0.031185574001736115,0.030876836467673655,192,current-run measured OOF; recomputed only after all-complete
GB1,T-DCG-192,22,2,T-Uniform-96,0.03983144406919126,0.019785845721209495,0.019788073585007487,96,current-run measured OOF; recomputed only after all-complete
GB1,T-DCG-192,22,2,T-DCG-96,0.03751500520705483,0.01838267204043899,0.018436077533691874,96,current-run measured OOF; recomputed only after all-complete
GB1,T-DCG-192,22,2,T-DCG-192,0.04952908130797089,0.02806980421354271,0.027853204089238606,192,current-run measured OOF; recomputed only after all-complete
GB1,T-DCG-192,22,3,G-Rank,0.04937595529647847,0.03388556335198045,0.03247592461577091,288,current-run measured OOF; recomputed only after all-complete
GB1,T-DCG-192,22,3,T-Uniform-96,0.04402471471715857,0.017174238040123455,0.018420123005214558,96,current-run measured OOF; recomputed only after all-complete
GB1,T-DCG-192,22,3,T-DCG-96,0.0363898763801012,0.014963150241771089,0.01595251509893731,96,current-run measured OOF; recomputed only after all-complete
GB1,T-DCG-192,22,3,T-DCG-192,0.03893228123446698,0.02205315632216328,0.021614187711089652,192,current-run measured OOF; recomputed only after all-complete
GB1,T-DCG-192,22,4,G-Rank,0.05899904392383717,0.02978537700794361,0.02938961258292135,384,current-run measured OOF; recomputed only after all-complete
GB1,T-DCG-192,22,4,T-Uniform-96,0.04334735870361328,0.020652276498300058,0.019460129998364283,96,current-run measured OOF; recomputed only after all-complete
GB1,T-DCG-192,22,4,T-DCG-96,0.03995950354561454,0.01932599241955698,0.018213420812598396,96,current-run measured OOF; recomputed only after all-complete
GB1,T-DCG-192,22,4,T-DCG-192,0.043174897086442565,0.021788827149644276,0.020491187088611366,192,current-run measured OOF; recomputed only after all-complete
GB1,G-Rank,23,1,G-Rank,0.13072600188078706,0.1287830494068287,0.10505850797460359,96,current-run measured OOF; recomputed only after all-complete
GB1,G-Rank,23,1,T-Uniform-96,0.13072600188078706,0.1287830494068287,0.10505850797460359,96,current-run measured OOF; recomputed only after all-complete
GB1,G-Rank,23,1,T-DCG-96,0.126771895099681,0.12170289451150261,0.10183260652446609,96,current-run measured OOF; recomputed only after all-complete
GB1,G-Rank,23,1,T-DCG-192,0.126771895099681,0.12170289451150261,0.10183260652446609,96,current-run measured OOF; recomputed only after all-complete
GB1,G-Rank,23,2,G-Rank,0.06521761858904802,0.056278228759765625,0.04714475920939171,192,current-run measured OOF; recomputed only after all-complete
GB1,G-Rank,23,2,T-Uniform-96,0.06714778476291233,0.03982204861111111,0.03994464165787668,96,current-run measured OOF; recomputed only after all-complete
GB1,G-Rank,23,2,T-DCG-96,0.05884034622524598,0.033523776737646345,0.03459902170585268,96,current-run measured OOF; recomputed only after all-complete
GB1,G-Rank,23,2,T-DCG-192,0.060487062442813495,0.049069732269298914,0.042409756616773354,192,current-run measured OOF; recomputed only after all-complete
GB1,G-Rank,23,3,G-Rank,0.03982162998864027,0.027392603242348254,0.02496149111550375,288,current-run measured OOF; recomputed only after all-complete
GB1,G-Rank,23,3,T-Uniform-96,0.033385885105211545,0.013984083638760289,0.015257481913448704,96,current-run measured OOF; recomputed only after all-complete
GB1,G-Rank,23,3,T-DCG-96,0.031532676003212246,0.011521715406775417,0.012927175128087363,96,current-run measured OOF; recomputed only after all-complete
GB1,G-Rank,23,3,T-DCG-192,0.038153097396938236,0.018400585824706082,0.01873012609319281,192,current-run measured OOF; recomputed only after all-complete
GB1,G-Rank,23,4,G-Rank,0.04110451097841616,0.02566107997187862,0.023034973928159955,384,current-run measured OOF; recomputed only after all-complete
GB1,G-Rank,23,4,T-Uniform-96,0.03975827605636032,0.016225814819335938,0.015327303142913288,96,current-run measured OOF; recomputed only after all-complete
GB1,G-Rank,23,4,T-DCG-96,0.04565717989225049,0.015965976978640557,0.01644781606272976,96,current-run measured OOF; recomputed only after all-complete
GB1,G-Rank,23,4,T-DCG-192,0.044326229466531,0.018398565826987134,0.018297595606562266,192,current-run measured OOF; recomputed only after all-complete
GB1,T-Uniform-96,23,1,G-Rank,0.13072600188078706,0.1287830494068287,0.10505850797460359,96,current-run measured OOF; recomputed only after all-complete
GB1,T-Uniform-96,23,1,T-Uniform-96,0.13072600188078706,0.1287830494068287,0.10505850797460359,96,current-run measured OOF; recomputed only after all-complete
GB1,T-Uniform-96,23,1,T-DCG-96,0.126771895099681,0.12170289451150261,0.10183260652446609,96,current-run measured OOF; recomputed only after all-complete
GB1,T-Uniform-96,23,1,T-DCG-192,0.126771895099681,0.12170289451150261,0.10183260652446609,96,current-run measured OOF; recomputed only after all-complete
GB1,T-Uniform-96,23,2,G-Rank,0.06521761858904802,0.056278228759765625,0.04949878272178854,192,current-run measured OOF; recomputed only after all-complete
GB1,T-Uniform-96,23,2,T-Uniform-96,0.06714778476291233,0.03982204861111111,0.03788677050459884,96,current-run measured OOF; recomputed only after all-complete
GB1,T-Uniform-96,23,2,T-DCG-96,0.05884034622524598,0.033523776737646345,0.03237511323652555,96,current-run measured OOF; recomputed only after all-complete
GB1,T-Uniform-96,23,2,T-DCG-192,0.060487062442813495,0.049069732269298914,0.04376459565516982,192,current-run measured OOF; recomputed only after all-complete
GB1,T-Uniform-96,23,3,G-Rank,0.042743447386188266,0.03215221514917696,0.028792407367275077,288,current-run measured OOF; recomputed only after all-complete
GB1,T-Uniform-96,23,3,T-Uniform-96,0.03210314213003151,0.015678123191550927,0.015032904981006031,96,current-run measured OOF; recomputed only after all-complete
GB1,T-Uniform-96,23,3,T-DCG-96,0.02911949138807435,0.012924839222323046,0.012455726641288774,96,current-run measured OOF; recomputed only after all-complete
GB1,T-Uniform-96,23,3,T-DCG-192,0.03711680902460198,0.022145276042662483,0.020094239647663818,192,current-run measured OOF; recomputed only after all-complete
GB1,T-Uniform-96,23,4,G-Rank,0.04073256916469998,0.025839487711588543,0.024287561082128182,384,current-run measured OOF; recomputed only after all-complete
GB1,T-Uniform-96,23,4,T-Uniform-96,0.03622106269553856,0.012279439855504918,0.011775777681912814,96,current-run measured OOF; recomputed only after all-complete
GB1,T-Uniform-96,23,4,T-DCG-96,0.03839804760193099,0.010354108714587943,0.010232007464059811,96,current-run measured OOF; recomputed only after all-complete
GB1,T-Uniform-96,23,4,T-DCG-192,0.04117174772803715,0.014791791061685041,0.014460413442191835,192,current-run measured OOF; recomputed only after all-complete
GB1,T-DCG-96,23,1,G-Rank,0.13072600188078706,0.1287830494068287,0.10509228457952718,96,current-run measured OOF; recomputed only after all-complete
GB1,T-DCG-96,23,1,T-Uniform-96,0.13072600188078706,0.1287830494068287,0.10509228457952718,96,current-run measured OOF; recomputed only after all-complete
GB1,T-DCG-96,23,1,T-DCG-96,0.126771895099681,0.12170289451150261,0.10180200814391326,96,current-run measured OOF; recomputed only after all-complete
GB1,T-DCG-96,23,1,T-DCG-192,0.126771895099681,0.12170289451150261,0.10180200814391326,96,current-run measured OOF; recomputed only after all-complete
GB1,T-DCG-96,23,2,G-Rank,0.06521761858904802,0.056278228759765625,0.050218088254983806,192,current-run measured OOF; recomputed only after all-complete
GB1,T-DCG-96,23,2,T-Uniform-96,0.06714778476291233,0.03982204861111111,0.03792862440615236,96,current-run measured OOF; recomputed only after all-complete
GB1,T-DCG-96,23,2,T-DCG-96,0.05884034622524598,0.033523776737646345,0.03233992032266993,96,current-run measured OOF; recomputed only after all-complete
GB1,T-DCG-96,23,2,T-DCG-192,0.060487062442813495,0.049069732269298914,0.04429829536168661,192,current-run measured OOF; recomputed only after all-complete
GB1,T-DCG-96,23,3,G-Rank,0.04393968202776706,0.030934149345743314,0.029040438495548063,288,current-run measured OOF; recomputed only after all-complete
GB1,T-DCG-96,23,3,T-Uniform-96,0.028537546165686087,0.016367217640817902,0.0158729494914021,96,current-run measured OOF; recomputed only after all-complete
GB1,T-DCG-96,23,3,T-DCG-96,0.02626175953655903,0.01334894469563774,0.013003914059908386,96,current-run measured OOF; recomputed only after all-complete
GB1,T-DCG-96,23,3,T-DCG-192,0.036503865702657706,0.02232809182580775,0.02130381387831788,191,current-run measured OOF; recomputed only after all-complete
GB1,T-DCG-96,23,4,G-Rank,0.035401247165821215,0.02137736920957212,0.019434386967410962,384,current-run measured OOF; recomputed only after all-complete
GB1,T-DCG-96,23,4,T-Uniform-96,0.027069815882930046,0.010826817265263309,0.009092204218075241,96,current-run measured OOF; recomputed only after all-complete
GB1,T-DCG-96,23,4,T-DCG-96,0.029333794851514827,0.009021025562712264,0.00805555676125358,96,current-run measured OOF; recomputed only after all-complete
GB1,T-DCG-96,23,4,T-DCG-192,0.032868671656370245,0.012814776682991559,0.011626257953651308,192,current-run measured OOF; recomputed only after all-complete
GB1,T-DCG-192,23,1,G-Rank,0.13072600188078706,0.1287830494068287,0.10509228457952718,96,current-run measured OOF; recomputed only after all-complete
GB1,T-DCG-192,23,1,T-Uniform-96,0.13072600188078706,0.1287830494068287,0.10509228457952718,96,current-run measured OOF; recomputed only after all-complete
GB1,T-DCG-192,23,1,T-DCG-96,0.126771895099681,0.12170289451150261,0.10180200814391326,96,current-run measured OOF; recomputed only after all-complete
GB1,T-DCG-192,23,1,T-DCG-192,0.126771895099681,0.12170289451150261,0.10180200814391326,96,current-run measured OOF; recomputed only after all-complete
GB1,T-DCG-192,23,2,G-Rank,0.06521761858904802,0.056278228759765625,0.047217506644799206,192,current-run measured OOF; recomputed only after all-complete
GB1,T-DCG-192,23,2,T-Uniform-96,0.06714778476291233,0.03982204861111111,0.039284715165986764,96,current-run measured OOF; recomputed only after all-complete
GB1,T-DCG-192,23,2,T-DCG-96,0.05884034622524598,0.033523776737646345,0.033957359511859936,96,current-run measured OOF; recomputed only after all-complete
GB1,T-DCG-192,23,2,T-DCG-192,0.060487062442813495,0.049069732269298914,0.042345184767723525,192,current-run measured OOF; recomputed only after all-complete
GB1,T-DCG-192,23,3,G-Rank,0.04064426500610854,0.027725240657686043,0.025395705366971832,288,current-run measured OOF; recomputed only after all-complete
GB1,T-DCG-192,23,3,T-Uniform-96,0.03340714066116898,0.014052402826003086,0.01435626415134548,96,current-run measured OOF; recomputed only after all-complete
GB1,T-DCG-192,23,3,T-DCG-96,0.03163783847893972,0.01151352202350287,0.011865703770112307,96,current-run measured OOF; recomputed only after all-complete
GB1,T-DCG-192,23,3,T-DCG-192,0.03859393997079554,0.018960432534913512,0.018242367542488848,192,current-run measured OOF; recomputed only after all-complete
GB1,T-DCG-192,23,4,G-Rank,0.045331999107643406,0.026890728208753798,0.026226247964432316,384,current-run measured OOF; recomputed only after all-complete
GB1,T-DCG-192,23,4,T-Uniform-96,0.04324556280065465,0.018633524576822918,0.018381219181440773,96,current-run measured OOF; recomputed only after all-complete
GB1,T-DCG-192,23,4,T-DCG-96,0.04772578392832285,0.01785825362077369,0.017791670936864814,96,current-run measured OOF; recomputed only after all-complete
GB1,T-DCG-192,23,4,T-DCG-192,0.04667284003897379,0.018981291114003908,0.018903250916643355,192,current-run measured OOF; recomputed only after all-complete
PABP,G-Rank,0,1,G-Rank,0.07037183973524305,0.08710338451244214,0.05844475825968649,96,current-run measured OOF; recomputed only after all-complete
PABP,G-Rank,0,1,T-Uniform-96,0.07037183973524305,0.08710338451244214,0.05844475825968649,96,current-run measured OOF; recomputed only after all-complete
PABP,G-Rank,0,1,T-DCG-96,0.07407752394691051,0.09113555286078835,0.06362913848759363,96,current-run measured OOF; recomputed only after all-complete
PABP,G-Rank,0,1,T-DCG-192,0.07407752394691051,0.09113555286078835,0.06362913848759363,96,current-run measured OOF; recomputed only after all-complete
PABP,G-Rank,0,2,G-Rank,0.0808675554063585,0.07874615987141927,0.07048680343925984,192,current-run measured OOF; recomputed only after all-complete
PABP,G-Rank,0,2,T-Uniform-96,0.08826276991102432,0.09638694480613426,0.08294808588878795,96,current-run measured OOF; recomputed only after all-complete
PABP,G-Rank,0,2,T-DCG-96,0.10219871159012721,0.10575942816294309,0.09409898362779542,96,current-run measured OOF; recomputed only after all-complete
PABP,G-Rank,0,2,T-DCG-192,0.09132129421008936,0.08815793143740647,0.08003608687970111,192,current-run measured OOF; recomputed only after all-complete
PABP,G-Rank,0,3,G-Rank,0.08337193032514574,0.0703673395436814,0.06419864395762295,288,current-run measured OOF; recomputed only after all-complete
PABP,G-Rank,0,3,T-Uniform-96,0.10357653456950873,0.09905478395061729,0.0885063243585061,96,current-run measured OOF; recomputed only after all-complete
PABP,G-Rank,0,3,T-DCG-96,0.1188824723342093,0.10007016551736525,0.09429043907860121,96,current-run measured OOF; recomputed only after all-complete
PABP,G-Rank,0,3,T-DCG-192,0.09449661830830806,0.08237910749043612,0.07489797700978523,192,current-run measured OOF; recomputed only after all-complete
PABP,G-Rank,0,4,G-Rank,0.07382258662471065,0.06774155298868816,0.06266957494238438,384,current-run measured OOF; recomputed only after all-complete
PABP,G-Rank,0,4,T-Uniform-96,0.09599720990216291,0.0906473089147497,0.0870103207250847,96,current-run measured OOF; recomputed only after all-complete
PABP,G-Rank,0,4,T-DCG-96,0.09216622469718,0.08811664691510111,0.08460739688978687,96,current-run measured OOF; recomputed only after all-complete
PABP,G-Rank,0,4,T-DCG-192,0.07923439539948744,0.07776555417911761,0.07280949258541858,192,current-run measured OOF; recomputed only after all-complete
PABP,T-Uniform-96,0,1,G-Rank,0.07037183973524305,0.08710338451244214,0.05844475825968649,96,current-run measured OOF; recomputed only after all-complete
PABP,T-Uniform-96,0,1,T-Uniform-96,0.07037183973524305,0.08710338451244214,0.05844475825968649,96,current-run measured OOF; recomputed only after all-complete
PABP,T-Uniform-96,0,1,T-DCG-96,0.07407752394691051,0.09113555286078835,0.06362913848759363,96,current-run measured OOF; recomputed only after all-complete
PABP,T-Uniform-96,0,1,T-DCG-192,0.07407752394691051,0.09113555286078835,0.06362913848759363,96,current-run measured OOF; recomputed only after all-complete
PABP,T-Uniform-96,0,2,G-Rank,0.0808675554063585,0.07874615987141927,0.07115292077347062,192,current-run measured OOF; recomputed only after all-complete
PABP,T-Uniform-96,0,2,T-Uniform-96,0.08826276991102432,0.09638694480613426,0.08225684935013967,96,current-run measured OOF; recomputed only after all-complete
PABP,T-Uniform-96,0,2,T-DCG-96,0.10219871159012721,0.10575942816294309,0.0940341346589794,96,current-run measured OOF; recomputed only after all-complete
PABP,T-Uniform-96,0,2,T-DCG-192,0.09132129421008936,0.08815793143740647,0.0808563078682838,192,current-run measured OOF; recomputed only after all-complete
PABP,T-Uniform-96,0,3,G-Rank,0.0893687600134495,0.07382342386965235,0.06829452236203075,288,current-run measured OOF; recomputed only after all-complete
PABP,T-Uniform-96,0,3,T-Uniform-96,0.11013693475919495,0.09979122460133745,0.09251909394474633,96,current-run measured OOF; recomputed only after all-complete
PABP,T-Uniform-96,0,3,T-DCG-96,0.12373428951880687,0.10016274077549625,0.09661442077222537,96,current-run measured OOF; recomputed only after all-complete
PABP,T-Uniform-96,0,3,T-DCG-192,0.10094640220630118,0.08503833442863289,0.07766138547436612,192,current-run measured OOF; recomputed only after all-complete
PABP,T-Uniform-96,0,4,G-Rank,0.09205176212169507,0.08240748334814,0.07730679132732622,384,current-run measured OOF; recomputed only after all-complete
PABP,T-Uniform-96,0,4,T-Uniform-96,0.1107688479953342,0.11547865691008391,0.10295898911963508,96,current-run measured OOF; recomputed only after all-complete
PABP,T-Uniform-96,0,4,T-DCG-96,0.11525592667045584,0.1164655933189422,0.10695351391190401,96,current-run measured OOF; recomputed only after all-complete
PABP,T-Uniform-96,0,4,T-DCG-192,0.09619770542759473,0.09628005730596874,0.087676676656654,192,current-run measured OOF; recomputed only after all-complete
PABP,T-DCG-96,0,1,G-Rank,0.07037183973524305,0.08710338451244214,0.058453757046214784,96,current-run measured OOF; recomputed only after all-complete
PABP,T-DCG-96,0,1,T-Uniform-96,0.07037183973524305,0.08710338451244214,0.058453757046214784,96,current-run measured OOF; recomputed only after all-complete
PABP,T-DCG-96,0,1,T-DCG-96,0.07407752394691051,0.09113555286078835,0.0636207971133978,96,current-run measured OOF; recomputed only after all-complete
PABP,T-DCG-96,0,1,T-DCG-192,0.07407752394691051,0.09113555286078835,0.0636207971133978,96,current-run measured OOF; recomputed only after all-complete
PABP,T-DCG-96,0,2,G-Rank,0.08336321512858073,0.08203626562047887,0.07101074528113697,192,current-run measured OOF; recomputed only after all-complete
PABP,T-DCG-96,0,2,T-Uniform-96,0.09323967827690972,0.10083205611617478,0.08561904578261285,96,current-run measured OOF; recomputed only after all-complete
PABP,T-DCG-96,0,2,T-DCG-96,0.10561486880561087,0.11272285249098733,0.09741356370871308,96,current-run measured OOF; recomputed only after all-complete
PABP,T-DCG-96,0,2,T-DCG-192,0.09329836433809731,0.09316285245471545,0.0813662856353447,192,current-run measured OOF; recomputed only after all-complete
PABP,T-DCG-96,0,3,G-Rank,0.08426602419838819,0.0679727352859225,0.06403302516491621,288,current-run measured OOF; recomputed only after all-complete
PABP,T-DCG-96,0,3,T-Uniform-96,0.10648229779529965,0.09278304488570603,0.08873588453136706,96,current-run measured OOF; recomputed only after all-complete
PABP,T-DCG-96,0,3,T-DCG-96,0.11317807552224102,0.09225942791929591,0.09035917600237243,96,current-run measured OOF; recomputed only after all-complete
PABP,T-DCG-96,0,3,T-DCG-192,0.09224787809785888,0.07703751155908825,0.0730843362630564,192,current-run measured OOF; recomputed only after all-complete
PABP,T-DCG-96,0,4,G-Rank,0.0928545704594365,0.07668823666042753,0.07275378777821771,384,current-run measured OOF; recomputed only after all-complete
PABP,T-DCG-96,0,4,T-Uniform-96,0.1339422861735026,0.11379581027560763,0.11198906204996477,96,current-run measured OOF; recomputed only after all-complete
PABP,T-DCG-96,0,4,T-DCG-96,0.14979594914311778,0.12349633075459526,0.12267832797475524,96,current-run measured OOF; recomputed only after all-complete
PABP,T-DCG-96,0,4,T-DCG-192,0.11265119301152374,0.09419658409397251,0.09118450215688681,192,current-run measured OOF; recomputed only after all-complete
PABP,T-DCG-192,0,1,G-Rank,0.07037183973524305,0.08710338451244214,0.058453757046214784,96,current-run measured OOF; recomputed only after all-complete
PABP,T-DCG-192,0,1,T-Uniform-96,0.07037183973524305,0.08710338451244214,0.058453757046214784,96,current-run measured OOF; recomputed only after all-complete
PABP,T-DCG-192,0,1,T-DCG-96,0.07407752394691051,0.09113555286078835,0.0636207971133978,96,current-run measured OOF; recomputed only after all-complete
PABP,T-DCG-192,0,1,T-DCG-192,0.07407752394691051,0.09113555286078835,0.0636207971133978,96,current-run measured OOF; recomputed only after all-complete
PABP,T-DCG-192,0,2,G-Rank,0.08336321512858073,0.08203626562047887,0.07061684031538167,192,current-run measured OOF; recomputed only after all-complete
PABP,T-DCG-192,0,2,T-Uniform-96,0.09323967827690972,0.10083205611617478,0.08595147699642296,96,current-run measured OOF; recomputed only after all-complete
PABP,T-DCG-192,0,2,T-DCG-96,0.10561486880561087,0.11272285249098733,0.09769860555448841,96,current-run measured OOF; recomputed only after all-complete
PABP,T-DCG-192,0,2,T-DCG-192,0.09329836433809731,0.09316285245471545,0.08106420956818196,192,current-run measured OOF; recomputed only after all-complete
PABP,T-DCG-192,0,3,G-Rank,0.08498006854691788,0.06640859428583676,0.060815161060254114,288,current-run measured OOF; recomputed only after all-complete
PABP,T-DCG-192,0,3,T-Uniform-96,0.10934416845502186,0.09347402313609182,0.0884255608455034,96,current-run measured OOF; recomputed only after all-complete
PABP,T-DCG-192,0,3,T-DCG-96,0.11328908924239992,0.08981931782930161,0.08808358551385813,96,current-run measured OOF; recomputed only after all-complete
PABP,T-DCG-192,0,3,T-DCG-192,0.09208376814486373,0.07489685232944855,0.06981457485105805,192,current-run measured OOF; recomputed only after all-complete
PABP,T-DCG-192,0,4,G-Rank,0.08376506522849754,0.07259845733642578,0.06698620808771377,384,current-run measured OOF; recomputed only after all-complete
PABP,T-DCG-192,0,4,T-Uniform-96,0.1109518121790003,0.10427474975585938,0.09801967814253902,96,current-run measured OOF; recomputed only after all-complete
PABP,T-DCG-192,0,4,T-DCG-96,0.11671273270620586,0.1043892331848507,0.10055777843670467,96,current-run measured OOF; recomputed only after all-complete
PABP,T-DCG-192,0,4,T-DCG-192,0.09451360172467076,0.08249306921829161,0.07808132047396761,192,current-run measured OOF; recomputed only after all-complete
PABP,G-Rank,1,1,G-Rank,0.08606239601417824,0.07891224048755786,0.05824758163857698,96,current-run measured OOF; recomputed only after all-complete
PABP,G-Rank,1,1,T-Uniform-96,0.08606239601417824,0.07891224048755786,0.05824758163857698,96,current-run measured OOF; recomputed only after all-complete
PABP,G-Rank,1,1,T-DCG-96,0.08525014624716727,0.07479241543323938,0.05780743917734164,96,current-run measured OOF; recomputed only after all-complete
PABP,G-Rank,1,1,T-DCG-192,0.08525014624716727,0.07479241543323938,0.05780743917734164,96,current-run measured OOF; recomputed only after all-complete
PABP,G-Rank,1,2,G-Rank,0.05654186672634549,0.06599412141022859,0.05168173212864616,192,current-run measured OOF; recomputed only after all-complete
PABP,G-Rank,1,2,T-Uniform-96,0.054082517270688656,0.07686530219184028,0.0542996874593115,96,current-run measured OOF; recomputed only after all-complete
PABP,G-Rank,1,2,T-DCG-96,0.06318526799018787,0.08334103681266494,0.06205569767235415,96,current-run measured OOF; recomputed only after all-complete
PABP,G-Rank,1,2,T-DCG-192,0.06183915906871067,0.07231454741502692,0.05718653380740487,192,current-run measured OOF; recomputed only after all-complete
PABP,G-Rank,1,3,G-Rank,0.07339829181938014,0.07680106457368827,0.06429070516554607,288,current-run measured OOF; recomputed only after all-complete
PABP,G-Rank,1,3,T-Uniform-96,0.09249363024048353,0.0999867631574717,0.08230291492585318,96,current-run measured OOF; recomputed only after all-complete
PABP,G-Rank,1,3,T-DCG-96,0.11363454531774819,0.12045548825238234,0.1021130513122195,96,current-run measured OOF; recomputed only after all-complete
PABP,G-Rank,1,3,T-DCG-192,0.09156104541159689,0.10286310802769888,0.08390757638082558,192,current-run measured OOF; recomputed only after all-complete
PABP,G-Rank,1,4,G-Rank,0.0902365666848642,0.07789059038515445,0.07041809573839347,384,current-run measured OOF; recomputed only after all-complete
PABP,G-Rank,1,4,T-Uniform-96,0.12533306192468716,0.11035788500750505,0.1008631049821207,96,current-run measured OOF; recomputed only after all-complete
PABP,G-Rank,1,4,T-DCG-96,0.1397464128048131,0.10775242108948241,0.10505049594105828,96,current-run measured OOF; recomputed only after all-complete
PABP,G-Rank,1,4,T-DCG-192,0.10970646090610048,0.08653771954194868,0.08124694080568381,192,current-run measured OOF; recomputed only after all-complete
PABP,T-Uniform-96,1,1,G-Rank,0.08606239601417824,0.07891224048755786,0.05824758163857698,96,current-run measured OOF; recomputed only after all-complete
PABP,T-Uniform-96,1,1,T-Uniform-96,0.08606239601417824,0.07891224048755786,0.05824758163857698,96,current-run measured OOF; recomputed only after all-complete
PABP,T-Uniform-96,1,1,T-DCG-96,0.08525014624716727,0.07479241543323938,0.05780743917734164,96,current-run measured OOF; recomputed only after all-complete
PABP,T-Uniform-96,1,1,T-DCG-192,0.08525014624716727,0.07479241543323938,0.05780743917734164,96,current-run measured OOF; recomputed only after all-complete
PABP,T-Uniform-96,1,2,G-Rank,0.05654186672634549,0.06599412141022859,0.05301012775275398,192,current-run measured OOF; recomputed only after all-complete
PABP,T-Uniform-96,1,2,T-Uniform-96,0.054082517270688656,0.07686530219184028,0.052998250889538225,96,current-run measured OOF; recomputed only after all-complete
PABP,T-Uniform-96,1,2,T-DCG-96,0.06318526799018787,0.08334103681266494,0.0614031684379198,96,current-run measured OOF; recomputed only after all-complete
PABP,T-Uniform-96,1,2,T-DCG-192,0.06183915906871067,0.07231454741502692,0.05838184595394275,192,current-run measured OOF; recomputed only after all-complete
PABP,T-Uniform-96,1,3,G-Rank,0.07018528063110854,0.06821419672710906,0.060637792571248364,288,current-run measured OOF; recomputed only after all-complete
PABP,T-Uniform-96,1,3,T-Uniform-96,0.080645651483732,0.08864439662101338,0.07389112926727202,96,current-run measured OOF; recomputed only after all-complete
PABP,T-Uniform-96,1,3,T-DCG-96,0.09364690533283812,0.09524449265632307,0.08475025060767337,96,current-run measured OOF; recomputed only after all-complete
PABP,T-Uniform-96,1,3,T-DCG-192,0.08062049669411891,0.08020031562321177,0.07170080617163795,192,current-run measured OOF; recomputed only after all-complete
PABP,T-Uniform-96,1,4,G-Rank,0.08598794760527435,0.07787851051047996,0.06530445323487609,384,current-run measured OOF; recomputed only after all-complete
PABP,T-Uniform-96,1,4,T-Uniform-96,0.11697076868127894,0.11346428482620803,0.10064091526707979,96,current-run measured OOF; recomputed only after all-complete
PABP,T-Uniform-96,1,4,T-DCG-96,0.128320697295703,0.11696754671727339,0.108988291594523,96,current-run measured OOF; recomputed only after all-complete
PABP,T-Uniform-96,1,4,T-DCG-192,0.10009156184760448,0.09127579316881436,0.08159672414790753,192,current-run measured OOF; recomputed only after all-complete
PABP,T-DCG-96,1,1,G-Rank,0.08606239601417824,0.07891224048755786,0.058296347420494075,96,current-run measured OOF; recomputed only after all-complete
PABP,T-DCG-96,1,1,T-Uniform-96,0.08606239601417824,0.07891224048755786,0.058296347420494075,96,current-run measured OOF; recomputed only after all-complete
PABP,T-DCG-96,1,1,T-DCG-96,0.08525014624716727,0.07479241543323938,0.057763043611678465,96,current-run measured OOF; recomputed only after all-complete
PABP,T-DCG-96,1,1,T-DCG-192,0.08525014624716727,0.07479241543323938,0.057763043611678465,96,current-run measured OOF; recomputed only after all-complete
PABP,T-DCG-96,1,2,G-Rank,0.06052158496997975,0.06548168041087964,0.0540583760616871,192,current-run measured OOF; recomputed only after all-complete
PABP,T-DCG-96,1,2,T-Uniform-96,0.056300127947771984,0.07405711986400464,0.05500931789724726,96,current-run measured OOF; recomputed only after all-complete
PABP,T-DCG-96,1,2,T-DCG-96,0.06344236096811691,0.07740229327590073,0.06111267512922595,96,current-run measured OOF; recomputed only after all-complete
PABP,T-DCG-96,1,2,T-DCG-192,0.06438788964169269,0.06936267183885231,0.05826044168105177,192,current-run measured OOF; recomputed only after all-complete
PABP,T-DCG-96,1,3,G-Rank,0.07430933990269205,0.06344817989647633,0.05777294815504386,288,current-run measured OOF; recomputed only after all-complete
PABP,T-DCG-96,1,3,T-Uniform-96,0.08534360030060444,0.08681032785172327,0.07712602313863993,96,current-run measured OOF; recomputed only after all-complete
PABP,T-DCG-96,1,3,T-DCG-96,0.1008072092237315,0.0957496938113422,0.08720786729359165,96,current-run measured OOF; recomputed only after all-complete
PABP,T-DCG-96,1,3,T-DCG-192,0.08553467968120317,0.08055573221009613,0.07112245501029049,192,current-run measured OOF; recomputed only after all-complete
PABP,T-DCG-96,1,4,G-Rank,0.08403059288307473,0.08640109168158637,0.07246765138684307,384,current-run measured OOF; recomputed only after all-complete
PABP,T-DCG-96,1,4,T-Uniform-96,0.1141310797797309,0.13052170364945023,0.10560481631488454,96,current-run measured OOF; recomputed only after all-complete
PABP,T-DCG-96,1,4,T-DCG-96,0.1258568390521167,0.14140449866517377,0.11829335341831768,96,current-run measured OOF; recomputed only after all-complete
PABP,T-DCG-96,1,4,T-DCG-192,0.10184849476078699,0.109676474731305,0.09103142273184066,192,current-run measured OOF; recomputed only after all-complete
PABP,T-DCG-192,1,1,G-Rank,0.08606239601417824,0.07891224048755786,0.058296347420494075,96,current-run measured OOF; recomputed only after all-complete
PABP,T-DCG-192,1,1,T-Uniform-96,0.08606239601417824,0.07891224048755786,0.058296347420494075,96,current-run measured OOF; recomputed only after all-complete
PABP,T-DCG-192,1,1,T-DCG-96,0.08525014624716727,0.07479241543323938,0.057763043611678465,96,current-run measured OOF; recomputed only after all-complete
PABP,T-DCG-192,1,1,T-DCG-192,0.08525014624716727,0.07479241543323938,0.057763043611678465,96,current-run measured OOF; recomputed only after all-complete
PABP,T-DCG-192,1,2,G-Rank,0.06052158496997975,0.06548168041087964,0.05302120897857684,192,current-run measured OOF; recomputed only after all-complete
PABP,T-DCG-192,1,2,T-Uniform-96,0.056300127947771984,0.07405711986400464,0.05640132191184343,96,current-run measured OOF; recomputed only after all-complete
PABP,T-DCG-192,1,2,T-DCG-96,0.06344236096811691,0.07740229327590073,0.061899770251109924,96,current-run measured OOF; recomputed only after all-complete
PABP,T-DCG-192,1,2,T-DCG-192,0.06438788964169269,0.06936267183885231,0.057303132287779675,192,current-run measured OOF; recomputed only after all-complete
PABP,T-DCG-192,1,3,G-Rank,0.07615383237150636,0.06973262415337793,0.06023010183711292,288,current-run measured OOF; recomputed only after all-complete
PABP,T-DCG-192,1,3,T-Uniform-96,0.09315095124421297,0.0929039221241641,0.07699751571475787,96,current-run measured OOF; recomputed only after all-complete
PABP,T-DCG-192,1,3,T-DCG-96,0.1098976942010159,0.0964884722152558,0.08594262461706188,96,current-run measured OOF; recomputed only after all-complete
PABP,T-DCG-192,1,3,T-DCG-192,0.09081556658973043,0.08203091245186508,0.07180733371245253,192,current-run measured OOF; recomputed only after all-complete
PABP,T-DCG-192,1,4,G-Rank,0.08533070705555103,0.08415223051000524,0.07221250197865986,384,current-run measured OOF; recomputed only after all-complete
PABP,T-DCG-192,1,4,T-Uniform-96,0.10930407488787615,0.12107552422417535,0.10257225002914237,96,current-run measured OOF; recomputed only after all-complete
PABP,T-DCG-192,1,4,T-DCG-96,0.12552988797654752,0.13518326159302466,0.11854356281696868,96,current-run measured OOF; recomputed only after all-complete
PABP,T-DCG-192,1,4,T-DCG-192,0.09982969492628171,0.1052413964146674,0.08843741081252086,192,current-run measured OOF; recomputed only after all-complete
PABP,G-Rank,2,1,G-Rank,0.11098451967592592,0.0831321433738426,0.06820020530241211,96,current-run measured OOF; recomputed only after all-complete
PABP,G-Rank,2,1,T-Uniform-96,0.11098451967592592,0.0831321433738426,0.06820020530241211,96,current-run measured OOF; recomputed only after all-complete
PABP,G-Rank,2,1,T-DCG-96,0.136252826825522,0.0908068713326178,0.08401486005221936,96,current-run measured OOF; recomputed only after all-complete
PABP,G-Rank,2,1,T-DCG-192,0.136252826825522,0.0908068713326178,0.08401486005221936,96,current-run measured OOF; recomputed only after all-complete
PABP,G-Rank,2,2,G-Rank,0.06541132043909142,0.06397501627604167,0.055570575302752216,192,current-run measured OOF; recomputed only after all-complete
PABP,G-Rank,2,2,T-Uniform-96,0.07752199526186342,0.07504300717954282,0.0672251234687079,96,current-run measured OOF; recomputed only after all-complete
PABP,G-Rank,2,2,T-DCG-96,0.08566581228908755,0.07988568993116398,0.07492915939026504,96,current-run measured OOF; recomputed only after all-complete
PABP,G-Rank,2,2,T-DCG-192,0.07309649594274223,0.06940854317468417,0.06282781134547268,192,current-run measured OOF; recomputed only after all-complete
PABP,G-Rank,2,3,G-Rank,0.08398500293370628,0.06568450299800668,0.06122226943678398,288,current-run measured OOF; recomputed only after all-complete
PABP,G-Rank,2,3,T-Uniform-96,0.10340322486657665,0.08373483414512602,0.0806341741196882,96,current-run measured OOF; recomputed only after all-complete
PABP,G-Rank,2,3,T-DCG-96,0.11050588297666768,0.08194096700447714,0.081754352337614,96,current-run measured OOF; recomputed only after all-complete
PABP,G-Rank,2,3,T-DCG-192,0.08629519071256464,0.07106784690658516,0.06579273466605678,192,current-run measured OOF; recomputed only after all-complete
PABP,G-Rank,2,4,G-Rank,0.08208356963263619,0.0745391050974528,0.06877349206018733,384,current-run measured OOF; recomputed only after all-complete
PABP,G-Rank,2,4,T-Uniform-96,0.10512924194335938,0.09853377165617767,0.090996460807018,96,current-run measured OOF; recomputed only after all-complete
PABP,G-Rank,2,4,T-DCG-96,0.1055480563803189,0.09710323582479982,0.09050092179919807,96,current-run measured OOF; recomputed only after all-complete
PABP,G-Rank,2,4,T-DCG-192,0.08818603579175784,0.0853034770723741,0.0772055800990275,192,current-run measured OOF; recomputed only after all-complete
PABP,T-Uniform-96,2,1,G-Rank,0.11098451967592592,0.0831321433738426,0.06820020530241211,96,current-run measured OOF; recomputed only after all-complete
PABP,T-Uniform-96,2,1,T-Uniform-96,0.11098451967592592,0.0831321433738426,0.06820020530241211,96,current-run measured OOF; recomputed only after all-complete
PABP,T-Uniform-96,2,1,T-DCG-96,0.136252826825522,0.0908068713326178,0.08401486005221936,96,current-run measured OOF; recomputed only after all-complete
PABP,T-Uniform-96,2,1,T-DCG-192,0.136252826825522,0.0908068713326178,0.08401486005221936,96,current-run measured OOF; recomputed only after all-complete
PABP,T-Uniform-96,2,2,G-Rank,0.06541132043909142,0.06397501627604167,0.05557837689681367,192,current-run measured OOF; recomputed only after all-complete
PABP,T-Uniform-96,2,2,T-Uniform-96,0.07752199526186342,0.07504300717954282,0.06721739545118677,96,current-run measured OOF; recomputed only after all-complete
PABP,T-Uniform-96,2,2,T-DCG-96,0.08566581228908755,0.07988568993116398,0.07486908204284501,96,current-run measured OOF; recomputed only after all-complete
PABP,T-Uniform-96,2,2,T-DCG-192,0.07309649594274223,0.06940854317468417,0.06280031187258049,192,current-run measured OOF; recomputed only after all-complete
PABP,T-Uniform-96,2,3,G-Rank,0.07711138941132972,0.06934192380133315,0.061874599007648974,288,current-run measured OOF; recomputed only after all-complete
PABP,T-Uniform-96,2,3,T-Uniform-96,0.09396199041923868,0.08919321068029835,0.08084336591850295,96,current-run measured OOF; recomputed only after all-complete
PABP,T-Uniform-96,2,3,T-DCG-96,0.09384077061009694,0.08653318493277899,0.0805694039611237,96,current-run measured OOF; recomputed only after all-complete
PABP,T-Uniform-96,2,3,T-DCG-192,0.07841696411816002,0.07464779250406714,0.06547635964454294,192,current-run measured OOF; recomputed only after all-complete
PABP,T-Uniform-96,2,4,G-Rank,0.08494258809972692,0.07130133664166487,0.06693171262490738,384,current-run measured OOF; recomputed only after all-complete
PABP,T-Uniform-96,2,4,T-Uniform-96,0.1129336886935764,0.09894907916033709,0.09582478893938286,96,current-run measured OOF; recomputed only after all-complete
PABP,T-Uniform-96,2,4,T-DCG-96,0.11540706752820622,0.09885606083763653,0.09645617355212427,96,current-run measured OOF; recomputed only after all-complete
PABP,T-Uniform-96,2,4,T-DCG-192,0.09355603098097098,0.08358007765911883,0.07809070573854353,192,current-run measured OOF; recomputed only after all-complete
PABP,T-DCG-96,2,1,G-Rank,0.11098451967592592,0.0831321433738426,0.06918747755308043,96,current-run measured OOF; recomputed only after all-complete
PABP,T-DCG-96,2,1,T-Uniform-96,0.11098451967592592,0.0831321433738426,0.06918747755308043,96,current-run measured OOF; recomputed only after all-complete
PABP,T-DCG-96,2,1,T-DCG-96,0.136252826825522,0.0908068713326178,0.08309032505900997,96,current-run measured OOF; recomputed only after all-complete
PABP,T-DCG-96,2,1,T-DCG-192,0.136252826825522,0.0908068713326178,0.08309032505900997,96,current-run measured OOF; recomputed only after all-complete
PABP,T-DCG-96,2,2,G-Rank,0.06651934870967159,0.0696334132441768,0.05814706632271155,192,current-run measured OOF; recomputed only after all-complete
PABP,T-DCG-96,2,2,T-Uniform-96,0.07836009837962964,0.07841350414134839,0.0688442897268768,96,current-run measured OOF; recomputed only after all-complete
PABP,T-DCG-96,2,2,T-DCG-96,0.08630641005346984,0.08662562359193475,0.07834916412661314,96,current-run measured OOF; recomputed only after all-complete
PABP,T-DCG-96,2,2,T-DCG-192,0.07409476773421936,0.07668189896169096,0.06636254622664142,192,current-run measured OOF; recomputed only after all-complete
PABP,T-DCG-96,2,3,G-Rank,0.07839092992460778,0.06643009054971492,0.06398056748224588,288,current-run measured OOF; recomputed only after all-complete
PABP,T-DCG-96,2,3,T-Uniform-96,0.09070967058095421,0.08993856798964762,0.08227309555928138,96,current-run measured OOF; recomputed only after all-complete
PABP,T-DCG-96,2,3,T-DCG-96,0.0891242616424507,0.08968168905826467,0.08225055871532543,96,current-run measured OOF; recomputed only after all-complete
PABP,T-DCG-96,2,3,T-DCG-192,0.07359355737011017,0.07371152354874144,0.06572474461705265,192,current-run measured OOF; recomputed only after all-complete
PABP,T-DCG-96,2,4,G-Rank,0.07410710829275625,0.06648348878931117,0.060924391298737425,384,current-run measured OOF; recomputed only after all-complete
PABP,T-DCG-96,2,4,T-Uniform-96,0.09195899963378906,0.08961303145797166,0.0820082369975619,96,current-run measured OOF; recomputed only after all-complete
PABP,T-DCG-96,2,4,T-DCG-96,0.09408238509366666,0.08684571876508511,0.08113749797299807,96,current-run measured OOF; recomputed only after all-complete
PABP,T-DCG-96,2,4,T-DCG-192,0.08215282542414702,0.0733053279297642,0.0678441329566555,192,current-run measured OOF; recomputed only after all-complete
PABP,T-DCG-192,2,1,G-Rank,0.11098451967592592,0.0831321433738426,0.06918747755308043,96,current-run measured OOF; recomputed only after all-complete
PABP,T-DCG-192,2,1,T-Uniform-96,0.11098451967592592,0.0831321433738426,0.06918747755308043,96,current-run measured OOF; recomputed only after all-complete
PABP,T-DCG-192,2,1,T-DCG-96,0.136252826825522,0.0908068713326178,0.08309032505900997,96,current-run measured OOF; recomputed only after all-complete
PABP,T-DCG-192,2,1,T-DCG-192,0.136252826825522,0.0908068713326178,0.08309032505900997,96,current-run measured OOF; recomputed only after all-complete
PABP,T-DCG-192,2,2,G-Rank,0.06651934870967159,0.0696334132441768,0.058100742942701046,192,current-run measured OOF; recomputed only after all-complete
PABP,T-DCG-192,2,2,T-Uniform-96,0.07836009837962964,0.07841350414134839,0.0688908474030797,96,current-run measured OOF; recomputed only after all-complete
PABP,T-DCG-192,2,2,T-DCG-96,0.08630641005346984,0.08662562359193475,0.07838028269613263,96,current-run measured OOF; recomputed only after all-complete
PABP,T-DCG-192,2,2,T-DCG-192,0.07409476773421936,0.07668189896169096,0.06632798504550896,192,current-run measured OOF; recomputed only after all-complete
PABP,T-DCG-192,2,3,G-Rank,0.07804623618210949,0.06801202300481182,0.06380533541275753,288,current-run measured OOF; recomputed only after all-complete
PABP,T-DCG-192,2,3,T-Uniform-96,0.09038050773212448,0.0895158430185828,0.08176526780342863,96,current-run measured OOF; recomputed only after all-complete
PABP,T-DCG-192,2,3,T-DCG-96,0.08985710159946406,0.08468399906761423,0.07968645129708399,96,current-run measured OOF; recomputed only after all-complete
PABP,T-DCG-192,2,3,T-DCG-192,0.07382625230628526,0.0701101085017691,0.06376373857862237,192,current-run measured OOF; recomputed only after all-complete
PABP,T-DCG-192,2,4,G-Rank,0.07234018820303457,0.0694946359705042,0.06109595894192995,384,current-run measured OOF; recomputed only after all-complete
PABP,T-DCG-192,2,4,T-Uniform-96,0.09824710422092013,0.10261606287073206,0.08954144280102057,96,current-run measured OOF; recomputed only after all-complete
PABP,T-DCG-192,2,4,T-DCG-96,0.10879433903171114,0.10227010810587114,0.09453124822384343,96,current-run measured OOF; recomputed only after all-complete
PABP,T-DCG-192,2,4,T-DCG-192,0.08949643184163754,0.08604463527889572,0.07737764627260629,192,current-run measured OOF; recomputed only after all-complete
PABP,G-Rank,3,1,G-Rank,0.09229871961805554,0.10413501880787039,0.07273388368687851,96,current-run measured OOF; recomputed only after all-complete
PABP,G-Rank,3,1,T-Uniform-96,0.09229871961805554,0.10413501880787039,0.07273388368687851,96,current-run measured OOF; recomputed only after all-complete
PABP,G-Rank,3,1,T-DCG-96,0.10830993649282863,0.1106039843065408,0.08687856948610315,96,current-run measured OOF; recomputed only after all-complete
PABP,G-Rank,3,1,T-DCG-192,0.10830993649282863,0.1106039843065408,0.08687856948610315,96,current-run measured OOF; recomputed only after all-complete
PABP,G-Rank,3,2,G-Rank,0.07347806294759114,0.06964683532714844,0.06162899662642468,192,current-run measured OOF; recomputed only after all-complete
PABP,G-Rank,3,2,T-Uniform-96,0.0828153822157118,0.07648157190393519,0.06937708160839857,96,current-run measured OOF; recomputed only after all-complete
PABP,G-Rank,3,2,T-DCG-96,0.10046373909830374,0.1001393417815953,0.09076667548341041,96,current-run measured OOF; recomputed only after all-complete
PABP,G-Rank,3,2,T-DCG-192,0.08642676899617398,0.08564925378100843,0.07645761137202535,192,current-run measured OOF; recomputed only after all-complete
PABP,G-Rank,3,3,G-Rank,0.0907899414397398,0.08207987299998927,0.07392468055115341,288,current-run measured OOF; recomputed only after all-complete
PABP,G-Rank,3,3,T-Uniform-96,0.11118809578350052,0.10357264138052984,0.09155237132705278,96,current-run measured OOF; recomputed only after all-complete
PABP,G-Rank,3,3,T-DCG-96,0.12933217748242745,0.11502373369902212,0.10685821757287375,96,current-run measured OOF; recomputed only after all-complete
PABP,G-Rank,3,3,T-DCG-192,0.10560472741225446,0.09738079423005876,0.087263021306381,192,current-run measured OOF; recomputed only after all-complete
PABP,G-Rank,3,4,G-Rank,0.09046069780985515,0.09305930137634277,0.07655540901085607,384,current-run measured OOF; recomputed only after all-complete
PABP,G-Rank,3,4,T-Uniform-96,0.1251712375217014,0.13608833595558448,0.11575387314213272,96,current-run measured OOF; recomputed only after all-complete
PABP,G-Rank,3,4,T-DCG-96,0.145738342255006,0.14763560312694862,0.1314976969913582,96,current-run measured OOF; recomputed only after all-complete
PABP,G-Rank,3,4,T-DCG-192,0.1187127460588886,0.1201685924734861,0.10318485025699148,192,current-run measured OOF; recomputed only after all-complete
PABP,T-Uniform-96,3,1,G-Rank,0.09229871961805554,0.10413501880787039,0.07273388368687851,96,current-run measured OOF; recomputed only after all-complete
PABP,T-Uniform-96,3,1,T-Uniform-96,0.09229871961805554,0.10413501880787039,0.07273388368687851,96,current-run measured OOF; recomputed only after all-complete
PABP,T-Uniform-96,3,1,T-DCG-96,0.10830993649282863,0.1106039843065408,0.08687856948610315,96,current-run measured OOF; recomputed only after all-complete
PABP,T-Uniform-96,3,1,T-DCG-192,0.10830993649282863,0.1106039843065408,0.08687856948610315,96,current-run measured OOF; recomputed only after all-complete
PABP,T-Uniform-96,3,2,G-Rank,0.07347806294759114,0.06964683532714844,0.0616645270775019,192,current-run measured OOF; recomputed only after all-complete
PABP,T-Uniform-96,3,2,T-Uniform-96,0.0828153822157118,0.07648157190393519,0.06934076324120476,96,current-run measured OOF; recomputed only after all-complete
PABP,T-Uniform-96,3,2,T-DCG-96,0.10046373909830374,0.1001393417815953,0.09090404516876949,96,current-run measured OOF; recomputed only after all-complete
PABP,T-Uniform-96,3,2,T-DCG-192,0.08642676899617398,0.08564925378100843,0.07658173018846781,192,current-run measured OOF; recomputed only after all-complete
PABP,T-Uniform-96,3,3,G-Rank,0.08974958087518219,0.07967442642023534,0.07130707167511884,288,current-run measured OOF; recomputed only after all-complete
PABP,T-Uniform-96,3,3,T-Uniform-96,0.11133239494920268,0.09810936696244854,0.08879737123389787,96,current-run measured OOF; recomputed only after all-complete
PABP,T-Uniform-96,3,3,T-DCG-96,0.1397396072730727,0.10913714092183215,0.10566241830246971,96,current-run measured OOF; recomputed only after all-complete
PABP,T-Uniform-96,3,3,T-DCG-192,0.11359228464815742,0.09117321166122745,0.08613279855518569,192,current-run measured OOF; recomputed only after all-complete
PABP,T-Uniform-96,3,4,G-Rank,0.09784019434893572,0.0897990067799886,0.0796186928312841,384,current-run measured OOF; recomputed only after all-complete
PABP,T-Uniform-96,3,4,T-Uniform-96,0.13720851474338105,0.1139818827311198,0.10700913020030019,96,current-run measured OOF; recomputed only after all-complete
PABP,T-Uniform-96,3,4,T-DCG-96,0.16132584305094963,0.12508068892598717,0.12206587462230141,96,current-run measured OOF; recomputed only after all-complete
PABP,T-Uniform-96,3,4,T-DCG-192,0.1268123259434994,0.10858083426795881,0.09882751749785618,192,current-run measured OOF; recomputed only after all-complete
PABP,T-DCG-96,3,1,G-Rank,0.09229871961805554,0.10413501880787039,0.07294907886885385,96,current-run measured OOF; recomputed only after all-complete
PABP,T-DCG-96,3,1,T-Uniform-96,0.09229871961805554,0.10413501880787039,0.07294907886885385,96,current-run measured OOF; recomputed only after all-complete
PABP,T-DCG-96,3,1,T-DCG-96,0.10830993649282863,0.1106039843065408,0.08668371540674936,96,current-run measured OOF; recomputed only after all-complete
PABP,T-DCG-96,3,1,T-DCG-192,0.10830993649282863,0.1106039843065408,0.08668371540674936,96,current-run measured OOF; recomputed only after all-complete
PABP,T-DCG-96,3,2,G-Rank,0.07418039109971789,0.0748787632694951,0.0638595167212454,192,current-run measured OOF; recomputed only after all-complete
PABP,T-DCG-96,3,2,T-Uniform-96,0.08874342176649304,0.08530906394675926,0.07495166447008865,96,current-run measured OOF; recomputed only after all-complete
PABP,T-DCG-96,3,2,T-DCG-96,0.1084133306601063,0.10975905351526545,0.09718253607625013,96,current-run measured OOF; recomputed only after all-complete
PABP,T-DCG-96,3,2,T-DCG-192,0.0894629143988564,0.09211042269984364,0.0798941742402259,192,current-run measured OOF; recomputed only after all-complete
PABP,T-DCG-96,3,3,G-Rank,0.08957568510079089,0.07197503821185915,0.06798891664739817,288,current-run measured OOF; recomputed only after all-complete
PABP,T-DCG-96,3,3,T-Uniform-96,0.10917952423723638,0.09243529519917053,0.08751517552548925,96,current-run measured OOF; recomputed only after all-complete
PABP,T-DCG-96,3,3,T-DCG-96,0.13127268568405712,0.10472003150638735,0.10157719647603276,96,current-run measured OOF; recomputed only after all-complete
PABP,T-DCG-96,3,3,T-DCG-192,0.10877437351716149,0.08704853751500442,0.08284963461471076,192,current-run measured OOF; recomputed only after all-complete
PABP,T-DCG-96,3,4,G-Rank,0.0872474158251727,0.08429720666673447,0.07367458315950513,384,current-run measured OOF; recomputed only after all-complete
PABP,T-DCG-96,3,4,T-Uniform-96,0.12728256649441191,0.11117154580575449,0.1019955858767941,96,current-run measured OOF; recomputed only after all-complete
PABP,T-DCG-96,3,4,T-DCG-96,0.14946292678728865,0.12085192333347675,0.11598163413439361,96,current-run measured OOF; recomputed only after all-complete
PABP,T-DCG-96,3,4,T-DCG-192,0.11765636296675852,0.10312674484972202,0.09380047933088854,194,current-run measured OOF; recomputed only after all-complete
PABP,T-DCG-192,3,1,G-Rank,0.09229871961805554,0.10413501880787039,0.07294907886885385,96,current-run measured OOF; recomputed only after all-complete
PABP,T-DCG-192,3,1,T-Uniform-96,0.09229871961805554,0.10413501880787039,0.07294907886885385,96,current-run measured OOF; recomputed only after all-complete
PABP,T-DCG-192,3,1,T-DCG-96,0.10830993649282863,0.1106039843065408,0.08668371540674936,96,current-run measured OOF; recomputed only after all-complete
PABP,T-DCG-192,3,1,T-DCG-192,0.10830993649282863,0.1106039843065408,0.08668371540674936,96,current-run measured OOF; recomputed only after all-complete
PABP,T-DCG-192,3,2,G-Rank,0.07418039109971789,0.0748787632694951,0.06387918482044087,192,current-run measured OOF; recomputed only after all-complete
PABP,T-DCG-192,3,2,T-Uniform-96,0.08874342176649304,0.08530906394675926,0.07504304185069494,96,current-run measured OOF; recomputed only after all-complete
PABP,T-DCG-192,3,2,T-DCG-96,0.1084133306601063,0.10975905351526545,0.09719520765937863,96,current-run measured OOF; recomputed only after all-complete
PABP,T-DCG-192,3,2,T-DCG-192,0.0894629143988564,0.09211042269984364,0.07988260040435223,192,current-run measured OOF; recomputed only after all-complete
PABP,T-DCG-192,3,3,G-Rank,0.08212303297673397,0.07364149054382074,0.06862612355840239,288,current-run measured OOF; recomputed only after all-complete
PABP,T-DCG-192,3,3,T-Uniform-96,0.0977717270085841,0.09442458918065201,0.08667873781089276,96,current-run measured OOF; recomputed only after all-complete
PABP,T-DCG-192,3,3,T-DCG-96,0.11298566826674859,0.10715919559061886,0.10131390934927045,96,current-run measured OOF; recomputed only after all-complete
PABP,T-DCG-192,3,3,T-DCG-192,0.09674508517092703,0.09001290126841482,0.08386916339452619,192,current-run measured OOF; recomputed only after all-complete
PABP,T-DCG-192,3,4,G-Rank,0.09000762303670247,0.08919728243792498,0.07403734381241578,384,current-run measured OOF; recomputed only after all-complete
PABP,T-DCG-192,3,4,T-Uniform-96,0.12405632160328055,0.11782282370108145,0.10289224369823385,96,current-run measured OOF; recomputed only after all-complete
PABP,T-DCG-192,3,4,T-DCG-96,0.14282197168941024,0.12879767963697553,0.1192754212478271,96,current-run measured OOF; recomputed only after all-complete
PABP,T-DCG-192,3,4,T-DCG-192,0.11467983583701338,0.10892098084078504,0.09523773469915661,194,current-run measured OOF; recomputed only after all-complete
PABP,G-Rank,4,1,G-Rank,0.08689371744791667,0.0660739474826389,0.05249130588959159,96,current-run measured OOF; recomputed only after all-complete
PABP,G-Rank,4,1,T-Uniform-96,0.08689371744791667,0.0660739474826389,0.05249130588959159,96,current-run measured OOF; recomputed only after all-complete
PABP,G-Rank,4,1,T-DCG-96,0.08516177525100355,0.06856117098783358,0.05341155301997065,96,current-run measured OOF; recomputed only after all-complete
PABP,G-Rank,4,1,T-DCG-192,0.08516177525100355,0.06856117098783358,0.05341155301997065,96,current-run measured OOF; recomputed only after all-complete
PABP,G-Rank,4,2,G-Rank,0.08533675582320603,0.07423188951280381,0.06592163097412879,192,current-run measured OOF; recomputed only after all-complete
PABP,G-Rank,4,2,T-Uniform-96,0.08233543678566262,0.08241003530996817,0.06987415688474784,96,current-run measured OOF; recomputed only after all-complete
PABP,G-Rank,4,2,T-DCG-96,0.08792341509145651,0.08723983994652615,0.07461178707291145,96,current-run measured OOF; recomputed only after all-complete
PABP,G-Rank,4,2,T-DCG-192,0.08802571683645288,0.07899928705200006,0.06966131482723043,192,current-run measured OOF; recomputed only after all-complete
PABP,G-Rank,4,3,G-Rank,0.06431204922732339,0.06435407892339678,0.0547738711971304,288,current-run measured OOF; recomputed only after all-complete
PABP,G-Rank,4,3,T-Uniform-96,0.071215719843107,0.08463428638599536,0.06987660153315631,96,current-run measured OOF; recomputed only after all-complete
PABP,G-Rank,4,3,T-DCG-96,0.06651259466156012,0.0857146264311117,0.06814223338042719,96,current-run measured OOF; recomputed only after all-complete
PABP,G-Rank,4,3,T-DCG-192,0.06123701080172628,0.07197138088687426,0.05762499744358698,192,current-run measured OOF; recomputed only after all-complete
PABP,G-Rank,4,4,G-Rank,0.06932685993335864,0.07073820961846246,0.059315911026068736,384,current-run measured OOF; recomputed only after all-complete
PABP,G-Rank,4,4,T-Uniform-96,0.07939059646041305,0.0939022699991862,0.07608084015525592,96,current-run measured OOF; recomputed only after all-complete
PABP,G-Rank,4,4,T-DCG-96,0.07670368905270457,0.09542124703403088,0.07577977200626293,96,current-run measured OOF; recomputed only after all-complete
PABP,G-Rank,4,4,T-DCG-192,0.06939666798906495,0.0804723123178171,0.0647931471871217,192,current-run measured OOF; recomputed only after all-complete
PABP,T-Uniform-96,4,1,G-Rank,0.08689371744791667,0.0660739474826389,0.05249130588959159,96,current-run measured OOF; recomputed only after all-complete
PABP,T-Uniform-96,4,1,T-Uniform-96,0.08689371744791667,0.0660739474826389,0.05249130588959159,96,current-run measured OOF; recomputed only after all-complete
PABP,T-Uniform-96,4,1,T-DCG-96,0.08516177525100355,0.06856117098783358,0.05341155301997065,96,current-run measured OOF; recomputed only after all-complete
PABP,T-Uniform-96,4,1,T-DCG-192,0.08516177525100355,0.06856117098783358,0.05341155301997065,96,current-run measured OOF; recomputed only after all-complete
PABP,T-Uniform-96,4,2,G-Rank,0.08533675582320603,0.07423188951280381,0.06650984513579632,192,current-run measured OOF; recomputed only after all-complete
PABP,T-Uniform-96,4,2,T-Uniform-96,0.08233543678566262,0.08241003530996817,0.06929500887264985,96,current-run measured OOF; recomputed only after all-complete
PABP,T-Uniform-96,4,2,T-DCG-96,0.08792341509145651,0.08723983994652615,0.07409450622508446,96,current-run measured OOF; recomputed only after all-complete
PABP,T-Uniform-96,4,2,T-DCG-192,0.08802571683645288,0.07899928705200006,0.070021438680306,192,current-run measured OOF; recomputed only after all-complete
PABP,T-Uniform-96,4,3,G-Rank,0.0670824090149177,0.06285407088584533,0.05454146172722183,288,current-run measured OOF; recomputed only after all-complete
PABP,T-Uniform-96,4,3,T-Uniform-96,0.07342296961403678,0.07815558037149563,0.06660261669843147,96,current-run measured OOF; recomputed only after all-complete
PABP,T-Uniform-96,4,3,T-DCG-96,0.06886749464068818,0.07268694774431975,0.06269396137280152,96,current-run measured OOF; recomputed only after all-complete
PABP,T-Uniform-96,4,3,T-DCG-192,0.06713581026903295,0.06378501111207718,0.05620963519974691,192,current-run measured OOF; recomputed only after all-complete
PABP,T-Uniform-96,4,4,G-Rank,0.0678824053870307,0.0669461621178521,0.06101123755693764,384,current-run measured OOF; recomputed only after all-complete
PABP,T-Uniform-96,4,4,T-Uniform-96,0.07331922319200303,0.09658873522723162,0.07133127271408582,96,current-run measured OOF; recomputed only after all-complete
PABP,T-Uniform-96,4,4,T-DCG-96,0.07478228526727823,0.09560925091975439,0.07291101652704311,96,current-run measured OOF; recomputed only after all-complete
PABP,T-Uniform-96,4,4,T-DCG-192,0.06649301404934685,0.0788946487299117,0.06338453155064752,192,current-run measured OOF; recomputed only after all-complete
PABP,T-DCG-96,4,1,G-Rank,0.08689371744791667,0.0660739474826389,0.05253901137181493,96,current-run measured OOF; recomputed only after all-complete
PABP,T-DCG-96,4,1,T-Uniform-96,0.08689371744791667,0.0660739474826389,0.05253901137181493,96,current-run measured OOF; recomputed only after all-complete
PABP,T-DCG-96,4,1,T-DCG-96,0.08516177525100355,0.06856117098783358,0.053363982405917186,96,current-run measured OOF; recomputed only after all-complete
PABP,T-DCG-96,4,1,T-DCG-192,0.08516177525100355,0.06856117098783358,0.053363982405917186,96,current-run measured OOF; recomputed only after all-complete
PABP,T-DCG-96,4,2,G-Rank,0.0944155940303096,0.07964353208188657,0.07374580414958079,192,current-run measured OOF; recomputed only after all-complete
PABP,T-DCG-96,4,2,T-Uniform-96,0.09361309475368923,0.08005255239981192,0.07247569338796193,96,current-run measured OOF; recomputed only after all-complete
PABP,T-DCG-96,4,2,T-DCG-96,0.09685688989578785,0.09087413819396431,0.07957126017435812,96,current-run measured OOF; recomputed only after all-complete
PABP,T-DCG-96,4,2,T-DCG-192,0.09607877898186253,0.0863398783210396,0.07775113687710075,192,current-run measured OOF; recomputed only after all-complete
PABP,T-DCG-96,4,3,G-Rank,0.07116106867953748,0.06562939134971921,0.057477962180728016,288,current-run measured OOF; recomputed only after all-complete
PABP,T-DCG-96,4,3,T-Uniform-96,0.07989734288596322,0.08041362997926312,0.06994955764790405,96,current-run measured OOF; recomputed only after all-complete
PABP,T-DCG-96,4,3,T-DCG-96,0.08108805506721722,0.07710116103702735,0.06950007580479317,96,current-run measured OOF; recomputed only after all-complete
PABP,T-DCG-96,4,3,T-DCG-192,0.07155429134216096,0.06912299101896595,0.06004813333092648,192,current-run measured OOF; recomputed only after all-complete
PABP,T-DCG-96,4,4,G-Rank,0.07315778732299805,0.07551661244145146,0.06527921457869168,384,current-run measured OOF; recomputed only after all-complete
PABP,T-DCG-96,4,4,T-Uniform-96,0.08776424549244068,0.09738123858416521,0.08073821865178986,96,current-run measured OOF; recomputed only after all-complete
PABP,T-DCG-96,4,4,T-DCG-96,0.09266604547693097,0.091556205960351,0.07963223297951484,96,current-run measured OOF; recomputed only after all-complete
PABP,T-DCG-96,4,4,T-DCG-192,0.07837804389006779,0.07833958602999912,0.06776272137595825,192,current-run measured OOF; recomputed only after all-complete
PABP,T-DCG-192,4,1,G-Rank,0.08689371744791667,0.0660739474826389,0.05253901137181493,96,current-run measured OOF; recomputed only after all-complete
PABP,T-DCG-192,4,1,T-Uniform-96,0.08689371744791667,0.0660739474826389,0.05253901137181493,96,current-run measured OOF; recomputed only after all-complete
PABP,T-DCG-192,4,1,T-DCG-96,0.08516177525100355,0.06856117098783358,0.053363982405917186,96,current-run measured OOF; recomputed only after all-complete
PABP,T-DCG-192,4,1,T-DCG-192,0.08516177525100355,0.06856117098783358,0.053363982405917186,96,current-run measured OOF; recomputed only after all-complete
PABP,T-DCG-192,4,2,G-Rank,0.0944155940303096,0.07964353208188657,0.07344935690349615,192,current-run measured OOF; recomputed only after all-complete
PABP,T-DCG-192,4,2,T-Uniform-96,0.09361309475368923,0.08005255239981192,0.07225474891370882,96,current-run measured OOF; recomputed only after all-complete
PABP,T-DCG-192,4,2,T-DCG-96,0.09685688989578785,0.09087413819396431,0.07966218085059407,96,current-run measured OOF; recomputed only after all-complete
PABP,T-DCG-192,4,2,T-DCG-192,0.09607877898186253,0.0863398783210396,0.0776669470784654,192,current-run measured OOF; recomputed only after all-complete
PABP,T-DCG-192,4,3,G-Rank,0.07155151785809971,0.07442109117128558,0.06361634796639086,288,current-run measured OOF; recomputed only after all-complete
PABP,T-DCG-192,4,3,T-Uniform-96,0.07436273519884902,0.09619749720695088,0.07247161755894331,96,current-run measured OOF; recomputed only after all-complete
PABP,T-DCG-192,4,3,T-DCG-96,0.07296124834625137,0.09418912506915882,0.07146030364787415,96,current-run measured OOF; recomputed only after all-complete
PABP,T-DCG-192,4,3,T-DCG-192,0.06861379734665445,0.08227367905626556,0.06443262616648054,192,current-run measured OOF; recomputed only after all-complete
PABP,T-DCG-192,4,4,G-Rank,0.07314762362727413,0.07194512861746329,0.061708955771361394,384,current-run measured OOF; recomputed only after all-complete
PABP,T-DCG-192,4,4,T-Uniform-96,0.08805564597800926,0.09377112212004485,0.07892851352387853,96,current-run measured OOF; recomputed only after all-complete
PABP,T-DCG-192,4,4,T-DCG-96,0.09171126473373893,0.08959962076919929,0.07813369983271078,96,current-run measured OOF; recomputed only after all-complete
PABP,T-DCG-192,4,4,T-DCG-192,0.07820581420695633,0.07642673897840294,0.0658213903467018,192,current-run measured OOF; recomputed only after all-complete
PABP,G-Rank,5,1,G-Rank,0.10701045283564814,0.08875415943287036,0.07209102919328232,96,current-run measured OOF; recomputed only after all-complete
PABP,G-Rank,5,1,T-Uniform-96,0.10701045283564814,0.08875415943287036,0.07209102919328232,96,current-run measured OOF; recomputed only after all-complete
PABP,G-Rank,5,1,T-DCG-96,0.12324419972470625,0.09380644664486397,0.08118052827027758,96,current-run measured OOF; recomputed only after all-complete
PABP,G-Rank,5,1,T-DCG-192,0.12324419972470625,0.09380644664486397,0.08118052827027758,96,current-run measured OOF; recomputed only after all-complete
PABP,G-Rank,5,2,G-Rank,0.11064939145688657,0.0757963392469618,0.06909465555266925,192,current-run measured OOF; recomputed only after all-complete
PABP,G-Rank,5,2,T-Uniform-96,0.11448471634476275,0.07042213722511574,0.06533751019018165,96,current-run measured OOF; recomputed only after all-complete
PABP,G-Rank,5,2,T-DCG-96,0.11919253343382478,0.07339764863204175,0.06855228088791122,96,current-run measured OOF; recomputed only after all-complete
PABP,G-Rank,5,2,T-DCG-192,0.11417488241234144,0.0765849595029887,0.07033693011044842,192,current-run measured OOF; recomputed only after all-complete
PABP,G-Rank,5,3,G-Rank,0.08435171621817131,0.0703508458183299,0.0651466685312298,288,current-run measured OOF; recomputed only after all-complete
PABP,G-Rank,5,3,T-Uniform-96,0.10610660505883489,0.08318765271347735,0.08147165688122111,96,current-run measured OOF; recomputed only after all-complete
PABP,G-Rank,5,3,T-DCG-96,0.11962620300651018,0.0853353788334206,0.08820271156205521,96,current-run measured OOF; recomputed only after all-complete
PABP,G-Rank,5,3,T-DCG-192,0.09878384634814169,0.0740297857416841,0.0723164887048019,192,current-run measured OOF; recomputed only after all-complete
PABP,G-Rank,5,4,G-Rank,0.08950416247049968,0.07612644301520453,0.06877769643417711,384,current-run measured OOF; recomputed only after all-complete
PABP,G-Rank,5,4,T-Uniform-96,0.11799459104184751,0.08383037425853589,0.08595972433370412,96,current-run measured OOF; recomputed only after all-complete
PABP,G-Rank,5,4,T-DCG-96,0.12829184913830316,0.0922961471072998,0.09594586845232157,96,current-run measured OOF; recomputed only after all-complete
PABP,G-Rank,5,4,T-DCG-192,0.1085187208500036,0.08238089666255412,0.08015648969303325,192,current-run measured OOF; recomputed only after all-complete
PABP,T-Uniform-96,5,1,G-Rank,0.10701045283564814,0.08875415943287036,0.07209102919328232,96,current-run measured OOF; recomputed only after all-complete
PABP,T-Uniform-96,5,1,T-Uniform-96,0.10701045283564814,0.08875415943287036,0.07209102919328232,96,current-run measured OOF; recomputed only after all-complete
PABP,T-Uniform-96,5,1,T-DCG-96,0.12324419972470625,0.09380644664486397,0.08118052827027758,96,current-run measured OOF; recomputed only after all-complete
PABP,T-Uniform-96,5,1,T-DCG-192,0.12324419972470625,0.09380644664486397,0.08118052827027758,96,current-run measured OOF; recomputed only after all-complete
PABP,T-Uniform-96,5,2,G-Rank,0.11064939145688657,0.0757963392469618,0.06923080097884489,192,current-run measured OOF; recomputed only after all-complete
PABP,T-Uniform-96,5,2,T-Uniform-96,0.11448471634476275,0.07042213722511574,0.06519302945478053,96,current-run measured OOF; recomputed only after all-complete
PABP,T-Uniform-96,5,2,T-DCG-96,0.11919253343382478,0.07339764863204175,0.06836108024527786,96,current-run measured OOF; recomputed only after all-complete
PABP,T-Uniform-96,5,2,T-DCG-192,0.11417488241234144,0.0765849595029887,0.07039219334714246,192,current-run measured OOF; recomputed only after all-complete
PABP,T-Uniform-96,5,3,G-Rank,0.08785667471761402,0.06856897927115485,0.0648848114859539,288,current-run measured OOF; recomputed only after all-complete
PABP,T-Uniform-96,5,3,T-Uniform-96,0.10656549901138117,0.08299663528002829,0.07921603741978249,96,current-run measured OOF; recomputed only after all-complete
PABP,T-Uniform-96,5,3,T-DCG-96,0.11340865406352384,0.088620371334443,0.0856374410748743,96,current-run measured OOF; recomputed only after all-complete
PABP,T-Uniform-96,5,3,T-DCG-192,0.09361547937832022,0.07512358547392407,0.07093100546736435,192,current-run measured OOF; recomputed only after all-complete
PABP,T-Uniform-96,5,4,G-Rank,0.09407203285782424,0.07738566398620605,0.07029707918146975,384,current-run measured OOF; recomputed only after all-complete
PABP,T-Uniform-96,5,4,T-Uniform-96,0.1253352695041233,0.0970911803068938,0.09498183540971745,96,current-run measured OOF; recomputed only after all-complete
PABP,T-Uniform-96,5,4,T-DCG-96,0.13878889349477508,0.10800085966199101,0.10698550210196692,96,current-run measured OOF; recomputed only after all-complete
PABP,T-Uniform-96,5,4,T-DCG-192,0.11100081390515626,0.08832336311797793,0.08394139419819682,192,current-run measured OOF; recomputed only after all-complete
PABP,T-DCG-96,5,1,G-Rank,0.10701045283564814,0.08875415943287036,0.0723696268249704,96,current-run measured OOF; recomputed only after all-complete
PABP,T-DCG-96,5,1,T-Uniform-96,0.10701045283564814,0.08875415943287036,0.0723696268249704,96,current-run measured OOF; recomputed only after all-complete
PABP,T-DCG-96,5,1,T-DCG-96,0.12324419972470625,0.09380644664486397,0.08089579686295724,96,current-run measured OOF; recomputed only after all-complete
PABP,T-DCG-96,5,1,T-DCG-192,0.12324419972470625,0.09380644664486397,0.08089579686295724,96,current-run measured OOF; recomputed only after all-complete
PABP,T-DCG-96,5,2,G-Rank,0.09283673321759257,0.06467155173972801,0.062025817724439915,192,current-run measured OOF; recomputed only after all-complete
PABP,T-DCG-96,5,2,T-Uniform-96,0.09387461344401042,0.06283371536820022,0.06116616118622872,96,current-run measured OOF; recomputed only after all-complete
PABP,T-DCG-96,5,2,T-DCG-96,0.09781882703546581,0.0633873781183115,0.0626761117453925,96,current-run measured OOF; recomputed only after all-complete
PABP,T-DCG-96,5,2,T-DCG-192,0.09544952927921224,0.06484890461677856,0.06293970498200617,192,current-run measured OOF; recomputed only after all-complete
PABP,T-DCG-96,5,3,G-Rank,0.09242210859133874,0.0788065801759152,0.07039891372047175,288,current-run measured OOF; recomputed only after all-complete
PABP,T-DCG-96,5,3,T-Uniform-96,0.11326630517779064,0.09232722780832048,0.08242141422268685,96,current-run measured OOF; recomputed only after all-complete
PABP,T-DCG-96,5,3,T-DCG-96,0.12598636202395266,0.10612302541776823,0.09649792238736549,96,current-run measured OOF; recomputed only after all-complete
PABP,T-DCG-96,5,3,T-DCG-192,0.1029770874901322,0.08620907514161626,0.07573279809097921,192,current-run measured OOF; recomputed only after all-complete
PABP,T-DCG-96,5,4,G-Rank,0.10028174188401966,0.08300769770586933,0.07750118642133458,384,current-run measured OOF; recomputed only after all-complete
PABP,T-DCG-96,5,4,T-Uniform-96,0.14234832481101709,0.09381350764521847,0.09149262263264242,96,current-run measured OOF; recomputed only after all-complete
PABP,T-DCG-96,5,4,T-DCG-96,0.1620048956352712,0.10113589672120263,0.10015492467243536,96,current-run measured OOF; recomputed only after all-complete
PABP,T-DCG-96,5,4,T-DCG-192,0.12398076758304719,0.08918360234832502,0.08522595833283467,192,current-run measured OOF; recomputed only after all-complete
PABP,T-DCG-192,5,1,G-Rank,0.10701045283564814,0.08875415943287036,0.0723696268249704,96,current-run measured OOF; recomputed only after all-complete
PABP,T-DCG-192,5,1,T-Uniform-96,0.10701045283564814,0.08875415943287036,0.0723696268249704,96,current-run measured OOF; recomputed only after all-complete
PABP,T-DCG-192,5,1,T-DCG-96,0.12324419972470625,0.09380644664486397,0.08089579686295724,96,current-run measured OOF; recomputed only after all-complete
PABP,T-DCG-192,5,1,T-DCG-192,0.12324419972470625,0.09380644664486397,0.08089579686295724,96,current-run measured OOF; recomputed only after all-complete
PABP,T-DCG-192,5,2,G-Rank,0.09283673321759257,0.06467155173972801,0.06123092909188078,192,current-run measured OOF; recomputed only after all-complete
PABP,T-DCG-192,5,2,T-Uniform-96,0.09387461344401042,0.06283371536820022,0.06093026928993126,96,current-run measured OOF; recomputed only after all-complete
PABP,T-DCG-192,5,2,T-DCG-96,0.09781882703546581,0.0633873781183115,0.06299826079716701,96,current-run measured OOF; recomputed only after all-complete
PABP,T-DCG-192,5,2,T-DCG-192,0.09544952927921224,0.06484890461677856,0.06257110992490379,192,current-run measured OOF; recomputed only after all-complete
PABP,T-DCG-192,5,3,G-Rank,0.09884633089125729,0.08055483133868098,0.07394357604436458,288,current-run measured OOF; recomputed only after all-complete
PABP,T-DCG-192,5,3,T-Uniform-96,0.12661366403838734,0.09405844103652262,0.09070284992743187,96,current-run measured OOF; recomputed only after all-complete
PABP,T-DCG-192,5,3,T-DCG-96,0.14317344089091133,0.11420777556804959,0.10969354406211113,96,current-run measured OOF; recomputed only after all-complete
PABP,T-DCG-192,5,3,T-DCG-192,0.1179927203021489,0.09206284746821178,0.08632680775336839,192,current-run measured OOF; recomputed only after all-complete
PABP,T-DCG-192,5,4,G-Rank,0.09613112167075828,0.07302322211088957,0.06794824814635932,384,current-run measured OOF; recomputed only after all-complete
PABP,T-DCG-192,5,4,T-Uniform-96,0.1409759874697085,0.09148467028582537,0.09030273502567247,96,current-run measured OOF; recomputed only after all-complete
PABP,T-DCG-192,5,4,T-DCG-96,0.15595508009652528,0.09955719398649278,0.10014909641451815,96,current-run measured OOF; recomputed only after all-complete
PABP,T-DCG-192,5,4,T-DCG-192,0.11898876059513534,0.0824306211133627,0.07896271171407167,192,current-run measured OOF; recomputed only after all-complete
PABP,G-Rank,6,1,G-Rank,0.09230550130208333,0.09386302806712964,0.06612540142882713,96,current-run measured OOF; recomputed only after all-complete
PABP,G-Rank,6,1,T-Uniform-96,0.09230550130208333,0.09386302806712964,0.06612540142882713,96,current-run measured OOF; recomputed only after all-complete
PABP,G-Rank,6,1,T-DCG-96,0.09899632415645064,0.10607282181161304,0.07647791983014791,96,current-run measured OOF; recomputed only after all-complete
PABP,G-Rank,6,1,T-DCG-192,0.09899632415645064,0.10607282181161304,0.07647791983014791,96,current-run measured OOF; recomputed only after all-complete
PABP,G-Rank,6,2,G-Rank,0.06079207526312933,0.06307552478931568,0.05279106201945929,192,current-run measured OOF; recomputed only after all-complete
PABP,G-Rank,6,2,T-Uniform-96,0.068001217312283,0.07149350201642073,0.059771117544320206,96,current-run measured OOF; recomputed only after all-complete
PABP,G-Rank,6,2,T-DCG-96,0.0681891495749244,0.06971378724279045,0.0594291460889315,96,current-run measured OOF; recomputed only after all-complete
PABP,G-Rank,6,2,T-DCG-192,0.06255116885058445,0.0639280577661906,0.05420935383509471,192,current-run measured OOF; recomputed only after all-complete
PABP,G-Rank,6,3,G-Rank,0.0693926399136767,0.06386565115553197,0.058434102638918524,288,current-run measured OOF; recomputed only after all-complete
PABP,G-Rank,6,3,T-Uniform-96,0.08917544015641075,0.08569844563802083,0.07836845586771067,96,current-run measured OOF; recomputed only after all-complete
PABP,G-Rank,6,3,T-DCG-96,0.09777929492551435,0.08466384635708563,0.08108157936256574,96,current-run measured OOF; recomputed only after all-complete
PABP,G-Rank,6,3,T-DCG-192,0.08228879868872321,0.0733576648979703,0.0686254608946529,192,current-run measured OOF; recomputed only after all-complete
PABP,G-Rank,6,4,G-Rank,0.07207503142180266,0.06179622367576317,0.05763085990789015,384,current-run measured OOF; recomputed only after all-complete
PABP,G-Rank,6,4,T-Uniform-96,0.1045798902158384,0.08083022082293474,0.07917734516436899,96,current-run measured OOF; recomputed only after all-complete
PABP,G-Rank,6,4,T-DCG-96,0.11294371666369307,0.07917024623545373,0.08063796073753708,96,current-run measured OOF; recomputed only after all-complete
PABP,G-Rank,6,4,T-DCG-192,0.08665641318964369,0.06969184667728533,0.0660573646097515,192,current-run measured OOF; recomputed only after all-complete
PABP,T-Uniform-96,6,1,G-Rank,0.09230550130208333,0.09386302806712964,0.06612540142882713,96,current-run measured OOF; recomputed only after all-complete
PABP,T-Uniform-96,6,1,T-Uniform-96,0.09230550130208333,0.09386302806712964,0.06612540142882713,96,current-run measured OOF; recomputed only after all-complete
PABP,T-Uniform-96,6,1,T-DCG-96,0.09899632415645064,0.10607282181161304,0.07647791983014791,96,current-run measured OOF; recomputed only after all-complete
PABP,T-Uniform-96,6,1,T-DCG-192,0.09899632415645064,0.10607282181161304,0.07647791983014791,96,current-run measured OOF; recomputed only after all-complete
PABP,T-Uniform-96,6,2,G-Rank,0.06079207526312933,0.06307552478931568,0.05279696244808693,192,current-run measured OOF; recomputed only after all-complete
PABP,T-Uniform-96,6,2,T-Uniform-96,0.068001217312283,0.07149350201642073,0.059764699599274974,96,current-run measured OOF; recomputed only after all-complete
PABP,T-Uniform-96,6,2,T-DCG-96,0.0681891495749244,0.06971378724279045,0.05944625854314702,96,current-run measured OOF; recomputed only after all-complete
PABP,T-Uniform-96,6,2,T-DCG-192,0.06255116885058445,0.0639280577661906,0.05422646803771741,192,current-run measured OOF; recomputed only after all-complete
PABP,T-Uniform-96,6,3,G-Rank,0.06308010608898106,0.062325999569991,0.05497230982451341,288,current-run measured OOF; recomputed only after all-complete
PABP,T-Uniform-96,6,3,T-Uniform-96,0.07704752855340148,0.07884128397874872,0.06905952925866078,96,current-run measured OOF; recomputed only after all-complete
PABP,T-Uniform-96,6,3,T-DCG-96,0.0830674264387248,0.07526190419259006,0.07053969971325241,96,current-run measured OOF; recomputed only after all-complete
PABP,T-Uniform-96,6,3,T-DCG-192,0.07249699782006601,0.06669596237926893,0.061581577346417005,192,current-run measured OOF; recomputed only after all-complete
PABP,T-Uniform-96,6,4,G-Rank,0.07069438475149649,0.07022355220935962,0.06337548417309173,384,current-run measured OOF; recomputed only after all-complete
PABP,T-Uniform-96,6,4,T-Uniform-96,0.10417970021565755,0.09835797769052011,0.09131315283514847,96,current-run measured OOF; recomputed only after all-complete
PABP,T-Uniform-96,6,4,T-DCG-96,0.10773913383695427,0.09661922674745593,0.09216891970755339,96,current-run measured OOF; recomputed only after all-complete
PABP,T-Uniform-96,6,4,T-DCG-192,0.08494799763043819,0.08052978537261804,0.0739055874026949,192,current-run measured OOF; recomputed only after all-complete
PABP,T-DCG-96,6,1,G-Rank,0.09230550130208333,0.09386302806712964,0.06620274455708375,96,current-run measured OOF; recomputed only after all-complete
PABP,T-DCG-96,6,1,T-Uniform-96,0.09230550130208333,0.09386302806712964,0.06620274455708375,96,current-run measured OOF; recomputed only after all-complete
PABP,T-DCG-96,6,1,T-DCG-96,0.09899632415645064,0.10607282181161304,0.07640328057931835,96,current-run measured OOF; recomputed only after all-complete
PABP,T-DCG-96,6,1,T-DCG-192,0.09899632415645064,0.10607282181161304,0.07640328057931835,96,current-run measured OOF; recomputed only after all-complete
PABP,T-DCG-96,6,2,G-Rank,0.05848997610586661,0.06134619536223235,0.05056036424557423,192,current-run measured OOF; recomputed only after all-complete
PABP,T-DCG-96,6,2,T-Uniform-96,0.06786614877206308,0.0702761897334346,0.05906917740482324,96,current-run measured OOF; recomputed only after all-complete
PABP,T-DCG-96,6,2,T-DCG-96,0.0700688759245845,0.0702581122030679,0.06060417984540494,96,current-run measured OOF; recomputed only after all-complete
PABP,T-DCG-96,6,2,T-DCG-192,0.06192631248983831,0.06340696427307695,0.05344515699751199,192,current-run measured OOF; recomputed only after all-complete
PABP,T-DCG-96,6,3,G-Rank,0.07741198127652393,0.06652716910070516,0.06201814870403769,288,current-run measured OOF; recomputed only after all-complete
PABP,T-DCG-96,6,3,T-Uniform-96,0.09656496401186343,0.09390516241882074,0.08555485057910851,96,current-run measured OOF; recomputed only after all-complete
PABP,T-DCG-96,6,3,T-DCG-96,0.10254047795931581,0.09219484535706512,0.08686130170449083,96,current-run measured OOF; recomputed only after all-complete
PABP,T-DCG-96,6,3,T-DCG-192,0.08319278140074664,0.07625458359242195,0.07049112919498549,192,current-run measured OOF; recomputed only after all-complete
PABP,T-DCG-96,6,4,G-Rank,0.06989064923039189,0.060164160198635526,0.05686009147398855,384,current-run measured OOF; recomputed only after all-complete
PABP,T-DCG-96,6,4,T-Uniform-96,0.10517554812961154,0.08633066106725622,0.08274672622505498,96,current-run measured OOF; recomputed only after all-complete
PABP,T-DCG-96,6,4,T-DCG-96,0.11067875904381633,0.08288972854650276,0.08104354422688585,96,current-run measured OOF; recomputed only after all-complete
PABP,T-DCG-96,6,4,T-DCG-192,0.08592811976073128,0.07169237772415386,0.0683298100820351,192,current-run measured OOF; recomputed only after all-complete
PABP,T-DCG-192,6,1,G-Rank,0.09230550130208333,0.09386302806712964,0.06620274455708375,96,current-run measured OOF; recomputed only after all-complete
PABP,T-DCG-192,6,1,T-Uniform-96,0.09230550130208333,0.09386302806712964,0.06620274455708375,96,current-run measured OOF; recomputed only after all-complete
PABP,T-DCG-192,6,1,T-DCG-96,0.09899632415645064,0.10607282181161304,0.07640328057931835,96,current-run measured OOF; recomputed only after all-complete
PABP,T-DCG-192,6,1,T-DCG-192,0.09899632415645064,0.10607282181161304,0.07640328057931835,96,current-run measured OOF; recomputed only after all-complete
PABP,T-DCG-192,6,2,G-Rank,0.05848997610586661,0.06134619536223235,0.05052493403117007,192,current-run measured OOF; recomputed only after all-complete
PABP,T-DCG-192,6,2,T-Uniform-96,0.06786614877206308,0.0702761897334346,0.05904262644448796,96,current-run measured OOF; recomputed only after all-complete
PABP,T-DCG-192,6,2,T-DCG-96,0.0700688759245845,0.0702581122030679,0.0606160287897915,96,current-run measured OOF; recomputed only after all-complete
PABP,T-DCG-192,6,2,T-DCG-192,0.06192631248983831,0.06340696427307695,0.05343373078490877,192,current-run measured OOF; recomputed only after all-complete
PABP,T-DCG-192,6,3,G-Rank,0.07553144541296938,0.06529043273507158,0.06018757325980398,288,current-run measured OOF; recomputed only after all-complete
PABP,T-DCG-192,6,3,T-Uniform-96,0.09394899219151877,0.09016606837143132,0.08225550097476403,96,current-run measured OOF; recomputed only after all-complete
PABP,T-DCG-192,6,3,T-DCG-96,0.09763622150174926,0.0864666220991732,0.08154471271892978,96,current-run measured OOF; recomputed only after all-complete
PABP,T-DCG-192,6,3,T-DCG-192,0.0806997787392769,0.07364814782836515,0.06757531925766838,192,current-run measured OOF; recomputed only after all-complete
PABP,T-DCG-192,6,4,G-Rank,0.07127133122196903,0.06673489676581489,0.06062995464135553,384,current-run measured OOF; recomputed only after all-complete
PABP,T-DCG-192,6,4,T-Uniform-96,0.10039071683530454,0.08993519677056205,0.08407122448291975,96,current-run measured OOF; recomputed only after all-complete
PABP,T-DCG-192,6,4,T-DCG-96,0.10603012430582925,0.08797946235624497,0.08501759686811339,96,current-run measured OOF; recomputed only after all-complete
PABP,T-DCG-192,6,4,T-DCG-192,0.08455884831465717,0.0764490235910987,0.0708200622621578,192,current-run measured OOF; recomputed only after all-complete
PABP,G-Rank,7,1,G-Rank,0.11919939959490743,0.09490966796875,0.07547679759669663,96,current-run measured OOF; recomputed only after all-complete
PABP,G-Rank,7,1,T-Uniform-96,0.11919939959490743,0.09490966796875,0.07547679759669663,96,current-run measured OOF; recomputed only after all-complete
PABP,G-Rank,7,1,T-DCG-96,0.11821902438835195,0.09222046310288898,0.07594155512281629,96,current-run measured OOF; recomputed only after all-complete
PABP,G-Rank,7,1,T-DCG-192,0.11821902438835195,0.09222046310288898,0.07594155512281629,96,current-run measured OOF; recomputed only after all-complete
PABP,G-Rank,7,2,G-Rank,0.0615751478407118,0.06375800238715278,0.05219764842572704,192,current-run measured OOF; recomputed only after all-complete
PABP,G-Rank,7,2,T-Uniform-96,0.07066288700810185,0.0769277501989294,0.0628152590226325,96,current-run measured OOF; recomputed only after all-complete
PABP,G-Rank,7,2,T-DCG-96,0.07106631145116718,0.0778638216287513,0.06451620959501662,96,current-run measured OOF; recomputed only after all-complete
PABP,G-Rank,7,2,T-DCG-192,0.06364231644064036,0.06719042244714277,0.05549680996287728,192,current-run measured OOF; recomputed only after all-complete
PABP,G-Rank,7,3,G-Rank,0.08031180006322874,0.07068817180534122,0.0627888915034922,288,current-run measured OOF; recomputed only after all-complete
PABP,G-Rank,7,3,T-Uniform-96,0.08682288652584876,0.08298809538162294,0.07430828398193833,96,current-run measured OOF; recomputed only after all-complete
PABP,G-Rank,7,3,T-DCG-96,0.0949148628527128,0.08661865065437076,0.07918972626309286,96,current-run measured OOF; recomputed only after all-complete
PABP,G-Rank,7,3,T-DCG-192,0.08515643991086903,0.08076566759066015,0.07150307690172784,192,current-run measured OOF; recomputed only after all-complete
PABP,G-Rank,7,4,G-Rank,0.08788191830670393,0.08033370971679688,0.06945620614578946,384,current-run measured OOF; recomputed only after all-complete
PABP,G-Rank,7,4,T-Uniform-96,0.1078076892428928,0.11813675915753401,0.09994829368124297,96,current-run measured OOF; recomputed only after all-complete
PABP,G-Rank,7,4,T-DCG-96,0.12346639578852583,0.1346030493813362,0.11618508054767548,96,current-run measured OOF; recomputed only after all-complete
PABP,G-Rank,7,4,T-DCG-192,0.09834012249453213,0.10631515320948437,0.08987183771139237,192,current-run measured OOF; recomputed only after all-complete
PABP,T-Uniform-96,7,1,G-Rank,0.11919939959490743,0.09490966796875,0.07547679759669663,96,current-run measured OOF; recomputed only after all-complete
PABP,T-Uniform-96,7,1,T-Uniform-96,0.11919939959490743,0.09490966796875,0.07547679759669663,96,current-run measured OOF; recomputed only after all-complete
PABP,T-Uniform-96,7,1,T-DCG-96,0.11821902438835195,0.09222046310288898,0.07594155512281629,96,current-run measured OOF; recomputed only after all-complete
PABP,T-Uniform-96,7,1,T-DCG-192,0.11821902438835195,0.09222046310288898,0.07594155512281629,96,current-run measured OOF; recomputed only after all-complete
PABP,T-Uniform-96,7,2,G-Rank,0.0615751478407118,0.06375800238715278,0.05228627750756664,192,current-run measured OOF; recomputed only after all-complete
PABP,T-Uniform-96,7,2,T-Uniform-96,0.07066288700810185,0.0769277501989294,0.06272318713225901,96,current-run measured OOF; recomputed only after all-complete
PABP,T-Uniform-96,7,2,T-DCG-96,0.07106631145116718,0.0778638216287513,0.06438060932142575,96,current-run measured OOF; recomputed only after all-complete
PABP,T-Uniform-96,7,2,T-DCG-192,0.06364231644064036,0.06719042244714277,0.055511914020550404,192,current-run measured OOF; recomputed only after all-complete
PABP,T-Uniform-96,7,3,G-Rank,0.08213933832197358,0.07173079293124143,0.06189487182043271,288,current-run measured OOF; recomputed only after all-complete
PABP,T-Uniform-96,7,3,T-Uniform-96,0.09362579471289867,0.08541267300829475,0.07468036078063735,96,current-run measured OOF; recomputed only after all-complete
PABP,T-Uniform-96,7,3,T-DCG-96,0.10154481807406399,0.09389705100920175,0.08217849511273734,96,current-run measured OOF; recomputed only after all-complete
PABP,T-Uniform-96,7,3,T-DCG-192,0.08786822750977523,0.08205825447990246,0.0699071213904042,192,current-run measured OOF; recomputed only after all-complete
PABP,T-Uniform-96,7,4,G-Rank,0.08498427602979873,0.077221119845355,0.066554439070402,384,current-run measured OOF; recomputed only after all-complete
PABP,T-Uniform-96,7,4,T-Uniform-96,0.10571511586507161,0.10301360377558955,0.09060433068665741,96,current-run measured OOF; recomputed only after all-complete
PABP,T-Uniform-96,7,4,T-DCG-96,0.12067155785798879,0.11862929532101252,0.1058984243073863,96,current-run measured OOF; recomputed only after all-complete
PABP,T-Uniform-96,7,4,T-DCG-192,0.09702698125114699,0.09729638117142309,0.0838061731270515,192,current-run measured OOF; recomputed only after all-complete
PABP,T-DCG-96,7,1,G-Rank,0.11919939959490743,0.09490966796875,0.07551167504783995,96,current-run measured OOF; recomputed only after all-complete
PABP,T-DCG-96,7,1,T-Uniform-96,0.11919939959490743,0.09490966796875,0.07551167504783995,96,current-run measured OOF; recomputed only after all-complete
PABP,T-DCG-96,7,1,T-DCG-96,0.11821902438835195,0.09222046310288898,0.07590963360605867,96,current-run measured OOF; recomputed only after all-complete
PABP,T-DCG-96,7,1,T-DCG-192,0.11821902438835195,0.09222046310288898,0.07590963360605867,96,current-run measured OOF; recomputed only after all-complete
PABP,T-DCG-96,7,2,G-Rank,0.0665752269603588,0.07280137803819443,0.060072929912559137,192,current-run measured OOF; recomputed only after all-complete
PABP,T-DCG-96,7,2,T-Uniform-96,0.0755016185619213,0.08726925320095485,0.06976964272564311,96,current-run measured OOF; recomputed only after all-complete
PABP,T-DCG-96,7,2,T-DCG-96,0.07307419714281335,0.08847554238363466,0.06956750950912685,96,current-run measured OOF; recomputed only after all-complete
PABP,T-DCG-96,7,2,T-DCG-192,0.06693951780696449,0.07667272347030653,0.06201159949988888,192,current-run measured OOF; recomputed only after all-complete
PABP,T-DCG-96,7,3,G-Rank,0.08840871216992456,0.08747727717228224,0.07870164075129665,288,current-run measured OOF; recomputed only after all-complete
PABP,T-DCG-96,7,3,T-Uniform-96,0.10136658468364197,0.1178028750321502,0.09774874028642656,96,current-run measured OOF; recomputed only after all-complete
PABP,T-DCG-96,7,3,T-DCG-96,0.11348484395124435,0.13832799384303596,0.11150335472041482,96,current-run measured OOF; recomputed only after all-complete
PABP,T-DCG-96,7,3,T-DCG-192,0.09505425431921319,0.10958019221510806,0.0893106493655552,192,current-run measured OOF; recomputed only after all-complete
PABP,T-DCG-96,7,4,G-Rank,0.09192540027477124,0.09247498159055356,0.08000243460800195,384,current-run measured OOF; recomputed only after all-complete
PABP,T-DCG-96,7,4,T-Uniform-96,0.11620874758119937,0.13321134779188368,0.10882824862948293,96,current-run measured OOF; recomputed only after all-complete
PABP,T-DCG-96,7,4,T-DCG-96,0.13971755072588815,0.17135284606504309,0.13637925855942898,96,current-run measured OOF; recomputed only after all-complete
PABP,T-DCG-96,7,4,T-DCG-192,0.11292385194338173,0.13131596661538641,0.10659138898263049,192,current-run measured OOF; recomputed only after all-complete
PABP,T-DCG-192,7,1,G-Rank,0.11919939959490743,0.09490966796875,0.07551167504783995,96,current-run measured OOF; recomputed only after all-complete
PABP,T-DCG-192,7,1,T-Uniform-96,0.11919939959490743,0.09490966796875,0.07551167504783995,96,current-run measured OOF; recomputed only after all-complete
PABP,T-DCG-192,7,1,T-DCG-96,0.11821902438835195,0.09222046310288898,0.07590963360605867,96,current-run measured OOF; recomputed only after all-complete
PABP,T-DCG-192,7,1,T-DCG-192,0.11821902438835195,0.09222046310288898,0.07590963360605867,96,current-run measured OOF; recomputed only after all-complete
PABP,T-DCG-192,7,2,G-Rank,0.0665752269603588,0.07280137803819443,0.05960024227188405,192,current-run measured OOF; recomputed only after all-complete
PABP,T-DCG-192,7,2,T-Uniform-96,0.0755016185619213,0.08726925320095485,0.06958100778928013,96,current-run measured OOF; recomputed only after all-complete
PABP,T-DCG-192,7,2,T-DCG-96,0.07307419714281335,0.08847554238363466,0.06975000687075796,96,current-run measured OOF; recomputed only after all-complete
PABP,T-DCG-192,7,2,T-DCG-192,0.06693951780696449,0.07667272347030653,0.06183548913514835,192,current-run measured OOF; recomputed only after all-complete
PABP,T-DCG-192,7,3,G-Rank,0.07905191387495712,0.07326052316422325,0.06468136805604062,288,current-run measured OOF; recomputed only after all-complete
PABP,T-DCG-192,7,3,T-Uniform-96,0.093914895391268,0.09383200814203961,0.08493092823340236,96,current-run measured OOF; recomputed only after all-complete
PABP,T-DCG-192,7,3,T-DCG-96,0.11088478178573323,0.10720350438517126,0.10023801802747492,96,current-run measured OOF; recomputed only after all-complete
PABP,T-DCG-192,7,3,T-DCG-192,0.09326304037383737,0.09004715200944471,0.08140421295501601,192,current-run measured OOF; recomputed only after all-complete
PABP,T-DCG-192,7,4,G-Rank,0.07977219864174172,0.08861009279886882,0.06729498558479233,384,current-run measured OOF; recomputed only after all-complete
PABP,T-DCG-192,7,4,T-Uniform-96,0.0961467601634838,0.12168333265516494,0.09043115174239426,96,current-run measured OOF; recomputed only after all-complete
PABP,T-DCG-192,7,4,T-DCG-96,0.11788653290022345,0.1450374084860436,0.11301836018428459,96,current-run measured OOF; recomputed only after all-complete
PABP,T-DCG-192,7,4,T-DCG-192,0.09852068988586171,0.11635435951565867,0.08966997322349682,192,current-run measured OOF; recomputed only after all-complete
PABP,G-Rank,8,1,G-Rank,0.08204255280671297,0.06722005208333333,0.057864258235356146,96,current-run measured OOF; recomputed only after all-complete
PABP,G-Rank,8,1,T-Uniform-96,0.08204255280671297,0.06722005208333333,0.057864258235356146,96,current-run measured OOF; recomputed only after all-complete
PABP,G-Rank,8,1,T-DCG-96,0.08752580432397436,0.07607718181367008,0.06622373049016789,96,current-run measured OOF; recomputed only after all-complete
PABP,G-Rank,8,1,T-DCG-192,0.08752580432397436,0.07607718181367008,0.06622373049016789,96,current-run measured OOF; recomputed only after all-complete
PABP,G-Rank,8,2,G-Rank,0.07838185628255208,0.07067927607783565,0.061449910112066686,192,current-run measured OOF; recomputed only after all-complete
PABP,G-Rank,8,2,T-Uniform-96,0.0785463121202257,0.0751919216579861,0.063680671412869,96,current-run measured OOF; recomputed only after all-complete
PABP,G-Rank,8,2,T-DCG-96,0.09023636968036634,0.08961989173500251,0.07727705417548741,96,current-run measured OOF; recomputed only after all-complete
PABP,G-Rank,8,2,T-DCG-192,0.0855104039602257,0.08051457142048425,0.07020707694293683,192,current-run measured OOF; recomputed only after all-complete
PABP,G-Rank,8,3,G-Rank,0.10124311198586462,0.0867716680665402,0.07783216026188618,288,current-run measured OOF; recomputed only after all-complete
PABP,G-Rank,8,3,T-Uniform-96,0.1361041284882973,0.11207511493698559,0.10551236509964305,96,current-run measured OOF; recomputed only after all-complete
PABP,G-Rank,8,3,T-DCG-96,0.15572536277850005,0.14022158641193067,0.1298262098600706,96,current-run measured OOF; recomputed only after all-complete
PABP,G-Rank,8,3,T-DCG-192,0.12092289569151865,0.11201065747658218,0.09990049127427227,191,current-run measured OOF; recomputed only after all-complete
PABP,G-Rank,8,4,G-Rank,0.08841606422706887,0.08351783399228696,0.07055146228174598,384,current-run measured OOF; recomputed only after all-complete
PABP,G-Rank,8,4,T-Uniform-96,0.12723827362060547,0.11882142667417173,0.10864677549491998,96,current-run measured OOF; recomputed only after all-complete
PABP,G-Rank,8,4,T-DCG-96,0.13908582858854537,0.13706396824376552,0.12426082160645917,96,current-run measured OOF; recomputed only after all-complete
PABP,G-Rank,8,4,T-DCG-192,0.10808873524759897,0.1102066053458684,0.09513562622317563,192,current-run measured OOF; recomputed only after all-complete
PABP,T-Uniform-96,8,1,G-Rank,0.08204255280671297,0.06722005208333333,0.057864258235356146,96,current-run measured OOF; recomputed only after all-complete
PABP,T-Uniform-96,8,1,T-Uniform-96,0.08204255280671297,0.06722005208333333,0.057864258235356146,96,current-run measured OOF; recomputed only after all-complete
PABP,T-Uniform-96,8,1,T-DCG-96,0.08752580432397436,0.07607718181367008,0.06622373049016789,96,current-run measured OOF; recomputed only after all-complete
PABP,T-Uniform-96,8,1,T-DCG-192,0.08752580432397436,0.07607718181367008,0.06622373049016789,96,current-run measured OOF; recomputed only after all-complete
PABP,T-Uniform-96,8,2,G-Rank,0.07838185628255208,0.07067927607783565,0.06154715151442714,192,current-run measured OOF; recomputed only after all-complete
PABP,T-Uniform-96,8,2,T-Uniform-96,0.0785463121202257,0.0751919216579861,0.06358004546856637,96,current-run measured OOF; recomputed only after all-complete
PABP,T-Uniform-96,8,2,T-DCG-96,0.09023636968036634,0.08961989173500251,0.07706338781099413,96,current-run measured OOF; recomputed only after all-complete
PABP,T-Uniform-96,8,2,T-DCG-192,0.0855104039602257,0.08051457142048425,0.0701876790996227,192,current-run measured OOF; recomputed only after all-complete
PABP,T-Uniform-96,8,3,G-Rank,0.09504107356234998,0.07883506743505658,0.07055773794250801,288,current-run measured OOF; recomputed only after all-complete
PABP,T-Uniform-96,8,3,T-Uniform-96,0.112378030156893,0.10564419467753344,0.09436599723294442,96,current-run measured OOF; recomputed only after all-complete
PABP,T-Uniform-96,8,3,T-DCG-96,0.12691851158071576,0.13175883452989176,0.11435220011580559,96,current-run measured OOF; recomputed only after all-complete
PABP,T-Uniform-96,8,3,T-DCG-192,0.10594997882079178,0.10700038047428312,0.0898506879306428,192,current-run measured OOF; recomputed only after all-complete
PABP,T-Uniform-96,8,4,G-Rank,0.09659764501783584,0.07639767505504468,0.07396196042237857,384,current-run measured OOF; recomputed only after all-complete
PABP,T-Uniform-96,8,4,T-Uniform-96,0.15670606825086805,0.11842960781521268,0.11811435499443183,96,current-run measured OOF; recomputed only after all-complete
PABP,T-Uniform-96,8,4,T-DCG-96,0.17638121264031872,0.14646054186825394,0.14488941861824325,96,current-run measured OOF; recomputed only after all-complete
PABP,T-Uniform-96,8,4,T-DCG-192,0.129116182738798,0.11059816922244294,0.1083893249140672,192,current-run measured OOF; recomputed only after all-complete
PABP,T-DCG-96,8,1,G-Rank,0.08204255280671297,0.06722005208333333,0.05789363169317049,96,current-run measured OOF; recomputed only after all-complete
PABP,T-DCG-96,8,1,T-Uniform-96,0.08204255280671297,0.06722005208333333,0.05789363169317049,96,current-run measured OOF; recomputed only after all-complete
PABP,T-DCG-96,8,1,T-DCG-96,0.08752580432397436,0.07607718181367008,0.06619591204105862,96,current-run measured OOF; recomputed only after all-complete
PABP,T-DCG-96,8,1,T-DCG-192,0.08752580432397436,0.07607718181367008,0.06619591204105862,96,current-run measured OOF; recomputed only after all-complete
PABP,T-DCG-96,8,2,G-Rank,0.07981872558593749,0.07320884422019676,0.06331403502374675,192,current-run measured OOF; recomputed only after all-complete
PABP,T-DCG-96,8,2,T-Uniform-96,0.08017109058521411,0.07580312093098958,0.0627783895629118,96,current-run measured OOF; recomputed only after all-complete
PABP,T-DCG-96,8,2,T-DCG-96,0.09032562870729866,0.09236947901926833,0.075687387805189,96,current-run measured OOF; recomputed only after all-complete
PABP,T-DCG-96,8,2,T-DCG-192,0.08615781153682504,0.08386137083136348,0.07102594923435059,192,current-run measured OOF; recomputed only after all-complete
PABP,T-DCG-96,8,3,G-Rank,0.09814980589313271,0.07704152132094479,0.07264145845485875,288,current-run measured OOF; recomputed only after all-complete
PABP,T-DCG-96,8,3,T-Uniform-96,0.12632694950810183,0.09784312307098765,0.095000353161705,96,current-run measured OOF; recomputed only after all-complete
PABP,T-DCG-96,8,3,T-DCG-96,0.13933328406444023,0.10790387638276058,0.10590167592167907,96,current-run measured OOF; recomputed only after all-complete
PABP,T-DCG-96,8,3,T-DCG-192,0.11255239397452517,0.09173875177673918,0.0862240334962118,192,current-run measured OOF; recomputed only after all-complete
PABP,T-DCG-96,8,4,G-Rank,0.07550806469387478,0.06713031839441369,0.060950357824606845,384,current-run measured OOF; recomputed only after all-complete
PABP,T-DCG-96,8,4,T-Uniform-96,0.10847557915581597,0.10216684694643374,0.09577923258883626,96,current-run measured OOF; recomputed only after all-complete
PABP,T-DCG-96,8,4,T-DCG-96,0.11290496734810757,0.11444414987625277,0.10348295240614926,96,current-run measured OOF; recomputed only after all-complete
PABP,T-DCG-96,8,4,T-DCG-192,0.09359970352592596,0.09054000827619765,0.08141086921795423,192,current-run measured OOF; recomputed only after all-complete
PABP,T-DCG-192,8,1,G-Rank,0.08204255280671297,0.06722005208333333,0.05789363169317049,96,current-run measured OOF; recomputed only after all-complete
PABP,T-DCG-192,8,1,T-Uniform-96,0.08204255280671297,0.06722005208333333,0.05789363169317049,96,current-run measured OOF; recomputed only after all-complete
PABP,T-DCG-192,8,1,T-DCG-96,0.08752580432397436,0.07607718181367008,0.06619591204105862,96,current-run measured OOF; recomputed only after all-complete
PABP,T-DCG-192,8,1,T-DCG-192,0.08752580432397436,0.07607718181367008,0.06619591204105862,96,current-run measured OOF; recomputed only after all-complete
PABP,T-DCG-192,8,2,G-Rank,0.07981872558593749,0.07320884422019676,0.0630789808283327,192,current-run measured OOF; recomputed only after all-complete
PABP,T-DCG-192,8,2,T-Uniform-96,0.08017109058521411,0.07580312093098958,0.06262699562457069,96,current-run measured OOF; recomputed only after all-complete
PABP,T-DCG-192,8,2,T-DCG-96,0.09032562870729866,0.09236947901926833,0.07577204805218239,96,current-run measured OOF; recomputed only after all-complete
PABP,T-DCG-192,8,2,T-DCG-192,0.08615781153682504,0.08386137083136348,0.07094998776450559,192,current-run measured OOF; recomputed only after all-complete
PABP,T-DCG-192,8,3,G-Rank,0.09486110776213136,0.07908398035622428,0.07219919560731636,288,current-run measured OOF; recomputed only after all-complete
PABP,T-DCG-192,8,3,T-Uniform-96,0.12009621451421038,0.10252009890207048,0.09602447439949698,96,current-run measured OOF; recomputed only after all-complete
PABP,T-DCG-192,8,3,T-DCG-96,0.13470250710927983,0.11110584853100584,0.10590463691375317,96,current-run measured OOF; recomputed only after all-complete
PABP,T-DCG-192,8,3,T-DCG-192,0.11048086103580938,0.0910884093568199,0.08278217384416921,192,current-run measured OOF; recomputed only after all-complete
PABP,T-DCG-192,8,4,G-Rank,0.08623657403168854,0.07401908768547906,0.06621797718023496,384,current-run measured OOF; recomputed only after all-complete
PABP,T-DCG-192,8,4,T-Uniform-96,0.11864782262731481,0.11563965126320168,0.10477614750682927,96,current-run measured OOF; recomputed only after all-complete
PABP,T-DCG-192,8,4,T-DCG-96,0.12596851760994662,0.12008313912074817,0.11030986912910344,96,current-run measured OOF; recomputed only after all-complete
PABP,T-DCG-192,8,4,T-DCG-192,0.10313922433616063,0.092967131843228,0.08469089289135802,192,current-run measured OOF; recomputed only after all-complete
PABP,G-Rank,9,1,G-Rank,0.05949571397569444,0.06665491174768519,0.04808347338351298,96,current-run measured OOF; recomputed only after all-complete
PABP,G-Rank,9,1,T-Uniform-96,0.05949571397569444,0.06665491174768519,0.04808347338351298,96,current-run measured OOF; recomputed only after all-complete
PABP,G-Rank,9,1,T-DCG-96,0.06401588992452846,0.06885954500364205,0.0524123869222204,96,current-run measured OOF; recomputed only after all-complete
PABP,G-Rank,9,1,T-DCG-192,0.06401588992452846,0.06885954500364205,0.0524123869222204,96,current-run measured OOF; recomputed only after all-complete
PABP,G-Rank,9,2,G-Rank,0.0672348870171441,0.06465290210865161,0.05559285111690646,192,current-run measured OOF; recomputed only after all-complete
PABP,G-Rank,9,2,T-Uniform-96,0.07997484560366029,0.07172181871202259,0.06527677774561341,96,current-run measured OOF; recomputed only after all-complete
PABP,G-Rank,9,2,T-DCG-96,0.10142491140060615,0.08166200969735411,0.08059002258994312,96,current-run measured OOF; recomputed only after all-complete
PABP,G-Rank,9,2,T-DCG-192,0.08310428417185287,0.07245171136509727,0.06706508034772592,192,current-run measured OOF; recomputed only after all-complete
PABP,G-Rank,9,3,G-Rank,0.0706879206318587,0.06626877438057271,0.05763529461546413,288,current-run measured OOF; recomputed only after all-complete
PABP,G-Rank,9,3,T-Uniform-96,0.09929678960101596,0.09732595687049898,0.08700516300803489,96,current-run measured OOF; recomputed only after all-complete
PABP,G-Rank,9,3,T-DCG-96,0.11519346466381605,0.11506234358778575,0.10456992323042524,96,current-run measured OOF; recomputed only after all-complete
PABP,G-Rank,9,3,T-DCG-192,0.09313437796254248,0.08985325889366139,0.07943052218208696,192,current-run measured OOF; recomputed only after all-complete
PABP,G-Rank,9,4,G-Rank,0.08060580712777597,0.08341843993575486,0.06960515114870776,384,current-run measured OOF; recomputed only after all-complete
PABP,G-Rank,9,4,T-Uniform-96,0.1199516013816551,0.12204594082302517,0.10444860272546468,96,current-run measured OOF; recomputed only after all-complete
PABP,G-Rank,9,4,T-DCG-96,0.12653251111133904,0.12359213878892394,0.10927759329988407,96,current-run measured OOF; recomputed only after all-complete
PABP,G-Rank,9,4,T-DCG-192,0.10039233380643536,0.1022353796028011,0.08573379736216913,192,current-run measured OOF; recomputed only after all-complete
PABP,T-Uniform-96,9,1,G-Rank,0.05949571397569444,0.06665491174768519,0.04808347338351298,96,current-run measured OOF; recomputed only after all-complete
PABP,T-Uniform-96,9,1,T-Uniform-96,0.05949571397569444,0.06665491174768519,0.04808347338351298,96,current-run measured OOF; recomputed only after all-complete
PABP,T-Uniform-96,9,1,T-DCG-96,0.06401588992452846,0.06885954500364205,0.0524123869222204,96,current-run measured OOF; recomputed only after all-complete
PABP,T-Uniform-96,9,1,T-DCG-192,0.06401588992452846,0.06885954500364205,0.0524123869222204,96,current-run measured OOF; recomputed only after all-complete
PABP,T-Uniform-96,9,2,G-Rank,0.0672348870171441,0.06465290210865161,0.055785441615488464,192,current-run measured OOF; recomputed only after all-complete
PABP,T-Uniform-96,9,2,T-Uniform-96,0.07997484560366029,0.07172181871202259,0.0650833810204915,96,current-run measured OOF; recomputed only after all-complete
PABP,T-Uniform-96,9,2,T-DCG-96,0.10142491140060615,0.08166200969735411,0.07961087169381384,96,current-run measured OOF; recomputed only after all-complete
PABP,T-Uniform-96,9,2,T-DCG-192,0.08310428417185287,0.07245171136509727,0.06671009060585174,192,current-run measured OOF; recomputed only after all-complete
PABP,T-Uniform-96,9,3,G-Rank,0.06818568853684412,0.06698457694347994,0.057321522421259194,288,current-run measured OOF; recomputed only after all-complete
PABP,T-Uniform-96,9,3,T-Uniform-96,0.09231303650655864,0.09417460877218364,0.08208179511706563,96,current-run measured OOF; recomputed only after all-complete
PABP,T-Uniform-96,9,3,T-DCG-96,0.1075157553394891,0.11237338216903353,0.0995516814923591,96,current-run measured OOF; recomputed only after all-complete
PABP,T-Uniform-96,9,3,T-DCG-192,0.08736985960914224,0.09024956609908963,0.07786859744082257,192,current-run measured OOF; recomputed only after all-complete
PABP,T-Uniform-96,9,4,G-Rank,0.07734614831429941,0.08370591976024484,0.0693068038801622,384,current-run measured OOF; recomputed only after all-complete
PABP,T-Uniform-96,9,4,T-Uniform-96,0.11156943992332176,0.11232580962004483,0.10068137987063928,96,current-run measured OOF; recomputed only after all-complete
PABP,T-Uniform-96,9,4,T-DCG-96,0.1105520691691489,0.1222834068236109,0.10413981730973919,96,current-run measured OOF; recomputed only after all-complete
PABP,T-Uniform-96,9,4,T-DCG-192,0.0887073935406476,0.10173078466027567,0.08260088578532498,192,current-run measured OOF; recomputed only after all-complete
PABP,T-DCG-96,9,1,G-Rank,0.05949571397569444,0.06665491174768519,0.04810080401283215,96,current-run measured OOF; recomputed only after all-complete
PABP,T-DCG-96,9,1,T-Uniform-96,0.05949571397569444,0.06665491174768519,0.04810080401283215,96,current-run measured OOF; recomputed only after all-complete
PABP,T-DCG-96,9,1,T-DCG-96,0.06401588992452846,0.06885954500364205,0.05239603990295545,96,current-run measured OOF; recomputed only after all-complete
PABP,T-DCG-96,9,1,T-DCG-192,0.06401588992452846,0.06885954500364205,0.05239603990295545,96,current-run measured OOF; recomputed only after all-complete
PABP,T-DCG-96,9,2,G-Rank,0.06228242097077546,0.0584270336009838,0.049891885237977183,192,current-run measured OOF; recomputed only after all-complete
PABP,T-DCG-96,9,2,T-Uniform-96,0.07827320805302372,0.06511137220594619,0.05966994359846093,96,current-run measured OOF; recomputed only after all-complete
PABP,T-DCG-96,9,2,T-DCG-96,0.08383192326997362,0.07733792173001808,0.06884021712047618,96,current-run measured OOF; recomputed only after all-complete
PABP,T-DCG-96,9,2,T-DCG-192,0.06919100822918013,0.06750267381475453,0.05764602594167962,192,current-run measured OOF; recomputed only after all-complete
PABP,T-DCG-96,9,3,G-Rank,0.0653512795112097,0.06461295505937072,0.05576564846710309,288,current-run measured OOF; recomputed only after all-complete
PABP,T-DCG-96,9,3,T-Uniform-96,0.08678709430459104,0.08885098681037808,0.07755127700043474,96,current-run measured OOF; recomputed only after all-complete
PABP,T-DCG-96,9,3,T-DCG-96,0.09441399535904975,0.09916907709014032,0.0857306312463843,96,current-run measured OOF; recomputed only after all-complete
PABP,T-DCG-96,9,3,T-DCG-192,0.07661513568675725,0.08100677879902737,0.06901562705026806,192,current-run measured OOF; recomputed only after all-complete
PABP,T-DCG-96,9,4,G-Rank,0.0726312796274821,0.07263039659570765,0.06365955647435424,384,current-run measured OOF; recomputed only after all-complete
PABP,T-DCG-96,9,4,T-Uniform-96,0.10185319406014903,0.10494076764142073,0.09462898644112051,96,current-run measured OOF; recomputed only after all-complete
PABP,T-DCG-96,9,4,T-DCG-96,0.10262735701673395,0.10595503483306389,0.09583386766860813,96,current-run measured OOF; recomputed only after all-complete
PABP,T-DCG-96,9,4,T-DCG-192,0.08375416795282915,0.08962183284105643,0.07677104187650557,192,current-run measured OOF; recomputed only after all-complete
PABP,T-DCG-192,9,1,G-Rank,0.05949571397569444,0.06665491174768519,0.04810080401283215,96,current-run measured OOF; recomputed only after all-complete
PABP,T-DCG-192,9,1,T-Uniform-96,0.05949571397569444,0.06665491174768519,0.04810080401283215,96,current-run measured OOF; recomputed only after all-complete
PABP,T-DCG-192,9,1,T-DCG-96,0.06401588992452846,0.06885954500364205,0.05239603990295545,96,current-run measured OOF; recomputed only after all-complete
PABP,T-DCG-192,9,1,T-DCG-192,0.06401588992452846,0.06885954500364205,0.05239603990295545,96,current-run measured OOF; recomputed only after all-complete
PABP,T-DCG-192,9,2,G-Rank,0.06228242097077546,0.0584270336009838,0.04989752184675441,192,current-run measured OOF; recomputed only after all-complete
PABP,T-DCG-192,9,2,T-Uniform-96,0.07827320805302372,0.06511137220594619,0.060132761753273124,96,current-run measured OOF; recomputed only after all-complete
PABP,T-DCG-192,9,2,T-DCG-96,0.08383192326997362,0.07733792173001808,0.0689597578829484,96,current-run measured OOF; recomputed only after all-complete
PABP,T-DCG-192,9,2,T-DCG-192,0.06919100822918013,0.06750267381475453,0.057533953352232964,192,current-run measured OOF; recomputed only after all-complete
PABP,T-DCG-192,9,3,G-Rank,0.06911482111089678,0.06613996424629202,0.05718152530102093,288,current-run measured OOF; recomputed only after all-complete
PABP,T-DCG-192,9,3,T-Uniform-96,0.09231605058834876,0.09276401849440587,0.07903835613267049,96,current-run measured OOF; recomputed only after all-complete
PABP,T-DCG-192,9,3,T-DCG-96,0.10046405731917493,0.10624937774830054,0.08900994971869247,96,current-run measured OOF; recomputed only after all-complete
PABP,T-DCG-192,9,3,T-DCG-192,0.08120635237919652,0.08568122802083236,0.0717344225092919,192,current-run measured OOF; recomputed only after all-complete
PABP,T-DCG-192,9,4,G-Rank,0.07337080990826643,0.07105942125673648,0.06294197424052453,384,current-run measured OOF; recomputed only after all-complete
PABP,T-DCG-192,9,4,T-Uniform-96,0.10239749484592015,0.09704773514359084,0.09053037855499298,96,current-run measured OOF; recomputed only after all-complete
PABP,T-DCG-192,9,4,T-DCG-96,0.1005625837121814,0.10205201489295221,0.09186526782876632,96,current-run measured OOF; recomputed only after all-complete
PABP,T-DCG-192,9,4,T-DCG-192,0.08610568339867905,0.08990771915843322,0.07672381800677049,192,current-run measured OOF; recomputed only after all-complete
PABP,G-Rank,10,1,G-Rank,0.14890769675925927,0.10096119068287036,0.08976086279621409,96,current-run measured OOF; recomputed only after all-complete
PABP,G-Rank,10,1,T-Uniform-96,0.14890769675925927,0.10096119068287036,0.08976086279621409,96,current-run measured OOF; recomputed only after all-complete
PABP,G-Rank,10,1,T-DCG-96,0.1714650070959623,0.11276784082631383,0.10539159280098938,96,current-run measured OOF; recomputed only after all-complete
PABP,G-Rank,10,1,T-DCG-192,0.1714650070959623,0.11276784082631383,0.10539159280098938,96,current-run measured OOF; recomputed only after all-complete
PABP,G-Rank,10,2,G-Rank,0.10147885923032407,0.0793174461082176,0.07386183545037438,192,current-run measured OOF; recomputed only after all-complete
PABP,G-Rank,10,2,T-Uniform-96,0.10811162877965856,0.08359442816840279,0.08012546541753184,96,current-run measured OOF; recomputed only after all-complete
PABP,G-Rank,10,2,T-DCG-96,0.10943813283320024,0.08970396711912113,0.0854524298508945,96,current-run measured OOF; recomputed only after all-complete
PABP,G-Rank,10,2,T-DCG-192,0.10362409025988824,0.0840543125518803,0.0785060324577848,192,current-run measured OOF; recomputed only after all-complete
PABP,G-Rank,10,3,G-Rank,0.10384681816781335,0.07722456399632416,0.07391013554755926,288,current-run measured OOF; recomputed only after all-complete
PABP,G-Rank,10,3,T-Uniform-96,0.13206846135143388,0.09951951768663193,0.09913985672795056,96,current-run measured OOF; recomputed only after all-complete
PABP,G-Rank,10,3,T-DCG-96,0.1368373271305001,0.11269229009088817,0.11046300421836883,96,current-run measured OOF; recomputed only after all-complete
PABP,G-Rank,10,3,T-DCG-192,0.10975594589307809,0.09031973287405118,0.08643378965463154,192,current-run measured OOF; recomputed only after all-complete
PABP,G-Rank,10,4,G-Rank,0.08408649762471516,0.08254230463946306,0.0734186514329525,384,current-run measured OOF; recomputed only after all-complete
PABP,G-Rank,10,4,T-Uniform-96,0.11827966901991101,0.11765045589870875,0.10981389453808653,96,current-run measured OOF; recomputed only after all-complete
PABP,G-Rank,10,4,T-DCG-96,0.12274407964877046,0.13093437980110226,0.11859432881931763,96,current-run measured OOF; recomputed only after all-complete
PABP,G-Rank,10,4,T-DCG-192,0.09925804792472948,0.10217126594450476,0.0927518034322143,192,current-run measured OOF; recomputed only after all-complete
PABP,T-Uniform-96,10,1,G-Rank,0.14890769675925927,0.10096119068287036,0.08976086279621409,96,current-run measured OOF; recomputed only after all-complete
PABP,T-Uniform-96,10,1,T-Uniform-96,0.14890769675925927,0.10096119068287036,0.08976086279621409,96,current-run measured OOF; recomputed only after all-complete
PABP,T-Uniform-96,10,1,T-DCG-96,0.1714650070959623,0.11276784082631383,0.10539159280098938,96,current-run measured OOF; recomputed only after all-complete
PABP,T-Uniform-96,10,1,T-DCG-192,0.1714650070959623,0.11276784082631383,0.10539159280098938,96,current-run measured OOF; recomputed only after all-complete
PABP,T-Uniform-96,10,2,G-Rank,0.10147885923032407,0.0793174461082176,0.07397756774717,192,current-run measured OOF; recomputed only after all-complete
PABP,T-Uniform-96,10,2,T-Uniform-96,0.10811162877965856,0.08359442816840279,0.08002162978859008,96,current-run measured OOF; recomputed only after all-complete
PABP,T-Uniform-96,10,2,T-DCG-96,0.10943813283320024,0.08970396711912113,0.0855006901914891,96,current-run measured OOF; recomputed only after all-complete
PABP,T-Uniform-96,10,2,T-DCG-192,0.10362409025988824,0.0840543125518803,0.07867424058884143,192,current-run measured OOF; recomputed only after all-complete
PABP,T-Uniform-96,10,3,G-Rank,0.10955080050663366,0.0861322222423161,0.08216864444926059,288,current-run measured OOF; recomputed only after all-complete
PABP,T-Uniform-96,10,3,T-Uniform-96,0.14100019038949976,0.11286901152183,0.11080202511582544,96,current-run measured OOF; recomputed only after all-complete
PABP,T-Uniform-96,10,3,T-DCG-96,0.1436448318932144,0.12936062199771647,0.12397174971509944,96,current-run measured OOF; recomputed only after all-complete
PABP,T-Uniform-96,10,3,T-DCG-192,0.11603086237407742,0.10137570814002621,0.09617286582488009,192,current-run measured OOF; recomputed only after all-complete
PABP,T-Uniform-96,10,4,G-Rank,0.09047479982729312,0.07752143012152778,0.07347514933960443,384,current-run measured OOF; recomputed only after all-complete
PABP,T-Uniform-96,10,4,T-Uniform-96,0.12289527610496238,0.11621333934642653,0.11072831015268285,96,current-run measured OOF; recomputed only after all-complete
PABP,T-Uniform-96,10,4,T-DCG-96,0.1355670308910687,0.12402455994878475,0.12071162543667367,96,current-run measured OOF; recomputed only after all-complete
PABP,T-Uniform-96,10,4,T-DCG-192,0.10792403747375003,0.0968692155274125,0.09336759605918508,192,current-run measured OOF; recomputed only after all-complete
PABP,T-DCG-96,10,1,G-Rank,0.14890769675925927,0.10096119068287036,0.09005965475446369,96,current-run measured OOF; recomputed only after all-complete
PABP,T-DCG-96,10,1,T-Uniform-96,0.14890769675925927,0.10096119068287036,0.09005965475446369,96,current-run measured OOF; recomputed only after all-complete
PABP,T-DCG-96,10,1,T-DCG-96,0.1714650070959623,0.11276784082631383,0.10509935204735917,96,current-run measured OOF; recomputed only after all-complete
PABP,T-DCG-96,10,1,T-DCG-192,0.1714650070959623,0.11276784082631383,0.10509935204735917,96,current-run measured OOF; recomputed only after all-complete
PABP,T-DCG-96,10,2,G-Rank,0.10138702392578125,0.0735004566333912,0.06969407885494332,192,current-run measured OOF; recomputed only after all-complete
PABP,T-DCG-96,10,2,T-Uniform-96,0.10169785111038772,0.07674690529152199,0.07322892362187618,96,current-run measured OOF; recomputed only after all-complete
PABP,T-DCG-96,10,2,T-DCG-96,0.1070904173495415,0.08297102632611077,0.07949733357564895,96,current-run measured OOF; recomputed only after all-complete
PABP,T-DCG-96,10,2,T-DCG-192,0.1045886083030351,0.07812952335655897,0.0743327664598634,192,current-run measured OOF; recomputed only after all-complete
PABP,T-DCG-96,10,3,G-Rank,0.11060321739835177,0.08452734927581662,0.0809264664858138,288,current-run measured OOF; recomputed only after all-complete
PABP,T-DCG-96,10,3,T-Uniform-96,0.13297312544206533,0.10794419025688014,0.10776800997478679,96,current-run measured OOF; recomputed only after all-complete
PABP,T-DCG-96,10,3,T-DCG-96,0.13293894577819043,0.11600495879654643,0.11378318164567772,96,current-run measured OOF; recomputed only after all-complete
PABP,T-DCG-96,10,3,T-DCG-192,0.10727978884714945,0.09312191369977256,0.08948158856061922,192,current-run measured OOF; recomputed only after all-complete
PABP,T-DCG-96,10,4,G-Rank,0.08435672300833243,0.07736914246170609,0.07340440496433183,384,current-run measured OOF; recomputed only after all-complete
PABP,T-DCG-96,10,4,T-Uniform-96,0.12024727574101202,0.11587188861988208,0.11079598639027732,96,current-run measured OOF; recomputed only after all-complete
PABP,T-DCG-96,10,4,T-DCG-96,0.11613276163726578,0.12471671491878997,0.110834683550744,96,current-run measured OOF; recomputed only after all-complete
PABP,T-DCG-96,10,4,T-DCG-192,0.0941790177915293,0.09798875463765978,0.08746489186850866,192,current-run measured OOF; recomputed only after all-complete
PABP,T-DCG-192,10,1,G-Rank,0.14890769675925927,0.10096119068287036,0.09005965475446369,96,current-run measured OOF; recomputed only after all-complete
PABP,T-DCG-192,10,1,T-Uniform-96,0.14890769675925927,0.10096119068287036,0.09005965475446369,96,current-run measured OOF; recomputed only after all-complete
PABP,T-DCG-192,10,1,T-DCG-96,0.1714650070959623,0.11276784082631383,0.10509935204735917,96,current-run measured OOF; recomputed only after all-complete
PABP,T-DCG-192,10,1,T-DCG-192,0.1714650070959623,0.11276784082631383,0.10509935204735917,96,current-run measured OOF; recomputed only after all-complete
PABP,T-DCG-192,10,2,G-Rank,0.10138702392578125,0.0735004566333912,0.06969392478497848,192,current-run measured OOF; recomputed only after all-complete
PABP,T-DCG-192,10,2,T-Uniform-96,0.10169785111038772,0.07674690529152199,0.07322887119890413,96,current-run measured OOF; recomputed only after all-complete
PABP,T-DCG-192,10,2,T-DCG-96,0.1070904173495415,0.08297102632611077,0.07949733839825678,96,current-run measured OOF; recomputed only after all-complete
PABP,T-DCG-192,10,2,T-DCG-192,0.1045886083030351,0.07812952335655897,0.0743327611762872,192,current-run measured OOF; recomputed only after all-complete
PABP,T-DCG-192,10,3,G-Rank,0.11060321739835177,0.08452734927581662,0.08109628498575634,288,current-run measured OOF; recomputed only after all-complete
PABP,T-DCG-192,10,3,T-Uniform-96,0.13297312544206533,0.10794419025688014,0.10838333876299144,96,current-run measured OOF; recomputed only after all-complete
PABP,T-DCG-192,10,3,T-DCG-96,0.13293894577819043,0.11600495879654643,0.11390955398630867,96,current-run measured OOF; recomputed only after all-complete
PABP,T-DCG-192,10,3,T-DCG-192,0.10727978884714945,0.09312191369977256,0.08934139912498577,192,current-run measured OOF; recomputed only after all-complete
PABP,T-DCG-192,10,4,G-Rank,0.08091185711048267,0.07730950249565972,0.07150323553203429,384,current-run measured OOF; recomputed only after all-complete
PABP,T-DCG-192,10,4,T-Uniform-96,0.1167700378983109,0.11818818692807798,0.11004084485805264,96,current-run measured OOF; recomputed only after all-complete
PABP,T-DCG-192,10,4,T-DCG-96,0.11347923145637248,0.12895887666426753,0.1112103289893119,96,current-run measured OOF; recomputed only after all-complete
PABP,T-DCG-192,10,4,T-DCG-192,0.0916183746806337,0.10034866814289337,0.08705430117333535,192,current-run measured OOF; recomputed only after all-complete
PABP,G-Rank,11,1,G-Rank,0.10261818214699074,0.0630764431423611,0.05903887961507382,96,current-run measured OOF; recomputed only after all-complete
PABP,G-Rank,11,1,T-Uniform-96,0.10261818214699074,0.0630764431423611,0.05903887961507382,96,current-run measured OOF; recomputed only after all-complete
PABP,G-Rank,11,1,T-DCG-96,0.11531593809070012,0.06333218458024471,0.06299285108289224,96,current-run measured OOF; recomputed only after all-complete
PABP,G-Rank,11,1,T-DCG-192,0.11531593809070012,0.06333218458024471,0.06299285108289224,96,current-run measured OOF; recomputed only after all-complete
PABP,G-Rank,11,2,G-Rank,0.07479385093406395,0.05812885143138744,0.05364146471606091,192,current-run measured OOF; recomputed only after all-complete
PABP,G-Rank,11,2,T-Uniform-96,0.07082239786783855,0.054677751329210066,0.05119176549807439,96,current-run measured OOF; recomputed only after all-complete
PABP,G-Rank,11,2,T-DCG-96,0.07052369625332176,0.05731929461712678,0.053571462303557534,96,current-run measured OOF; recomputed only after all-complete
PABP,G-Rank,11,2,T-DCG-192,0.07375508985203932,0.05908740109739568,0.05455877967898396,192,current-run measured OOF; recomputed only after all-complete
PABP,G-Rank,11,3,G-Rank,0.07567869586709104,0.05880833587855795,0.05477233689490397,288,current-run measured OOF; recomputed only after all-complete
PABP,G-Rank,11,3,T-Uniform-96,0.07720451197997043,0.06355624728732638,0.06113592588799586,96,current-run measured OOF; recomputed only after all-complete
PABP,G-Rank,11,3,T-DCG-96,0.0887188439105,0.08319300701304595,0.07893784163792503,96,current-run measured OOF; recomputed only after all-complete
PABP,G-Rank,11,3,T-DCG-192,0.08059442466886317,0.07185466324759762,0.0679457134696979,192,current-run measured OOF; recomputed only after all-complete
PABP,G-Rank,11,4,G-Rank,0.07388971470020435,0.06584868607697664,0.05957494346831177,384,current-run measured OOF; recomputed only after all-complete
PABP,G-Rank,11,4,T-Uniform-96,0.10151213186758538,0.08861718354401765,0.0853198329974888,96,current-run measured OOF; recomputed only after all-complete
PABP,G-Rank,11,4,T-DCG-96,0.12986058278680548,0.1142131050025744,0.11271962503792622,96,current-run measured OOF; recomputed only after all-complete
PABP,G-Rank,11,4,T-DCG-192,0.10063642804582074,0.09298823846913484,0.08721593112037919,191,current-run measured OOF; recomputed only after all-complete
PABP,T-Uniform-96,11,1,G-Rank,0.10261818214699074,0.0630764431423611,0.05903887961507382,96,current-run measured OOF; recomputed only after all-complete
PABP,T-Uniform-96,11,1,T-Uniform-96,0.10261818214699074,0.0630764431423611,0.05903887961507382,96,current-run measured OOF; recomputed only after all-complete
PABP,T-Uniform-96,11,1,T-DCG-96,0.11531593809070012,0.06333218458024471,0.06299285108289224,96,current-run measured OOF; recomputed only after all-complete
PABP,T-Uniform-96,11,1,T-DCG-192,0.11531593809070012,0.06333218458024471,0.06299285108289224,96,current-run measured OOF; recomputed only after all-complete
PABP,T-Uniform-96,11,2,G-Rank,0.07479385093406395,0.05812885143138744,0.05365697936177546,192,current-run measured OOF; recomputed only after all-complete
PABP,T-Uniform-96,11,2,T-Uniform-96,0.07082239786783855,0.054677751329210066,0.051178106839032754,96,current-run measured OOF; recomputed only after all-complete
PABP,T-Uniform-96,11,2,T-DCG-96,0.07052369625332176,0.05731929461712678,0.05359015999724535,96,current-run measured OOF; recomputed only after all-complete
PABP,T-Uniform-96,11,2,T-DCG-192,0.07375508985203932,0.05908740109739568,0.05459172270185736,192,current-run measured OOF; recomputed only after all-complete
PABP,T-Uniform-96,11,3,G-Rank,0.07555637438110854,0.059192463857810344,0.0566062320934594,288,current-run measured OOF; recomputed only after all-complete
PABP,T-Uniform-96,11,3,T-Uniform-96,0.08051962518888245,0.06066360787599665,0.06003103399546961,96,current-run measured OOF; recomputed only after all-complete
PABP,T-Uniform-96,11,3,T-DCG-96,0.0987286703113441,0.07760110464767556,0.07691102647906342,96,current-run measured OOF; recomputed only after all-complete
PABP,T-Uniform-96,11,3,T-DCG-192,0.08664630471248272,0.07088133854332794,0.06918545838908208,192,current-run measured OOF; recomputed only after all-complete
PABP,T-Uniform-96,11,4,G-Rank,0.07364757855733235,0.06671470182913321,0.06057541480526252,384,current-run measured OOF; recomputed only after all-complete
PABP,T-Uniform-96,11,4,T-Uniform-96,0.10119791384096499,0.08817439609103733,0.08433688947903457,96,current-run measured OOF; recomputed only after all-complete
PABP,T-Uniform-96,11,4,T-DCG-96,0.12634292710010786,0.11041013918191027,0.10766608152629506,96,current-run measured OOF; recomputed only after all-complete
PABP,T-Uniform-96,11,4,T-DCG-192,0.09716884674056116,0.09051824536055329,0.08409733751705191,192,current-run measured OOF; recomputed only after all-complete
PABP,T-DCG-96,11,1,G-Rank,0.10261818214699074,0.0630764431423611,0.05987585671743465,96,current-run measured OOF; recomputed only after all-complete
PABP,T-DCG-96,11,1,T-Uniform-96,0.10261818214699074,0.0630764431423611,0.05987585671743465,96,current-run measured OOF; recomputed only after all-complete
PABP,T-DCG-96,11,1,T-DCG-96,0.11531593809070012,0.06333218458024471,0.0622060266093533,96,current-run measured OOF; recomputed only after all-complete
PABP,T-DCG-96,11,1,T-DCG-192,0.11531593809070012,0.06333218458024471,0.0622060266093533,96,current-run measured OOF; recomputed only after all-complete
PABP,T-DCG-96,11,2,G-Rank,0.08519596523708767,0.06814582259566697,0.06132614693992925,192,current-run measured OOF; recomputed only after all-complete
PABP,T-DCG-96,11,2,T-Uniform-96,0.08427754154911749,0.0662959063494647,0.06131951201294752,96,current-run measured OOF; recomputed only after all-complete
PABP,T-DCG-96,11,2,T-DCG-96,0.08865100883029071,0.07233696993357629,0.06794229417386605,96,current-run measured OOF; recomputed only after all-complete
PABP,T-DCG-96,11,2,T-DCG-192,0.08756039344608023,0.07152249500115136,0.06534167322721934,192,current-run measured OOF; recomputed only after all-complete
PABP,T-DCG-96,11,3,G-Rank,0.0849866827819573,0.06740052023051697,0.06429065341752237,288,current-run measured OOF; recomputed only after all-complete
PABP,T-DCG-96,11,3,T-Uniform-96,0.08837614334169237,0.06904746475533695,0.06812290126263432,96,current-run measured OOF; recomputed only after all-complete
PABP,T-DCG-96,11,3,T-DCG-96,0.11216338916674976,0.09055845454589638,0.09007778502033692,96,current-run measured OOF; recomputed only after all-complete
PABP,T-DCG-96,11,3,T-DCG-192,0.09427190447702131,0.07942924885267044,0.07723845712021102,192,current-run measured OOF; recomputed only after all-complete
PABP,T-DCG-96,11,4,G-Rank,0.07136368751525879,0.06621610676800764,0.05960063748424571,384,current-run measured OOF; recomputed only after all-complete
PABP,T-DCG-96,11,4,T-Uniform-96,0.09866929937292028,0.08145378254078052,0.08082756052873184,96,current-run measured OOF; recomputed only after all-complete
PABP,T-DCG-96,11,4,T-DCG-96,0.11434545501435381,0.10373130359211605,0.1005758755086767,96,current-run measured OOF; recomputed only after all-complete
PABP,T-DCG-96,11,4,T-DCG-192,0.09081094107847502,0.084203893002379,0.0785439794609913,192,current-run measured OOF; recomputed only after all-complete
PABP,T-DCG-192,11,1,G-Rank,0.10261818214699074,0.0630764431423611,0.05987585671743465,96,current-run measured OOF; recomputed only after all-complete
PABP,T-DCG-192,11,1,T-Uniform-96,0.10261818214699074,0.0630764431423611,0.05987585671743465,96,current-run measured OOF; recomputed only after all-complete
PABP,T-DCG-192,11,1,T-DCG-96,0.11531593809070012,0.06333218458024471,0.0622060266093533,96,current-run measured OOF; recomputed only after all-complete
PABP,T-DCG-192,11,1,T-DCG-192,0.11531593809070012,0.06333218458024471,0.0622060266093533,96,current-run measured OOF; recomputed only after all-complete
PABP,T-DCG-192,11,2,G-Rank,0.08519596523708767,0.06814582259566697,0.06126253303958925,192,current-run measured OOF; recomputed only after all-complete
PABP,T-DCG-192,11,2,T-Uniform-96,0.08427754154911749,0.0662959063494647,0.06135864881170686,96,current-run measured OOF; recomputed only after all-complete
PABP,T-DCG-192,11,2,T-DCG-96,0.08865100883029071,0.07233696993357629,0.06798356438844999,96,current-run measured OOF; recomputed only after all-complete
PABP,T-DCG-192,11,2,T-DCG-192,0.08756039344608023,0.07152249500115136,0.0652930527211254,192,current-run measured OOF; recomputed only after all-complete
PABP,T-DCG-192,11,3,G-Rank,0.08576712065436386,0.06815102659625771,0.06354146372383636,288,current-run measured OOF; recomputed only after all-complete
PABP,T-DCG-192,11,3,T-Uniform-96,0.08980029698752572,0.06947232470100308,0.06880121184355993,96,current-run measured OOF; recomputed only after all-complete
PABP,T-DCG-192,11,3,T-DCG-96,0.11432636663973006,0.09624838201523017,0.09551734504656754,96,current-run measured OOF; recomputed only after all-complete
PABP,T-DCG-192,11,3,T-DCG-192,0.09593141415526188,0.08442953702601828,0.0800807806888744,192,current-run measured OOF; recomputed only after all-complete
PABP,T-DCG-192,11,4,G-Rank,0.07914273827164263,0.06646181918956616,0.060249155457412086,384,current-run measured OOF; recomputed only after all-complete
PABP,T-DCG-192,11,4,T-Uniform-96,0.10301226156729239,0.08526113298204212,0.08380673664595363,96,current-run measured OOF; recomputed only after all-complete
PABP,T-DCG-192,11,4,T-DCG-96,0.11853594901869692,0.107243076619407,0.10268509103952368,96,current-run measured OOF; recomputed only after all-complete
PABP,T-DCG-192,11,4,T-DCG-192,0.09623692821722853,0.08760433693717384,0.08194308283825391,192,current-run measured OOF; recomputed only after all-complete
PABP,G-Rank,12,1,G-Rank,0.08109085648148147,0.0527027271412037,0.04566612196028158,96,current-run measured OOF; recomputed only after all-complete
PABP,G-Rank,12,1,T-Uniform-96,0.08109085648148147,0.0527027271412037,0.04566612196028158,96,current-run measured OOF; recomputed only after all-complete
PABP,G-Rank,12,1,T-DCG-96,0.09898100126172155,0.05988724287875871,0.053432552892030485,96,current-run measured OOF; recomputed only after all-complete
PABP,G-Rank,12,1,T-DCG-192,0.09898100126172155,0.05988724287875871,0.053432552892030485,96,current-run measured OOF; recomputed only after all-complete
PABP,G-Rank,12,2,G-Rank,0.05620002746582031,0.05500051710340712,0.04590003701908177,192,current-run measured OOF; recomputed only after all-complete
PABP,G-Rank,12,2,T-Uniform-96,0.06278695000542535,0.06549764562536169,0.054276439411495014,96,current-run measured OOF; recomputed only after all-complete
PABP,G-Rank,12,2,T-DCG-96,0.06434508053959355,0.06711142019675989,0.05638823117545975,96,current-run measured OOF; recomputed only after all-complete
PABP,G-Rank,12,2,T-DCG-192,0.058873787252605086,0.05833641005507472,0.049156536067263855,192,current-run measured OOF; recomputed only after all-complete
PABP,G-Rank,12,3,G-Rank,0.07321411886332947,0.07043019570767961,0.06026400048647223,288,current-run measured OOF; recomputed only after all-complete
PABP,G-Rank,12,3,T-Uniform-96,0.0903693933055234,0.08027925216612011,0.07097445562763204,96,current-run measured OOF; recomputed only after all-complete
PABP,G-Rank,12,3,T-DCG-96,0.09779729548788263,0.08666746275762359,0.07894562703400894,96,current-run measured OOF; recomputed only after all-complete
PABP,G-Rank,12,3,T-DCG-192,0.0819500689833648,0.07761206470983868,0.0669873101566977,192,current-run measured OOF; recomputed only after all-complete
PABP,G-Rank,12,4,G-Rank,0.08670746838604963,0.07296389120596426,0.06273102639012702,384,current-run measured OOF; recomputed only after all-complete
PABP,G-Rank,12,4,T-Uniform-96,0.11841120543303314,0.08835668917055482,0.08329010194405,96,current-run measured OOF; recomputed only after all-complete
PABP,G-Rank,12,4,T-DCG-96,0.11967804314549005,0.08668991712363622,0.08375993744276625,96,current-run measured OOF; recomputed only after all-complete
PABP,G-Rank,12,4,T-DCG-192,0.09684505726210935,0.07518214258240265,0.06656087225294482,192,current-run measured OOF; recomputed only after all-complete
PABP,T-Uniform-96,12,1,G-Rank,0.08109085648148147,0.0527027271412037,0.04566612196028158,96,current-run measured OOF; recomputed only after all-complete
PABP,T-Uniform-96,12,1,T-Uniform-96,0.08109085648148147,0.0527027271412037,0.04566612196028158,96,current-run measured OOF; recomputed only after all-complete
PABP,T-Uniform-96,12,1,T-DCG-96,0.09898100126172155,0.05988724287875871,0.053432552892030485,96,current-run measured OOF; recomputed only after all-complete
PABP,T-Uniform-96,12,1,T-DCG-192,0.09898100126172155,0.05988724287875871,0.053432552892030485,96,current-run measured OOF; recomputed only after all-complete
PABP,T-Uniform-96,12,2,G-Rank,0.05620002746582031,0.05500051710340712,0.045995549571523194,192,current-run measured OOF; recomputed only after all-complete
PABP,T-Uniform-96,12,2,T-Uniform-96,0.06278695000542535,0.06549764562536169,0.05417869610000894,96,current-run measured OOF; recomputed only after all-complete
PABP,T-Uniform-96,12,2,T-DCG-96,0.06434508053959355,0.06711142019675989,0.05628577530613372,96,current-run measured OOF; recomputed only after all-complete
PABP,T-Uniform-96,12,2,T-DCG-192,0.058873787252605086,0.05833641005507472,0.04921828446131673,192,current-run measured OOF; recomputed only after all-complete
PABP,T-Uniform-96,12,3,G-Rank,0.07701470855168682,0.0727750676159015,0.06270245502145327,288,current-run measured OOF; recomputed only after all-complete
PABP,T-Uniform-96,12,3,T-Uniform-96,0.09521993001302083,0.08919653872894162,0.07927347584258343,96,current-run measured OOF; recomputed only after all-complete
PABP,T-Uniform-96,12,3,T-DCG-96,0.10919424024109545,0.09625900971929365,0.08993134562341072,96,current-run measured OOF; recomputed only after all-complete
PABP,T-Uniform-96,12,3,T-DCG-192,0.09073858018082837,0.08004735888114435,0.07228462154199362,192,current-run measured OOF; recomputed only after all-complete
PABP,T-Uniform-96,12,4,G-Rank,0.09129379413746021,0.07917603739985714,0.06939414025063824,384,current-run measured OOF; recomputed only after all-complete
PABP,T-Uniform-96,12,4,T-Uniform-96,0.11181725396050346,0.09627292774341727,0.09017023733790448,96,current-run measured OOF; recomputed only after all-complete
PABP,T-Uniform-96,12,4,T-DCG-96,0.11368135255112337,0.09370077631767686,0.08911037426966616,96,current-run measured OOF; recomputed only after all-complete
PABP,T-Uniform-96,12,4,T-DCG-192,0.09453909262073425,0.079151169147805,0.07090684110540282,192,current-run measured OOF; recomputed only after all-complete
PABP,T-DCG-96,12,1,G-Rank,0.08109085648148147,0.0527027271412037,0.04574929647721004,96,current-run measured OOF; recomputed only after all-complete
PABP,T-DCG-96,12,1,T-Uniform-96,0.08109085648148147,0.0527027271412037,0.04574929647721004,96,current-run measured OOF; recomputed only after all-complete
PABP,T-DCG-96,12,1,T-DCG-96,0.09898100126172155,0.05988724287875871,0.05333505707395842,96,current-run measured OOF; recomputed only after all-complete
PABP,T-DCG-96,12,1,T-DCG-192,0.09898100126172155,0.05988724287875871,0.05333505707395842,96,current-run measured OOF; recomputed only after all-complete
PABP,T-DCG-96,12,2,G-Rank,0.05656765125415943,0.06257481045193143,0.04859503113453528,192,current-run measured OOF; recomputed only after all-complete
PABP,T-DCG-96,12,2,T-Uniform-96,0.06442981296115452,0.07176589965820312,0.05487145292895473,96,current-run measured OOF; recomputed only after all-complete
PABP,T-DCG-96,12,2,T-DCG-96,0.06628204914104167,0.07443972678316266,0.05778316152442861,96,current-run measured OOF; recomputed only after all-complete
PABP,T-DCG-96,12,2,T-DCG-192,0.05961746091273703,0.06630682509694995,0.05189839421604309,192,current-run measured OOF; recomputed only after all-complete
PABP,T-DCG-96,12,3,G-Rank,0.07018766677919239,0.07800359948345337,0.0635516804111906,288,current-run measured OOF; recomputed only after all-complete
PABP,T-DCG-96,12,3,T-Uniform-96,0.0871712013527199,0.1002137611922904,0.08239149800082342,96,current-run measured OOF; recomputed only after all-complete
PABP,T-DCG-96,12,3,T-DCG-96,0.08869823487576708,0.10955589767256109,0.08567635035217104,96,current-run measured OOF; recomputed only after all-complete
PABP,T-DCG-96,12,3,T-DCG-192,0.07724011706136262,0.0905984165575744,0.07136475202824387,192,current-run measured OOF; recomputed only after all-complete
PABP,T-DCG-96,12,4,G-Rank,0.07825497344688133,0.0734049920682554,0.06365762605370796,384,current-run measured OOF; recomputed only after all-complete
PABP,T-DCG-96,12,4,T-Uniform-96,0.0981454849243164,0.08710462075692638,0.07881462583764608,96,current-run measured OOF; recomputed only after all-complete
PABP,T-DCG-96,12,4,T-DCG-96,0.09845764220312668,0.08590801222522625,0.07874220613864884,96,current-run measured OOF; recomputed only after all-complete
PABP,T-DCG-96,12,4,T-DCG-192,0.08513622044970087,0.07716763218404495,0.06747339881381233,192,current-run measured OOF; recomputed only after all-complete
PABP,T-DCG-192,12,1,G-Rank,0.08109085648148147,0.0527027271412037,0.04574929647721004,96,current-run measured OOF; recomputed only after all-complete
PABP,T-DCG-192,12,1,T-Uniform-96,0.08109085648148147,0.0527027271412037,0.04574929647721004,96,current-run measured OOF; recomputed only after all-complete
PABP,T-DCG-192,12,1,T-DCG-96,0.09898100126172155,0.05988724287875871,0.05333505707395842,96,current-run measured OOF; recomputed only after all-complete
PABP,T-DCG-192,12,1,T-DCG-192,0.09898100126172155,0.05988724287875871,0.05333505707395842,96,current-run measured OOF; recomputed only after all-complete
PABP,T-DCG-192,12,2,G-Rank,0.05656765125415943,0.06257481045193143,0.04858956557199281,192,current-run measured OOF; recomputed only after all-complete
PABP,T-DCG-192,12,2,T-Uniform-96,0.06442981296115452,0.07176589965820312,0.05486547816505607,96,current-run measured OOF; recomputed only after all-complete
PABP,T-DCG-192,12,2,T-DCG-96,0.06628204914104167,0.07443972678316266,0.05778489300710421,96,current-run measured OOF; recomputed only after all-complete
PABP,T-DCG-192,12,2,T-DCG-192,0.05961746091273703,0.06630682509694995,0.05189686525371968,192,current-run measured OOF; recomputed only after all-complete
PABP,T-DCG-192,12,3,G-Rank,0.07335178286286866,0.07193482952353396,0.06111540534499454,288,current-run measured OOF; recomputed only after all-complete
PABP,T-DCG-192,12,3,T-Uniform-96,0.08751091348781508,0.08712599012586807,0.07723852364645904,96,current-run measured OOF; recomputed only after all-complete
PABP,T-DCG-192,12,3,T-DCG-96,0.08771186347242203,0.09371699978582534,0.0810517950598193,96,current-run measured OOF; recomputed only after all-complete
PABP,T-DCG-192,12,3,T-DCG-192,0.07658398284011644,0.07845716919997865,0.06599270045788651,192,current-run measured OOF; recomputed only after all-complete
PABP,T-DCG-192,12,4,G-Rank,0.0776180867795591,0.07228277347705982,0.06139425670329584,384,current-run measured OOF; recomputed only after all-complete
PABP,T-DCG-192,12,4,T-Uniform-96,0.09221758665861907,0.07960817548963757,0.0715162274545078,96,current-run measured OOF; recomputed only after all-complete
PABP,T-DCG-192,12,4,T-DCG-96,0.08918434038605595,0.0774506788884245,0.07073674385881992,96,current-run measured OOF; recomputed only after all-complete
PABP,T-DCG-192,12,4,T-DCG-192,0.07954634130438024,0.07222390094201468,0.06293540825204799,192,current-run measured OOF; recomputed only after all-complete
PABP,G-Rank,13,1,G-Rank,0.0809597439236111,0.07228597005208333,0.05487206975194297,96,current-run measured OOF; recomputed only after all-complete
PABP,G-Rank,13,1,T-Uniform-96,0.0809597439236111,0.07228597005208333,0.05487206975194297,96,current-run measured OOF; recomputed only after all-complete
PABP,G-Rank,13,1,T-DCG-96,0.09378193991858765,0.0743980728855388,0.06132113401491242,96,current-run measured OOF; recomputed only after all-complete
PABP,G-Rank,13,1,T-DCG-192,0.09378193991858765,0.0743980728855388,0.06132113401491242,96,current-run measured OOF; recomputed only after all-complete
PABP,G-Rank,13,2,G-Rank,0.07042206658257379,0.062349036887839986,0.051607868826792476,192,current-run measured OOF; recomputed only after all-complete
PABP,G-Rank,13,2,T-Uniform-96,0.06590708979853876,0.06731372409396702,0.05589143737081148,96,current-run measured OOF; recomputed only after all-complete
PABP,G-Rank,13,2,T-DCG-96,0.06815952508000596,0.07457403487944947,0.06113606537138309,96,current-run measured OOF; recomputed only after all-complete
PABP,G-Rank,13,2,T-DCG-192,0.07096490840965268,0.06812345193642284,0.055809663660244216,192,current-run measured OOF; recomputed only after all-complete
PABP,G-Rank,13,3,G-Rank,0.09720309117530435,0.0672303711272398,0.06344505225142437,288,current-run measured OOF; recomputed only after all-complete
PABP,G-Rank,13,3,T-Uniform-96,0.10754359994896155,0.07242198049286265,0.07400307399548184,96,current-run measured OOF; recomputed only after all-complete
PABP,G-Rank,13,3,T-DCG-96,0.12589181777280506,0.08469257518742014,0.08792291328836963,96,current-run measured OOF; recomputed only after all-complete
PABP,G-Rank,13,3,T-DCG-192,0.11085927058318185,0.08435904484783296,0.0816378849598666,192,current-run measured OOF; recomputed only after all-complete
PABP,G-Rank,13,4,G-Rank,0.09962155200816968,0.08077864293698911,0.07598366201493535,384,current-run measured OOF; recomputed only after all-complete
PABP,G-Rank,13,4,T-Uniform-96,0.12648709615071616,0.10419344019006799,0.10273914359206422,96,current-run measured OOF; recomputed only after all-complete
PABP,G-Rank,13,4,T-DCG-96,0.13852507198154274,0.11402288693853807,0.11381087640993526,96,current-run measured OOF; recomputed only after all-complete
PABP,G-Rank,13,4,T-DCG-192,0.11195665393218936,0.09364257959456623,0.09047974802068486,192,current-run measured OOF; recomputed only after all-complete
PABP,T-Uniform-96,13,1,G-Rank,0.0809597439236111,0.07228597005208333,0.05487206975194297,96,current-run measured OOF; recomputed only after all-complete
PABP,T-Uniform-96,13,1,T-Uniform-96,0.0809597439236111,0.07228597005208333,0.05487206975194297,96,current-run measured OOF; recomputed only after all-complete
PABP,T-Uniform-96,13,1,T-DCG-96,0.09378193991858765,0.0743980728855388,0.06132113401491242,96,current-run measured OOF; recomputed only after all-complete
PABP,T-Uniform-96,13,1,T-DCG-192,0.09378193991858765,0.0743980728855388,0.06132113401491242,96,current-run measured OOF; recomputed only after all-complete
PABP,T-Uniform-96,13,2,G-Rank,0.07042206658257379,0.062349036887839986,0.05203227205675028,192,current-run measured OOF; recomputed only after all-complete
PABP,T-Uniform-96,13,2,T-Uniform-96,0.06590708979853876,0.06731372409396702,0.055568504425606284,96,current-run measured OOF; recomputed only after all-complete
PABP,T-Uniform-96,13,2,T-DCG-96,0.06815952508000596,0.07457403487944947,0.060387319548950234,96,current-run measured OOF; recomputed only after all-complete
PABP,T-Uniform-96,13,2,T-DCG-192,0.07096490840965268,0.06812345193642284,0.055799217982127794,192,current-run measured OOF; recomputed only after all-complete
PABP,T-Uniform-96,13,3,G-Rank,0.09392307946057311,0.06466450841665596,0.06176765018531562,288,current-run measured OOF; recomputed only after all-complete
PABP,T-Uniform-96,13,3,T-Uniform-96,0.0960130730774177,0.07564177336516203,0.07003483856414718,96,current-run measured OOF; recomputed only after all-complete
PABP,T-Uniform-96,13,3,T-DCG-96,0.10117147000174738,0.08872812619624226,0.07994715801266267,96,current-run measured OOF; recomputed only after all-complete
PABP,T-Uniform-96,13,3,T-DCG-192,0.09804838001322179,0.08309219312315136,0.07519796183231034,192,current-run measured OOF; recomputed only after all-complete
PABP,T-Uniform-96,13,4,G-Rank,0.09222747661449292,0.07502631787900571,0.0702097199291605,384,current-run measured OOF; recomputed only after all-complete
PABP,T-Uniform-96,13,4,T-Uniform-96,0.14245902167426214,0.10637622409396702,0.10438691176894759,96,current-run measured OOF; recomputed only after all-complete
PABP,T-Uniform-96,13,4,T-DCG-96,0.1594856879189743,0.12198149909794216,0.12081623542197903,96,current-run measured OOF; recomputed only after all-complete
PABP,T-Uniform-96,13,4,T-DCG-192,0.12004845705284235,0.09984561182967618,0.09532361052498557,192,current-run measured OOF; recomputed only after all-complete
PABP,T-DCG-96,13,1,G-Rank,0.0809597439236111,0.07228597005208333,0.055179063853066944,96,current-run measured OOF; recomputed only after all-complete
PABP,T-DCG-96,13,1,T-Uniform-96,0.0809597439236111,0.07228597005208333,0.055179063853066944,96,current-run measured OOF; recomputed only after all-complete
PABP,T-DCG-96,13,1,T-DCG-96,0.09378193991858765,0.0743980728855388,0.06100724358081387,96,current-run measured OOF; recomputed only after all-complete
PABP,T-DCG-96,13,1,T-DCG-192,0.09378193991858765,0.0743980728855388,0.06100724358081387,96,current-run measured OOF; recomputed only after all-complete
PABP,T-DCG-96,13,2,G-Rank,0.07329382719816985,0.05818578932020399,0.05119536245430756,192,current-run measured OOF; recomputed only after all-complete
PABP,T-DCG-96,13,2,T-Uniform-96,0.07433898360640916,0.06238654807761864,0.05673037362955475,96,current-run measured OOF; recomputed only after all-complete
PABP,T-DCG-96,13,2,T-DCG-96,0.08222319806259022,0.0648463414650749,0.061571366595039936,96,current-run measured OOF; recomputed only after all-complete
PABP,T-DCG-96,13,2,T-DCG-192,0.07841406252380054,0.06072596709159291,0.055409744219682665,192,current-run measured OOF; recomputed only after all-complete
PABP,T-DCG-96,13,3,G-Rank,0.09419951680919925,0.07070041651261359,0.06750742360444684,288,current-run measured OOF; recomputed only after all-complete
PABP,T-DCG-96,13,3,T-Uniform-96,0.10783395649474344,0.08125173309702934,0.07988449043748537,96,current-run measured OOF; recomputed only after all-complete
PABP,T-DCG-96,13,3,T-DCG-96,0.11909815039693211,0.0902348072667208,0.08942658720684515,96,current-run measured OOF; recomputed only after all-complete
PABP,T-DCG-96,13,3,T-DCG-192,0.10447449492829752,0.08711906548141121,0.08451966755282445,192,current-run measured OOF; recomputed only after all-complete
PABP,T-DCG-96,13,4,G-Rank,0.08799476976747866,0.0767561947857892,0.07017348517181969,384,current-run measured OOF; recomputed only after all-complete
PABP,T-DCG-96,13,4,T-Uniform-96,0.1288172403971354,0.10931410612883392,0.1049331336261456,96,current-run measured OOF; recomputed only after all-complete
PABP,T-DCG-96,13,4,T-DCG-96,0.14191245181029155,0.12456856249955536,0.1195277529789734,96,current-run measured OOF; recomputed only after all-complete
PABP,T-DCG-96,13,4,T-DCG-192,0.10795292480600523,0.09746950866522018,0.09076139642167963,192,current-run measured OOF; recomputed only after all-complete
PABP,T-DCG-192,13,1,G-Rank,0.0809597439236111,0.07228597005208333,0.055179063853066944,96,current-run measured OOF; recomputed only after all-complete
PABP,T-DCG-192,13,1,T-Uniform-96,0.0809597439236111,0.07228597005208333,0.055179063853066944,96,current-run measured OOF; recomputed only after all-complete
PABP,T-DCG-192,13,1,T-DCG-96,0.09378193991858765,0.0743980728855388,0.06100724358081387,96,current-run measured OOF; recomputed only after all-complete
PABP,T-DCG-192,13,1,T-DCG-192,0.09378193991858765,0.0743980728855388,0.06100724358081387,96,current-run measured OOF; recomputed only after all-complete
PABP,T-DCG-192,13,2,G-Rank,0.07329382719816985,0.05818578932020399,0.0509287827393845,192,current-run measured OOF; recomputed only after all-complete
PABP,T-DCG-192,13,2,T-Uniform-96,0.07433898360640916,0.06238654807761864,0.056509567439678256,96,current-run measured OOF; recomputed only after all-complete
PABP,T-DCG-192,13,2,T-DCG-96,0.08222319806259022,0.0648463414650749,0.061639920174410064,96,current-run measured OOF; recomputed only after all-complete
PABP,T-DCG-192,13,2,T-DCG-192,0.07841406252380054,0.06072596709159291,0.055323436315481596,192,current-run measured OOF; recomputed only after all-complete
PABP,T-DCG-192,13,3,G-Rank,0.08137706866480195,0.06848954565731097,0.06156178927239796,288,current-run measured OOF; recomputed only after all-complete
PABP,T-DCG-192,13,3,T-Uniform-96,0.09071133460527585,0.08277133266621657,0.07444188043898602,96,current-run measured OOF; recomputed only after all-complete
PABP,T-DCG-192,13,3,T-DCG-96,0.09490560499669093,0.0904143875558185,0.08094377345450267,96,current-run measured OOF; recomputed only after all-complete
PABP,T-DCG-192,13,3,T-DCG-192,0.09235467397970921,0.08551914603585287,0.07627421122939716,192,current-run measured OOF; recomputed only after all-complete
PABP,T-DCG-192,13,4,G-Rank,0.09135503239101833,0.07505748007032606,0.06876960213678056,384,current-run measured OOF; recomputed only after all-complete
PABP,T-DCG-192,13,4,T-Uniform-96,0.14186004356101709,0.10054079691569011,0.0992401517625552,96,current-run measured OOF; recomputed only after all-complete
PABP,T-DCG-192,13,4,T-DCG-96,0.15522399145744323,0.11625578813959565,0.11457257474633877,96,current-run measured OOF; recomputed only after all-complete
PABP,T-DCG-192,13,4,T-DCG-192,0.116897939691025,0.09093230087215033,0.08618869408154749,192,current-run measured OOF; recomputed only after all-complete
PABP,G-Rank,14,1,G-Rank,0.08502197265625,0.08634214048032407,0.06096462712640676,96,current-run measured OOF; recomputed only after all-complete
PABP,G-Rank,14,1,T-Uniform-96,0.08502197265625,0.08634214048032407,0.06096462712640676,96,current-run measured OOF; recomputed only after all-complete
PABP,G-Rank,14,1,T-DCG-96,0.09367859873020193,0.10693901432243778,0.07675307231276605,96,current-run measured OOF; recomputed only after all-complete
PABP,G-Rank,14,1,T-DCG-192,0.09367859873020193,0.10693901432243778,0.07675307231276605,96,current-run measured OOF; recomputed only after all-complete
PABP,G-Rank,14,2,G-Rank,0.07016075981987847,0.0716671413845486,0.06180566885266082,192,current-run measured OOF; recomputed only after all-complete
PABP,G-Rank,14,2,T-Uniform-96,0.07662285698784722,0.06979624430338542,0.06435274780286902,96,current-run measured OOF; recomputed only after all-complete
PABP,G-Rank,14,2,T-DCG-96,0.08247390471137163,0.07975294565358595,0.07260205707309093,96,current-run measured OOF; recomputed only after all-complete
PABP,G-Rank,14,2,T-DCG-192,0.07531261869675238,0.07735413604587348,0.067499186904571,192,current-run measured OOF; recomputed only after all-complete
PABP,G-Rank,14,3,G-Rank,0.07178623947750558,0.07448706607269161,0.0628511851433195,288,current-run measured OOF; recomputed only after all-complete
PABP,G-Rank,14,3,T-Uniform-96,0.08768378363715279,0.09301669901781122,0.07927159656822448,96,current-run measured OOF; recomputed only after all-complete
PABP,G-Rank,14,3,T-DCG-96,0.09085955224223488,0.10170655524784586,0.08567873654456437,96,current-run measured OOF; recomputed only after all-complete
PABP,G-Rank,14,3,T-DCG-192,0.07911483992991168,0.08534223346962201,0.07157299823786091,192,current-run measured OOF; recomputed only after all-complete
PABP,G-Rank,14,4,G-Rank,0.08341673568443016,0.07753420759130408,0.06817740938281318,384,current-run measured OOF; recomputed only after all-complete
PABP,G-Rank,14,4,T-Uniform-96,0.11758694825349031,0.1014417365745262,0.09433661279667142,96,current-run measured OOF; recomputed only after all-complete
PABP,G-Rank,14,4,T-DCG-96,0.11665239281351564,0.09815059604535313,0.0935918089646346,96,current-run measured OOF; recomputed only after all-complete
PABP,G-Rank,14,4,T-DCG-192,0.09584959042968658,0.08417615561995036,0.0775613220373791,192,current-run measured OOF; recomputed only after all-complete
PABP,T-Uniform-96,14,1,G-Rank,0.08502197265625,0.08634214048032407,0.06096462712640676,96,current-run measured OOF; recomputed only after all-complete
PABP,T-Uniform-96,14,1,T-Uniform-96,0.08502197265625,0.08634214048032407,0.06096462712640676,96,current-run measured OOF; recomputed only after all-complete
PABP,T-Uniform-96,14,1,T-DCG-96,0.09367859873020193,0.10693901432243778,0.07675307231276605,96,current-run measured OOF; recomputed only after all-complete
PABP,T-Uniform-96,14,1,T-DCG-192,0.09367859873020193,0.10693901432243778,0.07675307231276605,96,current-run measured OOF; recomputed only after all-complete
PABP,T-Uniform-96,14,2,G-Rank,0.07016075981987847,0.0716671413845486,0.06228985036382384,192,current-run measured OOF; recomputed only after all-complete
PABP,T-Uniform-96,14,2,T-Uniform-96,0.07662285698784722,0.06979624430338542,0.06387277561711731,96,current-run measured OOF; recomputed only after all-complete
PABP,T-Uniform-96,14,2,T-DCG-96,0.08247390471137163,0.07975294565358595,0.07258107370204642,96,current-run measured OOF; recomputed only after all-complete
PABP,T-Uniform-96,14,2,T-DCG-192,0.07531261869675238,0.07735413604587348,0.06803536099452649,192,current-run measured OOF; recomputed only after all-complete
PABP,T-Uniform-96,14,3,G-Rank,0.08140157901047024,0.07594035584249614,0.06720466364408884,288,current-run measured OOF; recomputed only after all-complete
PABP,T-Uniform-96,14,3,T-Uniform-96,0.09988742404513888,0.09487990391107252,0.08448996944932874,96,current-run measured OOF; recomputed only after all-complete
PABP,T-Uniform-96,14,3,T-DCG-96,0.1062285632198826,0.0968657097001266,0.08908409242669958,96,current-run measured OOF; recomputed only after all-complete
PABP,T-Uniform-96,14,3,T-DCG-192,0.08957734361686169,0.0849750007013345,0.07527856778802054,192,current-run measured OOF; recomputed only after all-complete
PABP,T-Uniform-96,14,4,G-Rank,0.0870763549098262,0.08544306401853208,0.0734148267261493,384,current-run measured OOF; recomputed only after all-complete
PABP,T-Uniform-96,14,4,T-Uniform-96,0.11942849335847076,0.11043760511610241,0.10090483431144921,96,current-run measured OOF; recomputed only after all-complete
PABP,T-Uniform-96,14,4,T-DCG-96,0.12482402472072528,0.11354374323453341,0.1047773969799283,96,current-run measured OOF; recomputed only after all-complete
PABP,T-Uniform-96,14,4,T-DCG-192,0.1014359657878375,0.09495441042590402,0.08322243905413398,192,current-run measured OOF; recomputed only after all-complete
PABP,T-DCG-96,14,1,G-Rank,0.08502197265625,0.08634214048032407,0.061368800053248934,96,current-run measured OOF; recomputed only after all-complete
PABP,T-DCG-96,14,1,T-Uniform-96,0.08502197265625,0.08634214048032407,0.061368800053248934,96,current-run measured OOF; recomputed only after all-complete
PABP,T-DCG-96,14,1,T-DCG-96,0.09367859873020193,0.10693901432243778,0.0763692061028213,96,current-run measured OOF; recomputed only after all-complete
PABP,T-DCG-96,14,1,T-DCG-192,0.09367859873020193,0.10693901432243778,0.0763692061028213,96,current-run measured OOF; recomputed only after all-complete
PABP,T-DCG-96,14,2,G-Rank,0.07573191324869792,0.07258408157913772,0.0631220486905535,192,current-run measured OOF; recomputed only after all-complete
PABP,T-DCG-96,14,2,T-Uniform-96,0.08215614601417824,0.06847551133897568,0.06201258776226223,96,current-run measured OOF; recomputed only after all-complete
PABP,T-DCG-96,14,2,T-DCG-96,0.08557224890395232,0.07379544147415376,0.06839214912861738,96,current-run measured OOF; recomputed only after all-complete
PABP,T-DCG-96,14,2,T-DCG-192,0.0793609916871627,0.07503604140646246,0.06686150188987576,192,current-run measured OOF; recomputed only after all-complete
PABP,T-DCG-96,14,3,G-Rank,0.07911307461794839,0.0800145781089249,0.06820758567426109,288,current-run measured OOF; recomputed only after all-complete
PABP,T-DCG-96,14,3,T-Uniform-96,0.1055281525286137,0.09376155398019548,0.08413582248369099,96,current-run measured OOF; recomputed only after all-complete
PABP,T-DCG-96,14,3,T-DCG-96,0.12055492963423696,0.09716859316810407,0.09113183638149988,96,current-run measured OOF; recomputed only after all-complete
PABP,T-DCG-96,14,3,T-DCG-192,0.09796780153014971,0.08462906003604853,0.07622754357960916,192,current-run measured OOF; recomputed only after all-complete
PABP,T-DCG-96,14,4,G-Rank,0.0790780473638464,0.08140261084945115,0.0703262291959702,384,current-run measured OOF; recomputed only after all-complete
PABP,T-DCG-96,14,4,T-Uniform-96,0.10298728942871094,0.10430046364113137,0.09315026886958362,96,current-run measured OOF; recomputed only after all-complete
PABP,T-DCG-96,14,4,T-DCG-96,0.10463352324500418,0.10106208798265705,0.09317345984742322,96,current-run measured OOF; recomputed only after all-complete
PABP,T-DCG-96,14,4,T-DCG-192,0.09217688031733068,0.08480305513704436,0.07802363802653858,192,current-run measured OOF; recomputed only after all-complete
PABP,T-DCG-192,14,1,G-Rank,0.08502197265625,0.08634214048032407,0.061368800053248934,96,current-run measured OOF; recomputed only after all-complete
PABP,T-DCG-192,14,1,T-Uniform-96,0.08502197265625,0.08634214048032407,0.061368800053248934,96,current-run measured OOF; recomputed only after all-complete
PABP,T-DCG-192,14,1,T-DCG-96,0.09367859873020193,0.10693901432243778,0.0763692061028213,96,current-run measured OOF; recomputed only after all-complete
PABP,T-DCG-192,14,1,T-DCG-192,0.09367859873020193,0.10693901432243778,0.0763692061028213,96,current-run measured OOF; recomputed only after all-complete
PABP,T-DCG-192,14,2,G-Rank,0.07573191324869792,0.07258408157913772,0.06261348375655026,192,current-run measured OOF; recomputed only after all-complete
PABP,T-DCG-192,14,2,T-Uniform-96,0.08215614601417824,0.06847551133897568,0.062388341247239826,96,current-run measured OOF; recomputed only after all-complete
PABP,T-DCG-192,14,2,T-DCG-96,0.08557224890395232,0.07379544147415376,0.06872756742773678,96,current-run measured OOF; recomputed only after all-complete
PABP,T-DCG-192,14,2,T-DCG-192,0.0793609916871627,0.07503604140646246,0.06652282019596151,192,current-run measured OOF; recomputed only after all-complete
PABP,T-DCG-192,14,3,G-Rank,0.08522364403158222,0.07360161675347222,0.06826892844060334,288,current-run measured OOF; recomputed only after all-complete
PABP,T-DCG-192,14,3,T-Uniform-96,0.11094420633198303,0.0898134835953575,0.0868683046235958,96,current-run measured OOF; recomputed only after all-complete
PABP,T-DCG-192,14,3,T-DCG-96,0.12660841673487122,0.09549469438145641,0.09609629217746916,96,current-run measured OOF; recomputed only after all-complete
PABP,T-DCG-192,14,3,T-DCG-192,0.10532907976209578,0.08514140846497474,0.08109122345333447,192,current-run measured OOF; recomputed only after all-complete
PABP,T-DCG-192,14,4,G-Rank,0.08147512541876899,0.08669643931918673,0.07110525734014661,384,current-run measured OOF; recomputed only after all-complete
PABP,T-DCG-192,14,4,T-Uniform-96,0.10716205173068577,0.11905394660101996,0.10037842196980735,96,current-run measured OOF; recomputed only after all-complete
PABP,T-DCG-192,14,4,T-DCG-96,0.11205557733676863,0.12069562238879668,0.10413861698429497,96,current-run measured OOF; recomputed only after all-complete
PABP,T-DCG-192,14,4,T-DCG-192,0.0973211948358661,0.09907460541193619,0.08585681101111516,192,current-run measured OOF; recomputed only after all-complete
PABP,G-Rank,15,1,G-Rank,0.08636531123408564,0.12603364167390044,0.07380998840413756,96,current-run measured OOF; recomputed only after all-complete
PABP,G-Rank,15,1,T-Uniform-96,0.08636531123408564,0.12603364167390044,0.07380998840413756,96,current-run measured OOF; recomputed only after all-complete
PABP,G-Rank,15,1,T-DCG-96,0.11751291983614723,0.12979514162323957,0.09145150368158442,96,current-run measured OOF; recomputed only after all-complete
PABP,G-Rank,15,1,T-DCG-192,0.11751291983614723,0.12979514162323957,0.09145150368158442,96,current-run measured OOF; recomputed only after all-complete
PABP,G-Rank,15,2,G-Rank,0.09007658781828703,0.08807033962673612,0.08012938248592168,192,current-run measured OOF; recomputed only after all-complete
PABP,G-Rank,15,2,T-Uniform-96,0.09725669578269676,0.09900297941984953,0.08849183897229997,96,current-run measured OOF; recomputed only after all-complete
PABP,G-Rank,15,2,T-DCG-96,0.10784718448405742,0.10963351915527934,0.09899869397919986,96,current-run measured OOF; recomputed only after all-complete
PABP,G-Rank,15,2,T-DCG-192,0.09812363323515537,0.09689297160079414,0.08836987023526433,192,current-run measured OOF; recomputed only after all-complete
PABP,G-Rank,15,3,G-Rank,0.09157349804955418,0.07502878448109568,0.07070488777495076,288,current-run measured OOF; recomputed only after all-complete
PABP,G-Rank,15,3,T-Uniform-96,0.11524134506413967,0.09587172520013504,0.09068340047791162,96,current-run measured OOF; recomputed only after all-complete
PABP,G-Rank,15,3,T-DCG-96,0.13336707996091207,0.09906142806651443,0.0978454127469399,96,current-run measured OOF; recomputed only after all-complete
PABP,G-Rank,15,3,T-DCG-192,0.1103820014529056,0.08572092089988682,0.08235794626677545,192,current-run measured OOF; recomputed only after all-complete
PABP,G-Rank,15,4,G-Rank,0.08775102650677717,0.07364623634903518,0.06716283742807741,384,current-run measured OOF; recomputed only after all-complete
PABP,G-Rank,15,4,T-Uniform-96,0.12604360227231626,0.10354974534776477,0.0986236261424616,96,current-run measured OOF; recomputed only after all-complete
PABP,G-Rank,15,4,T-DCG-96,0.13673753416947215,0.10137147981549625,0.10021632196256758,96,current-run measured OOF; recomputed only after all-complete
PABP,G-Rank,15,4,T-DCG-192,0.10632351258662077,0.08250957177063689,0.0776459184251255,192,current-run measured OOF; recomputed only after all-complete
PABP,T-Uniform-96,15,1,G-Rank,0.08636531123408564,0.12603364167390044,0.07380998840413756,96,current-run measured OOF; recomputed only after all-complete
PABP,T-Uniform-96,15,1,T-Uniform-96,0.08636531123408564,0.12603364167390044,0.07380998840413756,96,current-run measured OOF; recomputed only after all-complete
PABP,T-Uniform-96,15,1,T-DCG-96,0.11751291983614723,0.12979514162323957,0.09145150368158442,96,current-run measured OOF; recomputed only after all-complete
PABP,T-Uniform-96,15,1,T-DCG-192,0.11751291983614723,0.12979514162323957,0.09145150368158442,96,current-run measured OOF; recomputed only after all-complete
PABP,T-Uniform-96,15,2,G-Rank,0.09007658781828703,0.08807033962673612,0.08022065688379533,192,current-run measured OOF; recomputed only after all-complete
PABP,T-Uniform-96,15,2,T-Uniform-96,0.09725669578269676,0.09900297941984953,0.08839235421051937,96,current-run measured OOF; recomputed only after all-complete
PABP,T-Uniform-96,15,2,T-DCG-96,0.10784718448405742,0.10963351915527934,0.09889706253585348,96,current-run measured OOF; recomputed only after all-complete
PABP,T-Uniform-96,15,2,T-DCG-192,0.09812363323515537,0.09689297160079414,0.0884216592833568,192,current-run measured OOF; recomputed only after all-complete
PABP,T-Uniform-96,15,3,G-Rank,0.08969191562982254,0.07645624524444873,0.06928498412195881,288,current-run measured OOF; recomputed only after all-complete
PABP,T-Uniform-96,15,3,T-Uniform-96,0.11270800931954089,0.09357650191695603,0.08910021757941544,96,current-run measured OOF; recomputed only after all-complete
PABP,T-Uniform-96,15,3,T-DCG-96,0.11979838829801316,0.0948367228424146,0.09163125727980914,96,current-run measured OOF; recomputed only after all-complete
PABP,T-Uniform-96,15,3,T-DCG-192,0.09854828077383672,0.08328155116991354,0.07674069037262395,192,current-run measured OOF; recomputed only after all-complete
PABP,T-Uniform-96,15,4,G-Rank,0.08185959745336462,0.07015354545028121,0.06547226442723669,384,current-run measured OOF; recomputed only after all-complete
PABP,T-Uniform-96,15,4,T-Uniform-96,0.10601174389874495,0.10559368133544922,0.09639235362202736,96,current-run measured OOF; recomputed only after all-complete
PABP,T-Uniform-96,15,4,T-DCG-96,0.11509053136313091,0.11058692697109314,0.10181964686410934,96,current-run measured OOF; recomputed only after all-complete
PABP,T-Uniform-96,15,4,T-DCG-192,0.09266690435140386,0.09160852793453234,0.0805263443469288,192,current-run measured OOF; recomputed only after all-complete
PABP,T-DCG-96,15,1,G-Rank,0.08636531123408564,0.12603364167390044,0.07565029232754292,96,current-run measured OOF; recomputed only after all-complete
PABP,T-DCG-96,15,1,T-Uniform-96,0.08636531123408564,0.12603364167390044,0.07565029232754292,96,current-run measured OOF; recomputed only after all-complete
PABP,T-DCG-96,15,1,T-DCG-96,0.11751291983614723,0.12979514162323957,0.08928807882260992,96,current-run measured OOF; recomputed only after all-complete
PABP,T-DCG-96,15,1,T-DCG-192,0.11751291983614723,0.12979514162323957,0.08928807882260992,96,current-run measured OOF; recomputed only after all-complete
PABP,T-DCG-96,15,2,G-Rank,0.09274539241084345,0.0873687885425709,0.07875982216293514,192,current-run measured OOF; recomputed only after all-complete
PABP,T-DCG-96,15,2,T-Uniform-96,0.1003581859447338,0.10348397714120368,0.08707293060667436,96,current-run measured OOF; recomputed only after all-complete
PABP,T-DCG-96,15,2,T-DCG-96,0.11331118401875692,0.11525094203867425,0.09822104767312723,96,current-run measured OOF; recomputed only after all-complete
PABP,T-DCG-96,15,2,T-DCG-192,0.10222979510864368,0.09782168937735146,0.0872965646144882,192,current-run measured OOF; recomputed only after all-complete
PABP,T-DCG-96,15,3,G-Rank,0.08225303618505658,0.07708149976691102,0.06894591187263185,288,current-run measured OOF; recomputed only after all-complete
PABP,T-DCG-96,15,3,T-Uniform-96,0.10291343657568158,0.10149845076195989,0.08895130614237078,96,current-run measured OOF; recomputed only after all-complete
PABP,T-DCG-96,15,3,T-DCG-96,0.1193987652360304,0.10503127492705702,0.09623665209316229,96,current-run measured OOF; recomputed only after all-complete
PABP,T-DCG-96,15,3,T-DCG-192,0.09414013903392296,0.08738526008958501,0.07838612904010778,192,current-run measured OOF; recomputed only after all-complete
PABP,T-DCG-96,15,4,G-Rank,0.07383645905388725,0.0696553036018654,0.06141598213306757,384,current-run measured OOF; recomputed only after all-complete
PABP,T-DCG-96,15,4,T-Uniform-96,0.10286528975875288,0.10461870829264323,0.09037783275397406,96,current-run measured OOF; recomputed only after all-complete
PABP,T-DCG-96,15,4,T-DCG-96,0.11336462815304,0.1072883455296923,0.09670333143007427,96,current-run measured OOF; recomputed only after all-complete
PABP,T-DCG-96,15,4,T-DCG-192,0.08959379727471022,0.08814617583443386,0.0769967673146952,192,current-run measured OOF; recomputed only after all-complete
PABP,T-DCG-192,15,1,G-Rank,0.08636531123408564,0.12603364167390044,0.07565029232754292,96,current-run measured OOF; recomputed only after all-complete
PABP,T-DCG-192,15,1,T-Uniform-96,0.08636531123408564,0.12603364167390044,0.07565029232754292,96,current-run measured OOF; recomputed only after all-complete
PABP,T-DCG-192,15,1,T-DCG-96,0.11751291983614723,0.12979514162323957,0.08928807882260992,96,current-run measured OOF; recomputed only after all-complete
PABP,T-DCG-192,15,1,T-DCG-192,0.11751291983614723,0.12979514162323957,0.08928807882260992,96,current-run measured OOF; recomputed only after all-complete
PABP,T-DCG-192,15,2,G-Rank,0.09274539241084345,0.0873687885425709,0.07852117584979855,192,current-run measured OOF; recomputed only after all-complete
PABP,T-DCG-192,15,2,T-Uniform-96,0.1003581859447338,0.10348397714120368,0.08735079769252374,96,current-run measured OOF; recomputed only after all-complete
PABP,T-DCG-192,15,2,T-DCG-96,0.11331118401875692,0.11525094203867425,0.0984379547024492,96,current-run measured OOF; recomputed only after all-complete
PABP,T-DCG-192,15,2,T-DCG-192,0.10222979510864368,0.09782168937735146,0.08712342828796407,192,current-run measured OOF; recomputed only after all-complete
PABP,T-DCG-192,15,3,G-Rank,0.08620782546055171,0.07030900450236839,0.06686771358477621,288,current-run measured OOF; recomputed only after all-complete
PABP,T-DCG-192,15,3,T-Uniform-96,0.10140105824411651,0.08823014875498329,0.0833537020728853,96,current-run measured OOF; recomputed only after all-complete
PABP,T-DCG-192,15,3,T-DCG-96,0.1216925910795691,0.08991930632964303,0.08885299363884686,96,current-run measured OOF; recomputed only after all-complete
PABP,T-DCG-192,15,3,T-DCG-192,0.097725326716321,0.07906194070279053,0.07520907060560263,192,current-run measured OOF; recomputed only after all-complete
PABP,T-DCG-192,15,4,G-Rank,0.07024698787265354,0.06623920687922724,0.057910768462202146,384,current-run measured OOF; recomputed only after all-complete
PABP,T-DCG-192,15,4,T-Uniform-96,0.10221954628273293,0.09833272298177083,0.08754682399767211,96,current-run measured OOF; recomputed only after all-complete
PABP,T-DCG-192,15,4,T-DCG-96,0.12148500278484468,0.10244245347363137,0.09703978929000975,96,current-run measured OOF; recomputed only after all-complete
PABP,T-DCG-192,15,4,T-DCG-192,0.09215921634305042,0.0834530779511873,0.07533778880999763,192,current-run measured OOF; recomputed only after all-complete
PABP,G-Rank,16,1,G-Rank,0.09413655598958333,0.12166680230034722,0.08062918558363667,96,current-run measured OOF; recomputed only after all-complete
PABP,G-Rank,16,1,T-Uniform-96,0.09413655598958333,0.12166680230034722,0.08062918558363667,96,current-run measured OOF; recomputed only after all-complete
PABP,G-Rank,16,1,T-DCG-96,0.11841574537395996,0.14019151612483766,0.10416352341928728,96,current-run measured OOF; recomputed only after all-complete
PABP,G-Rank,16,1,T-DCG-192,0.11841574537395996,0.14019151612483766,0.10416352341928728,96,current-run measured OOF; recomputed only after all-complete
PABP,G-Rank,16,2,G-Rank,0.06873095477068865,0.06766580652307581,0.058947556392280165,192,current-run measured OOF; recomputed only after all-complete
PABP,G-Rank,16,2,T-Uniform-96,0.07448323567708334,0.07198277226200811,0.06420254869065033,96,current-run measured OOF; recomputed only after all-complete
PABP,G-Rank,16,2,T-DCG-96,0.09638633911451099,0.08565027204556688,0.08273238388375002,96,current-run measured OOF; recomputed only after all-complete
PABP,G-Rank,16,2,T-DCG-192,0.08345896376175935,0.07696796929356116,0.07145458831886554,192,current-run measured OOF; recomputed only after all-complete
PABP,G-Rank,16,3,G-Rank,0.07728335952235511,0.0773609302662037,0.06782592664473647,288,current-run measured OOF; recomputed only after all-complete
PABP,G-Rank,16,3,T-Uniform-96,0.0990415973427855,0.09813033994823817,0.08898080933360297,96,current-run measured OOF; recomputed only after all-complete
PABP,G-Rank,16,3,T-DCG-96,0.11552596532966546,0.12462302463569525,0.11102957068127113,96,current-run measured OOF; recomputed only after all-complete
PABP,G-Rank,16,3,T-DCG-192,0.0986650586647204,0.10331363143495587,0.09150808912132888,192,current-run measured OOF; recomputed only after all-complete
PABP,G-Rank,16,4,G-Rank,0.08706100781758626,0.08010307064762821,0.06975127954089577,384,current-run measured OOF; recomputed only after all-complete
PABP,G-Rank,16,4,T-Uniform-96,0.12830416361490884,0.11867233558937355,0.1110020404634023,96,current-run measured OOF; recomputed only after all-complete
PABP,G-Rank,16,4,T-DCG-96,0.1466468591577704,0.15086036508949374,0.1367958699469755,96,current-run measured OOF; recomputed only after all-complete
PABP,G-Rank,16,4,T-DCG-192,0.11188650780775654,0.1106801648601673,0.09728834826750296,192,current-run measured OOF; recomputed only after all-complete
PABP,T-Uniform-96,16,1,G-Rank,0.09413655598958333,0.12166680230034722,0.08062918558363667,96,current-run measured OOF; recomputed only after all-complete
PABP,T-Uniform-96,16,1,T-Uniform-96,0.09413655598958333,0.12166680230034722,0.08062918558363667,96,current-run measured OOF; recomputed only after all-complete
PABP,T-Uniform-96,16,1,T-DCG-96,0.11841574537395996,0.14019151612483766,0.10416352341928728,96,current-run measured OOF; recomputed only after all-complete
PABP,T-Uniform-96,16,1,T-DCG-192,0.11841574537395996,0.14019151612483766,0.10416352341928728,96,current-run measured OOF; recomputed only after all-complete
PABP,T-Uniform-96,16,2,G-Rank,0.06873095477068865,0.06766580652307581,0.05896281757065275,192,current-run measured OOF; recomputed only after all-complete
PABP,T-Uniform-96,16,2,T-Uniform-96,0.07448323567708334,0.07198277226200811,0.0641876858257208,96,current-run measured OOF; recomputed only after all-complete
PABP,T-Uniform-96,16,2,T-DCG-96,0.09638633911451099,0.08565027204556688,0.08254675154119502,96,current-run measured OOF; recomputed only after all-complete
PABP,T-Uniform-96,16,2,T-DCG-192,0.08345896376175935,0.07696796929356116,0.07135733608546943,192,current-run measured OOF; recomputed only after all-complete
PABP,T-Uniform-96,16,3,G-Rank,0.0835462028597608,0.07805714129747514,0.06818649155291454,288,current-run measured OOF; recomputed only after all-complete
PABP,T-Uniform-96,16,3,T-Uniform-96,0.10135427718299896,0.09378981099697788,0.08838430960808007,96,current-run measured OOF; recomputed only after all-complete
PABP,T-Uniform-96,16,3,T-DCG-96,0.1175780964026216,0.12064284646325167,0.11041724109936042,96,current-run measured OOF; recomputed only after all-complete
PABP,T-Uniform-96,16,3,T-DCG-192,0.10152206733944287,0.10205343583272893,0.09041277235265781,192,current-run measured OOF; recomputed only after all-complete
PABP,T-Uniform-96,16,4,G-Rank,0.08364633277610496,0.08145321740044488,0.07009893156573455,384,current-run measured OOF; recomputed only after all-complete
PABP,T-Uniform-96,16,4,T-Uniform-96,0.13296494660554112,0.11077873795120803,0.10422707552929776,96,current-run measured OOF; recomputed only after all-complete
PABP,T-Uniform-96,16,4,T-DCG-96,0.1416990378811059,0.1220485237283587,0.11562910022463443,96,current-run measured OOF; recomputed only after all-complete
PABP,T-Uniform-96,16,4,T-DCG-192,0.10659617501129152,0.09628294097656422,0.08564635915418563,192,current-run measured OOF; recomputed only after all-complete
PABP,T-DCG-96,16,1,G-Rank,0.09413655598958333,0.12166680230034722,0.08067738957892101,96,current-run measured OOF; recomputed only after all-complete
PABP,T-DCG-96,16,1,T-Uniform-96,0.09413655598958333,0.12166680230034722,0.08067738957892101,96,current-run measured OOF; recomputed only after all-complete
PABP,T-DCG-96,16,1,T-DCG-96,0.11841574537395996,0.14019151612483766,0.10411808958019213,96,current-run measured OOF; recomputed only after all-complete
PABP,T-DCG-96,16,1,T-DCG-192,0.11841574537395996,0.14019151612483766,0.10411808958019213,96,current-run measured OOF; recomputed only after all-complete
PABP,T-DCG-96,16,2,G-Rank,0.06911383734809028,0.06934497974537036,0.06026979365728604,192,current-run measured OOF; recomputed only after all-complete
PABP,T-DCG-96,16,2,T-Uniform-96,0.07642138445818865,0.07415573685257523,0.06804859033191231,96,current-run measured OOF; recomputed only after all-complete
PABP,T-DCG-96,16,2,T-DCG-96,0.09553615154001718,0.08674381503372093,0.08353536039929448,96,current-run measured OOF; recomputed only after all-complete
PABP,T-DCG-96,16,2,T-DCG-192,0.08236610015463694,0.0779907276449548,0.07135538849640069,192,current-run measured OOF; recomputed only after all-complete
PABP,T-DCG-96,16,3,G-Rank,0.07672263565377443,0.06496623056252143,0.059493520831753695,288,current-run measured OOF; recomputed only after all-complete
PABP,T-DCG-96,16,3,T-Uniform-96,0.09935948878158758,0.08368786470389661,0.0780524142055092,96,current-run measured OOF; recomputed only after all-complete
PABP,T-DCG-96,16,3,T-DCG-96,0.1235861487167853,0.10546385772378192,0.10110336623531653,96,current-run measured OOF; recomputed only after all-complete
PABP,T-DCG-96,16,3,T-DCG-192,0.10443182005448089,0.09028684047048798,0.08438098512021236,192,current-run measured OOF; recomputed only after all-complete
PABP,T-DCG-96,16,4,G-Rank,0.08477669292026095,0.0701431080147072,0.06825677236575632,384,current-run measured OOF; recomputed only after all-complete
PABP,T-DCG-96,16,4,T-Uniform-96,0.1286730589690032,0.09749165287724247,0.09655979927955945,96,current-run measured OOF; recomputed only after all-complete
PABP,T-DCG-96,16,4,T-DCG-96,0.1541358745142995,0.11301848526183403,0.11289444788346249,96,current-run measured OOF; recomputed only after all-complete
PABP,T-DCG-96,16,4,T-DCG-192,0.11182997830281746,0.09037912183458995,0.08898285092713629,192,current-run measured OOF; recomputed only after all-complete
PABP,T-DCG-192,16,1,G-Rank,0.09413655598958333,0.12166680230034722,0.08067738957892101,96,current-run measured OOF; recomputed only after all-complete
PABP,T-DCG-192,16,1,T-Uniform-96,0.09413655598958333,0.12166680230034722,0.08067738957892101,96,current-run measured OOF; recomputed only after all-complete
PABP,T-DCG-192,16,1,T-DCG-96,0.11841574537395996,0.14019151612483766,0.10411808958019213,96,current-run measured OOF; recomputed only after all-complete
PABP,T-DCG-192,16,1,T-DCG-192,0.11841574537395996,0.14019151612483766,0.10411808958019213,96,current-run measured OOF; recomputed only after all-complete
PABP,T-DCG-192,16,2,G-Rank,0.06911383734809028,0.06934497974537036,0.059378964968987945,192,current-run measured OOF; recomputed only after all-complete
PABP,T-DCG-192,16,2,T-Uniform-96,0.07642138445818865,0.07415573685257523,0.067608430280979,96,current-run measured OOF; recomputed only after all-complete
PABP,T-DCG-192,16,2,T-DCG-96,0.09553615154001718,0.08674381503372093,0.08380435946747847,96,current-run measured OOF; recomputed only after all-complete
PABP,T-DCG-192,16,2,T-DCG-192,0.08236610015463694,0.0779907276449548,0.07100309311749631,192,current-run measured OOF; recomputed only after all-complete
PABP,T-DCG-192,16,3,G-Rank,0.07937982085637432,0.07425424918552812,0.06758316661705725,288,current-run measured OOF; recomputed only after all-complete
PABP,T-DCG-192,16,3,T-Uniform-96,0.10829495402520577,0.09555844907407407,0.0894463365678057,96,current-run measured OOF; recomputed only after all-complete
PABP,T-DCG-192,16,3,T-DCG-96,0.1465949052547229,0.12617723348770685,0.12421332030035823,96,current-run measured OOF; recomputed only after all-complete
PABP,T-DCG-192,16,3,T-DCG-192,0.1163171638399766,0.10451165576505485,0.09969969135337726,192,current-run measured OOF; recomputed only after all-complete
PABP,T-DCG-192,16,4,G-Rank,0.08668860682734736,0.07914408047993979,0.07006474819017172,384,current-run measured OOF; recomputed only after all-complete
PABP,T-DCG-192,16,4,T-Uniform-96,0.13013671945642544,0.12065138640227141,0.11343081288424849,96,current-run measured OOF; recomputed only after all-complete
PABP,T-DCG-192,16,4,T-DCG-96,0.16481483540754055,0.14728064881728076,0.14405456462330546,96,current-run measured OOF; recomputed only after all-complete
PABP,T-DCG-192,16,4,T-DCG-192,0.12159117423417655,0.11213756493301422,0.1047857999079076,192,current-run measured OOF; recomputed only after all-complete
PABP,G-Rank,17,1,G-Rank,0.08336272063078703,0.09752061631944446,0.06718372217371756,96,current-run measured OOF; recomputed only after all-complete
PABP,G-Rank,17,1,T-Uniform-96,0.08336272063078703,0.09752061631944446,0.06718372217371756,96,current-run measured OOF; recomputed only after all-complete
PABP,G-Rank,17,1,T-DCG-96,0.08830475896462366,0.09686339490886692,0.07044706846677112,96,current-run measured OOF; recomputed only after all-complete
PABP,G-Rank,17,1,T-DCG-192,0.08830475896462366,0.09686339490886692,0.07044706846677112,96,current-run measured OOF; recomputed only after all-complete
PABP,G-Rank,17,2,G-Rank,0.06375150327329282,0.050463358561197914,0.043950665385298286,192,current-run measured OOF; recomputed only after all-complete
PABP,G-Rank,17,2,T-Uniform-96,0.06404848451967593,0.05889073124638309,0.049534935446327734,96,current-run measured OOF; recomputed only after all-complete
PABP,G-Rank,17,2,T-DCG-96,0.06956815077956723,0.06196248432464394,0.054575309513774664,96,current-run measured OOF; recomputed only after all-complete
PABP,G-Rank,17,2,T-DCG-192,0.06705870984428833,0.05427587185873489,0.048263087904132605,192,current-run measured OOF; recomputed only after all-complete
PABP,G-Rank,17,3,G-Rank,0.07719306265539266,0.055433652692043894,0.051962120863596195,288,current-run measured OOF; recomputed only after all-complete
PABP,G-Rank,17,3,T-Uniform-96,0.08358073921360598,0.06498925479841822,0.062017158359637246,96,current-run measured OOF; recomputed only after all-complete
PABP,G-Rank,17,3,T-DCG-96,0.09489295821953089,0.07437154800669497,0.07179013422172638,96,current-run measured OOF; recomputed only after all-complete
PABP,G-Rank,17,3,T-DCG-192,0.08174019436994237,0.06901299431546683,0.06311825275409531,192,current-run measured OOF; recomputed only after all-complete
PABP,G-Rank,17,4,G-Rank,0.08663052982754178,0.07040775263750994,0.0624014458844245,384,current-run measured OOF; recomputed only after all-complete
PABP,G-Rank,17,4,T-Uniform-96,0.10785978811758536,0.0945926242404514,0.08408091101087034,96,current-run measured OOF; recomputed only after all-complete
PABP,G-Rank,17,4,T-DCG-96,0.11483756170241018,0.09971495486009656,0.09064926950934198,96,current-run measured OOF; recomputed only after all-complete
PABP,G-Rank,17,4,T-DCG-192,0.09305655202202774,0.08559772657587707,0.07327713439836048,192,current-run measured OOF; recomputed only after all-complete
PABP,T-Uniform-96,17,1,G-Rank,0.08336272063078703,0.09752061631944446,0.06718372217371756,96,current-run measured OOF; recomputed only after all-complete
PABP,T-Uniform-96,17,1,T-Uniform-96,0.08336272063078703,0.09752061631944446,0.06718372217371756,96,current-run measured OOF; recomputed only after all-complete
PABP,T-Uniform-96,17,1,T-DCG-96,0.08830475896462366,0.09686339490886692,0.07044706846677112,96,current-run measured OOF; recomputed only after all-complete
PABP,T-Uniform-96,17,1,T-DCG-192,0.08830475896462366,0.09686339490886692,0.07044706846677112,96,current-run measured OOF; recomputed only after all-complete
PABP,T-Uniform-96,17,2,G-Rank,0.06375150327329282,0.050463358561197914,0.04428319125703669,192,current-run measured OOF; recomputed only after all-complete
PABP,T-Uniform-96,17,2,T-Uniform-96,0.06404848451967593,0.05889073124638309,0.049205930364606416,96,current-run measured OOF; recomputed only after all-complete
PABP,T-Uniform-96,17,2,T-DCG-96,0.06956815077956723,0.06196248432464394,0.05452012294018277,96,current-run measured OOF; recomputed only after all-complete
PABP,T-Uniform-96,17,2,T-DCG-192,0.06705870984428833,0.05427587185873489,0.048599892030247595,192,current-run measured OOF; recomputed only after all-complete
PABP,T-Uniform-96,17,3,G-Rank,0.062415689434370716,0.0496394990730024,0.04559215944787255,288,current-run measured OOF; recomputed only after all-complete
PABP,T-Uniform-96,17,3,T-Uniform-96,0.0680205419720936,0.05395093376253859,0.050721834076842505,96,current-run measured OOF; recomputed only after all-complete
PABP,T-Uniform-96,17,3,T-DCG-96,0.06968598888470844,0.057754813504234434,0.05389136943830957,96,current-run measured OOF; recomputed only after all-complete
PABP,T-Uniform-96,17,3,T-DCG-192,0.0623315908713316,0.05867770970027069,0.051376716792363435,192,current-run measured OOF; recomputed only after all-complete
PABP,T-Uniform-96,17,4,G-Rank,0.08062534862094456,0.0687391581358733,0.06055684709921986,384,current-run measured OOF; recomputed only after all-complete
PABP,T-Uniform-96,17,4,T-Uniform-96,0.1063506868150499,0.08402015544750073,0.07691681680107372,96,current-run measured OOF; recomputed only after all-complete
PABP,T-Uniform-96,17,4,T-DCG-96,0.10873508275207591,0.09532587625312196,0.08496534743304517,96,current-run measured OOF; recomputed only after all-complete
PABP,T-Uniform-96,17,4,T-DCG-192,0.08773466170349337,0.08459119310137439,0.07190452625428681,192,current-run measured OOF; recomputed only after all-complete
PABP,T-DCG-96,17,1,G-Rank,0.08336272063078703,0.09752061631944446,0.06726181306174649,96,current-run measured OOF; recomputed only after all-complete
PABP,T-DCG-96,17,1,T-Uniform-96,0.08336272063078703,0.09752061631944446,0.06726181306174649,96,current-run measured OOF; recomputed only after all-complete
PABP,T-DCG-96,17,1,T-DCG-96,0.08830475896462366,0.09686339490886692,0.07037139042740152,96,current-run measured OOF; recomputed only after all-complete
PABP,T-DCG-96,17,1,T-DCG-192,0.08830475896462366,0.09686339490886692,0.07037139042740152,96,current-run measured OOF; recomputed only after all-complete
PABP,T-DCG-96,17,2,G-Rank,0.05612917299623843,0.05214860704210069,0.04622880696680293,192,current-run measured OOF; recomputed only after all-complete
PABP,T-DCG-96,17,2,T-Uniform-96,0.05467845775462963,0.06224879512080441,0.050116276317704746,96,current-run measured OOF; recomputed only after all-complete
PABP,T-DCG-96,17,2,T-DCG-96,0.05861100811839109,0.06438657800200236,0.053733749575267144,96,current-run measured OOF; recomputed only after all-complete
PABP,T-DCG-96,17,2,T-DCG-192,0.058265544310922075,0.05564133223945668,0.049311937938211876,192,current-run measured OOF; recomputed only after all-complete
PABP,T-DCG-96,17,3,G-Rank,0.07954521859460735,0.05543716912079904,0.0507305251602898,288,current-run measured OOF; recomputed only after all-complete
PABP,T-DCG-96,17,3,T-Uniform-96,0.08271481863265175,0.05785831404320988,0.050775479669426506,96,current-run measured OOF; recomputed only after all-complete
PABP,T-DCG-96,17,3,T-DCG-96,0.09267166281314608,0.06884323918633002,0.0616146943316701,96,current-run measured OOF; recomputed only after all-complete
PABP,T-DCG-96,17,3,T-DCG-192,0.08377617181276342,0.06630383159475829,0.05754585730612629,192,current-run measured OOF; recomputed only after all-complete
PABP,T-DCG-96,17,4,G-Rank,0.08257922419795284,0.06683360205756293,0.05764392428656667,384,current-run measured OOF; recomputed only after all-complete
PABP,T-DCG-96,17,4,T-Uniform-96,0.10867514433684174,0.09077185171621817,0.08009386133746609,96,current-run measured OOF; recomputed only after all-complete
PABP,T-DCG-96,17,4,T-DCG-96,0.11404193469607811,0.09724658637416393,0.08582154939051417,96,current-run measured OOF; recomputed only after all-complete
PABP,T-DCG-96,17,4,T-DCG-192,0.09186221283065561,0.07985111026354687,0.06645156364090093,192,current-run measured OOF; recomputed only after all-complete
PABP,T-DCG-192,17,1,G-Rank,0.08336272063078703,0.09752061631944446,0.06726181306174649,96,current-run measured OOF; recomputed only after all-complete
PABP,T-DCG-192,17,1,T-Uniform-96,0.08336272063078703,0.09752061631944446,0.06726181306174649,96,current-run measured OOF; recomputed only after all-complete
PABP,T-DCG-192,17,1,T-DCG-96,0.08830475896462366,0.09686339490886692,0.07037139042740152,96,current-run measured OOF; recomputed only after all-complete
PABP,T-DCG-192,17,1,T-DCG-192,0.08830475896462366,0.09686339490886692,0.07037139042740152,96,current-run measured OOF; recomputed only after all-complete
PABP,T-DCG-192,17,2,G-Rank,0.05612917299623843,0.05214860704210069,0.04542042920106996,192,current-run measured OOF; recomputed only after all-complete
PABP,T-DCG-192,17,2,T-Uniform-96,0.05467845775462963,0.06224879512080441,0.05090551734553785,96,current-run measured OOF; recomputed only after all-complete
PABP,T-DCG-192,17,2,T-DCG-96,0.05861100811839109,0.06438657800200236,0.054291206018256634,96,current-run measured OOF; recomputed only after all-complete
PABP,T-DCG-192,17,2,T-DCG-192,0.058265544310922075,0.05564133223945668,0.04870139185080358,192,current-run measured OOF; recomputed only after all-complete
PABP,T-DCG-192,17,3,G-Rank,0.08036379297410837,0.05662379637667181,0.05267478472672634,288,current-run measured OOF; recomputed only after all-complete
PABP,T-DCG-192,17,3,T-Uniform-96,0.08239055366673097,0.059986255787037035,0.05266338562434226,96,current-run measured OOF; recomputed only after all-complete
PABP,T-DCG-192,17,3,T-DCG-96,0.09559231714622915,0.06510847243791396,0.060013129623602605,96,current-run measured OOF; recomputed only after all-complete
PABP,T-DCG-192,17,3,T-DCG-192,0.08214750933182605,0.0651624306337031,0.057260896051702384,192,current-run measured OOF; recomputed only after all-complete
PABP,T-DCG-192,17,4,G-Rank,0.08924093069853606,0.06804641970881709,0.06099986055846492,384,current-run measured OOF; recomputed only after all-complete
PABP,T-DCG-192,17,4,T-Uniform-96,0.10936977245189526,0.08551470438639323,0.08048608379062018,96,current-run measured OOF; recomputed only after all-complete
PABP,T-DCG-192,17,4,T-DCG-96,0.12107240526431436,0.08847220225409815,0.08608686338403256,96,current-run measured OOF; recomputed only after all-complete
PABP,T-DCG-192,17,4,T-DCG-192,0.0963562492400341,0.07313972614880714,0.06820823758173837,192,current-run measured OOF; recomputed only after all-complete
PABP,G-Rank,18,1,G-Rank,0.07493082682291667,0.07890037254050926,0.05706898691921888,96,current-run measured OOF; recomputed only after all-complete
PABP,G-Rank,18,1,T-Uniform-96,0.07493082682291667,0.07890037254050926,0.05706898691921888,96,current-run measured OOF; recomputed only after all-complete
PABP,G-Rank,18,1,T-DCG-96,0.07386236075447927,0.08787425314585857,0.06239956318575815,96,current-run measured OOF; recomputed only after all-complete
PABP,G-Rank,18,1,T-DCG-192,0.07386236075447927,0.08787425314585857,0.06239956318575815,96,current-run measured OOF; recomputed only after all-complete
PABP,G-Rank,18,2,G-Rank,0.05154977021393953,0.054144753350151904,0.04445357978613404,192,current-run measured OOF; recomputed only after all-complete
PABP,G-Rank,18,2,T-Uniform-96,0.0531005859375,0.06504793520326968,0.050189180156596534,96,current-run measured OOF; recomputed only after all-complete
PABP,G-Rank,18,2,T-DCG-96,0.0584368399421856,0.06949503886699201,0.05515310686936233,96,current-run measured OOF; recomputed only after all-complete
PABP,G-Rank,18,2,T-DCG-192,0.05511400382980503,0.05917462079817695,0.04870375092099597,192,current-run measured OOF; recomputed only after all-complete
PABP,G-Rank,18,3,G-Rank,0.06777368030103309,0.058200705362118486,0.051048178594929744,288,current-run measured OOF; recomputed only after all-complete
PABP,G-Rank,18,3,T-Uniform-96,0.07635027096595294,0.07058772334346065,0.06126823453271004,96,current-run measured OOF; recomputed only after all-complete
PABP,G-Rank,18,3,T-DCG-96,0.09953021300198267,0.08581344418573308,0.07860097830906017,96,current-run measured OOF; recomputed only after all-complete
PABP,G-Rank,18,3,T-DCG-192,0.08447235934199032,0.07588905493148235,0.0669265983021142,192,current-run measured OOF; recomputed only after all-complete
PABP,G-Rank,18,4,G-Rank,0.06575262988055194,0.057933666087962965,0.052206309834118746,384,current-run measured OOF; recomputed only after all-complete
PABP,G-Rank,18,4,T-Uniform-96,0.0884853998819987,0.07783879174126519,0.0699891400365701,96,current-run measured OOF; recomputed only after all-complete
PABP,G-Rank,18,4,T-DCG-96,0.11056446984266995,0.09394215371170198,0.08873908303518918,96,current-run measured OOF; recomputed only after all-complete
PABP,G-Rank,18,4,T-DCG-192,0.08646738863089067,0.07566933366802356,0.06896036848739474,192,current-run measured OOF; recomputed only after all-complete
PABP,T-Uniform-96,18,1,G-Rank,0.07493082682291667,0.07890037254050926,0.05706898691921888,96,current-run measured OOF; recomputed only after all-complete
PABP,T-Uniform-96,18,1,T-Uniform-96,0.07493082682291667,0.07890037254050926,0.05706898691921888,96,current-run measured OOF; recomputed only after all-complete
PABP,T-Uniform-96,18,1,T-DCG-96,0.07386236075447927,0.08787425314585857,0.06239956318575815,96,current-run measured OOF; recomputed only after all-complete
PABP,T-Uniform-96,18,1,T-DCG-192,0.07386236075447927,0.08787425314585857,0.06239956318575815,96,current-run measured OOF; recomputed only after all-complete
PABP,T-Uniform-96,18,2,G-Rank,0.05154977021393953,0.054144753350151904,0.04508364233366816,192,current-run measured OOF; recomputed only after all-complete
PABP,T-Uniform-96,18,2,T-Uniform-96,0.0531005859375,0.06504793520326968,0.04954940833480211,96,current-run measured OOF; recomputed only after all-complete
PABP,T-Uniform-96,18,2,T-DCG-96,0.0584368399421856,0.06949503886699201,0.05463102370901884,96,current-run measured OOF; recomputed only after all-complete
PABP,T-Uniform-96,18,2,T-DCG-192,0.05511400382980503,0.05917462079817695,0.04913122985859415,192,current-run measured OOF; recomputed only after all-complete
PABP,T-Uniform-96,18,3,G-Rank,0.06285224987809714,0.06246163325054656,0.052852692510176005,288,current-run measured OOF; recomputed only after all-complete
PABP,T-Uniform-96,18,3,T-Uniform-96,0.07483418782552084,0.08366682892473637,0.0684591425309274,96,current-run measured OOF; recomputed only after all-complete
PABP,T-Uniform-96,18,3,T-DCG-96,0.08467538979901555,0.10091342538520645,0.08080780076094762,96,current-run measured OOF; recomputed only after all-complete
PABP,T-Uniform-96,18,3,T-DCG-192,0.07560643860263104,0.08469746540634782,0.06849228602734107,192,current-run measured OOF; recomputed only after all-complete
PABP,T-Uniform-96,18,4,G-Rank,0.07167978639955874,0.06058514559710467,0.055235872373062905,384,current-run measured OOF; recomputed only after all-complete
PABP,T-Uniform-96,18,4,T-Uniform-96,0.09433799319797091,0.07475630442301433,0.06934952999412979,96,current-run measured OOF; recomputed only after all-complete
PABP,T-Uniform-96,18,4,T-DCG-96,0.12005052073083153,0.09573946232880845,0.09260555427362963,96,current-run measured OOF; recomputed only after all-complete
PABP,T-Uniform-96,18,4,T-DCG-192,0.09204620417775104,0.07654079925841893,0.07072970427365767,192,current-run measured OOF; recomputed only after all-complete
PABP,T-DCG-96,18,1,G-Rank,0.07493082682291667,0.07890037254050926,0.05747230088057196,96,current-run measured OOF; recomputed only after all-complete
PABP,T-DCG-96,18,1,T-Uniform-96,0.07493082682291667,0.07890037254050926,0.05747230088057196,96,current-run measured OOF; recomputed only after all-complete
PABP,T-DCG-96,18,1,T-DCG-96,0.07386236075447927,0.08787425314585857,0.062029531518010515,96,current-run measured OOF; recomputed only after all-complete
PABP,T-DCG-96,18,1,T-DCG-192,0.07386236075447927,0.08787425314585857,0.062029531518010515,96,current-run measured OOF; recomputed only after all-complete
PABP,T-DCG-96,18,2,G-Rank,0.05325804816351997,0.05709761160391349,0.04725492014021593,192,current-run measured OOF; recomputed only after all-complete
PABP,T-DCG-96,18,2,T-Uniform-96,0.057124950267650465,0.06633843315972222,0.052768708850552716,96,current-run measured OOF; recomputed only after all-complete
PABP,T-DCG-96,18,2,T-DCG-96,0.06710050642416315,0.07201562281571092,0.060827995799883766,96,current-run measured OOF; recomputed only after all-complete
PABP,T-DCG-96,18,2,T-DCG-192,0.06011557157665142,0.06248413120657487,0.05329135029020792,192,current-run measured OOF; recomputed only after all-complete
PABP,T-DCG-96,18,3,G-Rank,0.06397386506424683,0.06250567233448003,0.053956058114268034,288,current-run measured OOF; recomputed only after all-complete
PABP,T-DCG-96,18,3,T-Uniform-96,0.06884056059911908,0.07157822597173998,0.06278163816545886,96,current-run measured OOF; recomputed only after all-complete
PABP,T-DCG-96,18,3,T-DCG-96,0.0831467233215839,0.08190586375138798,0.07481799713701842,96,current-run measured OOF; recomputed only after all-complete
PABP,T-DCG-96,18,3,T-DCG-192,0.07458377966490196,0.07379115541124855,0.06496098403331539,192,current-run measured OOF; recomputed only after all-complete
PABP,T-DCG-96,18,4,G-Rank,0.06943433373062698,0.06676136122809516,0.06026799671802765,384,current-run measured OOF; recomputed only after all-complete
PABP,T-DCG-96,18,4,T-Uniform-96,0.0900061218826859,0.08183242656566479,0.07581184391918995,96,current-run measured OOF; recomputed only after all-complete
PABP,T-DCG-96,18,4,T-DCG-96,0.10962903112176857,0.09544651638638622,0.09177702306527828,96,current-run measured OOF; recomputed only after all-complete
PABP,T-DCG-96,18,4,T-DCG-192,0.08788510570821789,0.0806024208928032,0.07519708551154451,192,current-run measured OOF; recomputed only after all-complete
PABP,T-DCG-192,18,1,G-Rank,0.07493082682291667,0.07890037254050926,0.05747230088057196,96,current-run measured OOF; recomputed only after all-complete
PABP,T-DCG-192,18,1,T-Uniform-96,0.07493082682291667,0.07890037254050926,0.05747230088057196,96,current-run measured OOF; recomputed only after all-complete
PABP,T-DCG-192,18,1,T-DCG-96,0.07386236075447927,0.08787425314585857,0.062029531518010515,96,current-run measured OOF; recomputed only after all-complete
PABP,T-DCG-192,18,1,T-DCG-192,0.07386236075447927,0.08787425314585857,0.062029531518010515,96,current-run measured OOF; recomputed only after all-complete
PABP,T-DCG-192,18,2,G-Rank,0.05325804816351997,0.05709761160391349,0.0472702743057399,192,current-run measured OOF; recomputed only after all-complete
PABP,T-DCG-192,18,2,T-Uniform-96,0.057124950267650465,0.06633843315972222,0.052961143239090874,96,current-run measured OOF; recomputed only after all-complete
PABP,T-DCG-192,18,2,T-DCG-96,0.06710050642416315,0.07201562281571092,0.06086951697848176,96,current-run measured OOF; recomputed only after all-complete
PABP,T-DCG-192,18,2,T-DCG-192,0.06011557157665142,0.06248413120657487,0.053252498970249064,192,current-run measured OOF; recomputed only after all-complete
PABP,T-DCG-192,18,3,G-Rank,0.055740063409582895,0.060967318478598674,0.05110398943598097,288,current-run measured OOF; recomputed only after all-complete
PABP,T-DCG-192,18,3,T-Uniform-96,0.0660213894314236,0.0718219898365162,0.06322696558380049,96,current-run measured OOF; recomputed only after all-complete
PABP,T-DCG-192,18,3,T-DCG-96,0.08402682641517435,0.08466713141739218,0.07895146742366735,96,current-run measured OOF; recomputed only after all-complete
PABP,T-DCG-192,18,3,T-DCG-192,0.07587058800805278,0.07412779580132806,0.0673844616983087,192,current-run measured OOF; recomputed only after all-complete
PABP,T-DCG-192,18,4,G-Rank,0.07545179790920681,0.0655344150684498,0.05813835942223775,384,current-run measured OOF; recomputed only after all-complete
PABP,T-DCG-192,18,4,T-Uniform-96,0.09379213827627676,0.08854410383436413,0.07951714555490923,96,current-run measured OOF; recomputed only after all-complete
PABP,T-DCG-192,18,4,T-DCG-96,0.11191041074823348,0.0968347975872294,0.09229785976200493,96,current-run measured OOF; recomputed only after all-complete
PABP,T-DCG-192,18,4,T-DCG-192,0.09129008601908722,0.08131827303989839,0.07342598080097824,192,current-run measured OOF; recomputed only after all-complete
PABP,G-Rank,19,1,G-Rank,0.07050238715277778,0.06496401186342593,0.0469259976323576,96,current-run measured OOF; recomputed only after all-complete
PABP,G-Rank,19,1,T-Uniform-96,0.07050238715277778,0.06496401186342593,0.0469259976323576,96,current-run measured OOF; recomputed only after all-complete
PABP,G-Rank,19,1,T-DCG-96,0.0892272161044122,0.06991520695409402,0.05518129201845944,96,current-run measured OOF; recomputed only after all-complete
PABP,G-Rank,19,1,T-DCG-192,0.0892272161044122,0.06991520695409402,0.05518129201845944,96,current-run measured OOF; recomputed only after all-complete
PABP,G-Rank,19,2,G-Rank,0.05579460991753472,0.059063946759259245,0.047811196595976595,192,current-run measured OOF; recomputed only after all-complete
PABP,G-Rank,19,2,T-Uniform-96,0.0752023767541956,0.07305484347873263,0.06514075434314541,96,current-run measured OOF; recomputed only after all-complete
PABP,G-Rank,19,2,T-DCG-96,0.09229338264999862,0.09774860291063119,0.08590792742178824,96,current-run measured OOF; recomputed only after all-complete
PABP,G-Rank,19,2,T-DCG-192,0.07028891893399346,0.076883877790892,0.06401503502236075,192,current-run measured OOF; recomputed only after all-complete
PABP,G-Rank,19,3,G-Rank,0.05785923501264575,0.06445044581618656,0.049275656802010036,288,current-run measured OOF; recomputed only after all-complete
PABP,G-Rank,19,3,T-Uniform-96,0.07308708787454989,0.08352171344521604,0.06599525789216619,96,current-run measured OOF; recomputed only after all-complete
PABP,G-Rank,19,3,T-DCG-96,0.07673971162050786,0.09136787412945806,0.07195110883628478,96,current-run measured OOF; recomputed only after all-complete
PABP,G-Rank,19,3,T-DCG-192,0.07266852245839767,0.07904153227371276,0.06321194902731302,192,current-run measured OOF; recomputed only after all-complete
PABP,G-Rank,19,4,G-Rank,0.06786240471733941,0.06343461849071362,0.05470492748256247,384,current-run measured OOF; recomputed only after all-complete
PABP,G-Rank,19,4,T-Uniform-96,0.09278074900309245,0.07848580678304036,0.07388082997356421,96,current-run measured OOF; recomputed only after all-complete
PABP,G-Rank,19,4,T-DCG-96,0.08697339064331121,0.07818257216107545,0.0723988246327339,96,current-run measured OOF; recomputed only after all-complete
PABP,G-Rank,19,4,T-DCG-192,0.07509993793071713,0.07003791752424761,0.06083207181824279,192,current-run measured OOF; recomputed only after all-complete
PABP,T-Uniform-96,19,1,G-Rank,0.07050238715277778,0.06496401186342593,0.0469259976323576,96,current-run measured OOF; recomputed only after all-complete
PABP,T-Uniform-96,19,1,T-Uniform-96,0.07050238715277778,0.06496401186342593,0.0469259976323576,96,current-run measured OOF; recomputed only after all-complete
PABP,T-Uniform-96,19,1,T-DCG-96,0.0892272161044122,0.06991520695409402,0.05518129201845944,96,current-run measured OOF; recomputed only after all-complete
PABP,T-Uniform-96,19,1,T-DCG-192,0.0892272161044122,0.06991520695409402,0.05518129201845944,96,current-run measured OOF; recomputed only after all-complete
PABP,T-Uniform-96,19,2,G-Rank,0.05579460991753472,0.059063946759259245,0.04801000648112652,192,current-run measured OOF; recomputed only after all-complete
PABP,T-Uniform-96,19,2,T-Uniform-96,0.0752023767541956,0.07305484347873263,0.0649503007068952,96,current-run measured OOF; recomputed only after all-complete
PABP,T-Uniform-96,19,2,T-DCG-96,0.09229338264999862,0.09774860291063119,0.08626678758855169,96,current-run measured OOF; recomputed only after all-complete
PABP,T-Uniform-96,19,2,T-DCG-192,0.07028891893399346,0.076883877790892,0.06445452452154196,192,current-run measured OOF; recomputed only after all-complete
PABP,T-Uniform-96,19,3,G-Rank,0.06063152046360597,0.06798713589891975,0.05221727689948098,288,current-run measured OOF; recomputed only after all-complete
PABP,T-Uniform-96,19,3,T-Uniform-96,0.07743967315297066,0.08714036980774176,0.07025121692012577,96,current-run measured OOF; recomputed only after all-complete
PABP,T-Uniform-96,19,3,T-DCG-96,0.08232449873573289,0.09299272978709956,0.0761758117824617,96,current-run measured OOF; recomputed only after all-complete
PABP,T-Uniform-96,19,3,T-DCG-192,0.07681042194767014,0.08101057698715897,0.06712261571285187,192,current-run measured OOF; recomputed only after all-complete
PABP,T-Uniform-96,19,4,G-Rank,0.06431177810386375,0.06492161750793457,0.056727977009496944,384,current-run measured OOF; recomputed only after all-complete
PABP,T-Uniform-96,19,4,T-Uniform-96,0.07791787606698497,0.09129340560347947,0.07557187849937484,96,current-run measured OOF; recomputed only after all-complete
PABP,T-Uniform-96,19,4,T-DCG-96,0.0749626001404099,0.10621889452980328,0.07640006656959834,96,current-run measured OOF; recomputed only after all-complete
PABP,T-Uniform-96,19,4,T-DCG-192,0.07040728891992824,0.0877949547579279,0.0662321181748059,192,current-run measured OOF; recomputed only after all-complete
PABP,T-DCG-96,19,1,G-Rank,0.07050238715277778,0.06496401186342593,0.04730678256216026,96,current-run measured OOF; recomputed only after all-complete
PABP,T-DCG-96,19,1,T-Uniform-96,0.07050238715277778,0.06496401186342593,0.04730678256216026,96,current-run measured OOF; recomputed only after all-complete
PABP,T-DCG-96,19,1,T-DCG-96,0.0892272161044122,0.06991520695409402,0.05474285242430991,96,current-run measured OOF; recomputed only after all-complete
PABP,T-DCG-96,19,1,T-DCG-192,0.0892272161044122,0.06991520695409402,0.05474285242430991,96,current-run measured OOF; recomputed only after all-complete
PABP,T-DCG-96,19,2,G-Rank,0.05756519458912038,0.05656291820384838,0.04860611473072474,192,current-run measured OOF; recomputed only after all-complete
PABP,T-DCG-96,19,2,T-Uniform-96,0.07291525381582754,0.07223906340422453,0.06306519562443323,96,current-run measured OOF; recomputed only after all-complete
PABP,T-DCG-96,19,2,T-DCG-96,0.09095474866442,0.10068990202770754,0.08590120499318663,96,current-run measured OOF; recomputed only after all-complete
PABP,T-DCG-96,19,2,T-DCG-192,0.07192539839393576,0.07711428989460159,0.06558785930420004,192,current-run measured OOF; recomputed only after all-complete
PABP,T-DCG-96,19,3,G-Rank,0.06469475389017489,0.06254462515539266,0.053847796892699834,288,current-run measured OOF; recomputed only after all-complete
PABP,T-DCG-96,19,3,T-Uniform-96,0.07874364028742284,0.07757003219039352,0.06628610936451396,96,current-run measured OOF; recomputed only after all-complete
PABP,T-DCG-96,19,3,T-DCG-96,0.08087867971348253,0.07905869971457259,0.06962415714816413,96,current-run measured OOF; recomputed only after all-complete
PABP,T-DCG-96,19,3,T-DCG-192,0.0752621378501127,0.07126441858893273,0.06270509084796792,192,current-run measured OOF; recomputed only after all-complete
PABP,T-DCG-96,19,4,G-Rank,0.05619797000178584,0.058843515537403246,0.050267976805699575,384,current-run measured OOF; recomputed only after all-complete
PABP,T-DCG-96,19,4,T-Uniform-96,0.06482230292426215,0.07096629672580296,0.060743045990293704,96,current-run measured OOF; recomputed only after all-complete
PABP,T-DCG-96,19,4,T-DCG-96,0.06305099967809633,0.0717062290608765,0.05988661243665707,96,current-run measured OOF; recomputed only after all-complete
PABP,T-DCG-96,19,4,T-DCG-192,0.06195628507807677,0.06711014187631871,0.05573232359094415,192,current-run measured OOF; recomputed only after all-complete
PABP,T-DCG-192,19,1,G-Rank,0.07050238715277778,0.06496401186342593,0.04730678256216026,96,current-run measured OOF; recomputed only after all-complete
PABP,T-DCG-192,19,1,T-Uniform-96,0.07050238715277778,0.06496401186342593,0.04730678256216026,96,current-run measured OOF; recomputed only after all-complete
PABP,T-DCG-192,19,1,T-DCG-96,0.0892272161044122,0.06991520695409402,0.05474285242430991,96,current-run measured OOF; recomputed only after all-complete
PABP,T-DCG-192,19,1,T-DCG-192,0.0892272161044122,0.06991520695409402,0.05474285242430991,96,current-run measured OOF; recomputed only after all-complete
PABP,T-DCG-192,19,2,G-Rank,0.05756519458912038,0.05656291820384838,0.048111801783105486,192,current-run measured OOF; recomputed only after all-complete
PABP,T-DCG-192,19,2,T-Uniform-96,0.07291525381582754,0.07223906340422453,0.06253839168479858,96,current-run measured OOF; recomputed only after all-complete
PABP,T-DCG-192,19,2,T-DCG-96,0.09095474866442,0.10068990202770754,0.08602563631880301,96,current-run measured OOF; recomputed only after all-complete
PABP,T-DCG-192,19,2,T-DCG-192,0.07192539839393576,0.07711428989460159,0.0654690871563274,192,current-run measured OOF; recomputed only after all-complete
PABP,T-DCG-192,19,3,G-Rank,0.06262675888417352,0.058330771363811734,0.04938211377662924,288,current-run measured OOF; recomputed only after all-complete
PABP,T-DCG-192,19,3,T-Uniform-96,0.06668618284625771,0.07375847459329989,0.05936868489865035,96,current-run measured OOF; recomputed only after all-complete
PABP,T-DCG-192,19,3,T-DCG-96,0.06967004140155221,0.079265818178413,0.06459055068360059,96,current-run measured OOF; recomputed only after all-complete
PABP,T-DCG-192,19,3,T-DCG-192,0.06879046729905965,0.07138512056682496,0.05948966656593709,192,current-run measured OOF; recomputed only after all-complete
PABP,T-DCG-192,19,4,G-Rank,0.05994621912638346,0.054534055568553785,0.05053108492320321,384,current-run measured OOF; recomputed only after all-complete
PABP,T-DCG-192,19,4,T-Uniform-96,0.06988631354437934,0.06907802157931858,0.063221181195531,96,current-run measured OOF; recomputed only after all-complete
PABP,T-DCG-192,19,4,T-DCG-96,0.06609799645439407,0.07175924975571771,0.062288065671060266,96,current-run measured OOF; recomputed only after all-complete
PABP,T-DCG-192,19,4,T-DCG-192,0.06396729440208043,0.06673841520220876,0.05737735620012935,192,current-run measured OOF; recomputed only after all-complete
PABP,G-Rank,20,1,G-Rank,0.10393665455005789,0.11213231969762731,0.08743777895828814,96,current-run measured OOF; recomputed only after all-complete
PABP,G-Rank,20,1,T-Uniform-96,0.10393665455005789,0.11213231969762731,0.08743777895828814,96,current-run measured OOF; recomputed only after all-complete
PABP,G-Rank,20,1,T-DCG-96,0.13929356542369814,0.13062316398455728,0.11586849103458847,96,current-run measured OOF; recomputed only after all-complete
PABP,G-Rank,20,1,T-DCG-192,0.13929356542369814,0.13062316398455728,0.11586849103458847,96,current-run measured OOF; recomputed only after all-complete
PABP,G-Rank,20,2,G-Rank,0.08762868245442708,0.07662589461715133,0.07093499704899689,192,current-run measured OOF; recomputed only after all-complete
PABP,G-Rank,20,2,T-Uniform-96,0.0975939432779948,0.08679679588035301,0.08136561508042102,96,current-run measured OOF; recomputed only after all-complete
PABP,G-Rank,20,2,T-DCG-96,0.11916241990628314,0.09240484391935348,0.09265041403919355,96,current-run measured OOF; recomputed only after all-complete
PABP,G-Rank,20,2,T-DCG-192,0.10306737949664706,0.08232063578660424,0.08013427775927731,192,current-run measured OOF; recomputed only after all-complete
PABP,G-Rank,20,3,G-Rank,0.07762596015249915,0.07053876544549469,0.06597433287071491,288,current-run measured OOF; recomputed only after all-complete
PABP,G-Rank,20,3,T-Uniform-96,0.07885214723186729,0.06948186929333848,0.06531586802641169,96,current-run measured OOF; recomputed only after all-complete
PABP,G-Rank,20,3,T-DCG-96,0.09396891729008358,0.08497305155259995,0.08143760647511405,96,current-run measured OOF; recomputed only after all-complete
PABP,G-Rank,20,3,T-DCG-192,0.08583989098227526,0.07818459811061063,0.07410567737081024,192,current-run measured OOF; recomputed only after all-complete
PABP,G-Rank,20,4,G-Rank,0.07004947132534452,0.0772802299923367,0.0659201018548084,384,current-run measured OOF; recomputed only after all-complete
PABP,G-Rank,20,4,T-Uniform-96,0.07449955410427518,0.08724431638364438,0.0716629639899634,96,current-run measured OOF; recomputed only after all-complete
PABP,G-Rank,20,4,T-DCG-96,0.10038890886148086,0.12124031170034694,0.10123051712008944,96,current-run measured OOF; recomputed only after all-complete
PABP,G-Rank,20,4,T-DCG-192,0.09097342008100098,0.1036934259801922,0.08846950723936578,192,current-run measured OOF; recomputed only after all-complete
PABP,T-Uniform-96,20,1,G-Rank,0.10393665455005789,0.11213231969762731,0.08743777895828814,96,current-run measured OOF; recomputed only after all-complete
PABP,T-Uniform-96,20,1,T-Uniform-96,0.10393665455005789,0.11213231969762731,0.08743777895828814,96,current-run measured OOF; recomputed only after all-complete
PABP,T-Uniform-96,20,1,T-DCG-96,0.13929356542369814,0.13062316398455728,0.11586849103458847,96,current-run measured OOF; recomputed only after all-complete
PABP,T-Uniform-96,20,1,T-DCG-192,0.13929356542369814,0.13062316398455728,0.11586849103458847,96,current-run measured OOF; recomputed only after all-complete
PABP,T-Uniform-96,20,2,G-Rank,0.08762868245442708,0.07662589461715133,0.07093518893519855,192,current-run measured OOF; recomputed only after all-complete
PABP,T-Uniform-96,20,2,T-Uniform-96,0.0975939432779948,0.08679679588035301,0.08136542979962251,96,current-run measured OOF; recomputed only after all-complete
PABP,T-Uniform-96,20,2,T-DCG-96,0.11916241990628314,0.09240484391935348,0.09261656833296084,96,current-run measured OOF; recomputed only after all-complete
PABP,T-Uniform-96,20,2,T-DCG-192,0.10306737949664706,0.08232063578660424,0.08011382509243302,192,current-run measured OOF; recomputed only after all-complete
PABP,T-Uniform-96,20,3,G-Rank,0.07762596015249915,0.07053876544549469,0.06599789776212005,288,current-run measured OOF; recomputed only after all-complete
PABP,T-Uniform-96,20,3,T-Uniform-96,0.07885214723186729,0.06948186929333848,0.06529075065390354,96,current-run measured OOF; recomputed only after all-complete
PABP,T-Uniform-96,20,3,T-DCG-96,0.09396891729008358,0.08497305155259995,0.08139951809590698,96,current-run measured OOF; recomputed only after all-complete
PABP,T-Uniform-96,20,3,T-DCG-192,0.08583989098227526,0.07818459811061063,0.07410549442468203,192,current-run measured OOF; recomputed only after all-complete
PABP,T-Uniform-96,20,4,G-Rank,0.0700799889034695,0.07530730741995352,0.06461290942322066,384,current-run measured OOF; recomputed only after all-complete
PABP,T-Uniform-96,20,4,T-Uniform-96,0.07501199510362412,0.08033611156322339,0.07094285403849311,96,current-run measured OOF; recomputed only after all-complete
PABP,T-Uniform-96,20,4,T-DCG-96,0.10524245280890009,0.09595981848436028,0.0948606751715939,96,current-run measured OOF; recomputed only after all-complete
PABP,T-Uniform-96,20,4,T-DCG-192,0.09420562124934542,0.08833996782580607,0.08444046926134717,192,current-run measured OOF; recomputed only after all-complete
PABP,T-DCG-96,20,1,G-Rank,0.10393665455005789,0.11213231969762731,0.08834023136772917,96,current-run measured OOF; recomputed only after all-complete
PABP,T-DCG-96,20,1,T-Uniform-96,0.10393665455005789,0.11213231969762731,0.08834023136772917,96,current-run measured OOF; recomputed only after all-complete
PABP,T-DCG-96,20,1,T-DCG-96,0.13929356542369814,0.13062316398455728,0.1149955227323518,96,current-run measured OOF; recomputed only after all-complete
PABP,T-DCG-96,20,1,T-DCG-192,0.13929356542369814,0.13062316398455728,0.1149955227323518,96,current-run measured OOF; recomputed only after all-complete
PABP,T-DCG-96,20,2,G-Rank,0.08334287007649739,0.08094752276385273,0.07151112687065188,192,current-run measured OOF; recomputed only after all-complete
PABP,T-DCG-96,20,2,T-Uniform-96,0.08745970549406827,0.09140155933521411,0.07913498457265668,96,current-run measured OOF; recomputed only after all-complete
PABP,T-DCG-96,20,2,T-DCG-96,0.10649141272965479,0.09898008313306875,0.09076751326689637,96,current-run measured OOF; recomputed only after all-complete
PABP,T-DCG-96,20,2,T-DCG-192,0.09624411924148435,0.08798510992811143,0.08050924317571383,192,current-run measured OOF; recomputed only after all-complete
PABP,T-DCG-96,20,3,G-Rank,0.06980088054725009,0.06601259835953575,0.06279358341941907,288,current-run measured OOF; recomputed only after all-complete
PABP,T-DCG-96,20,3,T-Uniform-96,0.07708890938464506,0.0756236888744213,0.07287212870613939,96,current-run measured OOF; recomputed only after all-complete
PABP,T-DCG-96,20,3,T-DCG-96,0.09528776134392296,0.08825846993602406,0.08716958501105672,96,current-run measured OOF; recomputed only after all-complete
PABP,T-DCG-96,20,3,T-DCG-192,0.08269851382835984,0.07784798471854465,0.07571335563404219,192,current-run measured OOF; recomputed only after all-complete
PABP,T-DCG-96,20,4,G-Rank,0.06960278970223886,0.06706536257708513,0.06125598380931552,384,current-run measured OOF; recomputed only after all-complete
PABP,T-DCG-96,20,4,T-Uniform-96,0.08129247029622398,0.0771127630163122,0.07130839219875848,96,current-run measured OOF; recomputed only after all-complete
PABP,T-DCG-96,20,4,T-DCG-96,0.09905051155016031,0.09517774215071284,0.08961180152518465,96,current-run measured OOF; recomputed only after all-complete
PABP,T-DCG-96,20,4,T-DCG-192,0.08424767903814973,0.08403703873510197,0.07715540713357016,192,current-run measured OOF; recomputed only after all-complete
PABP,T-DCG-192,20,1,G-Rank,0.10393665455005789,0.11213231969762731,0.08834023136772917,96,current-run measured OOF; recomputed only after all-complete
PABP,T-DCG-192,20,1,T-Uniform-96,0.10393665455005789,0.11213231969762731,0.08834023136772917,96,current-run measured OOF; recomputed only after all-complete
PABP,T-DCG-192,20,1,T-DCG-96,0.13929356542369814,0.13062316398455728,0.1149955227323518,96,current-run measured OOF; recomputed only after all-complete
PABP,T-DCG-192,20,1,T-DCG-192,0.13929356542369814,0.13062316398455728,0.1149955227323518,96,current-run measured OOF; recomputed only after all-complete
PABP,T-DCG-192,20,2,G-Rank,0.08334287007649739,0.08094752276385273,0.07156825229399877,192,current-run measured OOF; recomputed only after all-complete
PABP,T-DCG-192,20,2,T-Uniform-96,0.08745970549406827,0.09140155933521411,0.07926595312644835,96,current-run measured OOF; recomputed only after all-complete
PABP,T-DCG-192,20,2,T-DCG-96,0.10649141272965479,0.09898008313306875,0.0907736130044041,96,current-run measured OOF; recomputed only after all-complete
PABP,T-DCG-192,20,2,T-DCG-192,0.09624411924148435,0.08798510992811143,0.08050337051456433,192,current-run measured OOF; recomputed only after all-complete
PABP,T-DCG-192,20,3,G-Rank,0.06980088054725009,0.06601259835953575,0.06240061071625716,288,current-run measured OOF; recomputed only after all-complete
PABP,T-DCG-192,20,3,T-Uniform-96,0.07708890938464506,0.0756236888744213,0.07245444212270144,96,current-run measured OOF; recomputed only after all-complete
PABP,T-DCG-192,20,3,T-DCG-96,0.09528776134392296,0.08825846993602406,0.08730178523698987,96,current-run measured OOF; recomputed only after all-complete
PABP,T-DCG-192,20,3,T-DCG-192,0.08269851382835984,0.07784798471854465,0.07556062621697936,192,current-run measured OOF; recomputed only after all-complete
PABP,T-DCG-192,20,4,G-Rank,0.06813850226225676,0.06693819717124656,0.060965953910592736,384,current-run measured OOF; recomputed only after all-complete
PABP,T-DCG-192,20,4,T-Uniform-96,0.07630072699652778,0.07546438994231047,0.06962083556307301,96,current-run measured OOF; recomputed only after all-complete
PABP,T-DCG-192,20,4,T-DCG-96,0.09410325915825948,0.09216737157482313,0.0872106954272637,96,current-run measured OOF; recomputed only after all-complete
PABP,T-DCG-192,20,4,T-DCG-192,0.08242687828249276,0.08368450366095279,0.07669061093422846,192,current-run measured OOF; recomputed only after all-complete
PABP,G-Rank,21,1,G-Rank,0.0876594826027199,0.11042446560329859,0.0757869800638893,96,current-run measured OOF; recomputed only after all-complete
PABP,G-Rank,21,1,T-Uniform-96,0.0876594826027199,0.11042446560329859,0.0757869800638893,96,current-run measured OOF; recomputed only after all-complete
PABP,G-Rank,21,1,T-DCG-96,0.09019900782212546,0.12943034696844372,0.08414558616509234,96,current-run measured OOF; recomputed only after all-complete
PABP,G-Rank,21,1,T-DCG-192,0.09019900782212546,0.12943034696844372,0.08414558616509234,96,current-run measured OOF; recomputed only after all-complete
PABP,G-Rank,21,2,G-Rank,0.08509967945240161,0.08471107482910156,0.07159393539791271,192,current-run measured OOF; recomputed only after all-complete
PABP,G-Rank,21,2,T-Uniform-96,0.09191654346607349,0.09807473641854746,0.081120745996995,96,current-run measured OOF; recomputed only after all-complete
PABP,G-Rank,21,2,T-DCG-96,0.1012433411797883,0.10606498249670356,0.0904889692516934,96,current-run measured OOF; recomputed only after all-complete
PABP,G-Rank,21,2,T-DCG-192,0.09245343860706558,0.09234044902741034,0.07938928029670338,192,current-run measured OOF; recomputed only after all-complete
PABP,G-Rank,21,3,G-Rank,0.08783005032846794,0.06702740202224794,0.06049263188699188,288,current-run measured OOF; recomputed only after all-complete
PABP,G-Rank,21,3,T-Uniform-96,0.09967241954411006,0.08358237184124229,0.07565011748883281,96,current-run measured OOF; recomputed only after all-complete
PABP,G-Rank,21,3,T-DCG-96,0.10434126193663312,0.0832614885552381,0.07792211780471824,96,current-run measured OOF; recomputed only after all-complete
PABP,G-Rank,21,3,T-DCG-192,0.09073116232263732,0.07148053202283437,0.06465797713290294,192,current-run measured OOF; recomputed only after all-complete
PABP,G-Rank,21,4,G-Rank,0.0727862870251691,0.058964384926690004,0.05470024993714016,384,current-run measured OOF; recomputed only after all-complete
PABP,G-Rank,21,4,T-Uniform-96,0.10002401140001084,0.08759904790807653,0.08520088615273495,96,current-run measured OOF; recomputed only after all-complete
PABP,G-Rank,21,4,T-DCG-96,0.12359159729553389,0.10975269651947427,0.1083964293503942,96,current-run measured OOF; recomputed only after all-complete
PABP,G-Rank,21,4,T-DCG-192,0.09999724507733988,0.08544874991495945,0.0823972114817627,192,current-run measured OOF; recomputed only after all-complete
PABP,T-Uniform-96,21,1,G-Rank,0.0876594826027199,0.11042446560329859,0.0757869800638893,96,current-run measured OOF; recomputed only after all-complete
PABP,T-Uniform-96,21,1,T-Uniform-96,0.0876594826027199,0.11042446560329859,0.0757869800638893,96,current-run measured OOF; recomputed only after all-complete
PABP,T-Uniform-96,21,1,T-DCG-96,0.09019900782212546,0.12943034696844372,0.08414558616509234,96,current-run measured OOF; recomputed only after all-complete
PABP,T-Uniform-96,21,1,T-DCG-192,0.09019900782212546,0.12943034696844372,0.08414558616509234,96,current-run measured OOF; recomputed only after all-complete
PABP,T-Uniform-96,21,2,G-Rank,0.08509967945240161,0.08471107482910156,0.07177950234174175,192,current-run measured OOF; recomputed only after all-complete
PABP,T-Uniform-96,21,2,T-Uniform-96,0.09191654346607349,0.09807473641854746,0.08092699036810791,96,current-run measured OOF; recomputed only after all-complete
PABP,T-Uniform-96,21,2,T-DCG-96,0.1012433411797883,0.10606498249670356,0.09036538782101917,96,current-run measured OOF; recomputed only after all-complete
PABP,T-Uniform-96,21,2,T-DCG-192,0.09245343860706558,0.09234044902741034,0.07955487659262567,192,current-run measured OOF; recomputed only after all-complete
PABP,T-Uniform-96,21,3,G-Rank,0.09363525558073989,0.07054098414459019,0.06396658446421666,288,current-run measured OOF; recomputed only after all-complete
PABP,T-Uniform-96,21,3,T-Uniform-96,0.11882992340213477,0.09025981887377828,0.08462346802780585,96,current-run measured OOF; recomputed only after all-complete
PABP,T-Uniform-96,21,3,T-DCG-96,0.128190184788944,0.10224611700330918,0.09648088204208177,96,current-run measured OOF; recomputed only after all-complete
PABP,T-Uniform-96,21,3,T-DCG-192,0.10695381783247783,0.08487756352789898,0.07720042072572994,192,current-run measured OOF; recomputed only after all-complete
PABP,T-Uniform-96,21,4,G-Rank,0.07213259626317907,0.0563494982542815,0.053790478127448506,384,current-run measured OOF; recomputed only after all-complete
PABP,T-Uniform-96,21,4,T-Uniform-96,0.09613030045120803,0.08271817807798032,0.08124368228689878,96,current-run measured OOF; recomputed only after all-complete
PABP,T-Uniform-96,21,4,T-DCG-96,0.11082769003816673,0.09934721170861882,0.09738362686636018,96,current-run measured OOF; recomputed only after all-complete
PABP,T-Uniform-96,21,4,T-DCG-192,0.09320860887760682,0.0803531772905315,0.07809151738580454,192,current-run measured OOF; recomputed only after all-complete
PABP,T-DCG-96,21,1,G-Rank,0.0876594826027199,0.11042446560329859,0.07651901405970578,96,current-run measured OOF; recomputed only after all-complete
PABP,T-DCG-96,21,1,T-Uniform-96,0.0876594826027199,0.11042446560329859,0.07651901405970578,96,current-run measured OOF; recomputed only after all-complete
PABP,T-DCG-96,21,1,T-DCG-96,0.09019900782212546,0.12943034696844372,0.08340411507124991,96,current-run measured OOF; recomputed only after all-complete
PABP,T-DCG-96,21,1,T-DCG-192,0.09019900782212546,0.12943034696844372,0.08340411507124991,96,current-run measured OOF; recomputed only after all-complete
PABP,T-DCG-96,21,2,G-Rank,0.07423485649956597,0.09338407163266782,0.06853148067891632,192,current-run measured OOF; recomputed only after all-complete
PABP,T-DCG-96,21,2,T-Uniform-96,0.08236383508752894,0.10747838903356481,0.0786727859491576,96,current-run measured OOF; recomputed only after all-complete
PABP,T-DCG-96,21,2,T-DCG-96,0.09221694874219753,0.11332612899322565,0.08682194147583824,96,current-run measured OOF; recomputed only after all-complete
PABP,T-DCG-96,21,2,T-DCG-192,0.08215548104865156,0.09977345789648673,0.07572209571469275,192,current-run measured OOF; recomputed only after all-complete
PABP,T-DCG-96,21,3,G-Rank,0.10122381348995842,0.07547606166007588,0.06880383693640416,288,current-run measured OOF; recomputed only after all-complete
PABP,T-DCG-96,21,3,T-Uniform-96,0.12445306974183386,0.09490050013663838,0.09062719620981963,96,current-run measured OOF; recomputed only after all-complete
PABP,T-DCG-96,21,3,T-DCG-96,0.1344505593078575,0.10714155237848384,0.10346226450961842,96,current-run measured OOF; recomputed only after all-complete
PABP,T-DCG-96,21,3,T-DCG-192,0.10730527180635337,0.08678004842744828,0.08111331624170684,192,current-run measured OOF; recomputed only after all-complete
PABP,T-DCG-96,21,4,G-Rank,0.07168139351738824,0.06338280218618887,0.06245352473700194,384,current-run measured OOF; recomputed only after all-complete
PABP,T-DCG-96,21,4,T-Uniform-96,0.10181487048113787,0.07942987371374059,0.07931257701102727,96,current-run measured OOF; recomputed only after all-complete
PABP,T-DCG-96,21,4,T-DCG-96,0.1204999182570285,0.09723405310170809,0.09720279114423482,96,current-run measured OOF; recomputed only after all-complete
PABP,T-DCG-96,21,4,T-DCG-192,0.0957921195938952,0.08224595250340494,0.0817914461699485,192,current-run measured OOF; recomputed only after all-complete
PABP,T-DCG-192,21,1,G-Rank,0.0876594826027199,0.11042446560329859,0.07651901405970578,96,current-run measured OOF; recomputed only after all-complete
PABP,T-DCG-192,21,1,T-Uniform-96,0.0876594826027199,0.11042446560329859,0.07651901405970578,96,current-run measured OOF; recomputed only after all-complete
PABP,T-DCG-192,21,1,T-DCG-96,0.09019900782212546,0.12943034696844372,0.08340411507124991,96,current-run measured OOF; recomputed only after all-complete
PABP,T-DCG-192,21,1,T-DCG-192,0.09019900782212546,0.12943034696844372,0.08340411507124991,96,current-run measured OOF; recomputed only after all-complete
PABP,T-DCG-192,21,2,G-Rank,0.07423485649956597,0.09338407163266782,0.06853880991673293,192,current-run measured OOF; recomputed only after all-complete
PABP,T-DCG-192,21,2,T-Uniform-96,0.08236383508752894,0.10747838903356481,0.07887080365264944,96,current-run measured OOF; recomputed only after all-complete
PABP,T-DCG-192,21,2,T-DCG-96,0.09221694874219753,0.11332612899322565,0.0868743805793421,96,current-run measured OOF; recomputed only after all-complete
PABP,T-DCG-192,21,2,T-DCG-192,0.08215548104865156,0.09977345789648673,0.07566986288637288,192,current-run measured OOF; recomputed only after all-complete
PABP,T-DCG-192,21,3,G-Rank,0.08985327366121185,0.07162511168847523,0.06341327426492988,288,current-run measured OOF; recomputed only after all-complete
PABP,T-DCG-192,21,3,T-Uniform-96,0.10601568025816617,0.08418769993409207,0.0790723711648701,96,current-run measured OOF; recomputed only after all-complete
PABP,T-DCG-192,21,3,T-DCG-96,0.112314749956652,0.09171789113648222,0.087362512923554,96,current-run measured OOF; recomputed only after all-complete
PABP,T-DCG-192,21,3,T-DCG-192,0.09585441928096197,0.07825167398688024,0.0720566742288377,192,current-run measured OOF; recomputed only after all-complete
PABP,T-DCG-192,21,4,G-Rank,0.07303500175476074,0.06139145074067292,0.05729440920681083,384,current-run measured OOF; recomputed only after all-complete
PABP,T-DCG-192,21,4,T-Uniform-96,0.0999132438942238,0.07824590471055773,0.07704365819662047,96,current-run measured OOF; recomputed only after all-complete
PABP,T-DCG-192,21,4,T-DCG-96,0.11081956479695272,0.08650729157023106,0.08656907878100749,96,current-run measured OOF; recomputed only after all-complete
PABP,T-DCG-192,21,4,T-DCG-192,0.09034651331780638,0.07376553884574044,0.07148402974813453,192,current-run measured OOF; recomputed only after all-complete
PABP,G-Rank,22,1,G-Rank,0.0893238208912037,0.09533239293981483,0.07180188782997625,96,current-run measured OOF; recomputed only after all-complete
PABP,G-Rank,22,1,T-Uniform-96,0.0893238208912037,0.09533239293981483,0.07180188782997625,96,current-run measured OOF; recomputed only after all-complete
PABP,G-Rank,22,1,T-DCG-96,0.09722798281083206,0.09611971914005353,0.07776673809701588,96,current-run measured OOF; recomputed only after all-complete
PABP,G-Rank,22,1,T-DCG-192,0.09722798281083206,0.09611971914005353,0.07776673809701588,96,current-run measured OOF; recomputed only after all-complete
PABP,G-Rank,22,2,G-Rank,0.08231551558883103,0.0787517406322338,0.06436587277502943,192,current-run measured OOF; recomputed only after all-complete
PABP,G-Rank,22,2,T-Uniform-96,0.1022372775607639,0.09354231092664932,0.07861660033209276,96,current-run measured OOF; recomputed only after all-complete
PABP,G-Rank,22,2,T-DCG-96,0.10846719191137728,0.09862933118553929,0.08319964700339949,96,current-run measured OOF; recomputed only after all-complete
PABP,G-Rank,22,2,T-DCG-192,0.09025935703465841,0.08499151275390729,0.07008809455793598,192,current-run measured OOF; recomputed only after all-complete
PABP,G-Rank,22,3,G-Rank,0.060706893439482594,0.05915510180228694,0.05050198945398682,288,current-run measured OOF; recomputed only after all-complete
PABP,G-Rank,22,3,T-Uniform-96,0.0673718864535108,0.07088969666280864,0.0596130626108897,96,current-run measured OOF; recomputed only after all-complete
PABP,G-Rank,22,3,T-DCG-96,0.06718429626264058,0.07872226757649978,0.06386177315534465,96,current-run measured OOF; recomputed only after all-complete
PABP,G-Rank,22,3,T-DCG-192,0.06388373573241587,0.07300402609265365,0.059777773739759336,192,current-run measured OOF; recomputed only after all-complete
PABP,G-Rank,22,4,G-Rank,0.06799119490164297,0.057806668458161535,0.05295932821204594,384,current-run measured OOF; recomputed only after all-complete
PABP,G-Rank,22,4,T-Uniform-96,0.07799639525236907,0.06245348188612196,0.059569418556429186,96,current-run measured OOF; recomputed only after all-complete
PABP,G-Rank,22,4,T-DCG-96,0.08135453946268621,0.06168480307782302,0.05957477402078426,96,current-run measured OOF; recomputed only after all-complete
PABP,G-Rank,22,4,T-DCG-192,0.07409154077458602,0.06320302349786525,0.058703852623203004,192,current-run measured OOF; recomputed only after all-complete
PABP,T-Uniform-96,22,1,G-Rank,0.0893238208912037,0.09533239293981483,0.07180188782997625,96,current-run measured OOF; recomputed only after all-complete
PABP,T-Uniform-96,22,1,T-Uniform-96,0.0893238208912037,0.09533239293981483,0.07180188782997625,96,current-run measured OOF; recomputed only after all-complete
PABP,T-Uniform-96,22,1,T-DCG-96,0.09722798281083206,0.09611971914005353,0.07776673809701588,96,current-run measured OOF; recomputed only after all-complete
PABP,T-Uniform-96,22,1,T-DCG-192,0.09722798281083206,0.09611971914005353,0.07776673809701588,96,current-run measured OOF; recomputed only after all-complete
PABP,T-Uniform-96,22,2,G-Rank,0.08231551558883103,0.0787517406322338,0.06442119710303401,192,current-run measured OOF; recomputed only after all-complete
PABP,T-Uniform-96,22,2,T-Uniform-96,0.1022372775607639,0.09354231092664932,0.0785510726335892,96,current-run measured OOF; recomputed only after all-complete
PABP,T-Uniform-96,22,2,T-DCG-96,0.10846719191137728,0.09862933118553929,0.08311101542850126,96,current-run measured OOF; recomputed only after all-complete
PABP,T-Uniform-96,22,2,T-DCG-192,0.09025935703465841,0.08499151275390729,0.07010664609200475,192,current-run measured OOF; recomputed only after all-complete
PABP,T-Uniform-96,22,3,G-Rank,0.06105192207995756,0.05692057877738126,0.050160139426672475,288,current-run measured OOF; recomputed only after all-complete
PABP,T-Uniform-96,22,3,T-Uniform-96,0.06465871049543467,0.06722444761927726,0.05819390797154861,96,current-run measured OOF; recomputed only after all-complete
PABP,T-Uniform-96,22,3,T-DCG-96,0.06420133784995788,0.07349237110038295,0.06077814558542434,96,current-run measured OOF; recomputed only after all-complete
PABP,T-Uniform-96,22,3,T-DCG-192,0.06325091711138389,0.06886636334821628,0.05775757921971087,192,current-run measured OOF; recomputed only after all-complete
PABP,T-Uniform-96,22,4,G-Rank,0.06982660293579102,0.059103241673222284,0.053926959906092455,384,current-run measured OOF; recomputed only after all-complete
PABP,T-Uniform-96,22,4,T-Uniform-96,0.08034462398952907,0.07516355867739077,0.06969412113739036,96,current-run measured OOF; recomputed only after all-complete
PABP,T-Uniform-96,22,4,T-DCG-96,0.08455269117055181,0.0748815340598308,0.06956294832505638,96,current-run measured OOF; recomputed only after all-complete
PABP,T-Uniform-96,22,4,T-DCG-192,0.07424469087620286,0.06972349879927654,0.06229756056752212,192,current-run measured OOF; recomputed only after all-complete
PABP,T-DCG-96,22,1,G-Rank,0.0893238208912037,0.09533239293981483,0.07196042282395915,96,current-run measured OOF; recomputed only after all-complete
PABP,T-DCG-96,22,1,T-Uniform-96,0.0893238208912037,0.09533239293981483,0.07196042282395915,96,current-run measured OOF; recomputed only after all-complete
PABP,T-DCG-96,22,1,T-DCG-96,0.09722798281083206,0.09611971914005353,0.07761880026817305,96,current-run measured OOF; recomputed only after all-complete
PABP,T-DCG-96,22,1,T-DCG-192,0.09722798281083206,0.09611971914005353,0.07761880026817305,96,current-run measured OOF; recomputed only after all-complete
PABP,T-DCG-96,22,2,G-Rank,0.07969411214192709,0.07482994927300346,0.06334423766925705,192,current-run measured OOF; recomputed only after all-complete
PABP,T-DCG-96,22,2,T-Uniform-96,0.09699334038628471,0.08612484402126737,0.07694895623361825,96,current-run measured OOF; recomputed only after all-complete
PABP,T-DCG-96,22,2,T-DCG-96,0.09667118788804133,0.08766648328174369,0.07820364352640898,96,current-run measured OOF; recomputed only after all-complete
PABP,T-DCG-96,22,2,T-DCG-192,0.08315385266986994,0.07821915422124083,0.06697942193150264,192,current-run measured OOF; recomputed only after all-complete
PABP,T-DCG-96,22,3,G-Rank,0.05702826940800755,0.05096988128536523,0.046679012148477944,288,current-run measured OOF; recomputed only after all-complete
PABP,T-DCG-96,22,3,T-Uniform-96,0.06548306186503344,0.05888172039769805,0.054983207962234125,96,current-run measured OOF; recomputed only after all-complete
PABP,T-DCG-96,22,3,T-DCG-96,0.06184790431036207,0.05724839638752001,0.05246081664501008,96,current-run measured OOF; recomputed only after all-complete
PABP,T-DCG-96,22,3,T-DCG-192,0.06264660691766617,0.05830754453318833,0.053223286216443164,192,current-run measured OOF; recomputed only after all-complete
PABP,T-DCG-96,22,4,G-Rank,0.06328089148909959,0.05133236779106989,0.049145376769646164,384,current-run measured OOF; recomputed only after all-complete
PABP,T-DCG-96,22,4,T-Uniform-96,0.07233059847796404,0.05854419425681786,0.0567948311701967,96,current-run measured OOF; recomputed only after all-complete
PABP,T-DCG-96,22,4,T-DCG-96,0.08355722115305698,0.05961355251475076,0.059001987143205044,96,current-run measured OOF; recomputed only after all-complete
PABP,T-DCG-96,22,4,T-DCG-192,0.07292108089260636,0.06025849819618248,0.058147414747137596,192,current-run measured OOF; recomputed only after all-complete
PABP,T-DCG-192,22,1,G-Rank,0.0893238208912037,0.09533239293981483,0.07196042282395915,96,current-run measured OOF; recomputed only after all-complete
PABP,T-DCG-192,22,1,T-Uniform-96,0.0893238208912037,0.09533239293981483,0.07196042282395915,96,current-run measured OOF; recomputed only after all-complete
PABP,T-DCG-192,22,1,T-DCG-96,0.09722798281083206,0.09611971914005353,0.07761880026817305,96,current-run measured OOF; recomputed only after all-complete
PABP,T-DCG-192,22,1,T-DCG-192,0.09722798281083206,0.09611971914005353,0.07761880026817305,96,current-run measured OOF; recomputed only after all-complete
PABP,T-DCG-192,22,2,G-Rank,0.07969411214192709,0.07482994927300346,0.06325955342876138,192,current-run measured OOF; recomputed only after all-complete
PABP,T-DCG-192,22,2,T-Uniform-96,0.09699334038628471,0.08612484402126737,0.07708675657362057,96,current-run measured OOF; recomputed only after all-complete
PABP,T-DCG-192,22,2,T-DCG-96,0.09667118788804133,0.08766648328174369,0.07828091223737088,96,current-run measured OOF; recomputed only after all-complete
PABP,T-DCG-192,22,2,T-DCG-192,0.08315385266986994,0.07821915422124083,0.06690169188041875,192,current-run measured OOF; recomputed only after all-complete
PABP,T-DCG-192,22,3,G-Rank,0.060860758128643694,0.053913801949374146,0.049271178269573564,288,current-run measured OOF; recomputed only after all-complete
PABP,T-DCG-192,22,3,T-Uniform-96,0.06927615821116255,0.05737844710487398,0.055664175111327006,96,current-run measured OOF; recomputed only after all-complete
PABP,T-DCG-192,22,3,T-DCG-96,0.06819377510019459,0.055227580431522205,0.05371229141683799,96,current-run measured OOF; recomputed only after all-complete
PABP,T-DCG-192,22,3,T-DCG-192,0.06897965844729799,0.0604477396982506,0.057021558814574776,192,current-run measured OOF; recomputed only after all-complete
PABP,T-DCG-192,22,4,G-Rank,0.060075230068630636,0.053176420706289786,0.04875117588068647,384,current-run measured OOF; recomputed only after all-complete
PABP,T-DCG-192,22,4,T-Uniform-96,0.06612431561505354,0.05988686173050492,0.05439498944309893,96,current-run measured OOF; recomputed only after all-complete
PABP,T-DCG-192,22,4,T-DCG-96,0.06868902829596166,0.061455009658104874,0.05646167857679383,96,current-run measured OOF; recomputed only after all-complete
PABP,T-DCG-192,22,4,T-DCG-192,0.06160657976316308,0.060635159420442904,0.0529735291075736,192,current-run measured OOF; recomputed only after all-complete
PABP,G-Rank,23,1,G-Rank,0.11319365324797455,0.0876300953052662,0.07523538141660215,96,current-run measured OOF; recomputed only after all-complete
PABP,G-Rank,23,1,T-Uniform-96,0.11319365324797455,0.0876300953052662,0.07523538141660215,96,current-run measured OOF; recomputed only after all-complete
PABP,G-Rank,23,1,T-DCG-96,0.11988913093891891,0.09580926341272501,0.08313645048414052,96,current-run measured OOF; recomputed only after all-complete
PABP,G-Rank,23,1,T-DCG-192,0.11988913093891891,0.09580926341272501,0.08313645048414052,96,current-run measured OOF; recomputed only after all-complete
PABP,G-Rank,23,2,G-Rank,0.07292973553692854,0.0555260976155599,0.0523782744591638,192,current-run measured OOF; recomputed only after all-complete
PABP,G-Rank,23,2,T-Uniform-96,0.06672922770182292,0.06352431685836228,0.057603008191189936,96,current-run measured OOF; recomputed only after all-complete
PABP,G-Rank,23,2,T-DCG-96,0.0729334086064334,0.06676941417869488,0.060861593704941805,96,current-run measured OOF; recomputed only after all-complete
PABP,G-Rank,23,2,T-DCG-192,0.07532276203158894,0.05927629572769476,0.055531754331449974,192,current-run measured OOF; recomputed only after all-complete
PABP,G-Rank,23,3,G-Rank,0.05643765589500814,0.05456009225099666,0.04979266531440549,288,current-run measured OOF; recomputed only after all-complete
PABP,G-Rank,23,3,T-Uniform-96,0.05788135921023021,0.05644477247701261,0.05115037586322063,96,current-run measured OOF; recomputed only after all-complete
PABP,G-Rank,23,3,T-DCG-96,0.06035389131495254,0.05792168702804419,0.053105509965402864,96,current-run measured OOF; recomputed only after all-complete
PABP,G-Rank,23,3,T-DCG-192,0.060607403943527816,0.05736845742633992,0.05255978136833571,192,current-run measured OOF; recomputed only after all-complete
PABP,G-Rank,23,4,G-Rank,0.07284437285529242,0.06261328414634422,0.057508741263626095,384,current-run measured OOF; recomputed only after all-complete
PABP,G-Rank,23,4,T-Uniform-96,0.08319826479311342,0.07641276606807003,0.06910827562861223,96,current-run measured OOF; recomputed only after all-complete
PABP,G-Rank,23,4,T-DCG-96,0.08521597309318377,0.07999857254948933,0.07267611234928473,96,current-run measured OOF; recomputed only after all-complete
PABP,G-Rank,23,4,T-DCG-192,0.07690503520738647,0.07312296397854047,0.06518856162107947,192,current-run measured OOF; recomputed only after all-complete
PABP,T-Uniform-96,23,1,G-Rank,0.11319365324797455,0.0876300953052662,0.07523538141660215,96,current-run measured OOF; recomputed only after all-complete
PABP,T-Uniform-96,23,1,T-Uniform-96,0.11319365324797455,0.0876300953052662,0.07523538141660215,96,current-run measured OOF; recomputed only after all-complete
PABP,T-Uniform-96,23,1,T-DCG-96,0.11988913093891891,0.09580926341272501,0.08313645048414052,96,current-run measured OOF; recomputed only after all-complete
PABP,T-Uniform-96,23,1,T-DCG-192,0.11988913093891891,0.09580926341272501,0.08313645048414052,96,current-run measured OOF; recomputed only after all-complete
PABP,T-Uniform-96,23,2,G-Rank,0.07292973553692854,0.0555260976155599,0.053544862870722014,192,current-run measured OOF; recomputed only after all-complete
PABP,T-Uniform-96,23,2,T-Uniform-96,0.06672922770182292,0.06352431685836228,0.056613422657749594,96,current-run measured OOF; recomputed only after all-complete
PABP,T-Uniform-96,23,2,T-DCG-96,0.0729334086064334,0.06676941417869488,0.060194079102278815,96,current-run measured OOF; recomputed only after all-complete
PABP,T-Uniform-96,23,2,T-DCG-192,0.07532276203158894,0.05927629572769476,0.05641747487387709,192,current-run measured OOF; recomputed only after all-complete
PABP,T-Uniform-96,23,3,G-Rank,0.054426656338413065,0.051380842964999146,0.048379585243282265,288,current-run measured OOF; recomputed only after all-complete
PABP,T-Uniform-96,23,3,T-Uniform-96,0.05757612063560957,0.049358728981802984,0.04823340810668362,96,current-run measured OOF; recomputed only after all-complete
PABP,T-Uniform-96,23,3,T-DCG-96,0.057485764821605084,0.05108177359974811,0.04971876830725966,96,current-run measured OOF; recomputed only after all-complete
PABP,T-Uniform-96,23,3,T-DCG-192,0.058256695120454345,0.054885157051127995,0.051971652791571864,192,current-run measured OOF; recomputed only after all-complete
PABP,T-Uniform-96,23,4,G-Rank,0.07500729737458406,0.07424395172684281,0.06353083735877495,384,current-run measured OOF; recomputed only after all-complete
PABP,T-Uniform-96,23,4,T-Uniform-96,0.08673307630750869,0.08781072828504773,0.07310473115519504,96,current-run measured OOF; recomputed only after all-complete
PABP,T-Uniform-96,23,4,T-DCG-96,0.09381217192496072,0.09096033365029824,0.07811610791931621,96,current-run measured OOF; recomputed only after all-complete
PABP,T-Uniform-96,23,4,T-DCG-192,0.07979394831646922,0.0798795379854022,0.06592088570061297,192,current-run measured OOF; recomputed only after all-complete
PABP,T-DCG-96,23,1,G-Rank,0.11319365324797455,0.0876300953052662,0.0752391578495639,96,current-run measured OOF; recomputed only after all-complete
PABP,T-DCG-96,23,1,T-Uniform-96,0.11319365324797455,0.0876300953052662,0.0752391578495639,96,current-run measured OOF; recomputed only after all-complete
PABP,T-DCG-96,23,1,T-DCG-96,0.11988913093891891,0.09580926341272501,0.08313271956686148,96,current-run measured OOF; recomputed only after all-complete
PABP,T-DCG-96,23,1,T-DCG-192,0.11988913093891891,0.09580926341272501,0.08313271956686148,96,current-run measured OOF; recomputed only after all-complete
PABP,T-DCG-96,23,2,G-Rank,0.07292973553692854,0.0555260976155599,0.053127000303310155,192,current-run measured OOF; recomputed only after all-complete
PABP,T-DCG-96,23,2,T-Uniform-96,0.06672922770182292,0.06352431685836228,0.05665256034919245,96,current-run measured OOF; recomputed only after all-complete
PABP,T-DCG-96,23,2,T-DCG-96,0.0729334086064334,0.06676941417869488,0.06015024423313675,96,current-run measured OOF; recomputed only after all-complete
PABP,T-DCG-96,23,2,T-DCG-192,0.07532276203158894,0.05927629572769476,0.05605050115894702,192,current-run measured OOF; recomputed only after all-complete
PABP,T-DCG-96,23,3,G-Rank,0.052283979083611966,0.0537674933958119,0.04766960159563687,288,current-run measured OOF; recomputed only after all-complete
PABP,T-DCG-96,23,3,T-Uniform-96,0.05415262606899434,0.05305713292502573,0.04830516424648337,96,current-run measured OOF; recomputed only after all-complete
PABP,T-DCG-96,23,3,T-DCG-96,0.05309128111816301,0.05515489520568485,0.04925051618651978,96,current-run measured OOF; recomputed only after all-complete
PABP,T-DCG-96,23,3,T-DCG-192,0.05503734712555995,0.05771417420600699,0.05068267653558381,192,current-run measured OOF; recomputed only after all-complete
PABP,T-DCG-96,23,4,G-Rank,0.0837363490351924,0.07359049055311415,0.06669862707123955,384,current-run measured OOF; recomputed only after all-complete
PABP,T-DCG-96,23,4,T-Uniform-96,0.08905099939416956,0.08330246254249855,0.07261781640936138,96,current-run measured OOF; recomputed only after all-complete
PABP,T-DCG-96,23,4,T-DCG-96,0.09415070879466043,0.08538558016598351,0.07686378440613444,96,current-run measured OOF; recomputed only after all-complete
PABP,T-DCG-96,23,4,T-DCG-192,0.08256415897118959,0.07720710132428552,0.06757812484129706,192,current-run measured OOF; recomputed only after all-complete
PABP,T-DCG-192,23,1,G-Rank,0.11319365324797455,0.0876300953052662,0.0752391578495639,96,current-run measured OOF; recomputed only after all-complete
PABP,T-DCG-192,23,1,T-Uniform-96,0.11319365324797455,0.0876300953052662,0.0752391578495639,96,current-run measured OOF; recomputed only after all-complete
PABP,T-DCG-192,23,1,T-DCG-96,0.11988913093891891,0.09580926341272501,0.08313271956686148,96,current-run measured OOF; recomputed only after all-complete
PABP,T-DCG-192,23,1,T-DCG-192,0.11988913093891891,0.09580926341272501,0.08313271956686148,96,current-run measured OOF; recomputed only after all-complete
PABP,T-DCG-192,23,2,G-Rank,0.07292973553692854,0.0555260976155599,0.05239806936140312,192,current-run measured OOF; recomputed only after all-complete
PABP,T-DCG-192,23,2,T-Uniform-96,0.06672922770182292,0.06352431685836228,0.05736198882703703,96,current-run measured OOF; recomputed only after all-complete
PABP,T-DCG-192,23,2,T-DCG-96,0.0729334086064334,0.06676941417869488,0.06064907240654359,96,current-run measured OOF; recomputed only after all-complete
PABP,T-DCG-192,23,2,T-DCG-192,0.07532276203158894,0.05927629572769476,0.05551143036937213,192,current-run measured OOF; recomputed only after all-complete
PABP,T-DCG-192,23,3,G-Rank,0.0540366885756923,0.05492023316266933,0.0491598728880451,288,current-run measured OOF; recomputed only after all-complete
PABP,T-DCG-192,23,3,T-Uniform-96,0.05485069997026106,0.05645695439091436,0.05098224989368155,96,current-run measured OOF; recomputed only after all-complete
PABP,T-DCG-192,23,3,T-DCG-96,0.05616595023406094,0.05959563601556505,0.05289759251399,96,current-run measured OOF; recomputed only after all-complete
PABP,T-DCG-192,23,3,T-DCG-192,0.05684169227720872,0.05859127401988717,0.052245258138702316,192,current-run measured OOF; recomputed only after all-complete
PABP,T-DCG-192,23,4,G-Rank,0.07177529511628328,0.06543657514784072,0.05801986750019763,384,current-run measured OOF; recomputed only after all-complete
PABP,T-DCG-192,23,4,T-Uniform-96,0.0763037646258319,0.06874656677246094,0.05910911705669738,96,current-run measured OOF; recomputed only after all-complete
PABP,T-DCG-192,23,4,T-DCG-96,0.07683164796100522,0.07140350765943528,0.06170920797691248,96,current-run measured OOF; recomputed only after all-complete
PABP,T-DCG-192,23,4,T-DCG-192,0.07107237274816838,0.0670185803807812,0.05686270852331332,192,current-run measured OOF; recomputed only after all-complete
TrpB,G-Rank,0,1,G-Rank,0.12093325014467592,0.15922715928819445,0.11524569564167143,96,current-run measured OOF; recomputed only after all-complete
TrpB,G-Rank,0,1,T-Uniform-96,0.12093325014467592,0.15922715928819445,0.11524569564167143,96,current-run measured OOF; recomputed only after all-complete
TrpB,G-Rank,0,1,T-DCG-96,0.11717145316005796,0.15044607909036353,0.11144796890807833,96,current-run measured OOF; recomputed only after all-complete
TrpB,G-Rank,0,1,T-DCG-192,0.11717145316005796,0.15044607909036353,0.11144796890807833,96,current-run measured OOF; recomputed only after all-complete
TrpB,G-Rank,0,2,G-Rank,0.03023048683449074,0.034854888916015625,0.028722661592516806,192,current-run measured OOF; recomputed only after all-complete
TrpB,G-Rank,0,2,T-Uniform-96,0.015163845486111112,0.01506522849754051,0.01395310398290747,96,current-run measured OOF; recomputed only after all-complete
TrpB,G-Rank,0,2,T-DCG-96,0.013659497931975998,0.012749814064346674,0.012316741098596979,96,current-run measured OOF; recomputed only after all-complete
TrpB,G-Rank,0,2,T-DCG-192,0.026220072984139683,0.02938263315083191,0.02469068326246921,192,current-run measured OOF; recomputed only after all-complete
TrpB,G-Rank,0,3,G-Rank,0.025846756044238684,0.020262667181069963,0.019294366141821853,288,current-run measured OOF; recomputed only after all-complete
TrpB,G-Rank,0,3,T-Uniform-96,0.02233422047807356,0.013617998288001545,0.013464249835172892,96,current-run measured OOF; recomputed only after all-complete
TrpB,G-Rank,0,3,T-DCG-96,0.027260821113133424,0.015661169151934624,0.01623939728309417,96,current-run measured OOF; recomputed only after all-complete
TrpB,G-Rank,0,3,T-DCG-192,0.02855883062676205,0.01908948631313732,0.01899389001356105,192,current-run measured OOF; recomputed only after all-complete
TrpB,G-Rank,0,4,G-Rank,0.03259133409570764,0.01802782659177427,0.017385018869015688,384,current-run measured OOF; recomputed only after all-complete
TrpB,G-Rank,0,4,T-Uniform-96,0.04898770650227865,0.021521391691984956,0.021209953765601645,96,current-run measured OOF; recomputed only after all-complete
TrpB,G-Rank,0,4,T-DCG-96,0.07134137562359792,0.021201310177229978,0.022695547318540957,96,current-run measured OOF; recomputed only after all-complete
TrpB,G-Rank,0,4,T-DCG-192,0.05523488970863887,0.02006205801945011,0.020406830960883412,192,current-run measured OOF; recomputed only after all-complete
TrpB,T-Uniform-96,0,1,G-Rank,0.12093325014467592,0.15922715928819445,0.11524569564167143,96,current-run measured OOF; recomputed only after all-complete
TrpB,T-Uniform-96,0,1,T-Uniform-96,0.12093325014467592,0.15922715928819445,0.11524569564167143,96,current-run measured OOF; recomputed only after all-complete
TrpB,T-Uniform-96,0,1,T-DCG-96,0.11717145316005796,0.15044607909036353,0.11144796890807833,96,current-run measured OOF; recomputed only after all-complete
TrpB,T-Uniform-96,0,1,T-DCG-192,0.11717145316005796,0.15044607909036353,0.11144796890807833,96,current-run measured OOF; recomputed only after all-complete
TrpB,T-Uniform-96,0,2,G-Rank,0.03023048683449074,0.034854888916015625,0.029156360221293472,192,current-run measured OOF; recomputed only after all-complete
TrpB,T-Uniform-96,0,2,T-Uniform-96,0.015163845486111112,0.01506522849754051,0.013785081489020003,96,current-run measured OOF; recomputed only after all-complete
TrpB,T-Uniform-96,0,2,T-DCG-96,0.013659497931975998,0.012749814064346674,0.01202200575885906,96,current-run measured OOF; recomputed only after all-complete
TrpB,T-Uniform-96,0,2,T-DCG-192,0.026220072984139683,0.02938263315083191,0.024923639490266575,192,current-run measured OOF; recomputed only after all-complete
TrpB,T-Uniform-96,0,3,G-Rank,0.026349437907235942,0.021160947279020917,0.01978936395354966,288,current-run measured OOF; recomputed only after all-complete
TrpB,T-Uniform-96,0,3,T-Uniform-96,0.021055496278613684,0.013443683891139403,0.012263727622360018,96,current-run measured OOF; recomputed only after all-complete
TrpB,T-Uniform-96,0,3,T-DCG-96,0.026932853732777536,0.013631279517092502,0.013603461571771534,96,current-run measured OOF; recomputed only after all-complete
TrpB,T-Uniform-96,0,3,T-DCG-192,0.028445062124512227,0.018505987621567018,0.01789054738807882,192,current-run measured OOF; recomputed only after all-complete
TrpB,T-Uniform-96,0,4,G-Rank,0.02986590067545573,0.017673351146556715,0.017090997586329277,384,current-run measured OOF; recomputed only after all-complete
TrpB,T-Uniform-96,0,4,T-Uniform-96,0.03808897512930411,0.016121899640118634,0.015931990425142924,96,current-run measured OOF; recomputed only after all-complete
TrpB,T-Uniform-96,0,4,T-DCG-96,0.04915075857018377,0.017433688236705394,0.01748379732642216,96,current-run measured OOF; recomputed only after all-complete
TrpB,T-Uniform-96,0,4,T-DCG-192,0.04291292645741829,0.018318288400634295,0.017796931684258093,192,current-run measured OOF; recomputed only after all-complete
TrpB,T-DCG-96,0,1,G-Rank,0.12093325014467592,0.15922715928819445,0.11525874735111565,96,current-run measured OOF; recomputed only after all-complete
TrpB,T-DCG-96,0,1,T-Uniform-96,0.12093325014467592,0.15922715928819445,0.11525874735111565,96,current-run measured OOF; recomputed only after all-complete
TrpB,T-DCG-96,0,1,T-DCG-96,0.11717145316005796,0.15044607909036353,0.11143598308323566,96,current-run measured OOF; recomputed only after all-complete
TrpB,T-DCG-96,0,1,T-DCG-192,0.11717145316005796,0.15044607909036353,0.11143598308323566,96,current-run measured OOF; recomputed only after all-complete
TrpB,T-DCG-96,0,2,G-Rank,0.03341816089771412,0.03234552454065394,0.029660139559750335,192,current-run measured OOF; recomputed only after all-complete
TrpB,T-DCG-96,0,2,T-Uniform-96,0.017284252025462965,0.014027630841290509,0.013572864304185804,96,current-run measured OOF; recomputed only after all-complete
TrpB,T-DCG-96,0,2,T-DCG-96,0.01570723715264202,0.012364716464970725,0.012001934284325966,96,current-run measured OOF; recomputed only after all-complete
TrpB,T-DCG-96,0,2,T-DCG-192,0.029099102218002704,0.02755170789434852,0.025372203869441536,192,current-run measured OOF; recomputed only after all-complete
TrpB,T-DCG-96,0,3,G-Rank,0.024939852323388204,0.02085702736518347,0.01996437383128045,288,current-run measured OOF; recomputed only after all-complete
TrpB,T-DCG-96,0,3,T-Uniform-96,0.022562788347157924,0.013466540678047841,0.013006992314256107,96,current-run measured OOF; recomputed only after all-complete
TrpB,T-DCG-96,0,3,T-DCG-96,0.026072686350079213,0.015107942336843472,0.01487986430337443,96,current-run measured OOF; recomputed only after all-complete
TrpB,T-DCG-96,0,3,T-DCG-192,0.026511745887134872,0.01877824513623592,0.018174074235301818,192,current-run measured OOF; recomputed only after all-complete
TrpB,T-DCG-96,0,4,G-Rank,0.030444392451533565,0.02242755889892578,0.0202572708569651,384,current-run measured OOF; recomputed only after all-complete
TrpB,T-DCG-96,0,4,T-Uniform-96,0.035145724261248554,0.029053016945167823,0.024967177020233444,96,current-run measured OOF; recomputed only after all-complete
TrpB,T-DCG-96,0,4,T-DCG-96,0.04590630664421275,0.043441107162253585,0.03724389588469387,96,current-run measured OOF; recomputed only after all-complete
TrpB,T-DCG-96,0,4,T-DCG-192,0.038135185878350776,0.034385565056038056,0.02881720617241305,192,current-run measured OOF; recomputed only after all-complete
TrpB,T-DCG-192,0,1,G-Rank,0.12093325014467592,0.15922715928819445,0.11525874735111565,96,current-run measured OOF; recomputed only after all-complete
TrpB,T-DCG-192,0,1,T-Uniform-96,0.12093325014467592,0.15922715928819445,0.11525874735111565,96,current-run measured OOF; recomputed only after all-complete
TrpB,T-DCG-192,0,1,T-DCG-96,0.11717145316005796,0.15044607909036353,0.11143598308323566,96,current-run measured OOF; recomputed only after all-complete
TrpB,T-DCG-192,0,1,T-DCG-192,0.11717145316005796,0.15044607909036353,0.11143598308323566,96,current-run measured OOF; recomputed only after all-complete
TrpB,T-DCG-192,0,2,G-Rank,0.03341816089771412,0.03234552454065394,0.028821577821688014,192,current-run measured OOF; recomputed only after all-complete
TrpB,T-DCG-192,0,2,T-Uniform-96,0.017284252025462965,0.014027630841290509,0.013801842584662152,96,current-run measured OOF; recomputed only after all-complete
TrpB,T-DCG-192,0,2,T-DCG-96,0.01570723715264202,0.012364716464970725,0.01227443276440163,96,current-run measured OOF; recomputed only after all-complete
TrpB,T-DCG-192,0,2,T-DCG-192,0.029099102218002704,0.02755170789434852,0.02477327011224463,192,current-run measured OOF; recomputed only after all-complete
TrpB,T-DCG-192,0,3,G-Rank,0.02528982070901921,0.019551762501071674,0.018854303846509886,288,current-run measured OOF; recomputed only after all-complete
TrpB,T-DCG-192,0,3,T-Uniform-96,0.020896754637667183,0.011661482445987656,0.011534146184479501,96,current-run measured OOF; recomputed only after all-complete
TrpB,T-DCG-192,0,3,T-DCG-96,0.025828893450950376,0.013811996870811466,0.01404588051315129,96,current-run measured OOF; recomputed only after all-complete
TrpB,T-DCG-192,0,3,T-DCG-192,0.027163215480177617,0.017476356714576074,0.017237778714191777,192,current-run measured OOF; recomputed only after all-complete
TrpB,T-DCG-192,0,4,G-Rank,0.03029692614520037,0.019671016269259982,0.01924304645668092,384,current-run measured OOF; recomputed only after all-complete
TrpB,T-DCG-192,0,4,T-Uniform-96,0.03935142799660012,0.018773750022605614,0.019068145854437384,96,current-run measured OOF; recomputed only after all-complete
TrpB,T-DCG-192,0,4,T-DCG-96,0.048478019254410434,0.0201160419292067,0.020810366316377008,96,current-run measured OOF; recomputed only after all-complete
TrpB,T-DCG-192,0,4,T-DCG-192,0.04043134948478863,0.019445894848861944,0.019317780783905364,192,current-run measured OOF; recomputed only after all-complete
TrpB,G-Rank,1,1,G-Rank,0.20328323929398148,0.18100992838541666,0.1618507316663823,96,current-run measured OOF; recomputed only after all-complete
TrpB,G-Rank,1,1,T-Uniform-96,0.20328323929398148,0.18100992838541666,0.1618507316663823,96,current-run measured OOF; recomputed only after all-complete
TrpB,G-Rank,1,1,T-DCG-96,0.2276931144962112,0.17766220559057566,0.16760892943878647,96,current-run measured OOF; recomputed only after all-complete
TrpB,G-Rank,1,1,T-DCG-192,0.2276931144962112,0.17766220559057566,0.16760892943878647,96,current-run measured OOF; recomputed only after all-complete
TrpB,G-Rank,1,2,G-Rank,0.0320270679615162,0.028188069661458332,0.024859892229988592,192,current-run measured OOF; recomputed only after all-complete
TrpB,G-Rank,1,2,T-Uniform-96,0.017367327654803238,0.01728679515697338,0.012862853965910637,96,current-run measured OOF; recomputed only after all-complete
TrpB,G-Rank,1,2,T-DCG-96,0.015860336618465594,0.015624605410761917,0.011769745911178315,96,current-run measured OOF; recomputed only after all-complete
TrpB,G-Rank,1,2,T-DCG-192,0.028242500434820874,0.024976279308129196,0.02182486564981016,192,current-run measured OOF; recomputed only after all-complete
TrpB,G-Rank,1,3,G-Rank,0.031984431262860075,0.021067845641503772,0.019955400197389506,288,current-run measured OOF; recomputed only after all-complete
TrpB,G-Rank,1,3,T-Uniform-96,0.025704466266396605,0.016411675347222224,0.015210841469864267,96,current-run measured OOF; recomputed only after all-complete
TrpB,G-Rank,1,3,T-DCG-96,0.027730894788896777,0.014587819010660837,0.014067299317663031,96,current-run measured OOF; recomputed only after all-complete
TrpB,G-Rank,1,3,T-DCG-192,0.029225982766479825,0.017409796648185514,0.016001094254074207,192,current-run measured OOF; recomputed only after all-complete
TrpB,G-Rank,1,4,G-Rank,0.03129418690999349,0.01860984166463216,0.017399761383208805,384,current-run measured OOF; recomputed only after all-complete
TrpB,G-Rank,1,4,T-Uniform-96,0.023890318693938078,0.01704427931043837,0.015679811406842346,96,current-run measured OOF; recomputed only after all-complete
TrpB,G-Rank,1,4,T-DCG-96,0.028364294225642826,0.01723742695953527,0.01650392221211731,96,current-run measured OOF; recomputed only after all-complete
TrpB,G-Rank,1,4,T-DCG-192,0.026563631805565556,0.01774789788504354,0.015575739807183192,192,current-run measured OOF; recomputed only after all-complete
TrpB,T-Uniform-96,1,1,G-Rank,0.20328323929398148,0.18100992838541666,0.1618507316663823,96,current-run measured OOF; recomputed only after all-complete
TrpB,T-Uniform-96,1,1,T-Uniform-96,0.20328323929398148,0.18100992838541666,0.1618507316663823,96,current-run measured OOF; recomputed only after all-complete
TrpB,T-Uniform-96,1,1,T-DCG-96,0.2276931144962112,0.17766220559057566,0.16760892943878647,96,current-run measured OOF; recomputed only after all-complete
TrpB,T-Uniform-96,1,1,T-DCG-192,0.2276931144962112,0.17766220559057566,0.16760892943878647,96,current-run measured OOF; recomputed only after all-complete
TrpB,T-Uniform-96,1,2,G-Rank,0.0320270679615162,0.028188069661458332,0.025033457269185506,192,current-run measured OOF; recomputed only after all-complete
TrpB,T-Uniform-96,1,2,T-Uniform-96,0.017367327654803238,0.01728679515697338,0.01270447898383187,96,current-run measured OOF; recomputed only after all-complete
TrpB,T-Uniform-96,1,2,T-DCG-96,0.015860336618465594,0.015624605410761917,0.011644569508881143,96,current-run measured OOF; recomputed only after all-complete
TrpB,T-Uniform-96,1,2,T-DCG-192,0.028242500434820874,0.024976279308129196,0.021960635198117508,192,current-run measured OOF; recomputed only after all-complete
TrpB,T-Uniform-96,1,3,G-Rank,0.03296919876328876,0.022516111941658094,0.021006785347988482,288,current-run measured OOF; recomputed only after all-complete
TrpB,T-Uniform-96,1,3,T-Uniform-96,0.026324739181455763,0.016816441414287554,0.015351450154046981,96,current-run measured OOF; recomputed only after all-complete
TrpB,T-Uniform-96,1,3,T-DCG-96,0.031939376256999656,0.015585083973086928,0.015850981810484107,96,current-run measured OOF; recomputed only after all-complete
TrpB,T-Uniform-96,1,3,T-DCG-192,0.030419017382434896,0.018365273249350098,0.016829835182230496,192,current-run measured OOF; recomputed only after all-complete
TrpB,T-Uniform-96,1,4,G-Rank,0.03109292630796079,0.018213978520146123,0.016688286440472145,384,current-run measured OOF; recomputed only after all-complete
TrpB,T-Uniform-96,1,4,T-Uniform-96,0.02415925485116464,0.01675266689724392,0.013938903355541515,96,current-run measured OOF; recomputed only after all-complete
TrpB,T-Uniform-96,1,4,T-DCG-96,0.02764367380102583,0.01566303561676623,0.014237795738349747,96,current-run measured OOF; recomputed only after all-complete
TrpB,T-Uniform-96,1,4,T-DCG-192,0.02579364851998775,0.01687076627313474,0.013536051343306332,192,current-run measured OOF; recomputed only after all-complete
TrpB,T-DCG-96,1,1,G-Rank,0.20328323929398148,0.18100992838541666,0.16310707707589456,96,current-run measured OOF; recomputed only after all-complete
TrpB,T-DCG-96,1,1,T-Uniform-96,0.20328323929398148,0.18100992838541666,0.16310707707589456,96,current-run measured OOF; recomputed only after all-complete
TrpB,T-DCG-96,1,1,T-DCG-96,0.2276931144962112,0.17766220559057566,0.16625762968470775,96,current-run measured OOF; recomputed only after all-complete
TrpB,T-DCG-96,1,1,T-DCG-192,0.2276931144962112,0.17766220559057566,0.16625762968470775,96,current-run measured OOF; recomputed only after all-complete
TrpB,T-DCG-96,1,2,G-Rank,0.0314390394422743,0.029244599518952547,0.024336287225302036,192,current-run measured OOF; recomputed only after all-complete
TrpB,T-DCG-96,1,2,T-Uniform-96,0.01651057490596065,0.017473856608072918,0.011349535171581687,96,current-run measured OOF; recomputed only after all-complete
TrpB,T-DCG-96,1,2,T-DCG-96,0.015017613091956117,0.01580763065069576,0.010592520717667567,96,current-run measured OOF; recomputed only after all-complete
TrpB,T-DCG-96,1,2,T-DCG-192,0.02759475456029643,0.025790058291872555,0.021254848016232356,192,current-run measured OOF; recomputed only after all-complete
TrpB,T-DCG-96,1,3,G-Rank,0.025907163266782406,0.018422193487975823,0.01641195514695158,288,current-run measured OOF; recomputed only after all-complete
TrpB,T-DCG-96,1,3,T-Uniform-96,0.021040928216628087,0.013654041682741766,0.01152915182050983,96,current-run measured OOF; recomputed only after all-complete
TrpB,T-DCG-96,1,3,T-DCG-96,0.024536945333548513,0.012781415848897028,0.011272799075060977,96,current-run measured OOF; recomputed only after all-complete
TrpB,T-DCG-96,1,3,T-DCG-192,0.022050545219483613,0.015055252763475026,0.012253791619943548,192,current-run measured OOF; recomputed only after all-complete
TrpB,T-DCG-96,1,4,G-Rank,0.03413569485699689,0.019251717461480033,0.018288582681896887,384,current-run measured OOF; recomputed only after all-complete
TrpB,T-DCG-96,1,4,T-Uniform-96,0.03392042937102141,0.018530386465567133,0.017344256808007094,96,current-run measured OOF; recomputed only after all-complete
TrpB,T-DCG-96,1,4,T-DCG-96,0.0484947825960499,0.018135780952821864,0.017832069098493494,96,current-run measured OOF; recomputed only after all-complete
TrpB,T-DCG-96,1,4,T-DCG-192,0.041705145862385086,0.017679070866711742,0.016938648696030845,192,current-run measured OOF; recomputed only after all-complete
TrpB,T-DCG-192,1,1,G-Rank,0.20328323929398148,0.18100992838541666,0.16310707707589456,96,current-run measured OOF; recomputed only after all-complete
TrpB,T-DCG-192,1,1,T-Uniform-96,0.20328323929398148,0.18100992838541666,0.16310707707589456,96,current-run measured OOF; recomputed only after all-complete
TrpB,T-DCG-192,1,1,T-DCG-96,0.2276931144962112,0.17766220559057566,0.16625762968470775,96,current-run measured OOF; recomputed only after all-complete
TrpB,T-DCG-192,1,1,T-DCG-192,0.2276931144962112,0.17766220559057566,0.16625762968470775,96,current-run measured OOF; recomputed only after all-complete
TrpB,T-DCG-192,1,2,G-Rank,0.0314390394422743,0.029244599518952547,0.024231795435070074,192,current-run measured OOF; recomputed only after all-complete
TrpB,T-DCG-192,1,2,T-Uniform-96,0.01651057490596065,0.017473856608072918,0.011437566828904946,96,current-run measured OOF; recomputed only after all-complete
TrpB,T-DCG-192,1,2,T-DCG-96,0.015017613091956117,0.01580763065069576,0.010665697918357834,96,current-run measured OOF; recomputed only after all-complete
TrpB,T-DCG-192,1,2,T-DCG-192,0.02759475456029643,0.025790058291872555,0.021171454007940172,192,current-run measured OOF; recomputed only after all-complete
TrpB,T-DCG-192,1,3,G-Rank,0.027843752679183813,0.020369583360125173,0.01835671289804672,288,current-run measured OOF; recomputed only after all-complete
TrpB,T-DCG-192,1,3,T-Uniform-96,0.024022734214248973,0.015369179808063271,0.013758799111470987,96,current-run measured OOF; recomputed only after all-complete
TrpB,T-DCG-192,1,3,T-DCG-96,0.028834064898917613,0.01453041581959569,0.014015106712393985,96,current-run measured OOF; recomputed only after all-complete
TrpB,T-DCG-192,1,3,T-DCG-192,0.025389863384949106,0.01641848326079051,0.014071043905753762,192,current-run measured OOF; recomputed only after all-complete
TrpB,T-DCG-192,1,4,G-Rank,0.03569602966308594,0.02252327954327618,0.02048798460700142,384,current-run measured OOF; recomputed only after all-complete
TrpB,T-DCG-192,1,4,T-Uniform-96,0.04107736658166956,0.025572529545536748,0.023913283397548307,96,current-run measured OOF; recomputed only after all-complete
TrpB,T-DCG-192,1,4,T-DCG-96,0.061646907202059106,0.028357903338646847,0.02929076070145788,96,current-run measured OOF; recomputed only after all-complete
TrpB,T-DCG-192,1,4,T-DCG-192,0.04708235062421488,0.026030279634063548,0.023915844577304037,192,current-run measured OOF; recomputed only after all-complete
TrpB,G-Rank,2,1,G-Rank,0.1531959816261574,0.15937409577546294,0.12689940988953158,96,current-run measured OOF; recomputed only after all-complete
TrpB,G-Rank,2,1,T-Uniform-96,0.1531959816261574,0.15937409577546294,0.12689940988953158,96,current-run measured OOF; recomputed only after all-complete
TrpB,G-Rank,2,1,T-DCG-96,0.15210973322572996,0.16869555680182483,0.13199396150855436,96,current-run measured OOF; recomputed only after all-complete
TrpB,G-Rank,2,1,T-DCG-192,0.15210973322572996,0.16869555680182483,0.13199396150855436,96,current-run measured OOF; recomputed only after all-complete
TrpB,G-Rank,2,2,G-Rank,0.03781184443721065,0.041507438377097805,0.03376027678150935,192,current-run measured OOF; recomputed only after all-complete
TrpB,G-Rank,2,2,T-Uniform-96,0.01993249963831019,0.020049766257957177,0.016907622787214974,96,current-run measured OOF; recomputed only after all-complete
TrpB,G-Rank,2,2,T-DCG-96,0.018468154469194642,0.019275214425865737,0.016194964367223036,96,current-run measured OOF; recomputed only after all-complete
TrpB,G-Rank,2,2,T-DCG-192,0.03296965369754208,0.036383492562915745,0.029574123810995796,192,current-run measured OOF; recomputed only after all-complete
TrpB,G-Rank,2,3,G-Rank,0.03033669135534551,0.03024811084051355,0.026238549424807335,288,current-run measured OOF; recomputed only after all-complete
TrpB,G-Rank,2,3,T-Uniform-96,0.023339919102044752,0.027680950400270063,0.021689750272283398,96,current-run measured OOF; recomputed only after all-complete
TrpB,G-Rank,2,3,T-DCG-96,0.026676737648641397,0.03347876372099635,0.02623284413979942,96,current-run measured OOF; recomputed only after all-complete
TrpB,G-Rank,2,3,T-DCG-192,0.029980935528040042,0.030987964241370396,0.02665845120221478,192,current-run measured OOF; recomputed only after all-complete
TrpB,G-Rank,2,4,G-Rank,0.025620107297544128,0.026530195165563514,0.022914616552895697,384,current-run measured OOF; recomputed only after all-complete
TrpB,G-Rank,2,4,T-Uniform-96,0.026228586832682293,0.02262277956362124,0.020809900989429666,96,current-run measured OOF; recomputed only after all-complete
TrpB,G-Rank,2,4,T-DCG-96,0.036602883595387325,0.02582504830991657,0.02786766804989126,96,current-run measured OOF; recomputed only after all-complete
TrpB,G-Rank,2,4,T-DCG-192,0.029515210181098407,0.02466774711422344,0.023794513363101833,192,current-run measured OOF; recomputed only after all-complete
TrpB,T-Uniform-96,2,1,G-Rank,0.1531959816261574,0.15937409577546294,0.12689940988953158,96,current-run measured OOF; recomputed only after all-complete
TrpB,T-Uniform-96,2,1,T-Uniform-96,0.1531959816261574,0.15937409577546294,0.12689940988953158,96,current-run measured OOF; recomputed only after all-complete
TrpB,T-Uniform-96,2,1,T-DCG-96,0.15210973322572996,0.16869555680182483,0.13199396150855436,96,current-run measured OOF; recomputed only after all-complete
TrpB,T-Uniform-96,2,1,T-DCG-192,0.15210973322572996,0.16869555680182483,0.13199396150855436,96,current-run measured OOF; recomputed only after all-complete
TrpB,T-Uniform-96,2,2,G-Rank,0.03781184443721065,0.041507438377097805,0.03389203203082762,192,current-run measured OOF; recomputed only after all-complete
TrpB,T-Uniform-96,2,2,T-Uniform-96,0.01993249963831019,0.020049766257957177,0.016835328873375004,96,current-run measured OOF; recomputed only after all-complete
TrpB,T-Uniform-96,2,2,T-DCG-96,0.018468154469194642,0.019275214425865737,0.016187078381135554,96,current-run measured OOF; recomputed only after all-complete
TrpB,T-Uniform-96,2,2,T-DCG-192,0.03296965369754208,0.036383492562915745,0.0297049999454149,192,current-run measured OOF; recomputed only after all-complete
TrpB,T-Uniform-96,2,3,G-Rank,0.031776459619341564,0.029187614535108024,0.026773382860776254,288,current-run measured OOF; recomputed only after all-complete
TrpB,T-Uniform-96,2,3,T-Uniform-96,0.026741435988940326,0.02505555957433127,0.022675300742234877,96,current-run measured OOF; recomputed only after all-complete
TrpB,T-Uniform-96,2,3,T-DCG-96,0.027171061019539134,0.02313567247871499,0.021868082192126194,96,current-run measured OOF; recomputed only after all-complete
TrpB,T-Uniform-96,2,3,T-DCG-192,0.030101832569802908,0.024573079581139377,0.023506520226695932,192,current-run measured OOF; recomputed only after all-complete
TrpB,T-Uniform-96,2,4,G-Rank,0.027977431261980976,0.023346759654857496,0.02161094190317249,384,current-run measured OOF; recomputed only after all-complete
TrpB,T-Uniform-96,2,4,T-Uniform-96,0.027209034672489873,0.022040119877567998,0.019863480101634377,96,current-run measured OOF; recomputed only after all-complete
TrpB,T-Uniform-96,2,4,T-DCG-96,0.035412344274318774,0.021281093534325706,0.02187449996121456,96,current-run measured OOF; recomputed only after all-complete
TrpB,T-Uniform-96,2,4,T-DCG-192,0.030506048859359317,0.022967828996957627,0.021848181887741656,192,current-run measured OOF; recomputed only after all-complete
TrpB,T-DCG-96,2,1,G-Rank,0.1531959816261574,0.15937409577546294,0.12716454690947882,96,current-run measured OOF; recomputed only after all-complete
TrpB,T-DCG-96,2,1,T-Uniform-96,0.1531959816261574,0.15937409577546294,0.12716454690947882,96,current-run measured OOF; recomputed only after all-complete
TrpB,T-DCG-96,2,1,T-DCG-96,0.15210973322572996,0.16869555680182483,0.13174017676966698,96,current-run measured OOF; recomputed only after all-complete
TrpB,T-DCG-96,2,1,T-DCG-192,0.15210973322572996,0.16869555680182483,0.13174017676966698,96,current-run measured OOF; recomputed only after all-complete
TrpB,T-DCG-96,2,2,G-Rank,0.035275777180989586,0.044202168782552086,0.03308340300469577,192,current-run measured OOF; recomputed only after all-complete
TrpB,T-DCG-96,2,2,T-Uniform-96,0.02041286892361111,0.024191962348090276,0.01866595141632459,96,current-run measured OOF; recomputed only after all-complete
TrpB,T-DCG-96,2,2,T-DCG-96,0.019123326038550006,0.022438338774877418,0.017561125699392596,96,current-run measured OOF; recomputed only after all-complete
TrpB,T-DCG-96,2,2,T-DCG-192,0.031229287966089935,0.038658488426335166,0.029170676278516633,192,current-run measured OOF; recomputed only after all-complete
TrpB,T-DCG-96,2,3,G-Rank,0.03367868012688615,0.03178265523191015,0.02862028816884994,288,current-run measured OOF; recomputed only after all-complete
TrpB,T-DCG-96,2,3,T-Uniform-96,0.025986157327031894,0.026514123987268517,0.02207639823504663,96,current-run measured OOF; recomputed only after all-complete
TrpB,T-DCG-96,2,3,T-DCG-96,0.029269577468920855,0.0318361210047223,0.026264959691695094,96,current-run measured OOF; recomputed only after all-complete
TrpB,T-DCG-96,2,3,T-DCG-192,0.031773361624543056,0.030648786313426126,0.027078718738081233,192,current-run measured OOF; recomputed only after all-complete
TrpB,T-DCG-96,2,4,G-Rank,0.028127387717918118,0.025616963704427082,0.024101942005322008,384,current-run measured OOF; recomputed only after all-complete
TrpB,T-DCG-96,2,4,T-Uniform-96,0.029769826818395545,0.025502593429000287,0.024414522357638524,96,current-run measured OOF; recomputed only after all-complete
TrpB,T-DCG-96,2,4,T-DCG-96,0.031845630204874874,0.024351274955497684,0.02391804308496611,96,current-run measured OOF; recomputed only after all-complete
TrpB,T-DCG-96,2,4,T-DCG-192,0.027870596917564695,0.02474252696753679,0.023243467257624568,192,current-run measured OOF; recomputed only after all-complete
TrpB,T-DCG-192,2,1,G-Rank,0.1531959816261574,0.15937409577546294,0.12716454690947882,96,current-run measured OOF; recomputed only after all-complete
TrpB,T-DCG-192,2,1,T-Uniform-96,0.1531959816261574,0.15937409577546294,0.12716454690947882,96,current-run measured OOF; recomputed only after all-complete
TrpB,T-DCG-192,2,1,T-DCG-96,0.15210973322572996,0.16869555680182483,0.13174017676966698,96,current-run measured OOF; recomputed only after all-complete
TrpB,T-DCG-192,2,1,T-DCG-192,0.15210973322572996,0.16869555680182483,0.13174017676966698,96,current-run measured OOF; recomputed only after all-complete
TrpB,T-DCG-192,2,2,G-Rank,0.035275777180989586,0.044202168782552086,0.03302315824234434,192,current-run measured OOF; recomputed only after all-complete
TrpB,T-DCG-192,2,2,T-Uniform-96,0.02041286892361111,0.024191962348090276,0.018688182413844154,96,current-run measured OOF; recomputed only after all-complete
TrpB,T-DCG-192,2,2,T-DCG-96,0.019123326038550006,0.022438338774877418,0.01758236460680274,96,current-run measured OOF; recomputed only after all-complete
TrpB,T-DCG-192,2,2,T-DCG-192,0.031229287966089935,0.038658488426335166,0.029134176727531304,192,current-run measured OOF; recomputed only after all-complete
TrpB,T-DCG-192,2,3,G-Rank,0.027589983737354253,0.029657099636166837,0.02466730416969131,288,current-run measured OOF; recomputed only after all-complete
TrpB,T-DCG-192,2,3,T-Uniform-96,0.022172967102301957,0.02651826834972994,0.020140254471944032,96,current-run measured OOF; recomputed only after all-complete
TrpB,T-DCG-192,2,3,T-DCG-96,0.0260413788287602,0.03132060593461844,0.024542512777916428,96,current-run measured OOF; recomputed only after all-complete
TrpB,T-DCG-192,2,3,T-DCG-192,0.02735868094598963,0.029886411235712878,0.02463728139253689,192,current-run measured OOF; recomputed only after all-complete
TrpB,T-DCG-192,2,4,G-Rank,0.02623263111820927,0.022536542680528432,0.021848735268837644,384,current-run measured OOF; recomputed only after all-complete
TrpB,T-DCG-192,2,4,T-Uniform-96,0.028852392126012733,0.021905757762767653,0.02180435043211884,96,current-run measured OOF; recomputed only after all-complete
TrpB,T-DCG-192,2,4,T-DCG-96,0.03767401578460548,0.022975080335367746,0.023545860188350514,96,current-run measured OOF; recomputed only after all-complete
TrpB,T-DCG-192,2,4,T-DCG-192,0.030963109084342973,0.02226896454760309,0.02211700531143565,192,current-run measured OOF; recomputed only after all-complete
TrpB,G-Rank,3,1,G-Rank,0.12906674985532407,0.12239809389467593,0.10065207623854146,96,current-run measured OOF; recomputed only after all-complete
TrpB,G-Rank,3,1,T-Uniform-96,0.12906674985532407,0.12239809389467593,0.10065207623854146,96,current-run measured OOF; recomputed only after all-complete
TrpB,G-Rank,3,1,T-DCG-96,0.12361082575527521,0.11614752813701876,0.09582425790328758,96,current-run measured OOF; recomputed only after all-complete
TrpB,G-Rank,3,1,T-DCG-192,0.12361082575527521,0.11614752813701876,0.09582425790328758,96,current-run measured OOF; recomputed only after all-complete
TrpB,G-Rank,3,2,G-Rank,0.034902219419126156,0.0344249584056713,0.02883200668535989,192,current-run measured OOF; recomputed only after all-complete
TrpB,G-Rank,3,2,T-Uniform-96,0.02698036476417824,0.02150189435040509,0.0201125298347609,96,current-run measured OOF; recomputed only after all-complete
TrpB,G-Rank,3,2,T-DCG-96,0.02460443315288795,0.0206976111951363,0.018919592610431666,96,current-run measured OOF; recomputed only after all-complete
TrpB,G-Rank,3,2,T-DCG-192,0.031982713617470994,0.031128200953616385,0.026292805323616386,192,current-run measured OOF; recomputed only after all-complete
TrpB,G-Rank,3,3,G-Rank,0.029330699695644724,0.023683482563871743,0.02035251381153945,288,current-run measured OOF; recomputed only after all-complete
TrpB,G-Rank,3,3,T-Uniform-96,0.03807714642811214,0.02518014162165638,0.024341488359856795,96,current-run measured OOF; recomputed only after all-complete
TrpB,G-Rank,3,3,T-DCG-96,0.034520559712365416,0.022231425591981695,0.021922985484747064,96,current-run measured OOF; recomputed only after all-complete
TrpB,G-Rank,3,3,T-DCG-192,0.033175299386446644,0.02278429765231325,0.020815242122251384,192,current-run measured OOF; recomputed only after all-complete
TrpB,G-Rank,3,4,G-Rank,0.03368593145299841,0.02609867519802517,0.02204881665989421,384,current-run measured OOF; recomputed only after all-complete
TrpB,G-Rank,3,4,T-Uniform-96,0.050474590725368924,0.034184915048104746,0.031962674401392326,96,current-run measured OOF; recomputed only after all-complete
TrpB,G-Rank,3,4,T-DCG-96,0.05744448025744914,0.032619724736184186,0.03303067250562047,96,current-run measured OOF; recomputed only after all-complete
TrpB,G-Rank,3,4,T-DCG-192,0.04848486179611238,0.030501503594035667,0.028990383792819933,192,current-run measured OOF; recomputed only after all-complete
TrpB,T-Uniform-96,3,1,G-Rank,0.12906674985532407,0.12239809389467593,0.10065207623854146,96,current-run measured OOF; recomputed only after all-complete
TrpB,T-Uniform-96,3,1,T-Uniform-96,0.12906674985532407,0.12239809389467593,0.10065207623854146,96,current-run measured OOF; recomputed only after all-complete
TrpB,T-Uniform-96,3,1,T-DCG-96,0.12361082575527521,0.11614752813701876,0.09582425790328758,96,current-run measured OOF; recomputed only after all-complete
TrpB,T-Uniform-96,3,1,T-DCG-192,0.12361082575527521,0.11614752813701876,0.09582425790328758,96,current-run measured OOF; recomputed only after all-complete
TrpB,T-Uniform-96,3,2,G-Rank,0.034902219419126156,0.0344249584056713,0.02941296404124678,192,current-run measured OOF; recomputed only after all-complete
TrpB,T-Uniform-96,3,2,T-Uniform-96,0.02698036476417824,0.02150189435040509,0.019706473620894244,96,current-run measured OOF; recomputed only after all-complete
TrpB,T-Uniform-96,3,2,T-DCG-96,0.02460443315288795,0.0206976111951363,0.018718694741225842,96,current-run measured OOF; recomputed only after all-complete
TrpB,T-Uniform-96,3,2,T-DCG-192,0.031982713617470994,0.031128200953616385,0.02674969760809242,192,current-run measured OOF; recomputed only after all-complete
TrpB,T-Uniform-96,3,3,G-Rank,0.030612354252400546,0.022522809901191702,0.020804684307276406,288,current-run measured OOF; recomputed only after all-complete
TrpB,T-Uniform-96,3,3,T-Uniform-96,0.03875405896347737,0.024763947161136834,0.023755273522370973,96,current-run measured OOF; recomputed only after all-complete
TrpB,T-Uniform-96,3,3,T-DCG-96,0.04014960796132801,0.0220668773634578,0.021947194626786858,96,current-run measured OOF; recomputed only after all-complete
TrpB,T-Uniform-96,3,3,T-DCG-192,0.03772782359253968,0.021677163439922608,0.02118866100199258,192,current-run measured OOF; recomputed only after all-complete
TrpB,T-Uniform-96,3,4,G-Rank,0.034689373440212674,0.02190469812463831,0.019680904217192183,384,current-run measured OOF; recomputed only after all-complete
TrpB,T-Uniform-96,3,4,T-Uniform-96,0.04883045620388454,0.03192986382378472,0.030150379543610245,96,current-run measured OOF; recomputed only after all-complete
TrpB,T-Uniform-96,3,4,T-DCG-96,0.0672587613434084,0.04989253261597283,0.04859764978719862,96,current-run measured OOF; recomputed only after all-complete
TrpB,T-Uniform-96,3,4,T-DCG-192,0.05663893759757354,0.038590381240621995,0.03714986407450711,192,current-run measured OOF; recomputed only after all-complete
TrpB,T-DCG-96,3,1,G-Rank,0.12906674985532407,0.12239809389467593,0.10065524106205104,96,current-run measured OOF; recomputed only after all-complete
TrpB,T-DCG-96,3,1,T-Uniform-96,0.12906674985532407,0.12239809389467593,0.10065524106205104,96,current-run measured OOF; recomputed only after all-complete
TrpB,T-DCG-96,3,1,T-DCG-96,0.12361082575527521,0.11614752813701876,0.09582122701217016,96,current-run measured OOF; recomputed only after all-complete
TrpB,T-DCG-96,3,1,T-DCG-192,0.12361082575527521,0.11614752813701876,0.09582122701217016,96,current-run measured OOF; recomputed only after all-complete
TrpB,T-DCG-96,3,2,G-Rank,0.034902219419126156,0.0344249584056713,0.029179069035521348,192,current-run measured OOF; recomputed only after all-complete
TrpB,T-DCG-96,3,2,T-Uniform-96,0.02698036476417824,0.02150189435040509,0.019727413000803183,96,current-run measured OOF; recomputed only after all-complete
TrpB,T-DCG-96,3,2,T-DCG-96,0.02460443315288795,0.0206976111951363,0.018699714754674624,96,current-run measured OOF; recomputed only after all-complete
TrpB,T-DCG-96,3,2,T-DCG-192,0.031982713617470994,0.031128200953616385,0.026553999885955592,192,current-run measured OOF; recomputed only after all-complete
TrpB,T-DCG-96,3,3,G-Rank,0.031046214581189988,0.021810230731310016,0.018977773206737464,288,current-run measured OOF; recomputed only after all-complete
TrpB,T-DCG-96,3,3,T-Uniform-96,0.03882074552308385,0.025575488683127576,0.02322959064514986,96,current-run measured OOF; recomputed only after all-complete
TrpB,T-DCG-96,3,3,T-DCG-96,0.03889830509479904,0.024968005213313667,0.023155962081838184,96,current-run measured OOF; recomputed only after all-complete
TrpB,T-DCG-96,3,3,T-DCG-192,0.03647238849959639,0.021826323772797647,0.01974514413086361,192,current-run measured OOF; recomputed only after all-complete
TrpB,T-DCG-96,3,4,G-Rank,0.035408832408763746,0.019675148857964408,0.018049577035395174,384,current-run measured OOF; recomputed only after all-complete
TrpB,T-DCG-96,3,4,T-Uniform-96,0.04570092095269097,0.02163724546079282,0.02019089208278445,96,current-run measured OOF; recomputed only after all-complete
TrpB,T-DCG-96,3,4,T-DCG-96,0.042305899640924516,0.021120351955104845,0.019848795463902988,96,current-run measured OOF; recomputed only after all-complete
TrpB,T-DCG-96,3,4,T-DCG-192,0.04052573222649899,0.022975145918530015,0.020974706081898165,192,current-run measured OOF; recomputed only after all-complete
TrpB,T-DCG-192,3,1,G-Rank,0.12906674985532407,0.12239809389467593,0.10065524106205104,96,current-run measured OOF; recomputed only after all-complete
TrpB,T-DCG-192,3,1,T-Uniform-96,0.12906674985532407,0.12239809389467593,0.10065524106205104,96,current-run measured OOF; recomputed only after all-complete
TrpB,T-DCG-192,3,1,T-DCG-96,0.12361082575527521,0.11614752813701876,0.09582122701217016,96,current-run measured OOF; recomputed only after all-complete
TrpB,T-DCG-192,3,1,T-DCG-192,0.12361082575527521,0.11614752813701876,0.09582122701217016,96,current-run measured OOF; recomputed only after all-complete
TrpB,T-DCG-192,3,2,G-Rank,0.034902219419126156,0.0344249584056713,0.02883437933091831,192,current-run measured OOF; recomputed only after all-complete
TrpB,T-DCG-192,3,2,T-Uniform-96,0.02698036476417824,0.02150189435040509,0.020062289003437286,96,current-run measured OOF; recomputed only after all-complete
TrpB,T-DCG-192,3,2,T-DCG-96,0.02460443315288795,0.0206976111951363,0.018884735751411447,96,current-run measured OOF; recomputed only after all-complete
TrpB,T-DCG-192,3,2,T-DCG-192,0.031982713617470994,0.031128200953616385,0.026290665920034224,192,current-run measured OOF; recomputed only after all-complete
TrpB,T-DCG-192,3,3,G-Rank,0.0308504667138203,0.02364463439857682,0.021500465673082232,288,current-run measured OOF; recomputed only after all-complete
TrpB,T-DCG-192,3,3,T-Uniform-96,0.03640671718267747,0.02678262844007202,0.0256094431528496,96,current-run measured OOF; recomputed only after all-complete
TrpB,T-DCG-192,3,3,T-DCG-96,0.036556128121327885,0.025050137600194367,0.024689967026119728,96,current-run measured OOF; recomputed only after all-complete
TrpB,T-DCG-192,3,3,T-DCG-192,0.03541776411872919,0.02412223554995759,0.02291847291259245,192,current-run measured OOF; recomputed only after all-complete
TrpB,T-DCG-192,3,4,G-Rank,0.03478979181360315,0.021290531864872685,0.020072900958990145,384,current-run measured OOF; recomputed only after all-complete
TrpB,T-DCG-192,3,4,T-Uniform-96,0.04223011158130787,0.023948740076135705,0.02348775442938006,96,current-run measured OOF; recomputed only after all-complete
TrpB,T-DCG-192,3,4,T-DCG-96,0.03892734714021755,0.02005917150524628,0.019950732962845365,96,current-run measured OOF; recomputed only after all-complete
TrpB,T-DCG-192,3,4,T-DCG-192,0.03740793780379714,0.021293992111547977,0.020479206789531603,192,current-run measured OOF; recomputed only after all-complete
TrpB,G-Rank,4,1,G-Rank,0.17612937644675927,0.1308910228587963,0.1150638409273614,96,current-run measured OOF; recomputed only after all-complete
TrpB,G-Rank,4,1,T-Uniform-96,0.17612937644675927,0.1308910228587963,0.1150638409273614,96,current-run measured OOF; recomputed only after all-complete
TrpB,G-Rank,4,1,T-DCG-96,0.16731807385815237,0.12214022467090192,0.10828143038000712,96,current-run measured OOF; recomputed only after all-complete
TrpB,G-Rank,4,1,T-DCG-192,0.16731807385815237,0.12214022467090192,0.10828143038000712,96,current-run measured OOF; recomputed only after all-complete
TrpB,G-Rank,4,2,G-Rank,0.05246120029025606,0.04539454424822772,0.04137403132339484,192,current-run measured OOF; recomputed only after all-complete
TrpB,G-Rank,4,2,T-Uniform-96,0.0378183435510706,0.029609962745949073,0.02701380918412465,96,current-run measured OOF; recomputed only after all-complete
TrpB,G-Rank,4,2,T-DCG-96,0.0360335993433267,0.02884496354946802,0.026121778858855728,96,current-run measured OOF; recomputed only after all-complete
TrpB,G-Rank,4,2,T-DCG-192,0.04820572054815917,0.041453967811099744,0.03766991414869795,192,current-run measured OOF; recomputed only after all-complete
TrpB,G-Rank,4,3,G-Rank,0.03885911227253729,0.034384205508134,0.03134316008815175,288,current-run measured OOF; recomputed only after all-complete
TrpB,G-Rank,4,3,T-Uniform-96,0.034764670540766464,0.03027532130111883,0.028124339626074264,96,current-run measured OOF; recomputed only after all-complete
TrpB,G-Rank,4,3,T-DCG-96,0.0319645428621529,0.027232693231036206,0.025582957938252642,96,current-run measured OOF; recomputed only after all-complete
TrpB,G-Rank,4,3,T-DCG-192,0.03679378888084221,0.030001905972396842,0.02792195523179212,192,current-run measured OOF; recomputed only after all-complete
TrpB,G-Rank,4,4,G-Rank,0.04622442634017379,0.03718903329637315,0.033246795367185465,384,current-run measured OOF; recomputed only after all-complete
TrpB,G-Rank,4,4,T-Uniform-96,0.05157237582736545,0.03735012478298611,0.03562999422425974,96,current-run measured OOF; recomputed only after all-complete
TrpB,G-Rank,4,4,T-DCG-96,0.052596958438538254,0.031715874300142825,0.032173841996591096,96,current-run measured OOF; recomputed only after all-complete
TrpB,G-Rank,4,4,T-DCG-192,0.0495579749130226,0.03416788817238083,0.03118952116237477,192,current-run measured OOF; recomputed only after all-complete
TrpB,T-Uniform-96,4,1,G-Rank,0.17612937644675927,0.1308910228587963,0.1150638409273614,96,current-run measured OOF; recomputed only after all-complete
TrpB,T-Uniform-96,4,1,T-Uniform-96,0.17612937644675927,0.1308910228587963,0.1150638409273614,96,current-run measured OOF; recomputed only after all-complete
TrpB,T-Uniform-96,4,1,T-DCG-96,0.16731807385815237,0.12214022467090192,0.10828143038000712,96,current-run measured OOF; recomputed only after all-complete
TrpB,T-Uniform-96,4,1,T-DCG-192,0.16731807385815237,0.12214022467090192,0.10828143038000712,96,current-run measured OOF; recomputed only after all-complete
TrpB,T-Uniform-96,4,2,G-Rank,0.05246120029025606,0.04539454424822772,0.04143248565517565,192,current-run measured OOF; recomputed only after all-complete
TrpB,T-Uniform-96,4,2,T-Uniform-96,0.0378183435510706,0.029609962745949073,0.026964068361317716,96,current-run measured OOF; recomputed only after all-complete
TrpB,T-Uniform-96,4,2,T-DCG-96,0.0360335993433267,0.02884496354946802,0.026103717574903915,96,current-run measured OOF; recomputed only after all-complete
TrpB,T-Uniform-96,4,2,T-DCG-192,0.04820572054815917,0.041453967811099744,0.03772251355836626,192,current-run measured OOF; recomputed only after all-complete
TrpB,T-Uniform-96,4,3,G-Rank,0.0401402644823281,0.03404244212293167,0.03249124639970091,288,current-run measured OOF; recomputed only after all-complete
TrpB,T-Uniform-96,4,3,T-Uniform-96,0.037522932138953184,0.02894246921617798,0.028297532002553503,96,current-run measured OOF; recomputed only after all-complete
TrpB,T-Uniform-96,4,3,T-DCG-96,0.03679363071226402,0.026569036563099075,0.026541075556422187,96,current-run measured OOF; recomputed only after all-complete
TrpB,T-Uniform-96,4,3,T-DCG-192,0.039111288234168026,0.029085508021527918,0.028473349610204424,192,current-run measured OOF; recomputed only after all-complete
TrpB,T-Uniform-96,4,4,G-Rank,0.044112479245221166,0.03833347779733163,0.03198430293882349,384,current-run measured OOF; recomputed only after all-complete
TrpB,T-Uniform-96,4,4,T-Uniform-96,0.05065762555157696,0.04172544126157407,0.0347521022714904,96,current-run measured OOF; recomputed only after all-complete
TrpB,T-Uniform-96,4,4,T-DCG-96,0.0569754754070508,0.03566660044107064,0.03267408919025749,96,current-run measured OOF; recomputed only after all-complete
TrpB,T-Uniform-96,4,4,T-DCG-192,0.05340285720453795,0.03527065942815262,0.031656202839690166,192,current-run measured OOF; recomputed only after all-complete
TrpB,T-DCG-96,4,1,G-Rank,0.17612937644675927,0.1308910228587963,0.11508031395653269,96,current-run measured OOF; recomputed only after all-complete
TrpB,T-DCG-96,4,1,T-Uniform-96,0.17612937644675927,0.1308910228587963,0.11508031395653269,96,current-run measured OOF; recomputed only after all-complete
TrpB,T-DCG-96,4,1,T-DCG-96,0.16731807385815237,0.12214022467090192,0.1082660111660965,96,current-run measured OOF; recomputed only after all-complete
TrpB,T-DCG-96,4,1,T-DCG-192,0.16731807385815237,0.12214022467090192,0.1082660111660965,96,current-run measured OOF; recomputed only after all-complete
TrpB,T-DCG-96,4,2,G-Rank,0.05388252823441117,0.04505701418276186,0.04092351931999622,192,current-run measured OOF; recomputed only after all-complete
TrpB,T-DCG-96,4,2,T-Uniform-96,0.03832810013382523,0.029620417842158565,0.026282820586412986,96,current-run measured OOF; recomputed only after all-complete
TrpB,T-DCG-96,4,2,T-DCG-96,0.036177636711786434,0.029972986883359913,0.02605293799787757,96,current-run measured OOF; recomputed only after all-complete
TrpB,T-DCG-96,4,2,T-DCG-192,0.04919425464565231,0.041875512859079776,0.037561083044053596,192,current-run measured OOF; recomputed only after all-complete
TrpB,T-DCG-96,4,3,G-Rank,0.04193247100453318,0.031803649148823304,0.03105586980759,288,current-run measured OOF; recomputed only after all-complete
TrpB,T-DCG-96,4,3,T-Uniform-96,0.03718196413644547,0.02593780643164866,0.025475778749013245,96,current-run measured OOF; recomputed only after all-complete
TrpB,T-DCG-96,4,3,T-DCG-96,0.03675705383914109,0.022524468379985715,0.022411382096928136,96,current-run measured OOF; recomputed only after all-complete
TrpB,T-DCG-96,4,3,T-DCG-192,0.042403653463523976,0.025994490834210366,0.02571791194960047,192,current-run measured OOF; recomputed only after all-complete
TrpB,T-DCG-96,4,4,G-Rank,0.036913280133847835,0.027945156450624817,0.02718737400128639,384,current-run measured OOF; recomputed only after all-complete
TrpB,T-DCG-96,4,4,T-Uniform-96,0.039285730432581024,0.02261458502875434,0.022153743144439575,96,current-run measured OOF; recomputed only after all-complete
TrpB,T-DCG-96,4,4,T-DCG-96,0.0423124226064408,0.02050675867322841,0.020357893383797714,96,current-run measured OOF; recomputed only after all-complete
TrpB,T-DCG-96,4,4,T-DCG-192,0.04338390523342929,0.02609147578468184,0.025601913388387985,192,current-run measured OOF; recomputed only after all-complete
TrpB,T-DCG-192,4,1,G-Rank,0.17612937644675927,0.1308910228587963,0.11508031395653269,96,current-run measured OOF; recomputed only after all-complete
TrpB,T-DCG-192,4,1,T-Uniform-96,0.17612937644675927,0.1308910228587963,0.11508031395653269,96,current-run measured OOF; recomputed only after all-complete
TrpB,T-DCG-192,4,1,T-DCG-96,0.16731807385815237,0.12214022467090192,0.1082660111660965,96,current-run measured OOF; recomputed only after all-complete
TrpB,T-DCG-192,4,1,T-DCG-192,0.16731807385815237,0.12214022467090192,0.1082660111660965,96,current-run measured OOF; recomputed only after all-complete
TrpB,T-DCG-192,4,2,G-Rank,0.05388252823441117,0.04505701418276186,0.04091714539958112,192,current-run measured OOF; recomputed only after all-complete
TrpB,T-DCG-192,4,2,T-Uniform-96,0.03832810013382523,0.029620417842158565,0.026272760277772467,96,current-run measured OOF; recomputed only after all-complete
TrpB,T-DCG-192,4,2,T-DCG-96,0.036177636711786434,0.029972986883359913,0.026053620189203628,96,current-run measured OOF; recomputed only after all-complete
TrpB,T-DCG-192,4,2,T-DCG-192,0.04919425464565231,0.041875512859079776,0.0375603118736968,192,current-run measured OOF; recomputed only after all-complete
TrpB,T-DCG-192,4,3,G-Rank,0.04047491128552597,0.03265596449947488,0.031357533445723625,288,current-run measured OOF; recomputed only after all-complete
TrpB,T-DCG-192,4,3,T-Uniform-96,0.03665814183867027,0.025706350067515437,0.025089337143233244,96,current-run measured OOF; recomputed only after all-complete
TrpB,T-DCG-192,4,3,T-DCG-96,0.03653372666614851,0.02149778363217261,0.021413980660659564,96,current-run measured OOF; recomputed only after all-complete
TrpB,T-DCG-192,4,3,T-DCG-192,0.04177781386183018,0.025212923205833602,0.024879931085500035,192,current-run measured OOF; recomputed only after all-complete
TrpB,T-DCG-192,4,4,G-Rank,0.040340450074937605,0.029012300350047926,0.027712174951030292,384,current-run measured OOF; recomputed only after all-complete
TrpB,T-DCG-192,4,4,T-Uniform-96,0.04621583444100839,0.020234355220088252,0.01987075739945957,96,current-run measured OOF; recomputed only after all-complete
TrpB,T-DCG-192,4,4,T-DCG-96,0.05814923328914745,0.019718206953480345,0.02016914875608667,96,current-run measured OOF; recomputed only after all-complete
TrpB,T-DCG-192,4,4,T-DCG-192,0.05428678247996233,0.026715873689823845,0.026289176007873238,192,current-run measured OOF; recomputed only after all-complete
TrpB,G-Rank,5,1,G-Rank,0.1381875497323495,0.13123067220052084,0.10453909244575683,96,current-run measured OOF; recomputed only after all-complete
TrpB,G-Rank,5,1,T-Uniform-96,0.1381875497323495,0.13123067220052084,0.10453909244575683,96,current-run measured OOF; recomputed only after all-complete
TrpB,G-Rank,5,1,T-DCG-96,0.1439946759234828,0.12621317046275082,0.10410200755587279,96,current-run measured OOF; recomputed only after all-complete
TrpB,G-Rank,5,1,T-DCG-192,0.1439946759234828,0.12621317046275082,0.10410200755587279,96,current-run measured OOF; recomputed only after all-complete
TrpB,G-Rank,5,2,G-Rank,0.0338228013780382,0.02792132342303241,0.024960739591283188,192,current-run measured OOF; recomputed only after all-complete
TrpB,G-Rank,5,2,T-Uniform-96,0.021340264214409724,0.01601014313874421,0.014874164941777755,96,current-run measured OOF; recomputed only after all-complete
TrpB,G-Rank,5,2,T-DCG-96,0.01890539041707321,0.013303644419033919,0.012646736971847001,96,current-run measured OOF; recomputed only after all-complete
TrpB,G-Rank,5,2,T-DCG-192,0.029744684213295843,0.023748266773955952,0.021475650204074017,192,current-run measured OOF; recomputed only after all-complete
TrpB,G-Rank,5,3,G-Rank,0.03957610790948645,0.020490230356224277,0.02022537160447585,288,current-run measured OOF; recomputed only after all-complete
TrpB,G-Rank,5,3,T-Uniform-96,0.041080050998263895,0.016568658773791153,0.016783573037603278,96,current-run measured OOF; recomputed only after all-complete
TrpB,G-Rank,5,3,T-DCG-96,0.0559637156131027,0.016676104183046846,0.017620464608117718,96,current-run measured OOF; recomputed only after all-complete
TrpB,G-Rank,5,3,T-DCG-192,0.04783106090252836,0.01878934494585068,0.018851082290706832,192,current-run measured OOF; recomputed only after all-complete
TrpB,G-Rank,5,4,G-Rank,0.0382431877983941,0.019868267907036673,0.019005433260757997,384,current-run measured OOF; recomputed only after all-complete
TrpB,G-Rank,5,4,T-Uniform-96,0.05589682967574509,0.023501431500470196,0.023038012050797224,96,current-run measured OOF; recomputed only after all-complete
TrpB,G-Rank,5,4,T-DCG-96,0.06673899576468909,0.021655163138772422,0.02240323523795305,96,current-run measured OOF; recomputed only after all-complete
TrpB,G-Rank,5,4,T-DCG-192,0.052277587818638824,0.02032854293793846,0.0198502197354966,192,current-run measured OOF; recomputed only after all-complete
TrpB,T-Uniform-96,5,1,G-Rank,0.1381875497323495,0.13123067220052084,0.10453909244575683,96,current-run measured OOF; recomputed only after all-complete
TrpB,T-Uniform-96,5,1,T-Uniform-96,0.1381875497323495,0.13123067220052084,0.10453909244575683,96,current-run measured OOF; recomputed only after all-complete
TrpB,T-Uniform-96,5,1,T-DCG-96,0.1439946759234828,0.12621317046275082,0.10410200755587279,96,current-run measured OOF; recomputed only after all-complete
TrpB,T-Uniform-96,5,1,T-DCG-192,0.1439946759234828,0.12621317046275082,0.10410200755587279,96,current-run measured OOF; recomputed only after all-complete
TrpB,T-Uniform-96,5,2,G-Rank,0.0338228013780382,0.02792132342303241,0.025058592486223163,192,current-run measured OOF; recomputed only after all-complete
TrpB,T-Uniform-96,5,2,T-Uniform-96,0.021340264214409724,0.01601014313874421,0.014815166765755927,96,current-run measured OOF; recomputed only after all-complete
TrpB,T-Uniform-96,5,2,T-DCG-96,0.01890539041707321,0.013303644419033919,0.012533277630182683,96,current-run measured OOF; recomputed only after all-complete
TrpB,T-Uniform-96,5,2,T-DCG-192,0.029744684213295843,0.023748266773955952,0.021504588396879232,192,current-run measured OOF; recomputed only after all-complete
TrpB,T-Uniform-96,5,3,G-Rank,0.04037802111464764,0.01993534627111197,0.01993534627111197,288,current-run measured OOF; recomputed only after all-complete
TrpB,T-Uniform-96,5,3,T-Uniform-96,0.04198528022923096,0.013242745105131173,0.013242745105131173,96,current-run measured OOF; recomputed only after all-complete
TrpB,T-Uniform-96,5,3,T-DCG-96,0.055122962680791386,0.012482260363595803,0.012482260363595803,96,current-run measured OOF; recomputed only after all-complete
TrpB,T-Uniform-96,5,3,T-DCG-192,0.04807205070154953,0.016411941155612505,0.016411941155612505,192,current-run measured OOF; recomputed only after all-complete
TrpB,T-Uniform-96,5,4,G-Rank,0.035781507138852725,0.0149182743496365,0.014808203335832716,384,current-run measured OOF; recomputed only after all-complete
TrpB,T-Uniform-96,5,4,T-Uniform-96,0.039676666259765625,0.014184174714265049,0.014176297373630756,96,current-run measured OOF; recomputed only after all-complete
TrpB,T-Uniform-96,5,4,T-DCG-96,0.04643463663030542,0.013065102528656988,0.01307933621100018,96,current-run measured OOF; recomputed only after all-complete
TrpB,T-Uniform-96,5,4,T-DCG-192,0.03879270831034274,0.013657288270603118,0.013491378356065805,192,current-run measured OOF; recomputed only after all-complete
TrpB,T-DCG-96,5,1,G-Rank,0.1381875497323495,0.13123067220052084,0.10476921169206381,96,current-run measured OOF; recomputed only after all-complete
TrpB,T-DCG-96,5,1,T-Uniform-96,0.1381875497323495,0.13123067220052084,0.10476921169206381,96,current-run measured OOF; recomputed only after all-complete
TrpB,T-DCG-96,5,1,T-DCG-96,0.1439946759234828,0.12621317046275082,0.10386790427131275,96,current-run measured OOF; recomputed only after all-complete
TrpB,T-DCG-96,5,1,T-DCG-192,0.1439946759234828,0.12621317046275082,0.10386790427131275,96,current-run measured OOF; recomputed only after all-complete
TrpB,T-DCG-96,5,2,G-Rank,0.033634327076099535,0.028912579571759262,0.02616792715049311,192,current-run measured OOF; recomputed only after all-complete
TrpB,T-DCG-96,5,2,T-Uniform-96,0.021511501736111115,0.014840020073784722,0.014178802055734843,96,current-run measured OOF; recomputed only after all-complete
TrpB,T-DCG-96,5,2,T-DCG-96,0.019195434481651334,0.012882649858821689,0.012310369927172674,96,current-run measured OOF; recomputed only after all-complete
TrpB,T-DCG-96,5,2,T-DCG-192,0.02973733681962614,0.02481920740276534,0.02256760600901374,192,current-run measured OOF; recomputed only after all-complete
TrpB,T-DCG-96,5,3,G-Rank,0.03379036860210906,0.01953083137752915,0.01953083137752915,288,current-run measured OOF; recomputed only after all-complete
TrpB,T-DCG-96,5,3,T-Uniform-96,0.025632756237139915,0.011556868690522118,0.011556868690522118,96,current-run measured OOF; recomputed only after all-complete
TrpB,T-DCG-96,5,3,T-DCG-96,0.039015524299419166,0.017050389559701846,0.017050389559701846,96,current-run measured OOF; recomputed only after all-complete
TrpB,T-DCG-96,5,3,T-DCG-192,0.03819620530734653,0.01750048293758947,0.01750048293758947,192,current-run measured OOF; recomputed only after all-complete
TrpB,T-DCG-96,5,4,G-Rank,0.03503619299994575,0.015536061039677375,0.015082395313699625,384,current-run measured OOF; recomputed only after all-complete
TrpB,T-DCG-96,5,4,T-Uniform-96,0.037924095436378764,0.015169991387261285,0.014522998288529603,96,current-run measured OOF; recomputed only after all-complete
TrpB,T-DCG-96,5,4,T-DCG-96,0.04108697639359327,0.014486542317857782,0.01415245904331371,96,current-run measured OOF; recomputed only after all-complete
TrpB,T-DCG-96,5,4,T-DCG-192,0.03738674658272778,0.015457005486205672,0.014747757164504705,192,current-run measured OOF; recomputed only after all-complete
TrpB,T-DCG-192,5,1,G-Rank,0.1381875497323495,0.13123067220052084,0.10476921169206381,96,current-run measured OOF; recomputed only after all-complete
TrpB,T-DCG-192,5,1,T-Uniform-96,0.1381875497323495,0.13123067220052084,0.10476921169206381,96,current-run measured OOF; recomputed only after all-complete
TrpB,T-DCG-192,5,1,T-DCG-96,0.1439946759234828,0.12621317046275082,0.10386790427131275,96,current-run measured OOF; recomputed only after all-complete
TrpB,T-DCG-192,5,1,T-DCG-192,0.1439946759234828,0.12621317046275082,0.10386790427131275,96,current-run measured OOF; recomputed only after all-complete
TrpB,T-DCG-192,5,2,G-Rank,0.033634327076099535,0.028912579571759262,0.025556200148912217,192,current-run measured OOF; recomputed only after all-complete
TrpB,T-DCG-192,5,2,T-Uniform-96,0.021511501736111115,0.014840020073784722,0.014426653181899937,96,current-run measured OOF; recomputed only after all-complete
TrpB,T-DCG-192,5,2,T-DCG-96,0.019195434481651334,0.012882649858821689,0.012563353404882854,96,current-run measured OOF; recomputed only after all-complete
TrpB,T-DCG-192,5,2,T-DCG-192,0.02973733681962614,0.02481920740276534,0.022140373006986305,192,current-run measured OOF; recomputed only after all-complete
TrpB,T-DCG-192,5,3,G-Rank,0.03243218985768175,0.01739962437842936,0.01739962437842936,288,current-run measured OOF; recomputed only after all-complete
TrpB,T-DCG-192,5,3,T-Uniform-96,0.03130563492637603,0.009512944476594652,0.009512944476594652,96,current-run measured OOF; recomputed only after all-complete
TrpB,T-DCG-192,5,3,T-DCG-96,0.040475436441653,0.009545199784936603,0.009545199784936603,96,current-run measured OOF; recomputed only after all-complete
TrpB,T-DCG-192,5,3,T-DCG-192,0.03764417778387126,0.012715841983987923,0.012715841983987923,192,current-run measured OOF; recomputed only after all-complete
TrpB,T-DCG-192,5,4,G-Rank,0.036709361606174044,0.017068598005506724,0.016295692056277858,384,current-run measured OOF; recomputed only after all-complete
TrpB,T-DCG-192,5,4,T-Uniform-96,0.032405711986400465,0.013265044600875289,0.013420598007586331,96,current-run measured OOF; recomputed only after all-complete
TrpB,T-DCG-192,5,4,T-DCG-96,0.0318884150648743,0.013439575338672237,0.013477664000956636,96,current-run measured OOF; recomputed only after all-complete
TrpB,T-DCG-192,5,4,T-DCG-192,0.03400863578184601,0.01681505079246256,0.015685757018838283,192,current-run measured OOF; recomputed only after all-complete
TrpB,G-Rank,6,1,G-Rank,0.17735064471209494,0.15545371726707177,0.1395708993243961,96,current-run measured OOF; recomputed only after all-complete
TrpB,G-Rank,6,1,T-Uniform-96,0.17735064471209494,0.15545371726707177,0.1395708993243961,96,current-run measured OOF; recomputed only after all-complete
TrpB,G-Rank,6,1,T-DCG-96,0.202479691834594,0.14698421525026723,0.14223555579718994,96,current-run measured OOF; recomputed only after all-complete
TrpB,G-Rank,6,1,T-DCG-192,0.202479691834594,0.14698421525026723,0.14223555579718994,96,current-run measured OOF; recomputed only after all-complete
TrpB,G-Rank,6,2,G-Rank,0.03306664360894097,0.03517122621889467,0.028202854417883196,192,current-run measured OOF; recomputed only after all-complete
TrpB,G-Rank,6,2,T-Uniform-96,0.024066501193576385,0.023737024377893517,0.019464260035705647,96,current-run measured OOF; recomputed only after all-complete
TrpB,G-Rank,6,2,T-DCG-96,0.022695526442589882,0.022647823066115267,0.01847245026134502,96,current-run measured OOF; recomputed only after all-complete
TrpB,G-Rank,6,2,T-DCG-192,0.030396089764065763,0.03194953782054857,0.025692090591281472,192,current-run measured OOF; recomputed only after all-complete
TrpB,G-Rank,6,3,G-Rank,0.03462560415594993,0.029901198398919755,0.026863345758240464,288,current-run measured OOF; recomputed only after all-complete
TrpB,G-Rank,6,3,T-Uniform-96,0.034344331717785496,0.0329444163130144,0.02774882508718245,96,current-run measured OOF; recomputed only after all-complete
TrpB,G-Rank,6,3,T-DCG-96,0.04435135307135954,0.03390652639511844,0.03143026294409836,96,current-run measured OOF; recomputed only after all-complete
TrpB,G-Rank,6,3,T-DCG-192,0.04047111173486269,0.029980397561269363,0.02784188386826036,192,current-run measured OOF; recomputed only after all-complete
TrpB,G-Rank,6,4,G-Rank,0.03488596280415853,0.02612701168766728,0.022848411104233246,384,current-run measured OOF; recomputed only after all-complete
TrpB,G-Rank,6,4,T-Uniform-96,0.0320428212483724,0.022537160802770545,0.017294427285365555,96,current-run measured OOF; recomputed only after all-complete
TrpB,G-Rank,6,4,T-DCG-96,0.05561811118774837,0.02132425901821963,0.022032366332404293,96,current-run measured OOF; recomputed only after all-complete
TrpB,G-Rank,6,4,T-DCG-192,0.046991231231655536,0.023427209166294396,0.02226273822589504,192,current-run measured OOF; recomputed only after all-complete
TrpB,T-Uniform-96,6,1,G-Rank,0.17735064471209494,0.15545371726707177,0.1395708993243961,96,current-run measured OOF; recomputed only after all-complete
TrpB,T-Uniform-96,6,1,T-Uniform-96,0.17735064471209494,0.15545371726707177,0.1395708993243961,96,current-run measured OOF; recomputed only after all-complete
TrpB,T-Uniform-96,6,1,T-DCG-96,0.202479691834594,0.14698421525026723,0.14223555579718994,96,current-run measured OOF; recomputed only after all-complete
TrpB,T-Uniform-96,6,1,T-DCG-192,0.202479691834594,0.14698421525026723,0.14223555579718994,96,current-run measured OOF; recomputed only after all-complete
TrpB,T-Uniform-96,6,2,G-Rank,0.03306664360894097,0.03517122621889467,0.028271311193380527,192,current-run measured OOF; recomputed only after all-complete
TrpB,T-Uniform-96,6,2,T-Uniform-96,0.024066501193576385,0.023737024377893517,0.019411906616815213,96,current-run measured OOF; recomputed only after all-complete
TrpB,T-Uniform-96,6,2,T-DCG-96,0.022695526442589882,0.022647823066115267,0.018437260524119953,96,current-run measured OOF; recomputed only after all-complete
TrpB,T-Uniform-96,6,2,T-DCG-192,0.030396089764065763,0.03194953782054857,0.025733973467158215,192,current-run measured OOF; recomputed only after all-complete
TrpB,T-Uniform-96,6,3,G-Rank,0.032386978630829906,0.026633473253707993,0.02448995566128809,288,current-run measured OOF; recomputed only after all-complete
TrpB,T-Uniform-96,6,3,T-Uniform-96,0.02777124726723251,0.025967696076067383,0.02194524127401427,96,current-run measured OOF; recomputed only after all-complete
TrpB,T-Uniform-96,6,3,T-DCG-96,0.036957786272431424,0.02532634014126726,0.025461818811287628,96,current-run measured OOF; recomputed only after all-complete
TrpB,T-Uniform-96,6,3,T-DCG-192,0.036350699660925696,0.02456426594867275,0.024693634035584732,192,current-run measured OOF; recomputed only after all-complete
TrpB,T-Uniform-96,6,4,G-Rank,0.03921642126860442,0.02689337730407715,0.02470557924331868,384,current-run measured OOF; recomputed only after all-complete
TrpB,T-Uniform-96,6,4,T-Uniform-96,0.033916190818504055,0.021500834712275752,0.0177469124741344,96,current-run measured OOF; recomputed only after all-complete
TrpB,T-Uniform-96,6,4,T-DCG-96,0.05661876471685072,0.020967566260847583,0.02230707679004807,96,current-run measured OOF; recomputed only after all-complete
TrpB,T-Uniform-96,6,4,T-DCG-192,0.04795941274162212,0.024481340079678192,0.02352431105191842,192,current-run measured OOF; recomputed only after all-complete
TrpB,T-DCG-96,6,1,G-Rank,0.17735064471209494,0.15545371726707177,0.14165476037253877,96,current-run measured OOF; recomputed only after all-complete
TrpB,T-DCG-96,6,1,T-Uniform-96,0.17735064471209494,0.15545371726707177,0.14165476037253877,96,current-run measured OOF; recomputed only after all-complete
TrpB,T-DCG-96,6,1,T-DCG-96,0.202479691834594,0.14698421525026723,0.13997460429824418,96,current-run measured OOF; recomputed only after all-complete
TrpB,T-DCG-96,6,1,T-DCG-192,0.202479691834594,0.14698421525026723,0.13997460429824418,96,current-run measured OOF; recomputed only after all-complete
TrpB,T-DCG-96,6,2,G-Rank,0.03521248146339699,0.03753718623408565,0.0298340160620494,192,current-run measured OOF; recomputed only after all-complete
TrpB,T-DCG-96,6,2,T-Uniform-96,0.02678002251519097,0.024531611689814815,0.020339238023460382,96,current-run measured OOF; recomputed only after all-complete
TrpB,T-DCG-96,6,2,T-DCG-96,0.024828456151708526,0.02424038040722845,0.019703374937000775,96,current-run measured OOF; recomputed only after all-complete
TrpB,T-DCG-96,6,2,T-DCG-192,0.03234165676378944,0.034442821793871675,0.027376880094771947,192,current-run measured OOF; recomputed only after all-complete
TrpB,T-DCG-96,6,3,G-Rank,0.04036740903501158,0.029907707978341476,0.029050419154164817,288,current-run measured OOF; recomputed only after all-complete
TrpB,T-DCG-96,6,3,T-Uniform-96,0.034383514781057105,0.025363875024112654,0.02474057939694831,96,current-run measured OOF; recomputed only after all-complete
TrpB,T-DCG-96,6,3,T-DCG-96,0.04609043976910165,0.02255201091038135,0.022418149928389672,96,current-run measured OOF; recomputed only after all-complete
TrpB,T-DCG-96,6,3,T-DCG-192,0.04355760321850673,0.023375900507785083,0.022740656590251762,192,current-run measured OOF; recomputed only after all-complete
TrpB,T-DCG-96,6,4,G-Rank,0.03597418467203776,0.022334699277524597,0.022334699277524597,384,current-run measured OOF; recomputed only after all-complete
TrpB,T-DCG-96,6,4,T-Uniform-96,0.03844112820095486,0.014020213374385125,0.014020213374385125,96,current-run measured OOF; recomputed only after all-complete
TrpB,T-DCG-96,6,4,T-DCG-96,0.06048764042362502,0.01597316503537217,0.01597316503537217,96,current-run measured OOF; recomputed only after all-complete
TrpB,T-DCG-96,6,4,T-DCG-192,0.04727414608089866,0.019419570164796333,0.019419570164796333,192,current-run measured OOF; recomputed only after all-complete
TrpB,T-DCG-192,6,1,G-Rank,0.17735064471209494,0.15545371726707177,0.14165476037253877,96,current-run measured OOF; recomputed only after all-complete
TrpB,T-DCG-192,6,1,T-Uniform-96,0.17735064471209494,0.15545371726707177,0.14165476037253877,96,current-run measured OOF; recomputed only after all-complete
TrpB,T-DCG-192,6,1,T-DCG-96,0.202479691834594,0.14698421525026723,0.13997460429824418,96,current-run measured OOF; recomputed only after all-complete
TrpB,T-DCG-192,6,1,T-DCG-192,0.202479691834594,0.14698421525026723,0.13997460429824418,96,current-run measured OOF; recomputed only after all-complete
TrpB,T-DCG-192,6,2,G-Rank,0.03521248146339699,0.03753718623408565,0.029741204097044848,192,current-run measured OOF; recomputed only after all-complete
TrpB,T-DCG-192,6,2,T-Uniform-96,0.02678002251519097,0.024531611689814815,0.020505956292414824,96,current-run measured OOF; recomputed only after all-complete
TrpB,T-DCG-192,6,2,T-DCG-96,0.024828456151708526,0.02424038040722845,0.019769720148024254,96,current-run measured OOF; recomputed only after all-complete
TrpB,T-DCG-192,6,2,T-DCG-192,0.03234165676378944,0.034442821793871675,0.027293676824241917,192,current-run measured OOF; recomputed only after all-complete
TrpB,T-DCG-192,6,3,G-Rank,0.04515787341794196,0.029308408049071928,0.028823938351560892,288,current-run measured OOF; recomputed only after all-complete
TrpB,T-DCG-192,6,3,T-Uniform-96,0.03610468106995885,0.02689289359889403,0.026140835345435237,96,current-run measured OOF; recomputed only after all-complete
TrpB,T-DCG-192,6,3,T-DCG-96,0.048041249183672516,0.023785057899754082,0.023696609380464605,96,current-run measured OOF; recomputed only after all-complete
TrpB,T-DCG-192,6,3,T-DCG-192,0.047830768998865514,0.02237081158798774,0.022180936941286904,192,current-run measured OOF; recomputed only after all-complete
TrpB,T-DCG-192,6,4,G-Rank,0.03730787171257867,0.024413135316636827,0.02376197488371083,384,current-run measured OOF; recomputed only after all-complete
TrpB,T-DCG-192,6,4,T-Uniform-96,0.03623651575159143,0.017821135344328703,0.017686100732412894,96,current-run measured OOF; recomputed only after all-complete
TrpB,T-DCG-192,6,4,T-DCG-96,0.05437614248206788,0.01926075013035235,0.019887915447979396,96,current-run measured OOF; recomputed only after all-complete
TrpB,T-DCG-192,6,4,T-DCG-192,0.04451286610113328,0.02230432383224694,0.022152703087576907,192,current-run measured OOF; recomputed only after all-complete
TrpB,G-Rank,7,1,G-Rank,0.1608101173683449,0.14965424714265047,0.1295525181523101,96,current-run measured OOF; recomputed only after all-complete
TrpB,G-Rank,7,1,T-Uniform-96,0.1608101173683449,0.14965424714265047,0.1295525181523101,96,current-run measured OOF; recomputed only after all-complete
TrpB,G-Rank,7,1,T-DCG-96,0.15364171632052967,0.1689438865530678,0.13306546192799276,96,current-run measured OOF; recomputed only after all-complete
TrpB,G-Rank,7,1,T-DCG-192,0.15364171632052967,0.1689438865530678,0.13306546192799276,96,current-run measured OOF; recomputed only after all-complete
TrpB,G-Rank,7,2,G-Rank,0.052844859935619215,0.04611997251157407,0.04209948988601206,192,current-run measured OOF; recomputed only after all-complete
TrpB,G-Rank,7,2,T-Uniform-96,0.029106422706886573,0.023072984483506944,0.01949628214474187,96,current-run measured OOF; recomputed only after all-complete
TrpB,G-Rank,7,2,T-DCG-96,0.034005612284585984,0.02481017290745847,0.02164181585748164,96,current-run measured OOF; recomputed only after all-complete
TrpB,G-Rank,7,2,T-DCG-192,0.05044446382566822,0.04185855747732934,0.03819679023188148,192,current-run measured OOF; recomputed only after all-complete
TrpB,G-Rank,7,3,G-Rank,0.03145851585273063,0.027791508594821674,0.024712138459701372,288,current-run measured OOF; recomputed only after all-complete
TrpB,G-Rank,7,3,T-Uniform-96,0.029558472182034463,0.021289213204089507,0.020948679447536932,96,current-run measured OOF; recomputed only after all-complete
TrpB,G-Rank,7,3,T-DCG-96,0.030311958140485623,0.019031771482670164,0.019890866841673235,96,current-run measured OOF; recomputed only after all-complete
TrpB,G-Rank,7,3,T-DCG-192,0.0311089983891647,0.022310194794295832,0.021645190326050997,192,current-run measured OOF; recomputed only after all-complete
TrpB,G-Rank,7,4,G-Rank,0.038121294092248986,0.02541796366373698,0.023775123179377744,384,current-run measured OOF; recomputed only after all-complete
TrpB,G-Rank,7,4,T-Uniform-96,0.04335799040617766,0.023822925708912035,0.025113818004879305,96,current-run measured OOF; recomputed only after all-complete
TrpB,G-Rank,7,4,T-DCG-96,0.04074610370339616,0.026195153574657026,0.02619641900417078,96,current-run measured OOF; recomputed only after all-complete
TrpB,G-Rank,7,4,T-DCG-192,0.04030152484666806,0.027810183702296376,0.02595782778513894,192,current-run measured OOF; recomputed only after all-complete
TrpB,T-Uniform-96,7,1,G-Rank,0.1608101173683449,0.14965424714265047,0.1295525181523101,96,current-run measured OOF; recomputed only after all-complete
TrpB,T-Uniform-96,7,1,T-Uniform-96,0.1608101173683449,0.14965424714265047,0.1295525181523101,96,current-run measured OOF; recomputed only after all-complete
TrpB,T-Uniform-96,7,1,T-DCG-96,0.15364171632052967,0.1689438865530678,0.13306546192799276,96,current-run measured OOF; recomputed only after all-complete
TrpB,T-Uniform-96,7,1,T-DCG-192,0.15364171632052967,0.1689438865530678,0.13306546192799276,96,current-run measured OOF; recomputed only after all-complete
TrpB,T-Uniform-96,7,2,G-Rank,0.052844859935619215,0.04611997251157407,0.042099500760386876,192,current-run measured OOF; recomputed only after all-complete
TrpB,T-Uniform-96,7,2,T-Uniform-96,0.029106422706886573,0.023072984483506944,0.01949627243875382,96,current-run measured OOF; recomputed only after all-complete
TrpB,T-Uniform-96,7,2,T-DCG-96,0.034005612284585984,0.02481017290745847,0.021640339419692317,96,current-run measured OOF; recomputed only after all-complete
TrpB,T-Uniform-96,7,2,T-DCG-192,0.05044446382566822,0.04185855747732934,0.03819586205367354,192,current-run measured OOF; recomputed only after all-complete
TrpB,T-Uniform-96,7,3,G-Rank,0.03145851585273063,0.027791508594821674,0.025285275207884813,288,current-run measured OOF; recomputed only after all-complete
TrpB,T-Uniform-96,7,3,T-Uniform-96,0.029558472182034463,0.021289213204089507,0.020486600816881757,96,current-run measured OOF; recomputed only after all-complete
TrpB,T-Uniform-96,7,3,T-DCG-96,0.030311958140485623,0.019031771482670164,0.01890886301849187,96,current-run measured OOF; recomputed only after all-complete
TrpB,T-Uniform-96,7,3,T-DCG-192,0.0311089983891647,0.022310194794295832,0.02123393695008947,192,current-run measured OOF; recomputed only after all-complete
TrpB,T-Uniform-96,7,4,G-Rank,0.03618452284071181,0.024719697457772718,0.024719697457772718,384,current-run measured OOF; recomputed only after all-complete
TrpB,T-Uniform-96,7,4,T-Uniform-96,0.04306376421893085,0.018821292453342017,0.018821292453342017,96,current-run measured OOF; recomputed only after all-complete
TrpB,T-Uniform-96,7,4,T-DCG-96,0.039138437636541866,0.01598192316760721,0.01598192316760721,96,current-run measured OOF; recomputed only after all-complete
TrpB,T-Uniform-96,7,4,T-DCG-192,0.03799465075183546,0.02055104060090941,0.02055104060090941,192,current-run measured OOF; recomputed only after all-complete
TrpB,T-DCG-96,7,1,G-Rank,0.1608101173683449,0.14965424714265047,0.13101319749646603,96,current-run measured OOF; recomputed only after all-complete
TrpB,T-DCG-96,7,1,T-Uniform-96,0.1608101173683449,0.14965424714265047,0.13101319749646603,96,current-run measured OOF; recomputed only after all-complete
TrpB,T-DCG-96,7,1,T-DCG-96,0.15364171632052967,0.1689438865530678,0.131371590254732,96,current-run measured OOF; recomputed only after all-complete
TrpB,T-DCG-96,7,1,T-DCG-192,0.15364171632052967,0.1689438865530678,0.131371590254732,96,current-run measured OOF; recomputed only after all-complete
TrpB,T-DCG-96,7,2,G-Rank,0.048940164071542246,0.041714703595196766,0.03677145282608243,192,current-run measured OOF; recomputed only after all-complete
TrpB,T-DCG-96,7,2,T-Uniform-96,0.03403811984592014,0.02949439154730903,0.024287068269507956,96,current-run measured OOF; recomputed only after all-complete
TrpB,T-DCG-96,7,2,T-DCG-96,0.041015381133048034,0.03072674261526222,0.027101306650135253,96,current-run measured OOF; recomputed only after all-complete
TrpB,T-DCG-96,7,2,T-DCG-192,0.04978689810865833,0.0396389457582718,0.035579601233381886,192,current-run measured OOF; recomputed only after all-complete
TrpB,T-DCG-96,7,3,G-Rank,0.037032892674575615,0.02786987472136488,0.026873108872803794,288,current-run measured OOF; recomputed only after all-complete
TrpB,T-DCG-96,7,3,T-Uniform-96,0.03742120687853653,0.02390958056037809,0.023415101520301976,96,current-run measured OOF; recomputed only after all-complete
TrpB,T-DCG-96,7,3,T-DCG-96,0.03972099376360539,0.025493227950063833,0.025179012883718477,96,current-run measured OOF; recomputed only after all-complete
TrpB,T-DCG-96,7,3,T-DCG-192,0.04056305687727884,0.027045632103281522,0.02649101124390831,192,current-run measured OOF; recomputed only after all-complete
TrpB,T-DCG-96,7,4,G-Rank,0.030582604584870516,0.023683477331090858,0.023683477331090858,384,current-run measured OOF; recomputed only after all-complete
TrpB,T-DCG-96,7,4,T-Uniform-96,0.035095285486291955,0.016674606888382525,0.016674606888382525,96,current-run measured OOF; recomputed only after all-complete
TrpB,T-DCG-96,7,4,T-DCG-96,0.0421999912939987,0.014207281310869811,0.014207281310869811,96,current-run measured OOF; recomputed only after all-complete
TrpB,T-DCG-96,7,4,T-DCG-192,0.03591083129049796,0.01973652942317485,0.01973652942317485,192,current-run measured OOF; recomputed only after all-complete
TrpB,T-DCG-192,7,1,G-Rank,0.1608101173683449,0.14965424714265047,0.13101319749646603,96,current-run measured OOF; recomputed only after all-complete
TrpB,T-DCG-192,7,1,T-Uniform-96,0.1608101173683449,0.14965424714265047,0.13101319749646603,96,current-run measured OOF; recomputed only after all-complete
TrpB,T-DCG-192,7,1,T-DCG-96,0.15364171632052967,0.1689438865530678,0.131371590254732,96,current-run measured OOF; recomputed only after all-complete
TrpB,T-DCG-192,7,1,T-DCG-192,0.15364171632052967,0.1689438865530678,0.131371590254732,96,current-run measured OOF; recomputed only after all-complete
TrpB,T-DCG-192,7,2,G-Rank,0.048940164071542246,0.041714703595196766,0.03673873433870461,192,current-run measured OOF; recomputed only after all-complete
TrpB,T-DCG-192,7,2,T-Uniform-96,0.03403811984592014,0.02949439154730903,0.02423571153514958,96,current-run measured OOF; recomputed only after all-complete
TrpB,T-DCG-192,7,2,T-DCG-96,0.041015381133048034,0.03072674261526222,0.027104781420700035,96,current-run measured OOF; recomputed only after all-complete
TrpB,T-DCG-192,7,2,T-DCG-192,0.04978689810865833,0.0396389457582718,0.035575937439298204,192,current-run measured OOF; recomputed only after all-complete
TrpB,T-DCG-192,7,3,G-Rank,0.034854883683234736,0.026671065551590364,0.025024823317450512,288,current-run measured OOF; recomputed only after all-complete
TrpB,T-DCG-192,7,3,T-Uniform-96,0.03556214634773663,0.02398216969682356,0.02273202295460444,96,current-run measured OOF; recomputed only after all-complete
TrpB,T-DCG-192,7,3,T-DCG-96,0.03371880701767289,0.02220994719409741,0.021134281095502926,96,current-run measured OOF; recomputed only after all-complete
TrpB,T-DCG-192,7,3,T-DCG-192,0.03638167837458286,0.024707197945489468,0.0235750060634944,192,current-run measured OOF; recomputed only after all-complete
TrpB,T-DCG-192,7,4,G-Rank,0.033766093077483,0.021344467445656105,0.02057164829765681,384,current-run measured OOF; recomputed only after all-complete
TrpB,T-DCG-192,7,4,T-Uniform-96,0.04310763323748554,0.016228499235930265,0.01706176438529117,96,current-run measured OOF; recomputed only after all-complete
TrpB,T-DCG-192,7,4,T-DCG-96,0.05151394417476265,0.014042264864323972,0.015367090671454973,96,current-run measured OOF; recomputed only after all-complete
TrpB,T-DCG-192,7,4,T-DCG-192,0.041282124544293294,0.01897193730199259,0.018583956339209277,192,current-run measured OOF; recomputed only after all-complete
TrpB,G-Rank,8,1,G-Rank,0.15665011935763887,0.15903727213541669,0.12489480866252896,96,current-run measured OOF; recomputed only after all-complete
TrpB,G-Rank,8,1,T-Uniform-96,0.15665011935763887,0.15903727213541669,0.12489480866252896,96,current-run measured OOF; recomputed only after all-complete
TrpB,G-Rank,8,1,T-DCG-96,0.17847105791198806,0.16939670156807035,0.14329957963258314,96,current-run measured OOF; recomputed only after all-complete
TrpB,G-Rank,8,1,T-DCG-192,0.17847105791198806,0.16939670156807035,0.14329957963258314,96,current-run measured OOF; recomputed only after all-complete
TrpB,G-Rank,8,2,G-Rank,0.07396754512080439,0.07793807983398438,0.05705324434564026,192,current-run measured OOF; recomputed only after all-complete
TrpB,G-Rank,8,2,T-Uniform-96,0.06690103036385996,0.07920696117259839,0.05972324133345125,96,current-run measured OOF; recomputed only after all-complete
TrpB,G-Rank,8,2,T-DCG-96,0.05525088860093253,0.06504778526408368,0.04939491635879902,96,current-run measured OOF; recomputed only after all-complete
TrpB,G-Rank,8,2,T-DCG-192,0.0649571830252613,0.06918956887127309,0.05093124471112034,192,current-run measured OOF; recomputed only after all-complete
TrpB,G-Rank,8,3,G-Rank,0.03488196855709877,0.03382197459865826,0.02808637731745697,288,current-run measured OOF; recomputed only after all-complete
TrpB,G-Rank,8,3,T-Uniform-96,0.015473165629822531,0.010675877700617281,0.01040652587154831,96,current-run measured OOF; recomputed only after all-complete
TrpB,G-Rank,8,3,T-DCG-96,0.013871103777261026,0.009447666695706139,0.009239588013172114,96,current-run measured OOF; recomputed only after all-complete
TrpB,G-Rank,8,3,T-DCG-192,0.025177956029003037,0.02316286311946388,0.019829175656899484,192,current-run measured OOF; recomputed only after all-complete
TrpB,G-Rank,8,4,G-Rank,0.023462931315104168,0.021012906674985534,0.018007198676956482,384,current-run measured OOF; recomputed only after all-complete
TrpB,G-Rank,8,4,T-Uniform-96,0.011214927390769675,0.009604983859592013,0.007458743375450609,96,current-run measured OOF; recomputed only after all-complete
TrpB,G-Rank,8,4,T-DCG-96,0.00933029897600288,0.008395189171210566,0.00643020375686568,96,current-run measured OOF; recomputed only after all-complete
TrpB,G-Rank,8,4,T-DCG-192,0.012782445966603223,0.012197030782737503,0.009262137528837101,192,current-run measured OOF; recomputed only after all-complete
TrpB,T-Uniform-96,8,1,G-Rank,0.15665011935763887,0.15903727213541669,0.12489480866252896,96,current-run measured OOF; recomputed only after all-complete
TrpB,T-Uniform-96,8,1,T-Uniform-96,0.15665011935763887,0.15903727213541669,0.12489480866252896,96,current-run measured OOF; recomputed only after all-complete
TrpB,T-Uniform-96,8,1,T-DCG-96,0.17847105791198806,0.16939670156807035,0.14329957963258314,96,current-run measured OOF; recomputed only after all-complete
TrpB,T-Uniform-96,8,1,T-DCG-192,0.17847105791198806,0.16939670156807035,0.14329957963258314,96,current-run measured OOF; recomputed only after all-complete
TrpB,T-Uniform-96,8,2,G-Rank,0.07396754512080439,0.07793807983398438,0.05768585280790812,192,current-run measured OOF; recomputed only after all-complete
TrpB,T-Uniform-96,8,2,T-Uniform-96,0.06690103036385996,0.07920696117259839,0.05928545782081083,96,current-run measured OOF; recomputed only after all-complete
TrpB,T-Uniform-96,8,2,T-DCG-96,0.05525088860093253,0.06504778526408368,0.0490539005985366,96,current-run measured OOF; recomputed only after all-complete
TrpB,T-Uniform-96,8,2,T-DCG-192,0.0649571830252613,0.06918956887127309,0.05139332927535593,192,current-run measured OOF; recomputed only after all-complete
TrpB,T-Uniform-96,8,3,G-Rank,0.035142895943179875,0.032504067335926784,0.027734272848695427,288,current-run measured OOF; recomputed only after all-complete
TrpB,T-Uniform-96,8,3,T-Uniform-96,0.015202902962641459,0.01149495442708333,0.010258804131491184,96,current-run measured OOF; recomputed only after all-complete
TrpB,T-Uniform-96,8,3,T-DCG-96,0.013296884312583447,0.010149550650160951,0.009033128376866836,96,current-run measured OOF; recomputed only after all-complete
TrpB,T-Uniform-96,8,3,T-DCG-192,0.024692610966621543,0.022632146843487758,0.019527865241866487,192,current-run measured OOF; recomputed only after all-complete
TrpB,T-Uniform-96,8,4,G-Rank,0.02378414295337818,0.019662503842954284,0.017045513341670617,384,current-run measured OOF; recomputed only after all-complete
TrpB,T-Uniform-96,8,4,T-Uniform-96,0.01528810571741175,0.010474310980902781,0.009258630155082118,96,current-run measured OOF; recomputed only after all-complete
TrpB,T-Uniform-96,8,4,T-DCG-96,0.013467332906318482,0.008936634777797376,0.00801791884027314,96,current-run measured OOF; recomputed only after all-complete
TrpB,T-Uniform-96,8,4,T-DCG-192,0.016930008035439533,0.012396996403816765,0.010400491458965452,192,current-run measured OOF; recomputed only after all-complete
TrpB,T-DCG-96,8,1,G-Rank,0.15665011935763887,0.15903727213541669,0.12517329323739892,96,current-run measured OOF; recomputed only after all-complete
TrpB,T-DCG-96,8,1,T-Uniform-96,0.15665011935763887,0.15903727213541669,0.12517329323739892,96,current-run measured OOF; recomputed only after all-complete
TrpB,T-DCG-96,8,1,T-DCG-96,0.17847105791198806,0.16939670156807035,0.14303979266456227,96,current-run measured OOF; recomputed only after all-complete
TrpB,T-DCG-96,8,1,T-DCG-192,0.17847105791198806,0.16939670156807035,0.14303979266456227,96,current-run measured OOF; recomputed only after all-complete
TrpB,T-DCG-96,8,2,G-Rank,0.07073197541413484,0.0761707447193287,0.05825978601447613,192,current-run measured OOF; recomputed only after all-complete
TrpB,T-DCG-96,8,2,T-Uniform-96,0.059727986653645836,0.07307942708333333,0.054919015167228406,96,current-run measured OOF; recomputed only after all-complete
TrpB,T-DCG-96,8,2,T-DCG-96,0.048903735179188695,0.05965785880630194,0.04506218344998847,96,current-run measured OOF; recomputed only after all-complete
TrpB,T-DCG-96,8,2,T-DCG-192,0.061437806562242556,0.0670364727035733,0.05114084272938389,192,current-run measured OOF; recomputed only after all-complete
TrpB,T-DCG-96,8,3,G-Rank,0.03515901290830761,0.03338911896379887,0.027356545234095957,288,current-run measured OOF; recomputed only after all-complete
TrpB,T-DCG-96,8,3,T-Uniform-96,0.013730398421424895,0.013294612429269548,0.00989551626636819,96,current-run measured OOF; recomputed only after all-complete
TrpB,T-DCG-96,8,3,T-DCG-96,0.012850630837745845,0.014199869512191649,0.009995109435795799,96,current-run measured OOF; recomputed only after all-complete
TrpB,T-DCG-96,8,3,T-DCG-192,0.02559891413699823,0.02639170778672968,0.02041250761873771,192,current-run measured OOF; recomputed only after all-complete
TrpB,T-DCG-96,8,4,G-Rank,0.02345210534554941,0.020546895486337168,0.019452375482141692,384,current-run measured OOF; recomputed only after all-complete
TrpB,T-DCG-96,8,4,T-Uniform-96,0.010159245243778935,0.012228647867838545,0.00842388523045788,96,current-run measured OOF; recomputed only after all-complete
TrpB,T-DCG-96,8,4,T-DCG-96,0.015516805822744556,0.020219387602678024,0.014723358904438601,96,current-run measured OOF; recomputed only after all-complete
TrpB,T-DCG-96,8,4,T-DCG-192,0.01737564178716738,0.018641227610923777,0.015259079893275929,192,current-run measured OOF; recomputed only after all-complete
TrpB,T-DCG-192,8,1,G-Rank,0.15665011935763887,0.15903727213541669,0.12517329323739892,96,current-run measured OOF; recomputed only after all-complete
TrpB,T-DCG-192,8,1,T-Uniform-96,0.15665011935763887,0.15903727213541669,0.12517329323739892,96,current-run measured OOF; recomputed only after all-complete
TrpB,T-DCG-192,8,1,T-DCG-96,0.17847105791198806,0.16939670156807035,0.14303979266456227,96,current-run measured OOF; recomputed only after all-complete
TrpB,T-DCG-192,8,1,T-DCG-192,0.17847105791198806,0.16939670156807035,0.14303979266456227,96,current-run measured OOF; recomputed only after all-complete
TrpB,T-DCG-192,8,2,G-Rank,0.07073197541413484,0.0761707447193287,0.05736990502315877,192,current-run measured OOF; recomputed only after all-complete
TrpB,T-DCG-192,8,2,T-Uniform-96,0.059727986653645836,0.07307942708333333,0.05541216466069726,96,current-run measured OOF; recomputed only after all-complete
TrpB,T-DCG-192,8,2,T-DCG-96,0.048903735179188695,0.05965785880630194,0.04546270888547469,96,current-run measured OOF; recomputed only after all-complete
TrpB,T-DCG-192,8,2,T-DCG-192,0.061437806562242556,0.0670364727035733,0.05048852672845093,192,current-run measured OOF; recomputed only after all-complete
TrpB,T-DCG-192,8,3,G-Rank,0.03734158488458076,0.032464758685913926,0.02798461557459081,288,current-run measured OOF; recomputed only after all-complete
TrpB,T-DCG-192,8,3,T-Uniform-96,0.01602022147472994,0.01240382567354681,0.010618151299211856,96,current-run measured OOF; recomputed only after all-complete
TrpB,T-DCG-192,8,3,T-DCG-96,0.015607723598843683,0.012240602501174858,0.010647201762519964,96,current-run measured OOF; recomputed only after all-complete
TrpB,T-DCG-192,8,3,T-DCG-192,0.028537880282487934,0.024100032305673952,0.020808640238903244,192,current-run measured OOF; recomputed only after all-complete
TrpB,T-DCG-192,8,4,G-Rank,0.025046207286693434,0.021612449928566257,0.018973546483869643,384,current-run measured OOF; recomputed only after all-complete
TrpB,T-DCG-192,8,4,T-Uniform-96,0.013939398306387442,0.012727313571506074,0.010607986102115571,96,current-run measured OOF; recomputed only after all-complete
TrpB,T-DCG-192,8,4,T-DCG-96,0.013182638644787161,0.012766845693850466,0.010493121340670321,96,current-run measured OOF; recomputed only after all-complete
TrpB,T-DCG-192,8,4,T-DCG-192,0.017849078574760306,0.014821210777466362,0.012793189155621183,192,current-run measured OOF; recomputed only after all-complete
TrpB,G-Rank,9,1,G-Rank,0.1388617621527778,0.15256528501157407,0.09922778817776372,96,current-run measured OOF; recomputed only after all-complete
TrpB,G-Rank,9,1,T-Uniform-96,0.1388617621527778,0.15256528501157407,0.09922778817776372,96,current-run measured OOF; recomputed only after all-complete
TrpB,G-Rank,9,1,T-DCG-96,0.15673823579471036,0.1763957181624506,0.1249119365606817,96,current-run measured OOF; recomputed only after all-complete
TrpB,G-Rank,9,1,T-DCG-192,0.15673823579471036,0.1763957181624506,0.1249119365606817,96,current-run measured OOF; recomputed only after all-complete
TrpB,G-Rank,9,2,G-Rank,0.0453878332067419,0.04246450353551793,0.03704498780407631,192,current-run measured OOF; recomputed only after all-complete
TrpB,G-Rank,9,2,T-Uniform-96,0.0293203283239294,0.022373623318142365,0.021696171146026132,96,current-run measured OOF; recomputed only after all-complete
TrpB,G-Rank,9,2,T-DCG-96,0.027813859185355543,0.022242414957761986,0.021228533346813766,96,current-run measured OOF; recomputed only after all-complete
TrpB,G-Rank,9,2,T-DCG-192,0.041072085037740416,0.038040916730411115,0.03341912074850435,192,current-run measured OOF; recomputed only after all-complete
TrpB,G-Rank,9,3,G-Rank,0.031197337293167014,0.0303297003600823,0.026192540847668817,288,current-run measured OOF; recomputed only after all-complete
TrpB,G-Rank,9,3,T-Uniform-96,0.0214392893598894,0.017461329330632717,0.015937799683783154,96,current-run measured OOF; recomputed only after all-complete
TrpB,G-Rank,9,3,T-DCG-96,0.02075473724392712,0.015836805676695816,0.015091759681460723,96,current-run measured OOF; recomputed only after all-complete
TrpB,G-Rank,9,3,T-DCG-192,0.02590730881996626,0.022758566370907823,0.02051831846326992,192,current-run measured OOF; recomputed only after all-complete
TrpB,G-Rank,9,4,G-Rank,0.03973685370551216,0.025177514111554177,0.02418862820973715,384,current-run measured OOF; recomputed only after all-complete
TrpB,G-Rank,9,4,T-Uniform-96,0.030766663727936922,0.016644442522967304,0.015686691403401638,96,current-run measured OOF; recomputed only after all-complete
TrpB,G-Rank,9,4,T-DCG-96,0.04937895629727247,0.01860706225511009,0.019903192969410125,96,current-run measured OOF; recomputed only after all-complete
TrpB,G-Rank,9,4,T-DCG-192,0.044707900389748055,0.020866999854680008,0.021384915038499305,192,current-run measured OOF; recomputed only after all-complete
TrpB,T-Uniform-96,9,1,G-Rank,0.1388617621527778,0.15256528501157407,0.09922778817776372,96,current-run measured OOF; recomputed only after all-complete
TrpB,T-Uniform-96,9,1,T-Uniform-96,0.1388617621527778,0.15256528501157407,0.09922778817776372,96,current-run measured OOF; recomputed only after all-complete
TrpB,T-Uniform-96,9,1,T-DCG-96,0.15673823579471036,0.1763957181624506,0.1249119365606817,96,current-run measured OOF; recomputed only after all-complete
TrpB,T-Uniform-96,9,1,T-DCG-192,0.15673823579471036,0.1763957181624506,0.1249119365606817,96,current-run measured OOF; recomputed only after all-complete
TrpB,T-Uniform-96,9,2,G-Rank,0.0453878332067419,0.04246450353551793,0.03786401666298489,192,current-run measured OOF; recomputed only after all-complete
TrpB,T-Uniform-96,9,2,T-Uniform-96,0.0293203283239294,0.022373623318142365,0.021236037795382245,96,current-run measured OOF; recomputed only after all-complete
TrpB,T-Uniform-96,9,2,T-DCG-96,0.027813859185355543,0.022242414957761986,0.020952299957694178,96,current-run measured OOF; recomputed only after all-complete
TrpB,T-Uniform-96,9,2,T-DCG-192,0.041072085037740416,0.038040916730411115,0.03407159818701023,192,current-run measured OOF; recomputed only after all-complete
TrpB,T-Uniform-96,9,3,G-Rank,0.029804873368377054,0.028251993312757198,0.025013901241076178,288,current-run measured OOF; recomputed only after all-complete
TrpB,T-Uniform-96,9,3,T-Uniform-96,0.019225948632008747,0.017978621117862654,0.015327345781156847,96,current-run measured OOF; recomputed only after all-complete
TrpB,T-Uniform-96,9,3,T-DCG-96,0.019245987021064566,0.016844084816703644,0.015195429146095445,96,current-run measured OOF; recomputed only after all-complete
TrpB,T-Uniform-96,9,3,T-DCG-192,0.024774057306846474,0.021483201140705593,0.019767341117745744,192,current-run measured OOF; recomputed only after all-complete
TrpB,T-Uniform-96,9,4,G-Rank,0.038446126160798254,0.026343822479248047,0.024627419017936084,384,current-run measured OOF; recomputed only after all-complete
TrpB,T-Uniform-96,9,4,T-Uniform-96,0.031444408275462965,0.019204457600911457,0.017797632119332045,96,current-run measured OOF; recomputed only after all-complete
TrpB,T-Uniform-96,9,4,T-DCG-96,0.045990533199353076,0.01979344129179144,0.020747406990876623,96,current-run measured OOF; recomputed only after all-complete
TrpB,T-Uniform-96,9,4,T-DCG-192,0.04102323183108355,0.02194324553148006,0.02163780552554088,192,current-run measured OOF; recomputed only after all-complete
TrpB,T-DCG-96,9,1,G-Rank,0.1388617621527778,0.15256528501157407,0.09932272649524922,96,current-run measured OOF; recomputed only after all-complete
TrpB,T-DCG-96,9,1,T-Uniform-96,0.1388617621527778,0.15256528501157407,0.09932272649524922,96,current-run measured OOF; recomputed only after all-complete
TrpB,T-DCG-96,9,1,T-DCG-96,0.15673823579471036,0.1763957181624506,0.12482742848044696,96,current-run measured OOF; recomputed only after all-complete
TrpB,T-DCG-96,9,1,T-DCG-192,0.15673823579471036,0.1763957181624506,0.12482742848044696,96,current-run measured OOF; recomputed only after all-complete
TrpB,T-DCG-96,9,2,G-Rank,0.04445464522750289,0.042362213134765625,0.03671138505177655,192,current-run measured OOF; recomputed only after all-complete
TrpB,T-DCG-96,9,2,T-Uniform-96,0.025676586009837965,0.02268699363425926,0.020140943771712747,96,current-run measured OOF; recomputed only after all-complete
TrpB,T-DCG-96,9,2,T-DCG-96,0.02390724156977162,0.021896127307795697,0.019098957706580415,96,current-run measured OOF; recomputed only after all-complete
TrpB,T-DCG-96,9,2,T-DCG-192,0.03940515892270149,0.037694923920068055,0.032528326214169116,192,current-run measured OOF; recomputed only after all-complete
TrpB,T-DCG-96,9,3,G-Rank,0.036431960117669755,0.03199071059992284,0.029023009899649104,288,current-run measured OOF; recomputed only after all-complete
TrpB,T-DCG-96,9,3,T-Uniform-96,0.021026234567901234,0.020109828116962446,0.017388502451541013,96,current-run measured OOF; recomputed only after all-complete
TrpB,T-DCG-96,9,3,T-DCG-96,0.020298068799980817,0.01854745260224843,0.01639816170673528,96,current-run measured OOF; recomputed only after all-complete
TrpB,T-DCG-96,9,3,T-DCG-192,0.026816075700242217,0.02263826446900079,0.020807423873792176,192,current-run measured OOF; recomputed only after all-complete
TrpB,T-DCG-96,9,4,G-Rank,0.03496629220468026,0.02356303179705584,0.023221449807251732,384,current-run measured OOF; recomputed only after all-complete
TrpB,T-DCG-96,9,4,T-Uniform-96,0.030700754236291955,0.015256740428783278,0.015025893318307315,96,current-run measured OOF; recomputed only after all-complete
TrpB,T-DCG-96,9,4,T-DCG-96,0.04486163734207087,0.017409816484562225,0.017379958744162767,96,current-run measured OOF; recomputed only after all-complete
TrpB,T-DCG-96,9,4,T-DCG-192,0.04095360230628062,0.01965894654364054,0.019482016827951247,192,current-run measured OOF; recomputed only after all-complete
TrpB,T-DCG-192,9,1,G-Rank,0.1388617621527778,0.15256528501157407,0.09932272649524922,96,current-run measured OOF; recomputed only after all-complete
TrpB,T-DCG-192,9,1,T-Uniform-96,0.1388617621527778,0.15256528501157407,0.09932272649524922,96,current-run measured OOF; recomputed only after all-complete
TrpB,T-DCG-192,9,1,T-DCG-96,0.15673823579471036,0.1763957181624506,0.12482742848044696,96,current-run measured OOF; recomputed only after all-complete
TrpB,T-DCG-192,9,1,T-DCG-192,0.15673823579471036,0.1763957181624506,0.12482742848044696,96,current-run measured OOF; recomputed only after all-complete
TrpB,T-DCG-192,9,2,G-Rank,0.04445464522750289,0.042362213134765625,0.0366905966135589,192,current-run measured OOF; recomputed only after all-complete
TrpB,T-DCG-192,9,2,T-Uniform-96,0.025676586009837965,0.02268699363425926,0.020184813192647127,96,current-run measured OOF; recomputed only after all-complete
TrpB,T-DCG-192,9,2,T-DCG-96,0.02390724156977162,0.021896127307795697,0.019114035509384807,96,current-run measured OOF; recomputed only after all-complete
TrpB,T-DCG-192,9,2,T-DCG-192,0.03940515892270149,0.037694923920068055,0.03250404213264168,192,current-run measured OOF; recomputed only after all-complete
TrpB,T-DCG-192,9,3,G-Rank,0.035373096439900546,0.030839205769354425,0.02827210951261126,288,current-run measured OOF; recomputed only after all-complete
TrpB,T-DCG-192,9,3,T-Uniform-96,0.02083521713445216,0.01926739225662294,0.01692293158547564,96,current-run measured OOF; recomputed only after all-complete
TrpB,T-DCG-192,9,3,T-DCG-96,0.02107633038005759,0.017503977012815898,0.015808753386057407,96,current-run measured OOF; recomputed only after all-complete
TrpB,T-DCG-192,9,3,T-DCG-192,0.02817299246938821,0.02170534859458584,0.020126643011171237,192,current-run measured OOF; recomputed only after all-complete
TrpB,T-DCG-192,9,4,G-Rank,0.03525211192943432,0.02422544691297743,0.02313341632006537,384,current-run measured OOF; recomputed only after all-complete
TrpB,T-DCG-192,9,4,T-Uniform-96,0.02720656218352141,0.015973550302010996,0.015463099803583522,96,current-run measured OOF; recomputed only after all-complete
TrpB,T-DCG-192,9,4,T-DCG-96,0.03510743899819967,0.016347959781290874,0.016508397209571472,96,current-run measured OOF; recomputed only after all-complete
TrpB,T-DCG-192,9,4,T-DCG-192,0.034104550019199244,0.01870587362483587,0.018348989140792072,192,current-run measured OOF; recomputed only after all-complete
TrpB,G-Rank,10,1,G-Rank,0.13334373191550927,0.13910816333912038,0.10875214330871157,96,current-run measured OOF; recomputed only after all-complete
TrpB,G-Rank,10,1,T-Uniform-96,0.13334373191550927,0.13910816333912038,0.10875214330871157,96,current-run measured OOF; recomputed only after all-complete
TrpB,G-Rank,10,1,T-DCG-96,0.13367263223041734,0.12680598308665947,0.10499100471966907,96,current-run measured OOF; recomputed only after all-complete
TrpB,G-Rank,10,1,T-DCG-192,0.13367263223041734,0.12680598308665947,0.10499100471966907,96,current-run measured OOF; recomputed only after all-complete
TrpB,G-Rank,10,2,G-Rank,0.04368026168258101,0.04018854211877894,0.03298540075669529,192,current-run measured OOF; recomputed only after all-complete
TrpB,G-Rank,10,2,T-Uniform-96,0.04377916124131945,0.03499009874131944,0.029049775139471195,96,current-run measured OOF; recomputed only after all-complete
TrpB,G-Rank,10,2,T-DCG-96,0.046312680802287995,0.04119805079749665,0.0329493866035108,96,current-run measured OOF; recomputed only after all-complete
TrpB,G-Rank,10,2,T-DCG-192,0.04530918042354178,0.042645748387715544,0.03443534728096229,192,current-run measured OOF; recomputed only after all-complete
TrpB,G-Rank,10,3,G-Rank,0.032436376082390264,0.027064110189471878,0.024098544750904102,288,current-run measured OOF; recomputed only after all-complete
TrpB,G-Rank,10,3,T-Uniform-96,0.03638976297260803,0.028282385304140945,0.02546544809815,96,current-run measured OOF; recomputed only after all-complete
TrpB,G-Rank,10,3,T-DCG-96,0.03223200106240823,0.027131784377212337,0.023812167965370827,96,current-run measured OOF; recomputed only after all-complete
TrpB,G-Rank,10,3,T-DCG-192,0.031446097364643384,0.02633307687784237,0.02301793606288591,192,current-run measured OOF; recomputed only after all-complete
TrpB,G-Rank,10,4,G-Rank,0.03381665547688802,0.02392475693314164,0.023052143257451963,384,current-run measured OOF; recomputed only after all-complete
TrpB,G-Rank,10,4,T-Uniform-96,0.03499617399992765,0.021737628512912322,0.022518796569000642,96,current-run measured OOF; recomputed only after all-complete
TrpB,G-Rank,10,4,T-DCG-96,0.03549284745774797,0.02040450413670442,0.02177846398479197,96,current-run measured OOF; recomputed only after all-complete
TrpB,G-Rank,10,4,T-DCG-192,0.038830057219979175,0.023215553220164928,0.023974562067446418,192,current-run measured OOF; recomputed only after all-complete
TrpB,T-Uniform-96,10,1,G-Rank,0.13334373191550927,0.13910816333912038,0.10875214330871157,96,current-run measured OOF; recomputed only after all-complete
TrpB,T-Uniform-96,10,1,T-Uniform-96,0.13334373191550927,0.13910816333912038,0.10875214330871157,96,current-run measured OOF; recomputed only after all-complete
TrpB,T-Uniform-96,10,1,T-DCG-96,0.13367263223041734,0.12680598308665947,0.10499100471966907,96,current-run measured OOF; recomputed only after all-complete
TrpB,T-Uniform-96,10,1,T-DCG-192,0.13367263223041734,0.12680598308665947,0.10499100471966907,96,current-run measured OOF; recomputed only after all-complete
TrpB,T-Uniform-96,10,2,G-Rank,0.04368026168258101,0.04018854211877894,0.03311571555047954,192,current-run measured OOF; recomputed only after all-complete
TrpB,T-Uniform-96,10,2,T-Uniform-96,0.04377916124131945,0.03499009874131944,0.028902757475527258,96,current-run measured OOF; recomputed only after all-complete
TrpB,T-Uniform-96,10,2,T-DCG-96,0.046312680802287995,0.04119805079749665,0.033050552907637074,96,current-run measured OOF; recomputed only after all-complete
TrpB,T-Uniform-96,10,2,T-DCG-192,0.04530918042354178,0.042645748387715544,0.034640580956966774,192,current-run measured OOF; recomputed only after all-complete
TrpB,T-Uniform-96,10,3,G-Rank,0.033426418225951646,0.027114930957433128,0.02511026772649335,288,current-run measured OOF; recomputed only after all-complete
TrpB,T-Uniform-96,10,3,T-Uniform-96,0.037845313303755145,0.023888481987847227,0.022676450806845255,96,current-run measured OOF; recomputed only after all-complete
TrpB,T-Uniform-96,10,3,T-DCG-96,0.03222167212818167,0.02046658839892659,0.01949001407189021,96,current-run measured OOF; recomputed only after all-complete
TrpB,T-Uniform-96,10,3,T-DCG-192,0.03293451634208283,0.022490971562182868,0.02127836476206821,192,current-run measured OOF; recomputed only after all-complete
TrpB,T-Uniform-96,10,4,G-Rank,0.03291204240587023,0.0243143152307581,0.023224025728143725,384,current-run measured OOF; recomputed only after all-complete
TrpB,T-Uniform-96,10,4,T-Uniform-96,0.033998348094798896,0.020803098325376156,0.020150929850638134,96,current-run measured OOF; recomputed only after all-complete
TrpB,T-Uniform-96,10,4,T-DCG-96,0.040289147582223975,0.02520205933880491,0.025224616374255316,96,current-run measured OOF; recomputed only after all-complete
TrpB,T-Uniform-96,10,4,T-DCG-192,0.041276852215854795,0.026239162099291065,0.026045676102294253,192,current-run measured OOF; recomputed only after all-complete
TrpB,T-DCG-96,10,1,G-Rank,0.13334373191550927,0.13910816333912038,0.10914615248018156,96,current-run measured OOF; recomputed only after all-complete
TrpB,T-DCG-96,10,1,T-Uniform-96,0.13334373191550927,0.13910816333912038,0.10914615248018156,96,current-run measured OOF; recomputed only after all-complete
TrpB,T-DCG-96,10,1,T-DCG-96,0.13367263223041734,0.12680598308665947,0.10462429867594832,96,current-run measured OOF; recomputed only after all-complete
TrpB,T-DCG-96,10,1,T-DCG-192,0.13367263223041734,0.12680598308665947,0.10462429867594832,96,current-run measured OOF; recomputed only after all-complete
TrpB,T-DCG-96,10,2,G-Rank,0.04801799632884838,0.03822552716290509,0.03458138214019974,192,current-run measured OOF; recomputed only after all-complete
TrpB,T-DCG-96,10,2,T-Uniform-96,0.048344082302517355,0.033024823224103,0.030024616136773295,96,current-run measured OOF; recomputed only after all-complete
TrpB,T-DCG-96,10,2,T-DCG-96,0.05975702006947017,0.04130090863660766,0.03910903782025392,96,current-run measured OOF; recomputed only after all-complete
TrpB,T-DCG-96,10,2,T-DCG-192,0.05504569817752347,0.04191787188330118,0.038963789305259726,192,current-run measured OOF; recomputed only after all-complete
TrpB,T-DCG-96,10,3,G-Rank,0.029973034014917695,0.025606717919453018,0.025101309292639238,288,current-run measured OOF; recomputed only after all-complete
TrpB,T-DCG-96,10,3,T-Uniform-96,0.03309763213734568,0.02195972081565072,0.021902548394433053,96,current-run measured OOF; recomputed only after all-complete
TrpB,T-DCG-96,10,3,T-DCG-96,0.02791960347967121,0.018055891309431565,0.018023865333182346,96,current-run measured OOF; recomputed only after all-complete
TrpB,T-DCG-96,10,3,T-DCG-192,0.028823093463635156,0.022987837901292708,0.02264645398237876,192,current-run measured OOF; recomputed only after all-complete
TrpB,T-DCG-96,10,4,G-Rank,0.03469462747927065,0.020319046797575777,0.020319046797575777,384,current-run measured OOF; recomputed only after all-complete
TrpB,T-DCG-96,10,4,T-Uniform-96,0.042327880859375,0.017807148121021413,0.017807148121021413,96,current-run measured OOF; recomputed only after all-complete
TrpB,T-DCG-96,10,4,T-DCG-96,0.06443349920119339,0.014987001060776703,0.014987001060776703,96,current-run measured OOF; recomputed only after all-complete
TrpB,T-DCG-96,10,4,T-DCG-192,0.052917565975499785,0.018454626269897398,0.018454626269897398,192,current-run measured OOF; recomputed only after all-complete
TrpB,T-DCG-192,10,1,G-Rank,0.13334373191550927,0.13910816333912038,0.10914615248018156,96,current-run measured OOF; recomputed only after all-complete
TrpB,T-DCG-192,10,1,T-Uniform-96,0.13334373191550927,0.13910816333912038,0.10914615248018156,96,current-run measured OOF; recomputed only after all-complete
TrpB,T-DCG-192,10,1,T-DCG-96,0.13367263223041734,0.12680598308665947,0.10462429867594832,96,current-run measured OOF; recomputed only after all-complete
TrpB,T-DCG-192,10,1,T-DCG-192,0.13367263223041734,0.12680598308665947,0.10462429867594832,96,current-run measured OOF; recomputed only after all-complete
TrpB,T-DCG-192,10,2,G-Rank,0.04801799632884838,0.03822552716290509,0.034298244012337685,192,current-run measured OOF; recomputed only after all-complete
TrpB,T-DCG-192,10,2,T-Uniform-96,0.048344082302517355,0.033024823224103,0.029958899966410223,96,current-run measured OOF; recomputed only after all-complete
TrpB,T-DCG-192,10,2,T-DCG-96,0.05975702006947017,0.04130090863660766,0.03922858132908131,96,current-run measured OOF; recomputed only after all-complete
TrpB,T-DCG-192,10,2,T-DCG-192,0.05504569817752347,0.04191787188330118,0.038853969236505706,192,current-run measured OOF; recomputed only after all-complete
TrpB,T-DCG-192,10,3,G-Rank,0.0317105684424297,0.02597401727537723,0.024521881444671646,288,current-run measured OOF; recomputed only after all-complete
TrpB,T-DCG-192,10,3,T-Uniform-96,0.03524554217303241,0.024059028782471705,0.02425043259339198,96,current-run measured OOF; recomputed only after all-complete
TrpB,T-DCG-192,10,3,T-DCG-96,0.029740898378873733,0.020228617944223336,0.020386032942908666,96,current-run measured OOF; recomputed only after all-complete
TrpB,T-DCG-192,10,3,T-DCG-192,0.030872182397879987,0.02440876609380651,0.023450597978521153,192,current-run measured OOF; recomputed only after all-complete
TrpB,T-DCG-192,10,4,G-Rank,0.03645413010208695,0.023376871038366248,0.02265382570791707,384,current-run measured OOF; recomputed only after all-complete
TrpB,T-DCG-192,10,4,T-Uniform-96,0.03936986570005063,0.021118375990125865,0.021010396924211295,96,current-run measured OOF; recomputed only after all-complete
TrpB,T-DCG-192,10,4,T-DCG-96,0.058732719553636535,0.02387057247439781,0.02455096755580343,96,current-run measured OOF; recomputed only after all-complete
TrpB,T-DCG-192,10,4,T-DCG-192,0.051861998732501594,0.026195670363538228,0.02607052636804687,192,current-run measured OOF; recomputed only after all-complete
TrpB,G-Rank,11,1,G-Rank,0.16720241970486108,0.17484537760416666,0.14863042884455788,96,current-run measured OOF; recomputed only after all-complete
TrpB,G-Rank,11,1,T-Uniform-96,0.16720241970486108,0.17484537760416666,0.14863042884455788,96,current-run measured OOF; recomputed only after all-complete
TrpB,G-Rank,11,1,T-DCG-96,0.17638246069510014,0.20217346724724236,0.1674501129787187,96,current-run measured OOF; recomputed only after all-complete
TrpB,G-Rank,11,1,T-DCG-192,0.17638246069510014,0.20217346724724236,0.1674501129787187,96,current-run measured OOF; recomputed only after all-complete
TrpB,G-Rank,11,2,G-Rank,0.04128604465060764,0.03772142198350695,0.03320655169116836,192,current-run measured OOF; recomputed only after all-complete
TrpB,G-Rank,11,2,T-Uniform-96,0.031947100604022,0.028913709852430552,0.023630425882777112,96,current-run measured OOF; recomputed only after all-complete
TrpB,G-Rank,11,2,T-DCG-96,0.03411371513659035,0.04027239735108195,0.030451578813833056,96,current-run measured OOF; recomputed only after all-complete
TrpB,G-Rank,11,2,T-DCG-192,0.04068001095225773,0.042669675282409184,0.03532138859244318,192,current-run measured OOF; recomputed only after all-complete
TrpB,G-Rank,11,3,G-Rank,0.03184115772221151,0.028772194526159547,0.025980339138783816,288,current-run measured OOF; recomputed only after all-complete
TrpB,G-Rank,11,3,T-Uniform-96,0.029750368722672327,0.030223077216756686,0.025924985098863956,96,current-run measured OOF; recomputed only after all-complete
TrpB,G-Rank,11,3,T-DCG-96,0.03230871072513078,0.02973568983769038,0.026644157882062768,96,current-run measured OOF; recomputed only after all-complete
TrpB,G-Rank,11,3,T-DCG-192,0.034188947591732376,0.029317739580559533,0.026903527763457502,192,current-run measured OOF; recomputed only after all-complete
TrpB,G-Rank,11,4,G-Rank,0.03749837698759856,0.022831007286354343,0.021883163782913922,384,current-run measured OOF; recomputed only after all-complete
TrpB,G-Rank,11,4,T-Uniform-96,0.050061685067635996,0.028144765783239295,0.027837891087334542,96,current-run measured OOF; recomputed only after all-complete
TrpB,G-Rank,11,4,T-DCG-96,0.06459772766293498,0.030236325605906177,0.032040289806714674,96,current-run measured OOF; recomputed only after all-complete
TrpB,G-Rank,11,4,T-DCG-192,0.05263221039011522,0.02874858802555872,0.028527702392431645,192,current-run measured OOF; recomputed only after all-complete
TrpB,T-Uniform-96,11,1,G-Rank,0.16720241970486108,0.17484537760416666,0.14863042884455788,96,current-run measured OOF; recomputed only after all-complete
TrpB,T-Uniform-96,11,1,T-Uniform-96,0.16720241970486108,0.17484537760416666,0.14863042884455788,96,current-run measured OOF; recomputed only after all-complete
TrpB,T-Uniform-96,11,1,T-DCG-96,0.17638246069510014,0.20217346724724236,0.1674501129787187,96,current-run measured OOF; recomputed only after all-complete
TrpB,T-Uniform-96,11,1,T-DCG-192,0.17638246069510014,0.20217346724724236,0.1674501129787187,96,current-run measured OOF; recomputed only after all-complete
TrpB,T-Uniform-96,11,2,G-Rank,0.04128604465060764,0.03772142198350695,0.033212726893205056,192,current-run measured OOF; recomputed only after all-complete
TrpB,T-Uniform-96,11,2,T-Uniform-96,0.031947100604022,0.028913709852430552,0.023623697367249258,96,current-run measured OOF; recomputed only after all-complete
TrpB,T-Uniform-96,11,2,T-DCG-96,0.03411371513659035,0.04027239735108195,0.03029439680785949,96,current-run measured OOF; recomputed only after all-complete
TrpB,T-Uniform-96,11,2,T-DCG-192,0.04068001095225773,0.042669675282409184,0.0352358908503508,192,current-run measured OOF; recomputed only after all-complete
TrpB,T-Uniform-96,11,3,G-Rank,0.03184115772221151,0.028772194526159547,0.026166905085100906,288,current-run measured OOF; recomputed only after all-complete
TrpB,T-Uniform-96,11,3,T-Uniform-96,0.029750368722672327,0.030223077216756686,0.025735652033673118,96,current-run measured OOF; recomputed only after all-complete
TrpB,T-Uniform-96,11,3,T-DCG-96,0.03230871072513078,0.02973568983769038,0.0267750717178126,96,current-run measured OOF; recomputed only after all-complete
TrpB,T-Uniform-96,11,3,T-DCG-192,0.034188947591732376,0.029317739580559533,0.027268169641201084,192,current-run measured OOF; recomputed only after all-complete
TrpB,T-Uniform-96,11,4,G-Rank,0.04017350408766005,0.024570085384227613,0.023347895295746723,384,current-run measured OOF; recomputed only after all-complete
TrpB,T-Uniform-96,11,4,T-Uniform-96,0.05345839041250724,0.027750792326750578,0.02715389869473746,96,current-run measured OOF; recomputed only after all-complete
TrpB,T-Uniform-96,11,4,T-DCG-96,0.057043748787851276,0.025876296099423483,0.026072168594526025,96,current-run measured OOF; recomputed only after all-complete
TrpB,T-Uniform-96,11,4,T-DCG-192,0.049530562666974975,0.026679811503271346,0.025635178587460204,192,current-run measured OOF; recomputed only after all-complete
TrpB,T-DCG-96,11,1,G-Rank,0.16720241970486108,0.17484537760416666,0.14973525635535911,96,current-run measured OOF; recomputed only after all-complete
TrpB,T-DCG-96,11,1,T-Uniform-96,0.16720241970486108,0.17484537760416666,0.14973525635535911,96,current-run measured OOF; recomputed only after all-complete
TrpB,T-DCG-96,11,1,T-DCG-96,0.17638246069510014,0.20217346724724236,0.16641266105911104,96,current-run measured OOF; recomputed only after all-complete
TrpB,T-DCG-96,11,1,T-DCG-192,0.17638246069510014,0.20217346724724236,0.16641266105911104,96,current-run measured OOF; recomputed only after all-complete
TrpB,T-DCG-96,11,2,G-Rank,0.04017554389105903,0.0395496509693287,0.035896740238133135,192,current-run measured OOF; recomputed only after all-complete
TrpB,T-DCG-96,11,2,T-Uniform-96,0.03389739990234375,0.03172923900462963,0.029553685796102184,96,current-run measured OOF; recomputed only after all-complete
TrpB,T-DCG-96,11,2,T-DCG-96,0.03926899398537528,0.04649759404025534,0.037374477128686585,96,current-run measured OOF; recomputed only after all-complete
TrpB,T-DCG-96,11,2,T-DCG-192,0.04218241546174696,0.04682038456284568,0.03934986279152144,192,current-run measured OOF; recomputed only after all-complete
TrpB,T-DCG-96,11,3,G-Rank,0.03105299626521776,0.02507506738147291,0.02256071885923902,288,current-run measured OOF; recomputed only after all-complete
TrpB,T-DCG-96,11,3,T-Uniform-96,0.0316492402504501,0.0289197380160108,0.02469108208011338,96,current-run measured OOF; recomputed only after all-complete
TrpB,T-DCG-96,11,3,T-DCG-96,0.031186797716232683,0.027557577611935634,0.024127903370903193,96,current-run measured OOF; recomputed only after all-complete
TrpB,T-DCG-96,11,3,T-DCG-192,0.03390004763775532,0.025601073522495642,0.02339392250879793,192,current-run measured OOF; recomputed only after all-complete
TrpB,T-DCG-96,11,4,G-Rank,0.03865867190890842,0.02112098976417824,0.02112098976417824,384,current-run measured OOF; recomputed only after all-complete
TrpB,T-DCG-96,11,4,T-Uniform-96,0.04932297600640192,0.029315171418366606,0.029315171418366606,96,current-run measured OOF; recomputed only after all-complete
TrpB,T-DCG-96,11,4,T-DCG-96,0.06610686457295883,0.03057650530400913,0.03057650530400913,96,current-run measured OOF; recomputed only after all-complete
TrpB,T-DCG-96,11,4,T-DCG-192,0.052299917927789326,0.026547253395506242,0.026547253395506242,192,current-run measured OOF; recomputed only after all-complete
TrpB,T-DCG-192,11,1,G-Rank,0.16720241970486108,0.17484537760416666,0.14973525635535911,96,current-run measured OOF; recomputed only after all-complete
TrpB,T-DCG-192,11,1,T-Uniform-96,0.16720241970486108,0.17484537760416666,0.14973525635535911,96,current-run measured OOF; recomputed only after all-complete
TrpB,T-DCG-192,11,1,T-DCG-96,0.17638246069510014,0.20217346724724236,0.16641266105911104,96,current-run measured OOF; recomputed only after all-complete
TrpB,T-DCG-192,11,1,T-DCG-192,0.17638246069510014,0.20217346724724236,0.16641266105911104,96,current-run measured OOF; recomputed only after all-complete
TrpB,T-DCG-192,11,2,G-Rank,0.04017554389105903,0.0395496509693287,0.035446197974734306,192,current-run measured OOF; recomputed only after all-complete
TrpB,T-DCG-192,11,2,T-Uniform-96,0.03389739990234375,0.03172923900462963,0.02903591560544434,96,current-run measured OOF; recomputed only after all-complete
TrpB,T-DCG-192,11,2,T-DCG-96,0.03926899398537528,0.04649759404025534,0.037470726061561696,96,current-run measured OOF; recomputed only after all-complete
TrpB,T-DCG-192,11,2,T-DCG-192,0.04218241546174696,0.04682038456284568,0.03925067242197305,192,current-run measured OOF; recomputed only after all-complete
TrpB,T-DCG-192,11,3,G-Rank,0.0326311192558299,0.025092398351766118,0.023086938344645876,288,current-run measured OOF; recomputed only after all-complete
TrpB,T-DCG-192,11,3,T-Uniform-96,0.03489088521572788,0.028515599882651756,0.02506384082940179,96,current-run measured OOF; recomputed only after all-complete
TrpB,T-DCG-192,11,3,T-DCG-96,0.034221060062202754,0.02603012052295194,0.023372216167831562,96,current-run measured OOF; recomputed only after all-complete
TrpB,T-DCG-192,11,3,T-DCG-192,0.03545806989189696,0.024672751199001256,0.022875575626389522,192,current-run measured OOF; recomputed only after all-complete
TrpB,T-DCG-192,11,4,G-Rank,0.035504517731843176,0.02182063349971065,0.019814305969477482,384,current-run measured OOF; recomputed only after all-complete
TrpB,T-DCG-192,11,4,T-Uniform-96,0.044224350540726286,0.030515034993489582,0.027321347220757946,96,current-run measured OOF; recomputed only after all-complete
TrpB,T-DCG-192,11,4,T-DCG-96,0.05389728240434158,0.03361904449206541,0.03284055087030324,96,current-run measured OOF; recomputed only after all-complete
TrpB,T-DCG-192,11,4,T-DCG-192,0.04708994883544416,0.03016871563561833,0.02778197165679607,192,current-run measured OOF; recomputed only after all-complete
TrpB,G-Rank,12,1,G-Rank,0.13697419343171294,0.13616491247106483,0.11447297375317222,96,current-run measured OOF; recomputed only after all-complete
TrpB,G-Rank,12,1,T-Uniform-96,0.13697419343171294,0.13616491247106483,0.11447297375317222,96,current-run measured OOF; recomputed only after all-complete
TrpB,G-Rank,12,1,T-DCG-96,0.14536839795569398,0.14119876599057124,0.12236742566826408,96,current-run measured OOF; recomputed only after all-complete
TrpB,G-Rank,12,1,T-DCG-192,0.14536839795569398,0.14119876599057124,0.12236742566826408,96,current-run measured OOF; recomputed only after all-complete
TrpB,G-Rank,12,2,G-Rank,0.03921939708568432,0.035943419845015916,0.030330262739449332,192,current-run measured OOF; recomputed only after all-complete
TrpB,G-Rank,12,2,T-Uniform-96,0.028599491825810185,0.023863615813078703,0.022337795340076932,96,current-run measured OOF; recomputed only after all-complete
TrpB,G-Rank,12,2,T-DCG-96,0.025300907755154537,0.02197713391936132,0.020267855277833667,96,current-run measured OOF; recomputed only after all-complete
TrpB,G-Rank,12,2,T-DCG-192,0.03487657373961849,0.03215299221715403,0.027245656748213037,192,current-run measured OOF; recomputed only after all-complete
TrpB,G-Rank,12,3,G-Rank,0.031118971166623804,0.022623949090149177,0.021674463395841066,288,current-run measured OOF; recomputed only after all-complete
TrpB,G-Rank,12,3,T-Uniform-96,0.016747494293338477,0.013317845976401751,0.012044449267331935,96,current-run measured OOF; recomputed only after all-complete
TrpB,G-Rank,12,3,T-DCG-96,0.01866519075384013,0.012653603615176584,0.011937252139446455,96,current-run measured OOF; recomputed only after all-complete
TrpB,G-Rank,12,3,T-DCG-192,0.02668466614894513,0.017998171143420748,0.017605680384113906,192,current-run measured OOF; recomputed only after all-complete
TrpB,G-Rank,12,4,G-Rank,0.03143398850052445,0.019163361302128545,0.018242965799628925,384,current-run measured OOF; recomputed only after all-complete
TrpB,G-Rank,12,4,T-Uniform-96,0.028230525829173903,0.015523204097041379,0.013735340462100629,96,current-run measured OOF; recomputed only after all-complete
TrpB,G-Rank,12,4,T-DCG-96,0.03526911051419179,0.015705494582231305,0.015076391712500024,96,current-run measured OOF; recomputed only after all-complete
TrpB,G-Rank,12,4,T-DCG-192,0.031518328460370615,0.016387338996755877,0.01512754744239769,192,current-run measured OOF; recomputed only after all-complete
TrpB,T-Uniform-96,12,1,G-Rank,0.13697419343171294,0.13616491247106483,0.11447297375317222,96,current-run measured OOF; recomputed only after all-complete
TrpB,T-Uniform-96,12,1,T-Uniform-96,0.13697419343171294,0.13616491247106483,0.11447297375317222,96,current-run measured OOF; recomputed only after all-complete
TrpB,T-Uniform-96,12,1,T-DCG-96,0.14536839795569398,0.14119876599057124,0.12236742566826408,96,current-run measured OOF; recomputed only after all-complete
TrpB,T-Uniform-96,12,1,T-DCG-192,0.14536839795569398,0.14119876599057124,0.12236742566826408,96,current-run measured OOF; recomputed only after all-complete
TrpB,T-Uniform-96,12,2,G-Rank,0.03921939708568432,0.035943419845015916,0.03064023534987664,192,current-run measured OOF; recomputed only after all-complete
TrpB,T-Uniform-96,12,2,T-Uniform-96,0.028599491825810185,0.023863615813078703,0.022178818082817738,96,current-run measured OOF; recomputed only after all-complete
TrpB,T-Uniform-96,12,2,T-DCG-96,0.025300907755154537,0.02197713391936132,0.02021510354969978,96,current-run measured OOF; recomputed only after all-complete
TrpB,T-Uniform-96,12,2,T-DCG-192,0.03487657373961849,0.03215299221715403,0.027525536892167916,192,current-run measured OOF; recomputed only after all-complete
TrpB,T-Uniform-96,12,3,G-Rank,0.030672049816743825,0.023143208402992114,0.02183542427873624,288,current-run measured OOF; recomputed only after all-complete
TrpB,T-Uniform-96,12,3,T-Uniform-96,0.01634750052244084,0.014967678996270578,0.0125389716334691,96,current-run measured OOF; recomputed only after all-complete
TrpB,T-Uniform-96,12,3,T-DCG-96,0.01893479608562306,0.020268851565163674,0.016789847220733605,96,current-run measured OOF; recomputed only after all-complete
TrpB,T-Uniform-96,12,3,T-DCG-192,0.026296666884024093,0.022659815550711202,0.020553473174921455,192,current-run measured OOF; recomputed only after all-complete
TrpB,T-Uniform-96,12,4,G-Rank,0.03158530482539424,0.018531816977041742,0.018059722577019998,384,current-run measured OOF; recomputed only after all-complete
TrpB,T-Uniform-96,12,4,T-Uniform-96,0.030484234845196755,0.011620344939055267,0.0113099524823216,96,current-run measured OOF; recomputed only after all-complete
TrpB,T-Uniform-96,12,4,T-DCG-96,0.04908871418785784,0.015031096209238485,0.015703882693700544,96,current-run measured OOF; recomputed only after all-complete
TrpB,T-Uniform-96,12,4,T-DCG-192,0.039136513106145056,0.016599062836118807,0.016337368553919946,192,current-run measured OOF; recomputed only after all-complete
TrpB,T-DCG-96,12,1,G-Rank,0.13697419343171294,0.13616491247106483,0.11450961276209909,96,current-run measured OOF; recomputed only after all-complete
TrpB,T-DCG-96,12,1,T-Uniform-96,0.13697419343171294,0.13616491247106483,0.11450961276209909,96,current-run measured OOF; recomputed only after all-complete
TrpB,T-DCG-96,12,1,T-DCG-96,0.14536839795569398,0.14119876599057124,0.12233276979771984,96,current-run measured OOF; recomputed only after all-complete
TrpB,T-DCG-96,12,1,T-DCG-192,0.14536839795569398,0.14119876599057124,0.12233276979771984,96,current-run measured OOF; recomputed only after all-complete
TrpB,T-DCG-96,12,2,G-Rank,0.0457216192174841,0.04088656107584635,0.03498932880437002,192,current-run measured OOF; recomputed only after all-complete
TrpB,T-DCG-96,12,2,T-Uniform-96,0.03547837999131945,0.02945002803096065,0.02615526547571521,96,current-run measured OOF; recomputed only after all-complete
TrpB,T-DCG-96,12,2,T-DCG-96,0.030242428051151564,0.026083048325445495,0.02273412454982217,96,current-run measured OOF; recomputed only after all-complete
TrpB,T-DCG-96,12,2,T-DCG-192,0.04012743349425815,0.036269661579041254,0.03083331242918401,192,current-run measured OOF; recomputed only after all-complete
TrpB,T-DCG-96,12,3,G-Rank,0.026169346520276065,0.023911213188014407,0.02128623973139325,288,current-run measured OOF; recomputed only after all-complete
TrpB,T-DCG-96,12,3,T-Uniform-96,0.012385741182806073,0.013382648734889403,0.010749633123221086,96,current-run measured OOF; recomputed only after all-complete
TrpB,T-DCG-96,12,3,T-DCG-96,0.014144254482129482,0.014265711519927966,0.012160183399944161,96,current-run measured OOF; recomputed only after all-complete
TrpB,T-DCG-96,12,3,T-DCG-192,0.020955873826564202,0.01920366798567542,0.01740863917770005,192,current-run measured OOF; recomputed only after all-complete
TrpB,T-DCG-96,12,4,G-Rank,0.033244062353063514,0.020440631442599826,0.020440631442599826,384,current-run measured OOF; recomputed only after all-complete
TrpB,T-DCG-96,12,4,T-Uniform-96,0.03409512837727865,0.013227180198386866,0.013227180198386866,96,current-run measured OOF; recomputed only after all-complete
TrpB,T-DCG-96,12,4,T-DCG-96,0.05550158327592274,0.014387332776354,0.014387332776354,96,current-run measured OOF; recomputed only after all-complete
TrpB,T-DCG-96,12,4,T-DCG-192,0.04438444310343567,0.015651924672446683,0.015651924672446683,192,current-run measured OOF; recomputed only after all-complete
TrpB,T-DCG-192,12,1,G-Rank,0.13697419343171294,0.13616491247106483,0.11450961276209909,96,current-run measured OOF; recomputed only after all-complete
TrpB,T-DCG-192,12,1,T-Uniform-96,0.13697419343171294,0.13616491247106483,0.11450961276209909,96,current-run measured OOF; recomputed only after all-complete
TrpB,T-DCG-192,12,1,T-DCG-96,0.14536839795569398,0.14119876599057124,0.12233276979771984,96,current-run measured OOF; recomputed only after all-complete
TrpB,T-DCG-192,12,1,T-DCG-192,0.14536839795569398,0.14119876599057124,0.12233276979771984,96,current-run measured OOF; recomputed only after all-complete
TrpB,T-DCG-192,12,2,G-Rank,0.0457216192174841,0.04088656107584635,0.03497011514833232,192,current-run measured OOF; recomputed only after all-complete
TrpB,T-DCG-192,12,2,T-Uniform-96,0.03547837999131945,0.02945002803096065,0.026224512274060446,96,current-run measured OOF; recomputed only after all-complete
TrpB,T-DCG-192,12,2,T-DCG-96,0.030242428051151564,0.026083048325445495,0.022757197397764675,96,current-run measured OOF; recomputed only after all-complete
TrpB,T-DCG-192,12,2,T-DCG-192,0.04012743349425815,0.036269661579041254,0.030801190479145944,192,current-run measured OOF; recomputed only after all-complete
TrpB,T-DCG-192,12,3,G-Rank,0.02895762334962277,0.023086359471450615,0.021010587963401113,288,current-run measured OOF; recomputed only after all-complete
TrpB,T-DCG-192,12,3,T-Uniform-96,0.013824588477366256,0.01276752487622171,0.011478751892223055,96,current-run measured OOF; recomputed only after all-complete
TrpB,T-DCG-192,12,3,T-DCG-96,0.015457921284236132,0.014412479789100496,0.013169660229199498,96,current-run measured OOF; recomputed only after all-complete
TrpB,T-DCG-192,12,3,T-DCG-192,0.022468999961475163,0.0193791391077567,0.017849456796310274,192,current-run measured OOF; recomputed only after all-complete
TrpB,T-DCG-192,12,4,G-Rank,0.03671057135970504,0.022376510832044814,0.021932440164601306,384,current-run measured OOF; recomputed only after all-complete
TrpB,T-DCG-192,12,4,T-Uniform-96,0.03364767851652922,0.01593406112105758,0.01517246742041659,96,current-run measured OOF; recomputed only after all-complete
TrpB,T-DCG-192,12,4,T-DCG-96,0.05611749709163598,0.01891294175229432,0.019230075971377835,96,current-run measured OOF; recomputed only after all-complete
TrpB,T-DCG-192,12,4,T-DCG-192,0.04399109721197247,0.01921883803624106,0.01896789013242982,192,current-run measured OOF; recomputed only after all-complete
TrpB,G-Rank,13,1,G-Rank,0.1358360007957176,0.1376060203269676,0.11208028956193516,96,current-run measured OOF; recomputed only after all-complete
TrpB,G-Rank,13,1,T-Uniform-96,0.1358360007957176,0.1376060203269676,0.11208028956193516,96,current-run measured OOF; recomputed only after all-complete
TrpB,G-Rank,13,1,T-DCG-96,0.13706559958713588,0.13699617083686685,0.11292146215859919,96,current-run measured OOF; recomputed only after all-complete
TrpB,G-Rank,13,1,T-DCG-192,0.13706559958713588,0.13699617083686685,0.11292146215859919,96,current-run measured OOF; recomputed only after all-complete
TrpB,G-Rank,13,2,G-Rank,0.057787436026114004,0.049946820294415516,0.04478443246905006,192,current-run measured OOF; recomputed only after all-complete
TrpB,G-Rank,13,2,T-Uniform-96,0.043210630063657406,0.03342635543258101,0.03195543524365128,96,current-run measured OOF; recomputed only after all-complete
TrpB,G-Rank,13,2,T-DCG-96,0.03568156277725087,0.02930287978689891,0.026938256836165225,96,current-run measured OOF; recomputed only after all-complete
TrpB,G-Rank,13,2,T-DCG-192,0.04997578128665898,0.04387711889449226,0.03892688768739194,192,current-run measured OOF; recomputed only after all-complete
TrpB,G-Rank,13,3,G-Rank,0.02856068552276235,0.02738063063968193,0.02243829546883419,288,current-run measured OOF; recomputed only after all-complete
TrpB,G-Rank,13,3,T-Uniform-96,0.018299620828510804,0.020380718717849796,0.017053152144886563,96,current-run measured OOF; recomputed only after all-complete
TrpB,G-Rank,13,3,T-DCG-96,0.019337005931814824,0.020718112413016503,0.017948227861722843,96,current-run measured OOF; recomputed only after all-complete
TrpB,G-Rank,13,3,T-DCG-192,0.023416888966135054,0.022022371246547275,0.0187415175896799,192,current-run measured OOF; recomputed only after all-complete
TrpB,G-Rank,13,4,G-Rank,0.03402586336489077,0.026707154733163336,0.02409751342494812,384,current-run measured OOF; recomputed only after all-complete
TrpB,G-Rank,13,4,T-Uniform-96,0.03025457594129774,0.023432696307146988,0.019969822668943166,96,current-run measured OOF; recomputed only after all-complete
TrpB,G-Rank,13,4,T-DCG-96,0.0364085554833387,0.025137134488267467,0.022118964154172586,96,current-run measured OOF; recomputed only after all-complete
TrpB,G-Rank,13,4,T-DCG-192,0.03382440811638457,0.024037047299751108,0.021213144496730965,192,current-run measured OOF; recomputed only after all-complete
TrpB,T-Uniform-96,13,1,G-Rank,0.1358360007957176,0.1376060203269676,0.11208028956193516,96,current-run measured OOF; recomputed only after all-complete
TrpB,T-Uniform-96,13,1,T-Uniform-96,0.1358360007957176,0.1376060203269676,0.11208028956193516,96,current-run measured OOF; recomputed only after all-complete
TrpB,T-Uniform-96,13,1,T-DCG-96,0.13706559958713588,0.13699617083686685,0.11292146215859919,96,current-run measured OOF; recomputed only after all-complete
TrpB,T-Uniform-96,13,1,T-DCG-192,0.13706559958713588,0.13699617083686685,0.11292146215859919,96,current-run measured OOF; recomputed only after all-complete
TrpB,T-Uniform-96,13,2,G-Rank,0.057787436026114004,0.049946820294415516,0.045182811356158814,192,current-run measured OOF; recomputed only after all-complete
TrpB,T-Uniform-96,13,2,T-Uniform-96,0.043210630063657406,0.03342635543258101,0.03170001871682854,96,current-run measured OOF; recomputed only after all-complete
TrpB,T-Uniform-96,13,2,T-DCG-96,0.03568156277725087,0.02930287978689891,0.02698453801932725,96,current-run measured OOF; recomputed only after all-complete
TrpB,T-Uniform-96,13,2,T-DCG-192,0.04997578128665898,0.04387711889449226,0.039378266666832466,192,current-run measured OOF; recomputed only after all-complete
TrpB,T-Uniform-96,13,3,G-Rank,0.026937267580804187,0.02799265669206533,0.02257041039441332,288,current-run measured OOF; recomputed only after all-complete
TrpB,T-Uniform-96,13,3,T-Uniform-96,0.01672086990419239,0.018848937234760804,0.015180774725439624,96,current-run measured OOF; recomputed only after all-complete
TrpB,T-Uniform-96,13,3,T-DCG-96,0.01706356079652734,0.020036283804919106,0.016014485417234582,96,current-run measured OOF; recomputed only after all-complete
TrpB,T-Uniform-96,13,3,T-DCG-192,0.02141195214059695,0.02099876588115627,0.01752778068281221,192,current-run measured OOF; recomputed only after all-complete
TrpB,T-Uniform-96,13,4,G-Rank,0.03097777896457248,0.027029779222276475,0.024391508173341264,384,current-run measured OOF; recomputed only after all-complete
TrpB,T-Uniform-96,13,4,T-Uniform-96,0.026330524020724822,0.02691629197862413,0.020155520990242145,96,current-run measured OOF; recomputed only after all-complete
TrpB,T-Uniform-96,13,4,T-DCG-96,0.028176712027700862,0.02481781166590608,0.02015619869055596,96,current-run measured OOF; recomputed only after all-complete
TrpB,T-Uniform-96,13,4,T-DCG-192,0.02666567017976109,0.022809738389630522,0.01898809887368771,192,current-run measured OOF; recomputed only after all-complete
TrpB,T-DCG-96,13,1,G-Rank,0.1358360007957176,0.1376060203269676,0.11208888843614712,96,current-run measured OOF; recomputed only after all-complete
TrpB,T-DCG-96,13,1,T-Uniform-96,0.1358360007957176,0.1376060203269676,0.11208888843614712,96,current-run measured OOF; recomputed only after all-complete
TrpB,T-DCG-96,13,1,T-DCG-96,0.13706559958713588,0.13699617083686685,0.11291304304177095,96,current-run measured OOF; recomputed only after all-complete
TrpB,T-DCG-96,13,1,T-DCG-192,0.13706559958713588,0.13699617083686685,0.11291304304177095,96,current-run measured OOF; recomputed only after all-complete
TrpB,T-DCG-96,13,2,G-Rank,0.051875926830150465,0.04817058421947338,0.041764253085303106,192,current-run measured OOF; recomputed only after all-complete
TrpB,T-DCG-96,13,2,T-Uniform-96,0.03536252622251157,0.03324748851634838,0.027212058519797414,96,current-run measured OOF; recomputed only after all-complete
TrpB,T-DCG-96,13,2,T-DCG-96,0.029899553128258056,0.029614663216477273,0.02331165901575535,96,current-run measured OOF; recomputed only after all-complete
TrpB,T-DCG-96,13,2,T-DCG-192,0.045009998964410255,0.04274196388310163,0.03624626764422747,192,current-run measured OOF; recomputed only after all-complete
TrpB,T-DCG-96,13,3,G-Rank,0.029300977500214334,0.02497664923857596,0.021968809964262714,288,current-run measured OOF; recomputed only after all-complete
TrpB,T-DCG-96,13,3,T-Uniform-96,0.020037238980516976,0.015745060924639915,0.014588515510961414,96,current-run measured OOF; recomputed only after all-complete
TrpB,T-DCG-96,13,3,T-DCG-96,0.018681524747287896,0.014786448172141328,0.013726662494810351,96,current-run measured OOF; recomputed only after all-complete
TrpB,T-DCG-96,13,3,T-DCG-192,0.02295377173930306,0.019519370614266347,0.01748798125302137,192,current-run measured OOF; recomputed only after all-complete
TrpB,T-DCG-96,13,4,G-Rank,0.039028732864945015,0.02692491036874277,0.02692491036874277,384,current-run measured OOF; recomputed only after all-complete
TrpB,T-DCG-96,13,4,T-Uniform-96,0.0386803944905599,0.027884589301215276,0.027884589301215276,96,current-run measured OOF; recomputed only after all-complete
TrpB,T-DCG-96,13,4,T-DCG-96,0.056442490888307696,0.032072459758622815,0.032072459758622815,96,current-run measured OOF; recomputed only after all-complete
TrpB,T-DCG-96,13,4,T-DCG-192,0.04643815254236327,0.027324793184698354,0.027324793184698354,192,current-run measured OOF; recomputed only after all-complete
TrpB,T-DCG-192,13,1,G-Rank,0.1358360007957176,0.1376060203269676,0.11208888843614712,96,current-run measured OOF; recomputed only after all-complete
TrpB,T-DCG-192,13,1,T-Uniform-96,0.1358360007957176,0.1376060203269676,0.11208888843614712,96,current-run measured OOF; recomputed only after all-complete
TrpB,T-DCG-192,13,1,T-DCG-96,0.13706559958713588,0.13699617083686685,0.11291304304177095,96,current-run measured OOF; recomputed only after all-complete
TrpB,T-DCG-192,13,1,T-DCG-192,0.13706559958713588,0.13699617083686685,0.11291304304177095,96,current-run measured OOF; recomputed only after all-complete
TrpB,T-DCG-192,13,2,G-Rank,0.051875926830150465,0.04817058421947338,0.04169147320881341,192,current-run measured OOF; recomputed only after all-complete
TrpB,T-DCG-192,13,2,T-Uniform-96,0.03536252622251157,0.03324748851634838,0.027183403227778513,96,current-run measured OOF; recomputed only after all-complete
TrpB,T-DCG-192,13,2,T-DCG-96,0.029899553128258056,0.029614663216477273,0.02333754546312114,96,current-run measured OOF; recomputed only after all-complete
TrpB,T-DCG-192,13,2,T-DCG-192,0.045009998964410255,0.04274196388310163,0.03621566776995849,192,current-run measured OOF; recomputed only after all-complete
TrpB,T-DCG-192,13,3,G-Rank,0.030426988222307955,0.025196342311278288,0.022038698648099993,288,current-run measured OOF; recomputed only after all-complete
TrpB,T-DCG-192,13,3,T-Uniform-96,0.020426181118184155,0.017446384508423354,0.015985039726565314,96,current-run measured OOF; recomputed only after all-complete
TrpB,T-DCG-192,13,3,T-DCG-96,0.019150578834577558,0.01686140984442139,0.015298245208158742,96,current-run measured OOF; recomputed only after all-complete
TrpB,T-DCG-192,13,3,T-DCG-192,0.02425391415988086,0.020569592612688294,0.018379109634516277,192,current-run measured OOF; recomputed only after all-complete
TrpB,T-DCG-192,13,4,G-Rank,0.03414436622902199,0.025360354670771846,0.024686753597620143,384,current-run measured OOF; recomputed only after all-complete
TrpB,T-DCG-192,13,4,T-Uniform-96,0.034112294514973954,0.022832305343062794,0.02193568521233372,96,current-run measured OOF; recomputed only after all-complete
TrpB,T-DCG-192,13,4,T-DCG-96,0.05363557710304465,0.024906950455019287,0.02488440239778914,96,current-run measured OOF; recomputed only after all-complete
TrpB,T-DCG-192,13,4,T-DCG-192,0.04420034416801575,0.022624030173161856,0.02247426133514475,192,current-run measured OOF; recomputed only after all-complete
TrpB,G-Rank,14,1,G-Rank,0.13649551956741898,0.16511196560329863,0.12495831089104947,96,current-run measured OOF; recomputed only after all-complete
TrpB,G-Rank,14,1,T-Uniform-96,0.13649551956741898,0.16511196560329863,0.12495831089104947,96,current-run measured OOF; recomputed only after all-complete
TrpB,G-Rank,14,1,T-DCG-96,0.13156949762224127,0.15381767871697097,0.11900000677155896,96,current-run measured OOF; recomputed only after all-complete
TrpB,G-Rank,14,1,T-DCG-192,0.13156949762224127,0.15381767871697097,0.11900000677155896,96,current-run measured OOF; recomputed only after all-complete
TrpB,G-Rank,14,2,G-Rank,0.036028826678240734,0.0318849351671007,0.027472804804270324,192,current-run measured OOF; recomputed only after all-complete
TrpB,G-Rank,14,2,T-Uniform-96,0.027833444100839117,0.020625644259982638,0.016718375398443026,96,current-run measured OOF; recomputed only after all-complete
TrpB,G-Rank,14,2,T-DCG-96,0.02857005352616808,0.020589349039433855,0.01709477416295064,96,current-run measured OOF; recomputed only after all-complete
TrpB,G-Rank,14,2,T-DCG-192,0.03489189236276257,0.02940347215259405,0.025440447603505428,192,current-run measured OOF; recomputed only after all-complete
TrpB,G-Rank,14,3,G-Rank,0.027347350153249312,0.02499607332122342,0.02069235672839922,288,current-run measured OOF; recomputed only after all-complete
TrpB,G-Rank,14,3,T-Uniform-96,0.02453223962352109,0.02392188806102109,0.017868260552374268,96,current-run measured OOF; recomputed only after all-complete
TrpB,G-Rank,14,3,T-DCG-96,0.03632090905886692,0.02687303051060569,0.025182370618788325,96,current-run measured OOF; recomputed only after all-complete
TrpB,G-Rank,14,3,T-DCG-192,0.035303352148810065,0.02668500094154136,0.0243664705790361,192,current-run measured OOF; recomputed only after all-complete
TrpB,G-Rank,14,4,G-Rank,0.03771195588288484,0.027745917991355618,0.02528788116026796,384,current-run measured OOF; recomputed only after all-complete
TrpB,G-Rank,14,4,T-Uniform-96,0.04865596912525318,0.036517107928240734,0.03318422392692116,96,current-run measured OOF; recomputed only after all-complete
TrpB,G-Rank,14,4,T-DCG-96,0.0635385135442086,0.03610152866788338,0.0363125381311065,96,current-run measured OOF; recomputed only after all-complete
TrpB,G-Rank,14,4,T-DCG-192,0.051198533209895786,0.0325581857755866,0.03033378529288259,192,current-run measured OOF; recomputed only after all-complete
TrpB,T-Uniform-96,14,1,G-Rank,0.13649551956741898,0.16511196560329863,0.12495831089104947,96,current-run measured OOF; recomputed only after all-complete
TrpB,T-Uniform-96,14,1,T-Uniform-96,0.13649551956741898,0.16511196560329863,0.12495831089104947,96,current-run measured OOF; recomputed only after all-complete
TrpB,T-Uniform-96,14,1,T-DCG-96,0.13156949762224127,0.15381767871697097,0.11900000677155896,96,current-run measured OOF; recomputed only after all-complete
TrpB,T-Uniform-96,14,1,T-DCG-192,0.13156949762224127,0.15381767871697097,0.11900000677155896,96,current-run measured OOF; recomputed only after all-complete
TrpB,T-Uniform-96,14,2,G-Rank,0.036028826678240734,0.0318849351671007,0.027523178538248334,192,current-run measured OOF; recomputed only after all-complete
TrpB,T-Uniform-96,14,2,T-Uniform-96,0.027833444100839117,0.020625644259982638,0.01666164161492493,96,current-run measured OOF; recomputed only after all-complete
TrpB,T-Uniform-96,14,2,T-DCG-96,0.02857005352616808,0.020589349039433855,0.017000087395615444,96,current-run measured OOF; recomputed only after all-complete
TrpB,T-Uniform-96,14,2,T-DCG-192,0.03489189236276257,0.02940347215259405,0.025435099670108905,192,current-run measured OOF; recomputed only after all-complete
TrpB,T-Uniform-96,14,3,G-Rank,0.02710915396733539,0.026240093717849793,0.021757830851868526,288,current-run measured OOF; recomputed only after all-complete
TrpB,T-Uniform-96,14,3,T-Uniform-96,0.024725517618312754,0.02794518490387089,0.020320083065579395,96,current-run measured OOF; recomputed only after all-complete
TrpB,T-Uniform-96,14,3,T-DCG-96,0.024224084009047745,0.0279503055017415,0.020745239195955945,96,current-run measured OOF; recomputed only after all-complete
TrpB,T-Uniform-96,14,3,T-DCG-192,0.027069937352382042,0.027119591722578613,0.021257408331365638,192,current-run measured OOF; recomputed only after all-complete
TrpB,T-Uniform-96,14,4,G-Rank,0.028927467487476488,0.02458625369601779,0.019941950093694906,384,current-run measured OOF; recomputed only after all-complete
TrpB,T-Uniform-96,14,4,T-Uniform-96,0.03706691883228443,0.03225835164388021,0.026551367515505825,96,current-run measured OOF; recomputed only after all-complete
TrpB,T-Uniform-96,14,4,T-DCG-96,0.05092742257574369,0.02745790930755579,0.027229155335685862,96,current-run measured OOF; recomputed only after all-complete
TrpB,T-Uniform-96,14,4,T-DCG-192,0.04048749495156379,0.02652140127161295,0.023053238878126124,192,current-run measured OOF; recomputed only after all-complete
TrpB,T-DCG-96,14,1,G-Rank,0.13649551956741898,0.16511196560329863,0.1250260394947881,96,current-run measured OOF; recomputed only after all-complete
TrpB,T-DCG-96,14,1,T-Uniform-96,0.13649551956741898,0.16511196560329863,0.1250260394947881,96,current-run measured OOF; recomputed only after all-complete
TrpB,T-DCG-96,14,1,T-DCG-96,0.13156949762224127,0.15381767871697097,0.11893602294319916,96,current-run measured OOF; recomputed only after all-complete
TrpB,T-DCG-96,14,1,T-DCG-192,0.13156949762224127,0.15381767871697097,0.11893602294319916,96,current-run measured OOF; recomputed only after all-complete
TrpB,T-DCG-96,14,2,G-Rank,0.03302362230088976,0.03123382285789207,0.026416058985353045,192,current-run measured OOF; recomputed only after all-complete
TrpB,T-DCG-96,14,2,T-Uniform-96,0.023664121274594902,0.020724543818721065,0.016792059452938053,96,current-run measured OOF; recomputed only after all-complete
TrpB,T-DCG-96,14,2,T-DCG-96,0.023387434886525664,0.020564848217456626,0.016783828941998508,96,current-run measured OOF; recomputed only after all-complete
TrpB,T-DCG-96,14,2,T-DCG-192,0.03104274130518015,0.02897712520383967,0.02448409996610408,192,current-run measured OOF; recomputed only after all-complete
TrpB,T-DCG-96,14,3,G-Rank,0.02926411779165595,0.02462636688609182,0.024240419719921875,288,current-run measured OOF; recomputed only after all-complete
TrpB,T-DCG-96,14,3,T-Uniform-96,0.03230882181552212,0.026546148606288584,0.026214546829588004,96,current-run measured OOF; recomputed only after all-complete
TrpB,T-DCG-96,14,3,T-DCG-96,0.04607478162835488,0.02949002510663901,0.029472492614423,96,current-run measured OOF; recomputed only after all-complete
TrpB,T-DCG-96,14,3,T-DCG-192,0.04067356321858304,0.027307659925802114,0.02709639161224973,192,current-run measured OOF; recomputed only after all-complete
TrpB,T-DCG-96,14,4,G-Rank,0.03127884864807129,0.020015107260810003,0.01872732874136822,384,current-run measured OOF; recomputed only after all-complete
TrpB,T-DCG-96,14,4,T-Uniform-96,0.032968379833080146,0.020902209811740454,0.01790235337435266,96,current-run measured OOF; recomputed only after all-complete
TrpB,T-DCG-96,14,4,T-DCG-96,0.03889697591204727,0.017216935772599782,0.01571529569130008,96,current-run measured OOF; recomputed only after all-complete
TrpB,T-DCG-96,14,4,T-DCG-192,0.035702696513579976,0.020566871087411034,0.018831701637428158,192,current-run measured OOF; recomputed only after all-complete
TrpB,T-DCG-192,14,1,G-Rank,0.13649551956741898,0.16511196560329863,0.1250260394947881,96,current-run measured OOF; recomputed only after all-complete
TrpB,T-DCG-192,14,1,T-Uniform-96,0.13649551956741898,0.16511196560329863,0.1250260394947881,96,current-run measured OOF; recomputed only after all-complete
TrpB,T-DCG-192,14,1,T-DCG-96,0.13156949762224127,0.15381767871697097,0.11893602294319916,96,current-run measured OOF; recomputed only after all-complete
TrpB,T-DCG-192,14,1,T-DCG-192,0.13156949762224127,0.15381767871697097,0.11893602294319916,96,current-run measured OOF; recomputed only after all-complete
TrpB,T-DCG-192,14,2,G-Rank,0.03302362230088976,0.03123382285789207,0.02639693928409002,192,current-run measured OOF; recomputed only after all-complete
TrpB,T-DCG-192,14,2,T-Uniform-96,0.023664121274594902,0.020724543818721065,0.016802580714575535,96,current-run measured OOF; recomputed only after all-complete
TrpB,T-DCG-192,14,2,T-DCG-96,0.023387434886525664,0.020564848217456626,0.016793878367127892,96,current-run measured OOF; recomputed only after all-complete
TrpB,T-DCG-192,14,2,T-DCG-192,0.03104274130518015,0.02897712520383967,0.024473274345652798,192,current-run measured OOF; recomputed only after all-complete
TrpB,T-DCG-192,14,3,G-Rank,0.02946710782777135,0.023683294183759862,0.02232626901812539,288,current-run measured OOF; recomputed only after all-complete
TrpB,T-DCG-192,14,3,T-Uniform-96,0.031167866271219136,0.02165693118248457,0.0208626018658777,96,current-run measured OOF; recomputed only after all-complete
TrpB,T-DCG-192,14,3,T-DCG-96,0.040186030028922785,0.022600786719076116,0.023114384827821726,96,current-run measured OOF; recomputed only after all-complete
TrpB,T-DCG-192,14,3,T-DCG-192,0.037518574976517026,0.023953974596313862,0.023460464169691775,192,current-run measured OOF; recomputed only after all-complete
TrpB,T-DCG-192,14,4,G-Rank,0.03334109871475785,0.022246263645313402,0.02106431961616274,384,current-run measured OOF; recomputed only after all-complete
TrpB,T-DCG-192,14,4,T-Uniform-96,0.040943145751953125,0.023314935189706305,0.022127878691293585,96,current-run measured OOF; recomputed only after all-complete
TrpB,T-DCG-192,14,4,T-DCG-96,0.05208793772122111,0.02159515179294315,0.021983280825285462,96,current-run measured OOF; recomputed only after all-complete
TrpB,T-DCG-192,14,4,T-DCG-192,0.04339761483634682,0.022914318495739973,0.0220676487654984,192,current-run measured OOF; recomputed only after all-complete
TrpB,G-Rank,15,1,G-Rank,0.11794365776909722,0.12763242368344907,0.09331560112111219,96,current-run measured OOF; recomputed only after all-complete
TrpB,G-Rank,15,1,T-Uniform-96,0.11794365776909722,0.12763242368344907,0.09331560112111219,96,current-run measured OOF; recomputed only after all-complete
TrpB,G-Rank,15,1,T-DCG-96,0.11881641104003299,0.12232034757109593,0.09433448086296681,96,current-run measured OOF; recomputed only after all-complete
TrpB,G-Rank,15,1,T-DCG-192,0.11881641104003299,0.12232034757109593,0.09433448086296681,96,current-run measured OOF; recomputed only after all-complete
TrpB,G-Rank,15,2,G-Rank,0.03991572062174479,0.03729021990740741,0.0314696050974557,192,current-run measured OOF; recomputed only after all-complete
TrpB,G-Rank,15,2,T-Uniform-96,0.03270636664496528,0.02108679877387153,0.022555731946878866,96,current-run measured OOF; recomputed only after all-complete
TrpB,G-Rank,15,2,T-DCG-96,0.03295479925010147,0.02168809834286418,0.02340885532924132,96,current-run measured OOF; recomputed only after all-complete
TrpB,G-Rank,15,2,T-DCG-192,0.03847907727180811,0.03408161411243406,0.029952047837569228,192,current-run measured OOF; recomputed only after all-complete
TrpB,G-Rank,15,3,G-Rank,0.03225622190205976,0.02911525564102152,0.02491769538811274,288,current-run measured OOF; recomputed only after all-complete
TrpB,G-Rank,15,3,T-Uniform-96,0.02951979146572788,0.02837984061535494,0.02394049875935148,96,current-run measured OOF; recomputed only after all-complete
TrpB,G-Rank,15,3,T-DCG-96,0.03142808005749997,0.03367666171245424,0.02801474420658567,96,current-run measured OOF; recomputed only after all-complete
TrpB,G-Rank,15,3,T-DCG-192,0.03310797159327707,0.029587953380239854,0.025399484969566226,192,current-run measured OOF; recomputed only after all-complete
TrpB,G-Rank,15,4,G-Rank,0.03700855926231102,0.026339928309122723,0.02372774989418534,384,current-run measured OOF; recomputed only after all-complete
TrpB,G-Rank,15,4,T-Uniform-96,0.04724269443088108,0.02841963591399016,0.027062353785082986,96,current-run measured OOF; recomputed only after all-complete
TrpB,G-Rank,15,4,T-DCG-96,0.0617060233110093,0.02607606189077834,0.02822433547247795,96,current-run measured OOF; recomputed only after all-complete
TrpB,G-Rank,15,4,T-DCG-192,0.0504424039437001,0.025733521575925213,0.02468343103133976,192,current-run measured OOF; recomputed only after all-complete
TrpB,T-Uniform-96,15,1,G-Rank,0.11794365776909722,0.12763242368344907,0.09331560112111219,96,current-run measured OOF; recomputed only after all-complete
TrpB,T-Uniform-96,15,1,T-Uniform-96,0.11794365776909722,0.12763242368344907,0.09331560112111219,96,current-run measured OOF; recomputed only after all-complete
TrpB,T-Uniform-96,15,1,T-DCG-96,0.11881641104003299,0.12232034757109593,0.09433448086296681,96,current-run measured OOF; recomputed only after all-complete
TrpB,T-Uniform-96,15,1,T-DCG-192,0.11881641104003299,0.12232034757109593,0.09433448086296681,96,current-run measured OOF; recomputed only after all-complete
TrpB,T-Uniform-96,15,2,G-Rank,0.03991572062174479,0.03729021990740741,0.03459461031806962,192,current-run measured OOF; recomputed only after all-complete
TrpB,T-Uniform-96,15,2,T-Uniform-96,0.03270636664496528,0.02108679877387153,0.020861350845051144,96,current-run measured OOF; recomputed only after all-complete
TrpB,T-Uniform-96,15,2,T-DCG-96,0.03295479925010147,0.02168809834286418,0.021596918776035066,96,current-run measured OOF; recomputed only after all-complete
TrpB,T-Uniform-96,15,2,T-DCG-192,0.03847907727180811,0.03408161411243406,0.03198223188639467,192,current-run measured OOF; recomputed only after all-complete
TrpB,T-Uniform-96,15,3,G-Rank,0.031674462254318844,0.030672698681573646,0.027295541661179337,288,current-run measured OOF; recomputed only after all-complete
TrpB,T-Uniform-96,15,3,T-Uniform-96,0.026609821084104934,0.03460894298161008,0.02494083609677941,96,current-run measured OOF; recomputed only after all-complete
TrpB,T-Uniform-96,15,3,T-DCG-96,0.029268413985441135,0.04321356845867566,0.029344748428492377,96,current-run measured OOF; recomputed only after all-complete
TrpB,T-Uniform-96,15,3,T-DCG-192,0.031436127847059424,0.03511625467646871,0.0283842657260778,192,current-run measured OOF; recomputed only after all-complete
TrpB,T-Uniform-96,15,4,G-Rank,0.036251739219382954,0.023176829020182293,0.021394384276841216,384,current-run measured OOF; recomputed only after all-complete
TrpB,T-Uniform-96,15,4,T-Uniform-96,0.04062362953468605,0.026343663533528645,0.025403970873439933,96,current-run measured OOF; recomputed only after all-complete
TrpB,T-Uniform-96,15,4,T-DCG-96,0.041309751351915856,0.026468380562893613,0.025844690717241332,96,current-run measured OOF; recomputed only after all-complete
TrpB,T-Uniform-96,15,4,T-DCG-192,0.03946071694427696,0.024904396866093685,0.022656981596886373,192,current-run measured OOF; recomputed only after all-complete
TrpB,T-DCG-96,15,1,G-Rank,0.11794365776909722,0.12763242368344907,0.09338703754111373,96,current-run measured OOF; recomputed only after all-complete
TrpB,T-DCG-96,15,1,T-Uniform-96,0.11794365776909722,0.12763242368344907,0.09338703754111373,96,current-run measured OOF; recomputed only after all-complete
TrpB,T-DCG-96,15,1,T-DCG-96,0.11881641104003299,0.12232034757109593,0.09427037359124063,96,current-run measured OOF; recomputed only after all-complete
TrpB,T-DCG-96,15,1,T-DCG-192,0.11881641104003299,0.12232034757109593,0.09427037359124063,96,current-run measured OOF; recomputed only after all-complete
TrpB,T-DCG-96,15,2,G-Rank,0.04083308467158565,0.04052819146050347,0.03665064815797437,192,current-run measured OOF; recomputed only after all-complete
TrpB,T-DCG-96,15,2,T-Uniform-96,0.03498699046947338,0.022769504123263885,0.022468061539386325,96,current-run measured OOF; recomputed only after all-complete
TrpB,T-DCG-96,15,2,T-DCG-96,0.03397177911018368,0.024029172117978444,0.023615944583571368,96,current-run measured OOF; recomputed only after all-complete
TrpB,T-DCG-96,15,2,T-DCG-192,0.038882879494575626,0.03737428145221211,0.03417124513700601,192,current-run measured OOF; recomputed only after all-complete
TrpB,T-DCG-96,15,3,G-Rank,0.027554233378343625,0.027178101088284466,0.022875077350610354,288,current-run measured OOF; recomputed only after all-complete
TrpB,T-DCG-96,15,3,T-Uniform-96,0.026904949926054526,0.026837635432741768,0.0234868751169109,96,current-run measured OOF; recomputed only after all-complete
TrpB,T-DCG-96,15,3,T-DCG-96,0.03454586030129558,0.03929380870149418,0.032875741222775375,96,current-run measured OOF; recomputed only after all-complete
TrpB,T-DCG-96,15,3,T-DCG-192,0.03202079719743442,0.03258413655709915,0.028110416102615807,192,current-run measured OOF; recomputed only after all-complete
TrpB,T-DCG-96,15,4,G-Rank,0.03427482534337927,0.022533822942663123,0.02078742819770446,384,current-run measured OOF; recomputed only after all-complete
TrpB,T-DCG-96,15,4,T-Uniform-96,0.04407472963686343,0.024954195375795716,0.02354109353497422,96,current-run measured OOF; recomputed only after all-complete
TrpB,T-DCG-96,15,4,T-DCG-96,0.051688642987577624,0.03183660066356038,0.030984224283135246,96,current-run measured OOF; recomputed only after all-complete
TrpB,T-DCG-96,15,4,T-DCG-192,0.04626843258807453,0.02929977013940321,0.02763192236208858,192,current-run measured OOF; recomputed only after all-complete
TrpB,T-DCG-192,15,1,G-Rank,0.11794365776909722,0.12763242368344907,0.09338703754111373,96,current-run measured OOF; recomputed only after all-complete
TrpB,T-DCG-192,15,1,T-Uniform-96,0.11794365776909722,0.12763242368344907,0.09338703754111373,96,current-run measured OOF; recomputed only after all-complete
TrpB,T-DCG-192,15,1,T-DCG-96,0.11881641104003299,0.12232034757109593,0.09427037359124063,96,current-run measured OOF; recomputed only after all-complete
TrpB,T-DCG-192,15,1,T-DCG-192,0.11881641104003299,0.12232034757109593,0.09427037359124063,96,current-run measured OOF; recomputed only after all-complete
TrpB,T-DCG-192,15,2,G-Rank,0.04083308467158565,0.04052819146050347,0.03362070726158924,192,current-run measured OOF; recomputed only after all-complete
TrpB,T-DCG-192,15,2,T-Uniform-96,0.03498699046947338,0.022769504123263885,0.024315916235206653,96,current-run measured OOF; recomputed only after all-complete
TrpB,T-DCG-192,15,2,T-DCG-96,0.03397177911018368,0.024029172117978444,0.024986266820885582,96,current-run measured OOF; recomputed only after all-complete
TrpB,T-DCG-192,15,2,T-DCG-192,0.038882879494575626,0.03737428145221211,0.031883093195514856,192,current-run measured OOF; recomputed only after all-complete
TrpB,T-DCG-192,15,3,G-Rank,0.02623113519697359,0.02591888469596622,0.021618320517877425,288,current-run measured OOF; recomputed only after all-complete
TrpB,T-DCG-192,15,3,T-Uniform-96,0.02666947478620113,0.02493675451710391,0.021341253378238154,96,current-run measured OOF; recomputed only after all-complete
TrpB,T-DCG-192,15,3,T-DCG-96,0.02791634076903645,0.03326774400568804,0.025709264681382866,96,current-run measured OOF; recomputed only after all-complete
TrpB,T-DCG-192,15,3,T-DCG-192,0.027632734677620167,0.02895036565698963,0.023539766094864027,192,current-run measured OOF; recomputed only after all-complete
TrpB,T-DCG-192,15,4,G-Rank,0.03134904084382234,0.02493625217013889,0.02207548962501567,384,current-run measured OOF; recomputed only after all-complete
TrpB,T-DCG-192,15,4,T-Uniform-96,0.043494118584526904,0.03021148399070457,0.028506456631488347,96,current-run measured OOF; recomputed only after all-complete
TrpB,T-DCG-192,15,4,T-DCG-96,0.04710599939655269,0.03909173633907087,0.036197155400272234,96,current-run measured OOF; recomputed only after all-complete
TrpB,T-DCG-192,15,4,T-DCG-192,0.041110249175322106,0.0331213430246116,0.02981418812641857,192,current-run measured OOF; recomputed only after all-complete
TrpB,G-Rank,16,1,G-Rank,0.12840214482060186,0.12245234736689814,0.0974458421588813,96,current-run measured OOF; recomputed only after all-complete
TrpB,G-Rank,16,1,T-Uniform-96,0.12840214482060186,0.12245234736689814,0.0974458421588813,96,current-run measured OOF; recomputed only after all-complete
TrpB,G-Rank,16,1,T-DCG-96,0.11976939101857739,0.11873868391034889,0.09390541249304302,96,current-run measured OOF; recomputed only after all-complete
TrpB,G-Rank,16,1,T-DCG-192,0.11976939101857739,0.11873868391034889,0.09390541249304302,96,current-run measured OOF; recomputed only after all-complete
TrpB,G-Rank,16,2,G-Rank,0.03418251320167824,0.030790540907118052,0.02530544038034313,192,current-run measured OOF; recomputed only after all-complete
TrpB,G-Rank,16,2,T-Uniform-96,0.02420015688295718,0.018571924280237267,0.014774832729557168,96,current-run measured OOF; recomputed only after all-complete
TrpB,G-Rank,16,2,T-DCG-96,0.021658504700553135,0.017995522808433393,0.014200472106807504,96,current-run measured OOF; recomputed only after all-complete
TrpB,G-Rank,16,2,T-DCG-192,0.0305852109528845,0.028109804579030184,0.022859774148554612,192,current-run measured OOF; recomputed only after all-complete
TrpB,G-Rank,16,3,G-Rank,0.024881998697916668,0.02716181667416838,0.022218318559535117,288,current-run measured OOF; recomputed only after all-complete
TrpB,G-Rank,16,3,T-Uniform-96,0.021219135802469133,0.024560622227044752,0.020408987712023274,96,current-run measured OOF; recomputed only after all-complete
TrpB,G-Rank,16,3,T-DCG-96,0.019151515534739767,0.02353043991663833,0.018817251204225015,96,current-run measured OOF; recomputed only after all-complete
TrpB,G-Rank,16,3,T-DCG-192,0.022379200906878817,0.02701764097083481,0.021195337752379154,192,current-run measured OOF; recomputed only after all-complete
TrpB,G-Rank,16,4,G-Rank,0.027633066530580872,0.025186114841037322,0.022032897506415555,384,current-run measured OOF; recomputed only after all-complete
TrpB,G-Rank,16,4,T-Uniform-96,0.03007132918746383,0.027721546314380785,0.02274523089489744,96,current-run measured OOF; recomputed only after all-complete
TrpB,G-Rank,16,4,T-DCG-96,0.031636851009800494,0.025352909173620406,0.022427176411065543,96,current-run measured OOF; recomputed only after all-complete
TrpB,G-Rank,16,4,T-DCG-192,0.031163018524444048,0.026332079417981533,0.023322411530711445,192,current-run measured OOF; recomputed only after all-complete
TrpB,T-Uniform-96,16,1,G-Rank,0.12840214482060186,0.12245234736689814,0.0974458421588813,96,current-run measured OOF; recomputed only after all-complete
TrpB,T-Uniform-96,16,1,T-Uniform-96,0.12840214482060186,0.12245234736689814,0.0974458421588813,96,current-run measured OOF; recomputed only after all-complete
TrpB,T-Uniform-96,16,1,T-DCG-96,0.11976939101857739,0.11873868391034889,0.09390541249304302,96,current-run measured OOF; recomputed only after all-complete
TrpB,T-Uniform-96,16,1,T-DCG-192,0.11976939101857739,0.11873868391034889,0.09390541249304302,96,current-run measured OOF; recomputed only after all-complete
TrpB,T-Uniform-96,16,2,G-Rank,0.03418251320167824,0.030790540907118052,0.025378037358796058,192,current-run measured OOF; recomputed only after all-complete
TrpB,T-Uniform-96,16,2,T-Uniform-96,0.02420015688295718,0.018571924280237267,0.014709558037547546,96,current-run measured OOF; recomputed only after all-complete
TrpB,T-Uniform-96,16,2,T-DCG-96,0.021658504700553135,0.017995522808433393,0.014204344779900777,96,current-run measured OOF; recomputed only after all-complete
TrpB,T-Uniform-96,16,2,T-DCG-192,0.0305852109528845,0.028109804579030184,0.02295642259588504,192,current-run measured OOF; recomputed only after all-complete
TrpB,T-Uniform-96,16,3,G-Rank,0.02468332047325103,0.027577759961205418,0.022252370785998985,288,current-run measured OOF; recomputed only after all-complete
TrpB,T-Uniform-96,16,3,T-Uniform-96,0.022918952345357513,0.02747473697112911,0.021802064192498933,96,current-run measured OOF; recomputed only after all-complete
TrpB,T-Uniform-96,16,3,T-DCG-96,0.02070243882933957,0.024524420583343632,0.019581089257445453,96,current-run measured OOF; recomputed only after all-complete
TrpB,T-Uniform-96,16,3,T-DCG-192,0.02323745411437182,0.025797166778644878,0.0212020520878772,192,current-run measured OOF; recomputed only after all-complete
TrpB,T-Uniform-96,16,4,G-Rank,0.030667022422507958,0.026830390647605614,0.02496995060416864,384,current-run measured OOF; recomputed only after all-complete
TrpB,T-Uniform-96,16,4,T-Uniform-96,0.031068943164966726,0.027844676265010124,0.025709844465323022,96,current-run measured OOF; recomputed only after all-complete
TrpB,T-Uniform-96,16,4,T-DCG-96,0.03254146861551913,0.026309734851659942,0.025437868342793473,96,current-run measured OOF; recomputed only after all-complete
TrpB,T-Uniform-96,16,4,T-DCG-192,0.03344779794527671,0.028105072353330242,0.026799898977794896,192,current-run measured OOF; recomputed only after all-complete
TrpB,T-DCG-96,16,1,G-Rank,0.12840214482060186,0.12245234736689814,0.09749782296754454,96,current-run measured OOF; recomputed only after all-complete
TrpB,T-DCG-96,16,1,T-Uniform-96,0.12840214482060186,0.12245234736689814,0.09749782296754454,96,current-run measured OOF; recomputed only after all-complete
TrpB,T-DCG-96,16,1,T-DCG-96,0.11976939101857739,0.11873868391034889,0.09385810548911008,96,current-run measured OOF; recomputed only after all-complete
TrpB,T-DCG-96,16,1,T-DCG-192,0.11976939101857739,0.11873868391034889,0.09385810548911008,96,current-run measured OOF; recomputed only after all-complete
TrpB,T-DCG-96,16,2,G-Rank,0.03520993833188657,0.03428310818142361,0.028044552565573495,192,current-run measured OOF; recomputed only after all-complete
TrpB,T-DCG-96,16,2,T-Uniform-96,0.02419959174262153,0.019861857096354168,0.01626074589081255,96,current-run measured OOF; recomputed only after all-complete
TrpB,T-DCG-96,16,2,T-DCG-96,0.02233142063791985,0.019611699825465234,0.01575147760090994,96,current-run measured OOF; recomputed only after all-complete
TrpB,T-DCG-96,16,2,T-DCG-192,0.03193653500260747,0.031212043564979707,0.025368863518219827,192,current-run measured OOF; recomputed only after all-complete
TrpB,T-DCG-96,16,3,G-Rank,0.02593902043681413,0.024213793509945132,0.02202576858064607,288,current-run measured OOF; recomputed only after all-complete
TrpB,T-DCG-96,16,3,T-Uniform-96,0.02575871973861883,0.026552302356610085,0.024191774042392453,96,current-run measured OOF; recomputed only after all-complete
TrpB,T-DCG-96,16,3,T-DCG-96,0.0250292734339115,0.022780990697851368,0.0215415662578429,96,current-run measured OOF; recomputed only after all-complete
TrpB,T-DCG-96,16,3,T-DCG-192,0.026647761161653558,0.024184362460248264,0.022653544813595484,192,current-run measured OOF; recomputed only after all-complete
TrpB,T-DCG-96,16,4,G-Rank,0.03220971425374349,0.023391299777560767,0.02256008003131427,384,current-run measured OOF; recomputed only after all-complete
TrpB,T-DCG-96,16,4,T-Uniform-96,0.030995757491500287,0.021673626369900178,0.020290413295881136,96,current-run measured OOF; recomputed only after all-complete
TrpB,T-DCG-96,16,4,T-DCG-96,0.03840673924398554,0.018828726379774303,0.018360265761259344,96,current-run measured OOF; recomputed only after all-complete
TrpB,T-DCG-96,16,4,T-DCG-192,0.03761006187608038,0.024164877640269474,0.023156925325405114,192,current-run measured OOF; recomputed only after all-complete
TrpB,T-DCG-192,16,1,G-Rank,0.12840214482060186,0.12245234736689814,0.09749782296754454,96,current-run measured OOF; recomputed only after all-complete
TrpB,T-DCG-192,16,1,T-Uniform-96,0.12840214482060186,0.12245234736689814,0.09749782296754454,96,current-run measured OOF; recomputed only after all-complete
TrpB,T-DCG-192,16,1,T-DCG-96,0.11976939101857739,0.11873868391034889,0.09385810548911008,96,current-run measured OOF; recomputed only after all-complete
TrpB,T-DCG-192,16,1,T-DCG-192,0.11976939101857739,0.11873868391034889,0.09385810548911008,96,current-run measured OOF; recomputed only after all-complete
TrpB,T-DCG-192,16,2,G-Rank,0.03520993833188657,0.03428310818142361,0.027979485742641492,192,current-run measured OOF; recomputed only after all-complete
TrpB,T-DCG-192,16,2,T-Uniform-96,0.02419959174262153,0.019861857096354168,0.01639215865308071,96,current-run measured OOF; recomputed only after all-complete
TrpB,T-DCG-192,16,2,T-DCG-96,0.02233142063791985,0.019611699825465234,0.01580658222794521,96,current-run measured OOF; recomputed only after all-complete
TrpB,T-DCG-192,16,2,T-DCG-192,0.03193653500260747,0.031212043564979707,0.02530153963497959,192,current-run measured OOF; recomputed only after all-complete
TrpB,T-DCG-192,16,3,G-Rank,0.026151094580546982,0.02368055220657579,0.021955796382515897,288,current-run measured OOF; recomputed only after all-complete
TrpB,T-DCG-192,16,3,T-Uniform-96,0.02629974741994599,0.022847367902842076,0.022080474295077524,96,current-run measured OOF; recomputed only after all-complete
TrpB,T-DCG-192,16,3,T-DCG-96,0.025556033507302872,0.019632385227762235,0.019442597960240827,96,current-run measured OOF; recomputed only after all-complete
TrpB,T-DCG-192,16,3,T-DCG-192,0.027250410624289092,0.022254575900067224,0.02150495211537347,192,current-run measured OOF; recomputed only after all-complete
TrpB,T-DCG-192,16,4,G-Rank,0.03450346876073767,0.02633106267010724,0.024604201646242274,384,current-run measured OOF; recomputed only after all-complete
TrpB,T-DCG-192,16,4,T-Uniform-96,0.03641601845070168,0.023749104252568,0.021979859296077386,96,current-run measured OOF; recomputed only after all-complete
TrpB,T-DCG-192,16,4,T-DCG-96,0.03838483502362878,0.02012463188639094,0.01953418360837749,96,current-run measured OOF; recomputed only after all-complete
TrpB,T-DCG-192,16,4,T-DCG-192,0.038468725413677136,0.024123480256831635,0.0227450619889433,192,current-run measured OOF; recomputed only after all-complete
TrpB,G-Rank,17,1,G-Rank,0.13924323187934026,0.1694488525390625,0.12056410646189175,96,current-run measured OOF; recomputed only after all-complete
TrpB,G-Rank,17,1,T-Uniform-96,0.13924323187934026,0.1694488525390625,0.12056410646189175,96,current-run measured OOF; recomputed only after all-complete
TrpB,G-Rank,17,1,T-DCG-96,0.13855560688196716,0.1687917645386794,0.1186072259977331,96,current-run measured OOF; recomputed only after all-complete
TrpB,G-Rank,17,1,T-DCG-192,0.13855560688196716,0.1687917645386794,0.1186072259977331,96,current-run measured OOF; recomputed only after all-complete
TrpB,G-Rank,17,2,G-Rank,0.030673556857638885,0.03246589943214699,0.026466279230065105,192,current-run measured OOF; recomputed only after all-complete
TrpB,G-Rank,17,2,T-Uniform-96,0.01534638581452546,0.013845090512876157,0.011689599904185805,96,current-run measured OOF; recomputed only after all-complete
TrpB,G-Rank,17,2,T-DCG-96,0.01413191761719966,0.012571916243260638,0.01072556380464802,96,current-run measured OOF; recomputed only after all-complete
TrpB,G-Rank,17,2,T-DCG-192,0.026974556851019033,0.02796184564585175,0.023000016211231367,192,current-run measured OOF; recomputed only after all-complete
TrpB,G-Rank,17,3,G-Rank,0.031007282691400892,0.0204736529063786,0.01930665348117582,288,current-run measured OOF; recomputed only after all-complete
TrpB,G-Rank,17,3,T-Uniform-96,0.02903804072627315,0.014907397360468108,0.014304423787657722,96,current-run measured OOF; recomputed only after all-complete
TrpB,G-Rank,17,3,T-DCG-96,0.05107351910016968,0.018130056742518167,0.020097903966269266,96,current-run measured OOF; recomputed only after all-complete
TrpB,G-Rank,17,3,T-DCG-192,0.04314929931116143,0.01883101008270137,0.01927655718190303,192,current-run measured OOF; recomputed only after all-complete
TrpB,G-Rank,17,4,G-Rank,0.03313061043068215,0.02136036201759621,0.018651425210524108,384,current-run measured OOF; recomputed only after all-complete
TrpB,G-Rank,17,4,T-Uniform-96,0.041277496903030966,0.024027153297706893,0.020527069589750337,96,current-run measured OOF; recomputed only after all-complete
TrpB,G-Rank,17,4,T-DCG-96,0.057547971310117726,0.028278708270959775,0.027166275542155043,96,current-run measured OOF; recomputed only after all-complete
TrpB,G-Rank,17,4,T-DCG-192,0.045615855459702315,0.024044984109790845,0.021511407784537438,192,current-run measured OOF; recomputed only after all-complete
TrpB,T-Uniform-96,17,1,G-Rank,0.13924323187934026,0.1694488525390625,0.12056410646189175,96,current-run measured OOF; recomputed only after all-complete
TrpB,T-Uniform-96,17,1,T-Uniform-96,0.13924323187934026,0.1694488525390625,0.12056410646189175,96,current-run measured OOF; recomputed only after all-complete
TrpB,T-Uniform-96,17,1,T-DCG-96,0.13855560688196716,0.1687917645386794,0.1186072259977331,96,current-run measured OOF; recomputed only after all-complete
TrpB,T-Uniform-96,17,1,T-DCG-192,0.13855560688196716,0.1687917645386794,0.1186072259977331,96,current-run measured OOF; recomputed only after all-complete
TrpB,T-Uniform-96,17,2,G-Rank,0.030673556857638885,0.03246589943214699,0.0266976657430776,192,current-run measured OOF; recomputed only after all-complete
TrpB,T-Uniform-96,17,2,T-Uniform-96,0.01534638581452546,0.013845090512876157,0.011552698961084703,96,current-run measured OOF; recomputed only after all-complete
TrpB,T-Uniform-96,17,2,T-DCG-96,0.01413191761719966,0.012571916243260638,0.010580191435149449,96,current-run measured OOF; recomputed only after all-complete
TrpB,T-Uniform-96,17,2,T-DCG-192,0.026974556851019033,0.02796184564585175,0.0231406052098518,192,current-run measured OOF; recomputed only after all-complete
TrpB,T-Uniform-96,17,3,G-Rank,0.03377077707047324,0.024019301509987996,0.023114729544619444,288,current-run measured OOF; recomputed only after all-complete
TrpB,T-Uniform-96,17,3,T-Uniform-96,0.03431004653742284,0.01659302260159465,0.016243941327911418,96,current-run measured OOF; recomputed only after all-complete
TrpB,T-Uniform-96,17,3,T-DCG-96,0.05389804123967894,0.01778927240127646,0.01858260776637326,96,current-run measured OOF; recomputed only after all-complete
TrpB,T-Uniform-96,17,3,T-DCG-192,0.044030575678706683,0.019399782500548995,0.019268486566509306,192,current-run measured OOF; recomputed only after all-complete
TrpB,T-Uniform-96,17,4,G-Rank,0.03414346553661205,0.018883793442337603,0.017624435463052642,384,current-run measured OOF; recomputed only after all-complete
TrpB,T-Uniform-96,17,4,T-Uniform-96,0.03821846290870949,0.020046446058485243,0.018818974110441793,96,current-run measured OOF; recomputed only after all-complete
TrpB,T-Uniform-96,17,4,T-DCG-96,0.044422838342633046,0.020785668106479065,0.020327006231143866,96,current-run measured OOF; recomputed only after all-complete
TrpB,T-Uniform-96,17,4,T-DCG-192,0.03922224246029965,0.019619515171216035,0.018418680807821764,192,current-run measured OOF; recomputed only after all-complete
TrpB,T-DCG-96,17,1,G-Rank,0.13924323187934026,0.1694488525390625,0.12056691444544,96,current-run measured OOF; recomputed only after all-complete
TrpB,T-DCG-96,17,1,T-Uniform-96,0.13924323187934026,0.1694488525390625,0.12056691444544,96,current-run measured OOF; recomputed only after all-complete
TrpB,T-DCG-96,17,1,T-DCG-96,0.13855560688196716,0.1687917645386794,0.11860429898542404,96,current-run measured OOF; recomputed only after all-complete
TrpB,T-DCG-96,17,1,T-DCG-192,0.13855560688196716,0.1687917645386794,0.11860429898542404,96,current-run measured OOF; recomputed only after all-complete
TrpB,T-DCG-96,17,2,G-Rank,0.030910068088107635,0.02982302065248842,0.025795361897535635,192,current-run measured OOF; recomputed only after all-complete
TrpB,T-DCG-96,17,2,T-Uniform-96,0.017510873300057867,0.015690556278935185,0.013516194959199595,96,current-run measured OOF; recomputed only after all-complete
TrpB,T-DCG-96,17,2,T-DCG-96,0.01695670049384872,0.013898272662744989,0.012390074424524819,96,current-run measured OOF; recomputed only after all-complete
TrpB,T-DCG-96,17,2,T-DCG-192,0.027938596750814317,0.02592121284749877,0.022711543120104687,192,current-run measured OOF; recomputed only after all-complete
TrpB,T-DCG-96,17,3,G-Rank,0.030559147336355452,0.02120615850587277,0.019878146351937562,288,current-run measured OOF; recomputed only after all-complete
TrpB,T-DCG-96,17,3,T-Uniform-96,0.02880256558641975,0.017023408363876027,0.015265606794843475,96,current-run measured OOF; recomputed only after all-complete
TrpB,T-DCG-96,17,3,T-DCG-96,0.04040765345999218,0.01676355422830271,0.015700913984311362,96,current-run measured OOF; recomputed only after all-complete
TrpB,T-DCG-96,17,3,T-DCG-192,0.0365031514027873,0.017658837857480902,0.01658712995168015,192,current-run measured OOF; recomputed only after all-complete
TrpB,T-DCG-96,17,4,G-Rank,0.031206448872884113,0.019540716100622104,0.01779792505309929,384,current-run measured OOF; recomputed only after all-complete
TrpB,T-DCG-96,17,4,T-Uniform-96,0.03620882387514467,0.02085911786114728,0.01822397613802924,96,current-run measured OOF; recomputed only after all-complete
TrpB,T-DCG-96,17,4,T-DCG-96,0.04524770712888622,0.022522516920497226,0.020849150231437456,96,current-run measured OOF; recomputed only after all-complete
TrpB,T-DCG-96,17,4,T-DCG-192,0.0389483666873406,0.020575012333971493,0.018923957130221984,192,current-run measured OOF; recomputed only after all-complete
TrpB,T-DCG-192,17,1,G-Rank,0.13924323187934026,0.1694488525390625,0.12056691444544,96,current-run measured OOF; recomputed only after all-complete
TrpB,T-DCG-192,17,1,T-Uniform-96,0.13924323187934026,0.1694488525390625,0.12056691444544,96,current-run measured OOF; recomputed only after all-complete
TrpB,T-DCG-192,17,1,T-DCG-96,0.13855560688196716,0.1687917645386794,0.11860429898542404,96,current-run measured OOF; recomputed only after all-complete
TrpB,T-DCG-192,17,1,T-DCG-192,0.13855560688196716,0.1687917645386794,0.11860429898542404,96,current-run measured OOF; recomputed only after all-complete
TrpB,T-DCG-192,17,2,G-Rank,0.030910068088107635,0.02982302065248842,0.025596608866369053,192,current-run measured OOF; recomputed only after all-complete
TrpB,T-DCG-192,17,2,T-Uniform-96,0.017510873300057867,0.015690556278935185,0.013473789529807448,96,current-run measured OOF; recomputed only after all-complete
TrpB,T-DCG-192,17,2,T-DCG-96,0.01695670049384872,0.013898272662744989,0.012455138390098182,96,current-run measured OOF; recomputed only after all-complete
TrpB,T-DCG-192,17,2,T-DCG-192,0.027938596750814317,0.02592121284749877,0.022613715403049364,192,current-run measured OOF; recomputed only after all-complete
TrpB,T-DCG-192,17,3,G-Rank,0.03299938144343707,0.020233447332604595,0.019708198496583666,288,current-run measured OOF; recomputed only after all-complete
TrpB,T-DCG-192,17,3,T-Uniform-96,0.03737549330471965,0.015559066960841049,0.015417760396651839,96,current-run measured OOF; recomputed only after all-complete
TrpB,T-DCG-192,17,3,T-DCG-96,0.0522702623419076,0.01600179327302365,0.016194275576044685,96,current-run measured OOF; recomputed only after all-complete
TrpB,T-DCG-192,17,3,T-DCG-192,0.04379444348454463,0.0166437893649195,0.016477917567302762,192,current-run measured OOF; recomputed only after all-complete
TrpB,T-DCG-192,17,4,G-Rank,0.034096735495108145,0.01904097309818974,0.01771008118996008,384,current-run measured OOF; recomputed only after all-complete
TrpB,T-DCG-192,17,4,T-Uniform-96,0.03817982143825955,0.019068046852394386,0.017829357419068003,96,current-run measured OOF; recomputed only after all-complete
TrpB,T-DCG-192,17,4,T-DCG-96,0.04024820361713975,0.019973736197369068,0.018625062549947145,96,current-run measured OOF; recomputed only after all-complete
TrpB,T-DCG-192,17,4,T-DCG-192,0.03471030784611841,0.01885964650121622,0.01726095901824867,192,current-run measured OOF; recomputed only after all-complete
TrpB,G-Rank,18,1,G-Rank,0.13631863064236108,0.16215684678819445,0.11437426868366997,96,current-run measured OOF; recomputed only after all-complete
TrpB,G-Rank,18,1,T-Uniform-96,0.13631863064236108,0.16215684678819445,0.11437426868366997,96,current-run measured OOF; recomputed only after all-complete
TrpB,G-Rank,18,1,T-DCG-96,0.16215106227459833,0.17819746394876568,0.1388892131675103,96,current-run measured OOF; recomputed only after all-complete
TrpB,G-Rank,18,1,T-DCG-192,0.16215106227459833,0.17819746394876568,0.1388892131675103,96,current-run measured OOF; recomputed only after all-complete
TrpB,G-Rank,18,2,G-Rank,0.03427095766420717,0.03675814028139468,0.02890386466892599,192,current-run measured OOF; recomputed only after all-complete
TrpB,G-Rank,18,2,T-Uniform-96,0.028878106011284724,0.0272287439416956,0.022948359840866735,96,current-run measured OOF; recomputed only after all-complete
TrpB,G-Rank,18,2,T-DCG-96,0.026718997906112863,0.028317390673227038,0.022071850494624682,96,current-run measured OOF; recomputed only after all-complete
TrpB,G-Rank,18,2,T-DCG-192,0.03198016537526525,0.035568589947073445,0.027281978764630815,192,current-run measured OOF; recomputed only after all-complete
TrpB,G-Rank,18,3,G-Rank,0.028687611855924208,0.027135276009516464,0.023651554714790773,288,current-run measured OOF; recomputed only after all-complete
TrpB,G-Rank,18,3,T-Uniform-96,0.02413475758744856,0.024128478250385804,0.019752346021898157,96,current-run measured OOF; recomputed only after all-complete
TrpB,G-Rank,18,3,T-DCG-96,0.022556013860338186,0.02299038565879814,0.018969718800247726,96,current-run measured OOF; recomputed only after all-complete
TrpB,G-Rank,18,3,T-DCG-192,0.027409815878095226,0.024652855140963492,0.02222488006767945,192,current-run measured OOF; recomputed only after all-complete
TrpB,G-Rank,18,4,G-Rank,0.03446723796703197,0.02577446125171803,0.024239289748518873,384,current-run measured OOF; recomputed only after all-complete
TrpB,G-Rank,18,4,T-Uniform-96,0.025455898708767365,0.016957600911458332,0.01457970898798421,96,current-run measured OOF; recomputed only after all-complete
TrpB,G-Rank,18,4,T-DCG-96,0.02488191544763895,0.01568132945480982,0.013956737294161359,96,current-run measured OOF; recomputed only after all-complete
TrpB,G-Rank,18,4,T-DCG-192,0.030294035076857406,0.021359445686369462,0.019723945831303675,192,current-run measured OOF; recomputed only after all-complete
TrpB,T-Uniform-96,18,1,G-Rank,0.13631863064236108,0.16215684678819445,0.11437426868366997,96,current-run measured OOF; recomputed only after all-complete
TrpB,T-Uniform-96,18,1,T-Uniform-96,0.13631863064236108,0.16215684678819445,0.11437426868366997,96,current-run measured OOF; recomputed only after all-complete
TrpB,T-Uniform-96,18,1,T-DCG-96,0.16215106227459833,0.17819746394876568,0.1388892131675103,96,current-run measured OOF; recomputed only after all-complete
TrpB,T-Uniform-96,18,1,T-DCG-192,0.16215106227459833,0.17819746394876568,0.1388892131675103,96,current-run measured OOF; recomputed only after all-complete
TrpB,T-Uniform-96,18,2,G-Rank,0.03427095766420717,0.03675814028139468,0.029101633259449675,192,current-run measured OOF; recomputed only after all-complete
TrpB,T-Uniform-96,18,2,T-Uniform-96,0.028878106011284724,0.0272287439416956,0.022790473786664156,96,current-run measured OOF; recomputed only after all-complete
TrpB,T-Uniform-96,18,2,T-DCG-96,0.026718997906112863,0.028317390673227038,0.022195571337069092,96,current-run measured OOF; recomputed only after all-complete
TrpB,T-Uniform-96,18,2,T-DCG-192,0.03198016537526525,0.035568589947073445,0.027575893392237604,192,current-run measured OOF; recomputed only after all-complete
TrpB,T-Uniform-96,18,3,G-Rank,0.028670280885631,0.027468415771819275,0.023983158966000617,288,current-run measured OOF; recomputed only after all-complete
TrpB,T-Uniform-96,18,3,T-Uniform-96,0.023043157632458844,0.022919580279063784,0.01829332626812456,96,current-run measured OOF; recomputed only after all-complete
TrpB,T-Uniform-96,18,3,T-DCG-96,0.02060380500947571,0.019893837026168256,0.01622516417252657,96,current-run measured OOF; recomputed only after all-complete
TrpB,T-Uniform-96,18,3,T-DCG-192,0.02612716337634653,0.023269669575819406,0.020917845629518074,192,current-run measured OOF; recomputed only after all-complete
TrpB,T-Uniform-96,18,4,G-Rank,0.032475047641330294,0.02631152117693866,0.023778285828586126,384,current-run measured OOF; recomputed only after all-complete
TrpB,T-Uniform-96,18,4,T-Uniform-96,0.03179437142831308,0.022500214753327547,0.018586548576281687,96,current-run measured OOF; recomputed only after all-complete
TrpB,T-Uniform-96,18,4,T-DCG-96,0.043911349682410235,0.02736665850053659,0.026578861526397227,96,current-run measured OOF; recomputed only after all-complete
TrpB,T-Uniform-96,18,4,T-DCG-192,0.041257049193120024,0.02924952078792687,0.02785047502731606,192,current-run measured OOF; recomputed only after all-complete
TrpB,T-DCG-96,18,1,G-Rank,0.13631863064236108,0.16215684678819445,0.11450445652704382,96,current-run measured OOF; recomputed only after all-complete
TrpB,T-DCG-96,18,1,T-Uniform-96,0.13631863064236108,0.16215684678819445,0.11450445652704382,96,current-run measured OOF; recomputed only after all-complete
TrpB,T-DCG-96,18,1,T-DCG-96,0.16215106227459833,0.17819746394876568,0.13876963052464003,96,current-run measured OOF; recomputed only after all-complete
TrpB,T-DCG-96,18,1,T-DCG-192,0.16215106227459833,0.17819746394876568,0.13876963052464003,96,current-run measured OOF; recomputed only after all-complete
TrpB,T-DCG-96,18,2,G-Rank,0.036748532895688656,0.03674259892216435,0.03135135363575912,192,current-run measured OOF; recomputed only after all-complete
TrpB,T-DCG-96,18,2,T-Uniform-96,0.03533935546875,0.029695581506799767,0.027654482695848238,96,current-run measured OOF; recomputed only after all-complete
TrpB,T-DCG-96,18,2,T-DCG-96,0.032123422476944455,0.028557348501883538,0.025546008844359182,96,current-run measured OOF; recomputed only after all-complete
TrpB,T-DCG-96,18,2,T-DCG-192,0.03466165177458179,0.03464581630056617,0.02941631147177152,192,current-run measured OOF; recomputed only after all-complete
TrpB,T-DCG-96,18,3,G-Rank,0.02647209429119513,0.024794925223979764,0.0219234570086661,288,current-run measured OOF; recomputed only after all-complete
TrpB,T-DCG-96,18,3,T-Uniform-96,0.019134395897633747,0.01907172811374743,0.016205929570091263,96,current-run measured OOF; recomputed only after all-complete
TrpB,T-DCG-96,18,3,T-DCG-96,0.018074956641879525,0.01873914484731915,0.015815110985902953,96,current-run measured OOF; recomputed only after all-complete
TrpB,T-DCG-96,18,3,T-DCG-192,0.022810526357187413,0.021384145756495217,0.01919020132729987,192,current-run measured OOF; recomputed only after all-complete
TrpB,T-DCG-96,18,4,G-Rank,0.03486057564064308,0.028513661137333623,0.027177549181142457,384,current-run measured OOF; recomputed only after all-complete
TrpB,T-DCG-96,18,4,T-Uniform-96,0.035590065850151904,0.02582189771864149,0.024375014214907283,96,current-run measured OOF; recomputed only after all-complete
TrpB,T-DCG-96,18,4,T-DCG-96,0.04933184810649142,0.03275719621605677,0.03232161756953466,96,current-run measured OOF; recomputed only after all-complete
TrpB,T-DCG-96,18,4,T-DCG-192,0.04530020697453854,0.033184265485745934,0.03221135014295191,192,current-run measured OOF; recomputed only after all-complete
TrpB,T-DCG-192,18,1,G-Rank,0.13631863064236108,0.16215684678819445,0.11450445652704382,96,current-run measured OOF; recomputed only after all-complete
TrpB,T-DCG-192,18,1,T-Uniform-96,0.13631863064236108,0.16215684678819445,0.11450445652704382,96,current-run measured OOF; recomputed only after all-complete
TrpB,T-DCG-192,18,1,T-DCG-96,0.16215106227459833,0.17819746394876568,0.13876963052464003,96,current-run measured OOF; recomputed only after all-complete
TrpB,T-DCG-192,18,1,T-DCG-192,0.16215106227459833,0.17819746394876568,0.13876963052464003,96,current-run measured OOF; recomputed only after all-complete
TrpB,T-DCG-192,18,2,G-Rank,0.036748532895688656,0.03674259892216435,0.03114354249816477,192,current-run measured OOF; recomputed only after all-complete
TrpB,T-DCG-192,18,2,T-Uniform-96,0.03533935546875,0.029695581506799767,0.028029827112224043,96,current-run measured OOF; recomputed only after all-complete
TrpB,T-DCG-192,18,2,T-DCG-96,0.032123422476944455,0.028557348501883538,0.025716658558930953,96,current-run measured OOF; recomputed only after all-complete
TrpB,T-DCG-192,18,2,T-DCG-192,0.03466165177458179,0.03464581630056617,0.029215545970915965,192,current-run measured OOF; recomputed only after all-complete
TrpB,T-DCG-192,18,3,G-Rank,0.025468656228566526,0.025359312039180387,0.022521985593111485,288,current-run measured OOF; recomputed only after all-complete
TrpB,T-DCG-192,18,3,T-Uniform-96,0.01659930193865741,0.02258275663901749,0.0158809153225577,96,current-run measured OOF; recomputed only after all-complete
TrpB,T-DCG-192,18,3,T-DCG-96,0.016511233234277636,0.026612408381307906,0.01687826194711764,96,current-run measured OOF; recomputed only after all-complete
TrpB,T-DCG-192,18,3,T-DCG-192,0.021186489362652376,0.026039528513694413,0.020294156510766628,192,current-run measured OOF; recomputed only after all-complete
TrpB,T-DCG-192,18,4,G-Rank,0.037663777669270836,0.028326952898943866,0.027360418209757504,384,current-run measured OOF; recomputed only after all-complete
TrpB,T-DCG-192,18,4,T-Uniform-96,0.04367609377260562,0.03108307167335793,0.030092117101082196,96,current-run measured OOF; recomputed only after all-complete
TrpB,T-DCG-192,18,4,T-DCG-96,0.06690837675580859,0.03939143142710543,0.039534870523414534,96,current-run measured OOF; recomputed only after all-complete
TrpB,T-DCG-192,18,4,T-DCG-192,0.057975512674137676,0.03510099597659869,0.03489717505063717,192,current-run measured OOF; recomputed only after all-complete
TrpB,G-Rank,19,1,G-Rank,0.10045256438078705,0.16232412832754628,0.09706592724006946,96,current-run measured OOF; recomputed only after all-complete
TrpB,G-Rank,19,1,T-Uniform-96,0.10045256438078705,0.16232412832754628,0.09706592724006946,96,current-run measured OOF; recomputed only after all-complete
TrpB,G-Rank,19,1,T-DCG-96,0.09517335754112306,0.1627410940328452,0.09314925330945117,96,current-run measured OOF; recomputed only after all-complete
TrpB,G-Rank,19,1,T-DCG-192,0.09517335754112306,0.1627410940328452,0.09314925330945117,96,current-run measured OOF; recomputed only after all-complete
TrpB,G-Rank,19,2,G-Rank,0.05157181068702981,0.04269133673773872,0.037626824488277776,192,current-run measured OOF; recomputed only after all-complete
TrpB,G-Rank,19,2,T-Uniform-96,0.03567052770543982,0.026140283655237267,0.02326613894878252,96,current-run measured OOF; recomputed only after all-complete
TrpB,G-Rank,19,2,T-DCG-96,0.03585882674245061,0.03020955890878636,0.026331692819895086,96,current-run measured OOF; recomputed only after all-complete
TrpB,G-Rank,19,2,T-DCG-192,0.048237538237584865,0.041844359527095136,0.036521850459123505,192,current-run measured OOF; recomputed only after all-complete
TrpB,G-Rank,19,3,G-Rank,0.028030060609835816,0.023044811191218706,0.021852339982871248,288,current-run measured OOF; recomputed only after all-complete
TrpB,G-Rank,19,3,T-Uniform-96,0.019340986086998458,0.016582222141846705,0.015324639946238497,96,current-run measured OOF; recomputed only after all-complete
TrpB,G-Rank,19,3,T-DCG-96,0.01774672564336009,0.015048753597216025,0.014051535642161142,96,current-run measured OOF; recomputed only after all-complete
TrpB,G-Rank,19,3,T-DCG-192,0.02404764853387403,0.017959859766621653,0.01765140824274848,192,current-run measured OOF; recomputed only after all-complete
TrpB,G-Rank,19,4,G-Rank,0.03174297014872233,0.021080997255113393,0.020326274041217653,384,current-run measured OOF; recomputed only after all-complete
TrpB,G-Rank,19,4,T-Uniform-96,0.03583682024920429,0.02237659030490451,0.02166831257162787,96,current-run measured OOF; recomputed only after all-complete
TrpB,G-Rank,19,4,T-DCG-96,0.03590643754530301,0.022874896679941973,0.021984995347898727,96,current-run measured OOF; recomputed only after all-complete
TrpB,G-Rank,19,4,T-DCG-192,0.033801744380539844,0.022659214137176024,0.021536740205131875,192,current-run measured OOF; recomputed only after all-complete
TrpB,T-Uniform-96,19,1,G-Rank,0.10045256438078705,0.16232412832754628,0.09706592724006946,96,current-run measured OOF; recomputed only after all-complete
TrpB,T-Uniform-96,19,1,T-Uniform-96,0.10045256438078705,0.16232412832754628,0.09706592724006946,96,current-run measured OOF; recomputed only after all-complete
TrpB,T-Uniform-96,19,1,T-DCG-96,0.09517335754112306,0.1627410940328452,0.09314925330945117,96,current-run measured OOF; recomputed only after all-complete
TrpB,T-Uniform-96,19,1,T-DCG-192,0.09517335754112306,0.1627410940328452,0.09314925330945117,96,current-run measured OOF; recomputed only after all-complete
TrpB,T-Uniform-96,19,2,G-Rank,0.05157181068702981,0.04269133673773872,0.03771339023119987,192,current-run measured OOF; recomputed only after all-complete
TrpB,T-Uniform-96,19,2,T-Uniform-96,0.03567052770543982,0.026140283655237267,0.023199618787385804,96,current-run measured OOF; recomputed only after all-complete
TrpB,T-Uniform-96,19,2,T-DCG-96,0.03585882674245061,0.03020955890878636,0.02642760404991646,96,current-run measured OOF; recomputed only after all-complete
TrpB,T-Uniform-96,19,2,T-DCG-192,0.048237538237584865,0.041844359527095136,0.03668853342613843,192,current-run measured OOF; recomputed only after all-complete
TrpB,T-Uniform-96,19,3,G-Rank,0.02949406711489412,0.02234085564423654,0.020964141640987685,288,current-run measured OOF; recomputed only after all-complete
TrpB,T-Uniform-96,19,3,T-Uniform-96,0.019830272030928495,0.015059608490869342,0.014232974170853058,96,current-run measured OOF; recomputed only after all-complete
TrpB,T-Uniform-96,19,3,T-DCG-96,0.017512932657628367,0.013126190926248053,0.012418074444752967,96,current-run measured OOF; recomputed only after all-complete
TrpB,T-Uniform-96,19,3,T-DCG-192,0.02406091682585544,0.016852636210865204,0.016446470485696252,192,current-run measured OOF; recomputed only after all-complete
TrpB,T-Uniform-96,19,4,G-Rank,0.029114440635398583,0.019127315945095487,0.018375029704545413,384,current-run measured OOF; recomputed only after all-complete
TrpB,T-Uniform-96,19,4,T-Uniform-96,0.03247628388581453,0.01906218352141204,0.018470643124258963,96,current-run measured OOF; recomputed only after all-complete
TrpB,T-Uniform-96,19,4,T-DCG-96,0.03526668613988718,0.03552686065558237,0.03174838895496863,96,current-run measured OOF; recomputed only after all-complete
TrpB,T-Uniform-96,19,4,T-DCG-192,0.03281227017821417,0.029047457188690087,0.026349295930830293,192,current-run measured OOF; recomputed only after all-complete
TrpB,T-DCG-96,19,1,G-Rank,0.10045256438078705,0.16232412832754628,0.09719455847462528,96,current-run measured OOF; recomputed only after all-complete
TrpB,T-DCG-96,19,1,T-Uniform-96,0.10045256438078705,0.16232412832754628,0.09719455847462528,96,current-run measured OOF; recomputed only after all-complete
TrpB,T-DCG-96,19,1,T-DCG-96,0.09517335754112306,0.1627410940328452,0.0930232668770165,96,current-run measured OOF; recomputed only after all-complete
TrpB,T-DCG-96,19,1,T-DCG-192,0.09517335754112306,0.1627410940328452,0.0930232668770165,96,current-run measured OOF; recomputed only after all-complete
TrpB,T-DCG-96,19,2,G-Rank,0.05042316295482494,0.04058124400951244,0.03758018841698633,192,current-run measured OOF; recomputed only after all-complete
TrpB,T-DCG-96,19,2,T-Uniform-96,0.03441761158130787,0.024648030598958332,0.02357808048688362,96,current-run measured OOF; recomputed only after all-complete
TrpB,T-DCG-96,19,2,T-DCG-96,0.031910694551123414,0.023254194896947307,0.022338309439934978,96,current-run measured OOF; recomputed only after all-complete
TrpB,T-DCG-96,19,2,T-DCG-192,0.04557874734606129,0.03657706052351284,0.03404124662668733,192,current-run measured OOF; recomputed only after all-complete
TrpB,T-DCG-96,19,3,G-Rank,0.029819085601262434,0.02321862324111583,0.021685433750384453,288,current-run measured OOF; recomputed only after all-complete
TrpB,T-DCG-96,19,3,T-Uniform-96,0.02164525161554784,0.01763401109985854,0.016227471663967735,96,current-run measured OOF; recomputed only after all-complete
TrpB,T-DCG-96,19,3,T-DCG-96,0.020521833748698107,0.016498609553940082,0.015237519372147432,96,current-run measured OOF; recomputed only after all-complete
TrpB,T-DCG-96,19,3,T-DCG-192,0.025138114352353278,0.019571118447478823,0.01858760227803249,192,current-run measured OOF; recomputed only after all-complete
TrpB,T-DCG-96,19,4,G-Rank,0.030117034912109375,0.020625379350450303,0.019578081994181318,384,current-run measured OOF; recomputed only after all-complete
TrpB,T-DCG-96,19,4,T-Uniform-96,0.030046321727611403,0.019666035970052082,0.018690228229772267,96,current-run measured OOF; recomputed only after all-complete
TrpB,T-DCG-96,19,4,T-DCG-96,0.03453166216529315,0.019292150831393517,0.01851820644025532,96,current-run measured OOF; recomputed only after all-complete
TrpB,T-DCG-96,19,4,T-DCG-192,0.034868845375863676,0.0195955876805734,0.018905713621671143,192,current-run measured OOF; recomputed only after all-complete
TrpB,T-DCG-192,19,1,G-Rank,0.10045256438078705,0.16232412832754628,0.09719455847462528,96,current-run measured OOF; recomputed only after all-complete
TrpB,T-DCG-192,19,1,T-Uniform-96,0.10045256438078705,0.16232412832754628,0.09719455847462528,96,current-run measured OOF; recomputed only after all-complete
TrpB,T-DCG-192,19,1,T-DCG-96,0.09517335754112306,0.1627410940328452,0.0930232668770165,96,current-run measured OOF; recomputed only after all-complete
TrpB,T-DCG-192,19,1,T-DCG-192,0.09517335754112306,0.1627410940328452,0.0930232668770165,96,current-run measured OOF; recomputed only after all-complete
TrpB,T-DCG-192,19,2,G-Rank,0.05042316295482494,0.04058124400951244,0.03730382310532373,192,current-run measured OOF; recomputed only after all-complete
TrpB,T-DCG-192,19,2,T-Uniform-96,0.03441761158130787,0.024648030598958332,0.023718785077473565,96,current-run measured OOF; recomputed only after all-complete
TrpB,T-DCG-192,19,2,T-DCG-96,0.031910694551123414,0.023254194896947307,0.022469975215764423,96,current-run measured OOF; recomputed only after all-complete
TrpB,T-DCG-192,19,2,T-DCG-192,0.04557874734606129,0.03657706052351284,0.03383392048445813,192,current-run measured OOF; recomputed only after all-complete
TrpB,T-DCG-192,19,3,G-Rank,0.027032734435281636,0.02402225279840749,0.02152747384536146,288,current-run measured OOF; recomputed only after all-complete
TrpB,T-DCG-192,19,3,T-Uniform-96,0.019447106883359055,0.017684999316808128,0.015535894393642077,96,current-run measured OOF; recomputed only after all-complete
TrpB,T-DCG-192,19,3,T-DCG-96,0.01903910391805653,0.0167179466586568,0.01498034898536927,96,current-run measured OOF; recomputed only after all-complete
TrpB,T-DCG-192,19,3,T-DCG-192,0.0227285383677407,0.020448272199626968,0.01849408273778345,192,current-run measured OOF; recomputed only after all-complete
TrpB,T-DCG-192,19,4,G-Rank,0.030433822561193397,0.021074480480617944,0.020548758840009024,384,current-run measured OOF; recomputed only after all-complete
TrpB,T-DCG-192,19,4,T-Uniform-96,0.030918262622974535,0.020324918958875865,0.020359709443255276,96,current-run measured OOF; recomputed only after all-complete
TrpB,T-DCG-192,19,4,T-DCG-96,0.031246440193027882,0.023202117648883625,0.02287324648290311,96,current-run measured OOF; recomputed only after all-complete
TrpB,T-DCG-192,19,4,T-DCG-192,0.031004178689980864,0.022921808448757235,0.022288494648386347,192,current-run measured OOF; recomputed only after all-complete
TrpB,G-Rank,20,1,G-Rank,0.14926260489004628,0.18875687210648148,0.13567504569110955,96,current-run measured OOF; recomputed only after all-complete
TrpB,G-Rank,20,1,T-Uniform-96,0.14926260489004628,0.18875687210648148,0.13567504569110955,96,current-run measured OOF; recomputed only after all-complete
TrpB,G-Rank,20,1,T-DCG-96,0.143273134567255,0.19968359905684618,0.13588625887422578,96,current-run measured OOF; recomputed only after all-complete
TrpB,G-Rank,20,1,T-DCG-192,0.143273134567255,0.19968359905684618,0.13588625887422578,96,current-run measured OOF; recomputed only after all-complete
TrpB,G-Rank,20,2,G-Rank,0.037029125072337965,0.033536275227864586,0.029812617706994723,192,current-run measured OOF; recomputed only after all-complete
TrpB,G-Rank,20,2,T-Uniform-96,0.02232276068793403,0.016844290274160883,0.01565920006555604,96,current-run measured OOF; recomputed only after all-complete
TrpB,G-Rank,20,2,T-DCG-96,0.0198488403140209,0.015535925156101789,0.014111343018860214,96,current-run measured OOF; recomputed only after all-complete
TrpB,G-Rank,20,2,T-DCG-192,0.03245505044364376,0.02923867618834102,0.02590607392478034,192,current-run measured OOF; recomputed only after all-complete
TrpB,G-Rank,20,3,G-Rank,0.033179849590620716,0.02318456830311214,0.022762895837098316,288,current-run measured OOF; recomputed only after all-complete
TrpB,G-Rank,20,3,T-Uniform-96,0.025430310410236624,0.014469601980452676,0.015086468397918237,96,current-run measured OOF; recomputed only after all-complete
TrpB,G-Rank,20,3,T-DCG-96,0.028756371956591288,0.013622234175598456,0.014772194734306639,96,current-run measured OOF; recomputed only after all-complete
TrpB,G-Rank,20,3,T-DCG-192,0.02921436496901896,0.017104603944710414,0.017367244322570925,192,current-run measured OOF; recomputed only after all-complete
TrpB,G-Rank,20,4,G-Rank,0.0341673250551577,0.020445117244014033,0.01988993303723266,384,current-run measured OOF; recomputed only after all-complete
TrpB,G-Rank,20,4,T-Uniform-96,0.036491323400426795,0.014536822283709491,0.014522774140540607,96,current-run measured OOF; recomputed only after all-complete
TrpB,G-Rank,20,4,T-DCG-96,0.04840157032547733,0.014475297869869555,0.01535328211945068,96,current-run measured OOF; recomputed only after all-complete
TrpB,G-Rank,20,4,T-DCG-192,0.04217467746912986,0.018079406411547306,0.017844120047219858,192,current-run measured OOF; recomputed only after all-complete
TrpB,T-Uniform-96,20,1,G-Rank,0.14926260489004628,0.18875687210648148,0.13567504569110955,96,current-run measured OOF; recomputed only after all-complete
TrpB,T-Uniform-96,20,1,T-Uniform-96,0.14926260489004628,0.18875687210648148,0.13567504569110955,96,current-run measured OOF; recomputed only after all-complete
TrpB,T-Uniform-96,20,1,T-DCG-96,0.143273134567255,0.19968359905684618,0.13588625887422578,96,current-run measured OOF; recomputed only after all-complete
TrpB,T-Uniform-96,20,1,T-DCG-192,0.143273134567255,0.19968359905684618,0.13588625887422578,96,current-run measured OOF; recomputed only after all-complete
TrpB,T-Uniform-96,20,2,G-Rank,0.037029125072337965,0.033536275227864586,0.03006947443531095,192,current-run measured OOF; recomputed only after all-complete
TrpB,T-Uniform-96,20,2,T-Uniform-96,0.02232276068793403,0.016844290274160883,0.015486999407217983,96,current-run measured OOF; recomputed only after all-complete
TrpB,T-Uniform-96,20,2,T-DCG-96,0.0198488403140209,0.015535925156101789,0.014036507882724023,96,current-run measured OOF; recomputed only after all-complete
TrpB,T-Uniform-96,20,2,T-DCG-192,0.03245505044364376,0.02923867618834102,0.026130702151082586,192,current-run measured OOF; recomputed only after all-complete
TrpB,T-Uniform-96,20,3,G-Rank,0.03214183331189987,0.02297801997599451,0.02297801997599451,288,current-run measured OOF; recomputed only after all-complete
TrpB,T-Uniform-96,20,3,T-Uniform-96,0.02675336672935957,0.015301488554526748,0.015301488554526748,96,current-run measured OOF; recomputed only after all-complete
TrpB,T-Uniform-96,20,3,T-DCG-96,0.03252672361565842,0.019528075048085007,0.019528075048085007,96,current-run measured OOF; recomputed only after all-complete
TrpB,T-Uniform-96,20,3,T-DCG-192,0.033230111853978846,0.020211370548737107,0.020211370548737107,192,current-run measured OOF; recomputed only after all-complete
TrpB,T-Uniform-96,20,4,G-Rank,0.03231579286080819,0.021950889516759803,0.021123158131372832,384,current-run measured OOF; recomputed only after all-complete
TrpB,T-Uniform-96,20,4,T-Uniform-96,0.025800139815719037,0.016182581583658855,0.014366243164744203,96,current-run measured OOF; recomputed only after all-complete
TrpB,T-Uniform-96,20,4,T-DCG-96,0.029289403415373456,0.025576808657101796,0.0208147076518344,96,current-run measured OOF; recomputed only after all-complete
TrpB,T-Uniform-96,20,4,T-DCG-192,0.03016301299044031,0.02383167059330943,0.020371572467602267,192,current-run measured OOF; recomputed only after all-complete
TrpB,T-DCG-96,20,1,G-Rank,0.14926260489004628,0.18875687210648148,0.13634973856737273,96,current-run measured OOF; recomputed only after all-complete
TrpB,T-DCG-96,20,1,T-Uniform-96,0.14926260489004628,0.18875687210648148,0.13634973856737273,96,current-run measured OOF; recomputed only after all-complete
TrpB,T-DCG-96,20,1,T-DCG-96,0.143273134567255,0.19968359905684618,0.13522456635461094,96,current-run measured OOF; recomputed only after all-complete
TrpB,T-DCG-96,20,1,T-DCG-192,0.143273134567255,0.19968359905684618,0.13522456635461094,96,current-run measured OOF; recomputed only after all-complete
TrpB,T-DCG-96,20,2,G-Rank,0.037374143247251156,0.04136685971860533,0.035125011481592895,192,current-run measured OOF; recomputed only after all-complete
TrpB,T-DCG-96,20,2,T-Uniform-96,0.023327580204716435,0.02113624855324074,0.01929062952327058,96,current-run measured OOF; recomputed only after all-complete
TrpB,T-DCG-96,20,2,T-DCG-96,0.022893198181649442,0.01933583478756228,0.018112570667740267,96,current-run measured OOF; recomputed only after all-complete
TrpB,T-DCG-96,20,2,T-DCG-192,0.03417334774697213,0.03599994840036075,0.031055647644556414,192,current-run measured OOF; recomputed only after all-complete
TrpB,T-DCG-96,20,3,G-Rank,0.028061268915037723,0.026513035568844306,0.025188658859362577,288,current-run measured OOF; recomputed only after all-complete
TrpB,T-DCG-96,20,3,T-Uniform-96,0.01924629368409208,0.01577005268614969,0.015369240870975695,96,current-run measured OOF; recomputed only after all-complete
TrpB,T-DCG-96,20,3,T-DCG-96,0.019395635233411028,0.014393854907094831,0.014189238422972846,96,current-run measured OOF; recomputed only after all-complete
TrpB,T-DCG-96,20,3,T-DCG-192,0.023107466969725633,0.01962704118377474,0.018906352216708024,192,current-run measured OOF; recomputed only after all-complete
TrpB,T-DCG-96,20,4,G-Rank,0.029107835557725698,0.021031273735894095,0.019797294724346298,384,current-run measured OOF; recomputed only after all-complete
TrpB,T-DCG-96,20,4,T-Uniform-96,0.027302706683123554,0.01660756711606626,0.014866215606297126,96,current-run measured OOF; recomputed only after all-complete
TrpB,T-DCG-96,20,4,T-DCG-96,0.03325864839938669,0.01605612185935564,0.014831274466338624,96,current-run measured OOF; recomputed only after all-complete
TrpB,T-DCG-96,20,4,T-DCG-192,0.03241908089432742,0.018588963614913027,0.017467244642167968,192,current-run measured OOF; recomputed only after all-complete
TrpB,T-DCG-192,20,1,G-Rank,0.14926260489004628,0.18875687210648148,0.13634973856737273,96,current-run measured OOF; recomputed only after all-complete
TrpB,T-DCG-192,20,1,T-Uniform-96,0.14926260489004628,0.18875687210648148,0.13634973856737273,96,current-run measured OOF; recomputed only after all-complete
TrpB,T-DCG-192,20,1,T-DCG-96,0.143273134567255,0.19968359905684618,0.13522456635461094,96,current-run measured OOF; recomputed only after all-complete
TrpB,T-DCG-192,20,1,T-DCG-192,0.143273134567255,0.19968359905684618,0.13522456635461094,96,current-run measured OOF; recomputed only after all-complete
TrpB,T-DCG-192,20,2,G-Rank,0.037374143247251156,0.04136685971860533,0.03373925128440354,192,current-run measured OOF; recomputed only after all-complete
TrpB,T-DCG-192,20,2,T-Uniform-96,0.023327580204716435,0.02113624855324074,0.01946731262551112,96,current-run measured OOF; recomputed only after all-complete
TrpB,T-DCG-192,20,2,T-DCG-96,0.022893198181649442,0.01933583478756228,0.018595762412353868,96,current-run measured OOF; recomputed only after all-complete
TrpB,T-DCG-192,20,2,T-DCG-192,0.03417334774697213,0.03599994840036075,0.030190329649813167,192,current-run measured OOF; recomputed only after all-complete
TrpB,T-DCG-192,20,3,G-Rank,0.0327677576303155,0.02781369558577675,0.026641732126924025,288,current-run measured OOF; recomputed only after all-complete
TrpB,T-DCG-192,20,3,T-Uniform-96,0.023472287527327673,0.019956737879372424,0.019154455504222637,96,current-run measured OOF; recomputed only after all-complete
TrpB,T-DCG-192,20,3,T-DCG-96,0.023815835042773046,0.01952912482837611,0.018793748173596306,96,current-run measured OOF; recomputed only after all-complete
TrpB,T-DCG-192,20,3,T-DCG-192,0.02924406890412178,0.02241608346192935,0.021866143391591607,192,current-run measured OOF; recomputed only after all-complete
TrpB,T-DCG-192,20,4,G-Rank,0.031829833984375,0.02410478945131655,0.023441345448883075,384,current-run measured OOF; recomputed only after all-complete
TrpB,T-DCG-192,20,4,T-Uniform-96,0.03473910578974971,0.020455537018952547,0.02012188606932133,96,current-run measured OOF; recomputed only after all-complete
TrpB,T-DCG-192,20,4,T-DCG-96,0.04446722254162419,0.01727080730897085,0.017423521123115196,96,current-run measured OOF; recomputed only after all-complete
TrpB,T-DCG-192,20,4,T-DCG-192,0.03915838654624901,0.01961019628552504,0.01937589664919878,192,current-run measured OOF; recomputed only after all-complete
TrpB,G-Rank,21,1,G-Rank,0.12502430103443285,0.1303230568214699,0.1086336048555074,96,current-run measured OOF; recomputed only after all-complete
TrpB,G-Rank,21,1,T-Uniform-96,0.12502430103443285,0.1303230568214699,0.1086336048555074,96,current-run measured OOF; recomputed only after all-complete
TrpB,G-Rank,21,1,T-DCG-96,0.1149069574980873,0.11656376642043605,0.09874363464774921,96,current-run measured OOF; recomputed only after all-complete
TrpB,G-Rank,21,1,T-DCG-192,0.1149069574980873,0.11656376642043605,0.09874363464774921,96,current-run measured OOF; recomputed only after all-complete
TrpB,G-Rank,21,2,G-Rank,0.034689232155128764,0.024777659663447627,0.02348435991121794,192,current-run measured OOF; recomputed only after all-complete
TrpB,G-Rank,21,2,T-Uniform-96,0.022654780635127315,0.011669017650462963,0.011641012673960635,96,current-run measured OOF; recomputed only after all-complete
TrpB,G-Rank,21,2,T-DCG-96,0.02210115291520652,0.010969742235656353,0.01123295208362467,96,current-run measured OOF; recomputed only after all-complete
TrpB,G-Rank,21,2,T-DCG-192,0.032067377391439576,0.021649647029383608,0.020832538977916787,192,current-run measured OOF; recomputed only after all-complete
TrpB,G-Rank,21,3,G-Rank,0.034845129779663926,0.02200857405799897,0.021642446656151164,288,current-run measured OOF; recomputed only after all-complete
TrpB,G-Rank,21,3,T-Uniform-96,0.030554249453446505,0.01980038238650977,0.019039529170347753,96,current-run measured OOF; recomputed only after all-complete
TrpB,G-Rank,21,3,T-DCG-96,0.03363055479822564,0.029791434086020755,0.028148114618880872,96,current-run measured OOF; recomputed only after all-complete
TrpB,G-Rank,21,3,T-DCG-192,0.031530522046191785,0.02503677614483394,0.02370646940358582,192,current-run measured OOF; recomputed only after all-complete
TrpB,G-Rank,21,4,G-Rank,0.034866262365270545,0.024651915938765912,0.0231674035141026,384,current-run measured OOF; recomputed only after all-complete
TrpB,G-Rank,21,4,T-Uniform-96,0.03981682106300637,0.029323860451027205,0.026101844360313292,96,current-run measured OOF; recomputed only after all-complete
TrpB,G-Rank,21,4,T-DCG-96,0.0407714455428897,0.02678826303132926,0.02404550520834763,96,current-run measured OOF; recomputed only after all-complete
TrpB,G-Rank,21,4,T-DCG-192,0.03693317807842182,0.024546720057132838,0.022192002094073793,192,current-run measured OOF; recomputed only after all-complete
TrpB,T-Uniform-96,21,1,G-Rank,0.12502430103443285,0.1303230568214699,0.1086336048555074,96,current-run measured OOF; recomputed only after all-complete
TrpB,T-Uniform-96,21,1,T-Uniform-96,0.12502430103443285,0.1303230568214699,0.1086336048555074,96,current-run measured OOF; recomputed only after all-complete
TrpB,T-Uniform-96,21,1,T-DCG-96,0.1149069574980873,0.11656376642043605,0.09874363464774921,96,current-run measured OOF; recomputed only after all-complete
TrpB,T-Uniform-96,21,1,T-DCG-192,0.1149069574980873,0.11656376642043605,0.09874363464774921,96,current-run measured OOF; recomputed only after all-complete
TrpB,T-Uniform-96,21,2,G-Rank,0.034689232155128764,0.024777659663447627,0.023789018904460304,192,current-run measured OOF; recomputed only after all-complete
TrpB,T-Uniform-96,21,2,T-Uniform-96,0.022654780635127315,0.011669017650462963,0.01141581654005667,96,current-run measured OOF; recomputed only after all-complete
TrpB,T-Uniform-96,21,2,T-DCG-96,0.02210115291520652,0.010969742235656353,0.010887992822059787,96,current-run measured OOF; recomputed only after all-complete
TrpB,T-Uniform-96,21,2,T-DCG-192,0.032067377391439576,0.021649647029383608,0.02093559521382756,192,current-run measured OOF; recomputed only after all-complete
TrpB,T-Uniform-96,21,3,G-Rank,0.03468500668456362,0.02473192254211677,0.024303248752452957,288,current-run measured OOF; recomputed only after all-complete
TrpB,T-Uniform-96,21,3,T-Uniform-96,0.029326639057677472,0.02270218962995113,0.02169273568331501,96,current-run measured OOF; recomputed only after all-complete
TrpB,T-Uniform-96,21,3,T-DCG-96,0.0306582598940364,0.024521117474992027,0.023576586639336997,96,current-run measured OOF; recomputed only after all-complete
TrpB,T-Uniform-96,21,3,T-DCG-192,0.028633560389488995,0.02199518979761496,0.02085988715982173,192,current-run measured OOF; recomputed only after all-complete
TrpB,T-Uniform-96,21,4,G-Rank,0.033715495356807006,0.023713094216805914,0.022129946828040297,384,current-run measured OOF; recomputed only after all-complete
TrpB,T-Uniform-96,21,4,T-Uniform-96,0.03961881001790365,0.029161170676902493,0.027006093722000985,96,current-run measured OOF; recomputed only after all-complete
TrpB,T-Uniform-96,21,4,T-DCG-96,0.04364035885766049,0.02971635955247144,0.02869915587751272,96,current-run measured OOF; recomputed only after all-complete
TrpB,T-Uniform-96,21,4,T-DCG-192,0.03529773843261038,0.026063695449894154,0.024157012446264562,192,current-run measured OOF; recomputed only after all-complete
TrpB,T-DCG-96,21,1,G-Rank,0.12502430103443285,0.1303230568214699,0.10867295730036415,96,current-run measured OOF; recomputed only after all-complete
TrpB,T-DCG-96,21,1,T-Uniform-96,0.12502430103443285,0.1303230568214699,0.10867295730036415,96,current-run measured OOF; recomputed only after all-complete
TrpB,T-DCG-96,21,1,T-DCG-96,0.1149069574980873,0.11656376642043605,0.09870829164677931,96,current-run measured OOF; recomputed only after all-complete
TrpB,T-DCG-96,21,1,T-DCG-192,0.1149069574980873,0.11656376642043605,0.09870829164677931,96,current-run measured OOF; recomputed only after all-complete
TrpB,T-DCG-96,21,2,G-Rank,0.0366967519124349,0.027576234605577257,0.025786851485148064,192,current-run measured OOF; recomputed only after all-complete
TrpB,T-DCG-96,21,2,T-Uniform-96,0.02709197998046875,0.018693712022569444,0.01800535843601842,96,current-run measured OOF; recomputed only after all-complete
TrpB,T-DCG-96,21,2,T-DCG-96,0.027147396068215167,0.019982953807964617,0.019230165669283115,96,current-run measured OOF; recomputed only after all-complete
TrpB,T-DCG-96,21,2,T-DCG-192,0.034894452263090424,0.026548588203505568,0.024956460902433645,192,current-run measured OOF; recomputed only after all-complete
TrpB,T-DCG-96,21,3,G-Rank,0.036594385636359736,0.02328068402241941,0.023380596879917653,288,current-run measured OOF; recomputed only after all-complete
TrpB,T-DCG-96,21,3,T-Uniform-96,0.03059858157310957,0.02627952795460391,0.02248785971413537,96,current-run measured OOF; recomputed only after all-complete
TrpB,T-DCG-96,21,3,T-DCG-96,0.031113816443353527,0.029991586165858074,0.024607630387634322,96,current-run measured OOF; recomputed only after all-complete
TrpB,T-DCG-96,21,3,T-DCG-192,0.031011753808963576,0.02541103701039906,0.02175635213416994,192,current-run measured OOF; recomputed only after all-complete
TrpB,T-DCG-96,21,4,G-Rank,0.03490490383572049,0.021131091647677954,0.021131091647677954,384,current-run measured OOF; recomputed only after all-complete
TrpB,T-DCG-96,21,4,T-Uniform-96,0.04273958559389468,0.02402588173195168,0.02402588173195168,96,current-run measured OOF; recomputed only after all-complete
TrpB,T-DCG-96,21,4,T-DCG-96,0.052547567283310885,0.023558505944300086,0.023558505944300086,96,current-run measured OOF; recomputed only after all-complete
TrpB,T-DCG-96,21,4,T-DCG-192,0.04199597991385954,0.02202127258767719,0.02202127258767719,192,current-run measured OOF; recomputed only after all-complete
TrpB,T-DCG-192,21,1,G-Rank,0.12502430103443285,0.1303230568214699,0.10867295730036415,96,current-run measured OOF; recomputed only after all-complete
TrpB,T-DCG-192,21,1,T-Uniform-96,0.12502430103443285,0.1303230568214699,0.10867295730036415,96,current-run measured OOF; recomputed only after all-complete
TrpB,T-DCG-192,21,1,T-DCG-96,0.1149069574980873,0.11656376642043605,0.09870829164677931,96,current-run measured OOF; recomputed only after all-complete
TrpB,T-DCG-192,21,1,T-DCG-192,0.1149069574980873,0.11656376642043605,0.09870829164677931,96,current-run measured OOF; recomputed only after all-complete
TrpB,T-DCG-192,21,2,G-Rank,0.0366967519124349,0.027576234605577257,0.025718998808585313,192,current-run measured OOF; recomputed only after all-complete
TrpB,T-DCG-192,21,2,T-Uniform-96,0.02709197998046875,0.018693712022569444,0.018077390499653068,96,current-run measured OOF; recomputed only after all-complete
TrpB,T-DCG-192,21,2,T-DCG-96,0.027147396068215167,0.019982953807964617,0.019268400841572057,96,current-run measured OOF; recomputed only after all-complete
TrpB,T-DCG-192,21,2,T-DCG-192,0.034894452263090424,0.026548588203505568,0.02490071938503383,192,current-run measured OOF; recomputed only after all-complete
TrpB,T-DCG-192,21,3,G-Rank,0.03872224365569273,0.02269871506344307,0.022383360492372627,288,current-run measured OOF; recomputed only after all-complete
TrpB,T-DCG-192,21,3,T-Uniform-96,0.034870288990162035,0.024413811326517498,0.021853304934355455,96,current-run measured OOF; recomputed only after all-complete
TrpB,T-DCG-192,21,3,T-DCG-96,0.03534377319198479,0.030804684891460928,0.02559195651970525,96,current-run measured OOF; recomputed only after all-complete
TrpB,T-DCG-192,21,3,T-DCG-192,0.03392118558904343,0.026362045974339443,0.022318342365015415,192,current-run measured OOF; recomputed only after all-complete
TrpB,T-DCG-192,21,4,G-Rank,0.03461071296974465,0.021837305139612267,0.021525227747362374,384,current-run measured OOF; recomputed only after all-complete
TrpB,T-DCG-192,21,4,T-Uniform-96,0.034985718903718176,0.027014202541775178,0.024778917888826215,96,current-run measured OOF; recomputed only after all-complete
TrpB,T-DCG-192,21,4,T-DCG-96,0.04449197930551162,0.04642374634571101,0.03671027278674054,96,current-run measured OOF; recomputed only after all-complete
TrpB,T-DCG-192,21,4,T-DCG-192,0.03945868774430434,0.03703401422649026,0.02928380606575528,192,current-run measured OOF; recomputed only after all-complete
TrpB,G-Rank,22,1,G-Rank,0.14477256492332174,0.11801317003038196,0.1041296676317958,96,current-run measured OOF; recomputed only after all-complete
TrpB,G-Rank,22,1,T-Uniform-96,0.14477256492332174,0.11801317003038196,0.1041296676317958,96,current-run measured OOF; recomputed only after all-complete
TrpB,G-Rank,22,1,T-DCG-96,0.135593269720949,0.11591936777824607,0.10173254589378841,96,current-run measured OOF; recomputed only after all-complete
TrpB,G-Rank,22,1,T-DCG-192,0.135593269720949,0.11591936777824607,0.10173254589378841,96,current-run measured OOF; recomputed only after all-complete
TrpB,G-Rank,22,2,G-Rank,0.05087852478027344,0.04633578547724972,0.04223597230913531,192,current-run measured OOF; recomputed only after all-complete
TrpB,G-Rank,22,2,T-Uniform-96,0.04471390335648148,0.03800851327401621,0.0373192616365187,96,current-run measured OOF; recomputed only after all-complete
TrpB,G-Rank,22,2,T-DCG-96,0.03636404497314863,0.031703976706138094,0.03069847329895426,96,current-run measured OOF; recomputed only after all-complete
TrpB,G-Rank,22,2,T-DCG-192,0.04447952333745168,0.04078522934047732,0.03716176731157119,192,current-run measured OOF; recomputed only after all-complete
TrpB,G-Rank,22,3,G-Rank,0.03302127539866254,0.02417117774241255,0.023057641908304758,288,current-run measured OOF; recomputed only after all-complete
TrpB,G-Rank,22,3,T-Uniform-96,0.022817478258423354,0.020296575601208847,0.0182185138601498,96,current-run measured OOF; recomputed only after all-complete
TrpB,G-Rank,22,3,T-DCG-96,0.02295267510335441,0.02068541926950464,0.018720896710018954,96,current-run measured OOF; recomputed only after all-complete
TrpB,G-Rank,22,3,T-DCG-192,0.02899948576908547,0.023621000077495458,0.02228494117499394,192,current-run measured OOF; recomputed only after all-complete
TrpB,G-Rank,22,4,G-Rank,0.030667269671404804,0.020706035472728587,0.019188349214429534,384,current-run measured OOF; recomputed only after all-complete
TrpB,G-Rank,22,4,T-Uniform-96,0.03726817943431713,0.028440334178783278,0.02640306592307118,96,current-run measured OOF; recomputed only after all-complete
TrpB,G-Rank,22,4,T-DCG-96,0.04214911117564279,0.028062157574561552,0.027527608173459943,96,current-run measured OOF; recomputed only after all-complete
TrpB,G-Rank,22,4,T-DCG-192,0.03574614406217479,0.02270236209079797,0.021585771776146633,192,current-run measured OOF; recomputed only after all-complete
TrpB,T-Uniform-96,22,1,G-Rank,0.14477256492332174,0.11801317003038196,0.1041296676317958,96,current-run measured OOF; recomputed only after all-complete
TrpB,T-Uniform-96,22,1,T-Uniform-96,0.14477256492332174,0.11801317003038196,0.1041296676317958,96,current-run measured OOF; recomputed only after all-complete
TrpB,T-Uniform-96,22,1,T-DCG-96,0.135593269720949,0.11591936777824607,0.10173254589378841,96,current-run measured OOF; recomputed only after all-complete
TrpB,T-Uniform-96,22,1,T-DCG-192,0.135593269720949,0.11591936777824607,0.10173254589378841,96,current-run measured OOF; recomputed only after all-complete
TrpB,T-Uniform-96,22,2,G-Rank,0.05087852478027344,0.04633578547724972,0.042749355900770614,192,current-run measured OOF; recomputed only after all-complete
TrpB,T-Uniform-96,22,2,T-Uniform-96,0.04471390335648148,0.03800851327401621,0.037023953949284275,96,current-run measured OOF; recomputed only after all-complete
TrpB,T-Uniform-96,22,2,T-DCG-96,0.03636404497314863,0.031703976706138094,0.030596638512790444,96,current-run measured OOF; recomputed only after all-complete
TrpB,T-Uniform-96,22,2,T-DCG-192,0.04447952333745168,0.04078522934047732,0.03763609485357063,192,current-run measured OOF; recomputed only after all-complete
TrpB,T-Uniform-96,22,3,G-Rank,0.03190648375878772,0.02240777244620199,0.021770669247783432,288,current-run measured OOF; recomputed only after all-complete
TrpB,T-Uniform-96,22,3,T-Uniform-96,0.02279060269579476,0.018660557122878087,0.017161439151580523,96,current-run measured OOF; recomputed only after all-complete
TrpB,T-Uniform-96,22,3,T-DCG-96,0.021785649553416872,0.01850633163132685,0.016929885472525268,96,current-run measured OOF; recomputed only after all-complete
TrpB,T-Uniform-96,22,3,T-DCG-192,0.02699641128649517,0.02130143117794147,0.020126636808085033,192,current-run measured OOF; recomputed only after all-complete
TrpB,T-Uniform-96,22,4,G-Rank,0.03052969332094545,0.020968154624656395,0.019790180460599858,384,current-run measured OOF; recomputed only after all-complete
TrpB,T-Uniform-96,22,4,T-Uniform-96,0.04139617637351707,0.028908411661783855,0.02759322054162867,96,current-run measured OOF; recomputed only after all-complete
TrpB,T-Uniform-96,22,4,T-DCG-96,0.04015025240560531,0.02723624234564561,0.026561987335810798,96,current-run measured OOF; recomputed only after all-complete
TrpB,T-Uniform-96,22,4,T-DCG-192,0.034738110017653416,0.02273766130033559,0.021758795782484373,192,current-run measured OOF; recomputed only after all-complete
TrpB,T-DCG-96,22,1,G-Rank,0.14477256492332174,0.11801317003038196,0.1041900879684911,96,current-run measured OOF; recomputed only after all-complete
TrpB,T-DCG-96,22,1,T-Uniform-96,0.14477256492332174,0.11801317003038196,0.1041900879684911,96,current-run measured OOF; recomputed only after all-complete
TrpB,T-DCG-96,22,1,T-DCG-96,0.135593269720949,0.11591936777824607,0.10167800197625196,96,current-run measured OOF; recomputed only after all-complete
TrpB,T-DCG-96,22,1,T-DCG-192,0.135593269720949,0.11591936777824607,0.10167800197625196,96,current-run measured OOF; recomputed only after all-complete
TrpB,T-DCG-96,22,2,G-Rank,0.0501080972177011,0.04730245802137587,0.04276987927980732,192,current-run measured OOF; recomputed only after all-complete
TrpB,T-DCG-96,22,2,T-Uniform-96,0.0435954906322338,0.0397867273401331,0.03822519247219228,96,current-run measured OOF; recomputed only after all-complete
TrpB,T-DCG-96,22,2,T-DCG-96,0.035169619333752976,0.033153907885474905,0.031356110092768355,96,current-run measured OOF; recomputed only after all-complete
TrpB,T-DCG-96,22,2,T-DCG-192,0.043567663968671684,0.04166526246644821,0.037580522583741546,192,current-run measured OOF; recomputed only after all-complete
TrpB,T-DCG-96,22,3,G-Rank,0.030922553503300754,0.02484993221664952,0.023105997408201857,288,current-run measured OOF; recomputed only after all-complete
TrpB,T-DCG-96,22,3,T-Uniform-96,0.02140399948559671,0.02005833755304784,0.01689443134631985,96,current-run measured OOF; recomputed only after all-complete
TrpB,T-DCG-96,22,3,T-DCG-96,0.022270007828528383,0.020063813468375262,0.01741133066930117,96,current-run measured OOF; recomputed only after all-complete
TrpB,T-DCG-96,22,3,T-DCG-192,0.02670909242720978,0.02293662222263169,0.02080237534292089,192,current-run measured OOF; recomputed only after all-complete
TrpB,T-DCG-96,22,4,G-Rank,0.02779512052182798,0.020955756858543114,0.01980867407731095,384,current-run measured OOF; recomputed only after all-complete
TrpB,T-DCG-96,22,4,T-Uniform-96,0.03431249547887732,0.024544680560076682,0.024083669850752245,96,current-run measured OOF; recomputed only after all-complete
TrpB,T-DCG-96,22,4,T-DCG-96,0.037183224658369166,0.02476990504753017,0.024562016592204583,96,current-run measured OOF; recomputed only after all-complete
TrpB,T-DCG-96,22,4,T-DCG-192,0.03100249230928583,0.022649149200171807,0.02131575146996592,192,current-run measured OOF; recomputed only after all-complete
TrpB,T-DCG-192,22,1,G-Rank,0.14477256492332174,0.11801317003038196,0.1041900879684911,96,current-run measured OOF; recomputed only after all-complete
TrpB,T-DCG-192,22,1,T-Uniform-96,0.14477256492332174,0.11801317003038196,0.1041900879684911,96,current-run measured OOF; recomputed only after all-complete
TrpB,T-DCG-192,22,1,T-DCG-96,0.135593269720949,0.11591936777824607,0.10167800197625196,96,current-run measured OOF; recomputed only after all-complete
TrpB,T-DCG-192,22,1,T-DCG-192,0.135593269720949,0.11591936777824607,0.10167800197625196,96,current-run measured OOF; recomputed only after all-complete
TrpB,T-DCG-192,22,2,G-Rank,0.0501080972177011,0.04730245802137587,0.04274752968738762,192,current-run measured OOF; recomputed only after all-complete
TrpB,T-DCG-192,22,2,T-Uniform-96,0.0435954906322338,0.0397867273401331,0.03831658551077557,96,current-run measured OOF; recomputed only after all-complete
TrpB,T-DCG-192,22,2,T-DCG-96,0.035169619333752976,0.033153907885474905,0.03137872449501055,96,current-run measured OOF; recomputed only after all-complete
TrpB,T-DCG-192,22,2,T-DCG-192,0.043567663968671684,0.04166526246644821,0.03753855474172002,192,current-run measured OOF; recomputed only after all-complete
TrpB,T-DCG-192,22,3,G-Rank,0.028995466820987654,0.022245263203017833,0.021084293355857056,288,current-run measured OOF; recomputed only after all-complete
TrpB,T-DCG-192,22,3,T-Uniform-96,0.020265806849601338,0.01777542177051183,0.016238016400699846,96,current-run measured OOF; recomputed only after all-complete
TrpB,T-DCG-192,22,3,T-DCG-96,0.019712191499124558,0.01782650482535728,0.016351123661675224,96,current-run measured OOF; recomputed only after all-complete
TrpB,T-DCG-192,22,3,T-DCG-192,0.024401857937871592,0.020118178667816417,0.01896572470356796,192,current-run measured OOF; recomputed only after all-complete
TrpB,T-DCG-192,22,4,G-Rank,0.029103773611563227,0.020554895754213685,0.018642644679988187,384,current-run measured OOF; recomputed only after all-complete
TrpB,T-DCG-192,22,4,T-Uniform-96,0.032422524911385996,0.02614755983705874,0.02325849840387677,96,current-run measured OOF; recomputed only after all-complete
TrpB,T-DCG-192,22,4,T-DCG-96,0.04747841985733667,0.026439987127069006,0.02610572214941136,96,current-run measured OOF; recomputed only after all-complete
TrpB,T-DCG-192,22,4,T-DCG-192,0.037660621643308446,0.02245660192682722,0.020918018571953495,192,current-run measured OOF; recomputed only after all-complete
TrpB,G-Rank,23,1,G-Rank,0.13186984592013887,0.13001166449652776,0.10392357832464683,96,current-run measured OOF; recomputed only after all-complete
TrpB,G-Rank,23,1,T-Uniform-96,0.13186984592013887,0.13001166449652776,0.10392357832464683,96,current-run measured OOF; recomputed only after all-complete
TrpB,G-Rank,23,1,T-DCG-96,0.12916172424232422,0.12105663281710531,0.09912460473377609,96,current-run measured OOF; recomputed only after all-complete
TrpB,G-Rank,23,1,T-DCG-192,0.12916172424232422,0.12105663281710531,0.09912460473377609,96,current-run measured OOF; recomputed only after all-complete
TrpB,G-Rank,23,2,G-Rank,0.03253498783817998,0.03012565330222801,0.02540322528027818,192,current-run measured OOF; recomputed only after all-complete
TrpB,G-Rank,23,2,T-Uniform-96,0.025979218659577547,0.019813255027488427,0.016828390635344855,96,current-run measured OOF; recomputed only after all-complete
TrpB,G-Rank,23,2,T-DCG-96,0.02432114809776567,0.017104708922314523,0.015026081468474447,96,current-run measured OOF; recomputed only after all-complete
TrpB,G-Rank,23,2,T-DCG-192,0.030183281391340345,0.026331132497226344,0.022526894007531904,192,current-run measured OOF; recomputed only after all-complete
TrpB,G-Rank,23,3,G-Rank,0.031043702846364887,0.023076479981138542,0.02095685789724682,288,current-run measured OOF; recomputed only after all-complete
TrpB,G-Rank,23,3,T-Uniform-96,0.027349024643132713,0.012810224368248456,0.012265055859382973,96,current-run measured OOF; recomputed only after all-complete
TrpB,G-Rank,23,3,T-DCG-96,0.028724425589673832,0.014013228645083989,0.014271634893305636,96,current-run measured OOF; recomputed only after all-complete
TrpB,G-Rank,23,3,T-DCG-192,0.029893098937490353,0.0186948478271908,0.0173781270695495,192,current-run measured OOF; recomputed only after all-complete
TrpB,G-Rank,23,4,G-Rank,0.02847713894314236,0.023410973725495516,0.01928107176831073,384,current-run measured OOF; recomputed only after all-complete
TrpB,G-Rank,23,4,T-Uniform-96,0.02505549678096065,0.01477849041974103,0.012755423801570659,96,current-run measured OOF; recomputed only after all-complete
TrpB,G-Rank,23,4,T-DCG-96,0.037724171839216405,0.01232446921870929,0.013605280344315487,96,current-run measured OOF; recomputed only after all-complete
TrpB,G-Rank,23,4,T-DCG-192,0.03538521527281318,0.01608266946497428,0.014800163402577499,192,current-run measured OOF; recomputed only after all-complete
TrpB,T-Uniform-96,23,1,G-Rank,0.13186984592013887,0.13001166449652776,0.10392357832464683,96,current-run measured OOF; recomputed only after all-complete
TrpB,T-Uniform-96,23,1,T-Uniform-96,0.13186984592013887,0.13001166449652776,0.10392357832464683,96,current-run measured OOF; recomputed only after all-complete
TrpB,T-Uniform-96,23,1,T-DCG-96,0.12916172424232422,0.12105663281710531,0.09912460473377609,96,current-run measured OOF; recomputed only after all-complete
TrpB,T-Uniform-96,23,1,T-DCG-192,0.12916172424232422,0.12105663281710531,0.09912460473377609,96,current-run measured OOF; recomputed only after all-complete
TrpB,T-Uniform-96,23,2,G-Rank,0.03253498783817998,0.03012565330222801,0.025558114617034295,192,current-run measured OOF; recomputed only after all-complete
TrpB,T-Uniform-96,23,2,T-Uniform-96,0.025979218659577547,0.019813255027488427,0.016674892983766097,96,current-run measured OOF; recomputed only after all-complete
TrpB,T-Uniform-96,23,2,T-DCG-96,0.02432114809776567,0.017104708922314523,0.014760949767649247,96,current-run measured OOF; recomputed only after all-complete
TrpB,T-Uniform-96,23,2,T-DCG-192,0.030183281391340345,0.026331132497226344,0.022548184269691726,192,current-run measured OOF; recomputed only after all-complete
TrpB,T-Uniform-96,23,3,G-Rank,0.03330953883209019,0.023724926188485942,0.02118744923545901,288,current-run measured OOF; recomputed only after all-complete
TrpB,T-Uniform-96,23,3,T-Uniform-96,0.02467980404449589,0.013958212770061729,0.0115359878641746,96,current-run measured OOF; recomputed only after all-complete
TrpB,T-Uniform-96,23,3,T-DCG-96,0.026800200416436732,0.014809820670161082,0.01317971221218426,96,current-run measured OOF; recomputed only after all-complete
TrpB,T-Uniform-96,23,3,T-DCG-192,0.02896968180801732,0.018784547279474123,0.016192105042061634,192,current-run measured OOF; recomputed only after all-complete
TrpB,T-Uniform-96,23,4,G-Rank,0.02896983535201461,0.02166285338225188,0.019185435091979803,384,current-run measured OOF; recomputed only after all-complete
TrpB,T-Uniform-96,23,4,T-Uniform-96,0.025984728777850116,0.015447122079354746,0.013605509165209478,96,current-run measured OOF; recomputed only after all-complete
TrpB,T-Uniform-96,23,4,T-DCG-96,0.03045623571951474,0.013227235708000698,0.012432189053931316,96,current-run measured OOF; recomputed only after all-complete
TrpB,T-Uniform-96,23,4,T-DCG-192,0.030154085059182656,0.015062089621211189,0.013570971862034592,192,current-run measured OOF; recomputed only after all-complete
TrpB,T-DCG-96,23,1,G-Rank,0.13186984592013887,0.13001166449652776,0.10402397051877142,96,current-run measured OOF; recomputed only after all-complete
TrpB,T-DCG-96,23,1,T-Uniform-96,0.13186984592013887,0.13001166449652776,0.10402397051877142,96,current-run measured OOF; recomputed only after all-complete
TrpB,T-DCG-96,23,1,T-DCG-96,0.12916172424232422,0.12105663281710531,0.09902825156634533,96,current-run measured OOF; recomputed only after all-complete
TrpB,T-DCG-96,23,1,T-DCG-192,0.12916172424232422,0.12105663281710531,0.09902825156634533,96,current-run measured OOF; recomputed only after all-complete
TrpB,T-DCG-96,23,2,G-Rank,0.030378977457682293,0.029314818205656828,0.024180181899629994,192,current-run measured OOF; recomputed only after all-complete
TrpB,T-DCG-96,23,2,T-Uniform-96,0.02310717547381366,0.019583808051215276,0.015707388191740994,96,current-run measured OOF; recomputed only after all-complete
TrpB,T-DCG-96,23,2,T-DCG-96,0.021531281906308125,0.0173221411393088,0.014018663616498263,96,current-run measured OOF; recomputed only after all-complete
TrpB,T-DCG-96,23,2,T-DCG-192,0.027895280248293047,0.02589796895574594,0.021387251562941814,192,current-run measured OOF; recomputed only after all-complete
TrpB,T-DCG-96,23,3,G-Rank,0.029336937170460393,0.022209638430748455,0.019699264875819016,288,current-run measured OOF; recomputed only after all-complete
TrpB,T-DCG-96,23,3,T-Uniform-96,0.022977726940264915,0.01204150792502572,0.010543010538609765,96,current-run measured OOF; recomputed only after all-complete
TrpB,T-DCG-96,23,3,T-DCG-96,0.020296031866985604,0.0102901432344317,0.009226891181835903,96,current-run measured OOF; recomputed only after all-complete
TrpB,T-DCG-96,23,3,T-DCG-192,0.023770142205247143,0.015827354520279845,0.013599958472802336,192,current-run measured OOF; recomputed only after all-complete
TrpB,T-DCG-96,23,4,G-Rank,0.03172298713966652,0.022372493037471065,0.02091153126839797,384,current-run measured OOF; recomputed only after all-complete
TrpB,T-DCG-96,23,4,T-Uniform-96,0.03281339009602865,0.01725013167769821,0.01595126142871219,96,current-run measured OOF; recomputed only after all-complete
TrpB,T-DCG-96,23,4,T-DCG-96,0.04272052643877182,0.019731573261135654,0.01916453354419477,96,current-run measured OOF; recomputed only after all-complete
TrpB,T-DCG-96,23,4,T-DCG-192,0.03732875307495177,0.01982429211656791,0.018455091909299535,192,current-run measured OOF; recomputed only after all-complete
TrpB,T-DCG-192,23,1,G-Rank,0.13186984592013887,0.13001166449652776,0.10402397051877142,96,current-run measured OOF; recomputed only after all-complete
TrpB,T-DCG-192,23,1,T-Uniform-96,0.13186984592013887,0.13001166449652776,0.10402397051877142,96,current-run measured OOF; recomputed only after all-complete
TrpB,T-DCG-192,23,1,T-DCG-96,0.12916172424232422,0.12105663281710531,0.09902825156634533,96,current-run measured OOF; recomputed only after all-complete
TrpB,T-DCG-192,23,1,T-DCG-192,0.12916172424232422,0.12105663281710531,0.09902825156634533,96,current-run measured OOF; recomputed only after all-complete
TrpB,T-DCG-192,23,2,G-Rank,0.030378977457682293,0.029314818205656828,0.0240492950608361,192,current-run measured OOF; recomputed only after all-complete
TrpB,T-DCG-192,23,2,T-Uniform-96,0.02310717547381366,0.019583808051215276,0.015724152554321434,96,current-run measured OOF; recomputed only after all-complete
TrpB,T-DCG-192,23,2,T-DCG-96,0.021531281906308125,0.0173221411393088,0.014084218597288173,96,current-run measured OOF; recomputed only after all-complete
TrpB,T-DCG-192,23,2,T-DCG-192,0.027895280248293047,0.02589796895574594,0.021317415408845294,192,current-run measured OOF; recomputed only after all-complete
TrpB,T-DCG-192,23,3,G-Rank,0.0285210419747728,0.021065626942408266,0.018713927942002315,288,current-run measured OOF; recomputed only after all-complete
TrpB,T-DCG-192,23,3,T-Uniform-96,0.022071618602109055,0.012748561278292181,0.010831586145038754,96,current-run measured OOF; recomputed only after all-complete
TrpB,T-DCG-192,23,3,T-DCG-96,0.019849472128895977,0.011076894480554846,0.009750739894844793,96,current-run measured OOF; recomputed only after all-complete
TrpB,T-DCG-192,23,3,T-DCG-192,0.023034378479249353,0.015806774284882065,0.01357614566451022,192,current-run measured OOF; recomputed only after all-complete
TrpB,T-DCG-192,23,4,G-Rank,0.029557828549985527,0.021258566114637584,0.019325814791793784,384,current-run measured OOF; recomputed only after all-complete
TrpB,T-DCG-192,23,4,T-Uniform-96,0.028771082560221355,0.011830153288664642,0.011246091412840923,96,current-run measured OOF; recomputed only after all-complete
TrpB,T-DCG-192,23,4,T-DCG-96,0.03494454991148449,0.01081945138858878,0.011052606154820748,96,current-run measured OOF; recomputed only after all-complete
TrpB,T-DCG-192,23,4,T-DCG-192,0.03320829237523817,0.015021414553488465,0.013849058104813034,192,current-run measured OOF; recomputed only after all-complete
