benchmark,objective,group,round,measured_before,w_prior,w_task,oof_prior_sha256,oof_task_sha256
GB1,G-Rank,0,1,96,0.29859930815220653,0.7014006918477935,b4bff8c917ebdf3365633e9b66bf30dc6f346d9f287efe772559255bbc136a6f,82c0e519ec17b686d9f25fdadfd42f1e19067bcac77aa2319bbb1ba71d76398f
GB1,G-Rank,0,2,192,0.5633984755765465,0.43660152442345346,7d1317c79338e7f470e7b3771ac52149b55a011d699b5622e12f06388edba367,e40b83fb749aae427874ede43830e9eba584544d3c9215bf5c68b3f93bcb0b5d
GB1,G-Rank,0,3,288,0.3004852899850846,0.6995147100149154,d074fc4c42924bc0987f296051bca2e171e9463c0488889c97258408abc6d9e9,515cb3a4091fb8c86ef079ba83460aca27b2b8d040752ccc79105d29704589bf
GB1,G-Rank,0,4,384,0.22947295069429108,0.7705270493057089,395cd2d635c0ddd10b6d82ad7a77d0170b9b68c41f02506763f169c2be88aba8,b8f589a672a24c600fe28230626d39d15b0c6ebf6f6e5a10163e2d2eaaa4a41b
GB1,T-Uniform-96,0,1,96,0.29859930815220653,0.7014006918477935,b4bff8c917ebdf3365633e9b66bf30dc6f346d9f287efe772559255bbc136a6f,82c0e519ec17b686d9f25fdadfd42f1e19067bcac77aa2319bbb1ba71d76398f
GB1,T-Uniform-96,0,2,192,0.5204271554595555,0.47957284454044447,7d1317c79338e7f470e7b3771ac52149b55a011d699b5622e12f06388edba367,e40b83fb749aae427874ede43830e9eba584544d3c9215bf5c68b3f93bcb0b5d
GB1,T-Uniform-96,0,3,288,0.0,1.0,18762adcc6430ec59ba1b4cf2691fafc64bbfefb8a0ac7cf4ae386cff195f097,9fefbebac5a66f50102fec3319909888bbb29c2662940c721b5212be23612291
GB1,T-Uniform-96,0,4,384,0.17113605108196026,0.8288639489180397,092f78244093495f5b090fba1d115434354da4da48436e32dbb9365b094a26b1,92b830739d5f60b2e9308af3125bd32c596e5d89840f9471fcbbbcca46f13ad9
GB1,T-DCG-96,0,1,96,0.27639565734130356,0.7236043426586964,b4bff8c917ebdf3365633e9b66bf30dc6f346d9f287efe772559255bbc136a6f,82c0e519ec17b686d9f25fdadfd42f1e19067bcac77aa2319bbb1ba71d76398f
GB1,T-DCG-96,0,2,192,0.5371832706001995,0.46281672939980045,f73f7b9244060705681328ebb4e2b67e44f47620a27aa3c14aab4a82cd453f39,7365f5769353896c80123f97b8f38ec0f69a061b25942bb8a026cacb994005b0
GB1,T-DCG-96,0,3,288,0.07731330754309487,0.9226866924569052,a2597cc9ce9cb62284df6d109a58d360c88ede5a9c0dbfee4eb3e76e57a9f42d,32b23e8909be78e9d367ddd5e6f5adecdcbdbcfdd4488cef0835fc41b18752e6
GB1,T-DCG-96,0,4,384,0.18200664106964617,0.8179933589303539,78aed64996857ff9f13bfa8efcee55efa25c2825726cdec224e45b0b2de86532,74dcfd22e81eb9845e89dd52fc3de38edf45a9c7316c927bd6491d842392bb01
GB1,T-DCG-192,0,1,96,0.27639565734130356,0.7236043426586964,b4bff8c917ebdf3365633e9b66bf30dc6f346d9f287efe772559255bbc136a6f,82c0e519ec17b686d9f25fdadfd42f1e19067bcac77aa2319bbb1ba71d76398f
GB1,T-DCG-192,0,2,192,0.575450631452303,0.424549368547697,f73f7b9244060705681328ebb4e2b67e44f47620a27aa3c14aab4a82cd453f39,7365f5769353896c80123f97b8f38ec0f69a061b25942bb8a026cacb994005b0
GB1,T-DCG-192,0,3,288,0.24844960314362027,0.7515503968563797,27367e2ac02be7fe51677c1666af14f0df07234b5179c7f7ce212ecd1e15c92a,b0006879381c320b518d8de1c0396716de88c66e69bd8714f3e36b87755e716b
GB1,T-DCG-192,0,4,384,0.0937549981208318,0.9062450018791682,59ea34bc718afc05c2722665a1cf8463c450075a01b869ceca93a114211c57bf,2180773d29f0d078f4bd038a7a01bb0bdc913b9ac7a5edefc3145bd1862b7be9
GB1,G-Rank,1,1,96,0.3748131316151408,0.6251868683848592,cd14f829376734ea0e517a4925615fa0694871578924cc2287f60d147dbde64c,4caaab870d2a16642ef069037d9dad1e2186a1943aed66adb440492979c4fcdf
GB1,G-Rank,1,2,192,0.6904397007158268,0.30956029928417317,7ce58f7bcb4a565d254a9036c5a8f8f724fda02c0696470e8b6e0282e4a67e31,357b18412d7c4e4afe9fa4c53a82189e7631676abfedf164b24177cb8d2c21ac
GB1,G-Rank,1,3,288,0.5139936391632263,0.48600636083677373,917ac2f84ff4ac3308a26f4bed1d771b90a5dcdf84e91e62ba80f165ef90c69f,baa7d330f41ba80f90eb56bc3a7c886399bcf253d836c6f90b276e786fb21702
GB1,G-Rank,1,4,384,0.5467518408699675,0.45324815913003247,b52d0b0d471dcb854266c5f75dd5eb0f3f45e38adfd34a997dc660c66d4a96e2,430bb80b78ca7403e7dbf53cb23b7f0e01459b77c231fd9a70dcbe40615144bd
GB1,T-Uniform-96,1,1,96,0.3748131316151408,0.6251868683848592,cd14f829376734ea0e517a4925615fa0694871578924cc2287f60d147dbde64c,4caaab870d2a16642ef069037d9dad1e2186a1943aed66adb440492979c4fcdf
GB1,T-Uniform-96,1,2,192,0.7263126264902652,0.2736873735097348,7ce58f7bcb4a565d254a9036c5a8f8f724fda02c0696470e8b6e0282e4a67e31,357b18412d7c4e4afe9fa4c53a82189e7631676abfedf164b24177cb8d2c21ac
GB1,T-Uniform-96,1,3,288,0.5411268919015851,0.45887310809841486,64f6b069642b4e0f289aaa39ff43e4e40468d2c50683aa134f8a4be7037379f4,f766521810199dd2cf2d62cb94d3bf434f0c6e16c2a980bd35b5f74e13b2ef4b
GB1,T-Uniform-96,1,4,384,0.550855961005932,0.44914403899406796,f85ebd75b52d09903e5098099016b67c2f272abf1d04c80d9b3d86264a8f7943,b9165a38c59bd3fcb9f2cad49896286aa4654754ca81de6dc0837a499f96892c
GB1,T-DCG-96,1,1,96,0.3447562275692509,0.6552437724307492,cd14f829376734ea0e517a4925615fa0694871578924cc2287f60d147dbde64c,4caaab870d2a16642ef069037d9dad1e2186a1943aed66adb440492979c4fcdf
GB1,T-DCG-96,1,2,192,0.5377500013772966,0.46224999862270344,dbec520c330af985017ebe5a89398f52defec8140a4d247107077544cf163022,e5ccce94b11c2a48e6021e6ba3c4416d66e1d5b101b29835293dd0f5e41e5285
GB1,T-DCG-96,1,3,288,0.4460340146496173,0.5539659853503827,beb9f33fb69efd7ba843846c88a93ece8fdbfb06c8972248ba6723682daca1a4,b91ffab03fff34be3262ef831403fdd2fe75eff09106d6283813ae924f59b383
GB1,T-DCG-96,1,4,384,0.45775443587108877,0.5422455641289112,00f2a59da6a9ecf90db58673e880b72cf00eb4652632b2d23f3a8071c6d440a4,ff6f25a82b6d72d1c8a27f2b0596ce46c973cb14f755f5c6f05378ef1c8a00f0
GB1,T-DCG-192,1,1,96,0.3447562275692509,0.6552437724307492,cd14f829376734ea0e517a4925615fa0694871578924cc2287f60d147dbde64c,4caaab870d2a16642ef069037d9dad1e2186a1943aed66adb440492979c4fcdf
GB1,T-DCG-192,1,2,192,0.5659107988030142,0.4340892011969858,dbec520c330af985017ebe5a89398f52defec8140a4d247107077544cf163022,e5ccce94b11c2a48e6021e6ba3c4416d66e1d5b101b29835293dd0f5e41e5285
GB1,T-DCG-192,1,3,288,0.5038846351776466,0.4961153648223534,beb9f33fb69efd7ba843846c88a93ece8fdbfb06c8972248ba6723682daca1a4,b91ffab03fff34be3262ef831403fdd2fe75eff09106d6283813ae924f59b383
GB1,T-DCG-192,1,4,384,0.3722696135385226,0.6277303864614774,616e76dc4f309a6fdf1000e39018cf0a6a3609a9b523de0f19978dba838f419f,43282c2389b797170c608eff96f27a76447e69cca5ed84252496d67d5daeb68c
GB1,G-Rank,2,1,96,0.47591557242511284,0.5240844275748872,eb774427263e8e069abce924cb2e27ea93a2d39d6ab448f96693df1949c9ff73,4a631d7db0aafbec5e5d34b38ffc0efc64ae731ca635b5491e7b30f8978bf985
GB1,G-Rank,2,2,192,0.5428183843006895,0.4571816156993105,53b6fcb16fc8b43a51f2fdf5a97e081cfe45822d686042f558a8998a0fbbd3cf,273703d030a08231519d867d03243cc8873a801f5cbc7c0230c016d4d5b336be
GB1,G-Rank,2,3,288,0.31039375986744405,0.689606240132556,02146a23276b1c9d140040abe0efd577f6cae35948f99876e7203edec70af989,e1f3f17c68cef658ebf424db5964a37089d02f15ebf2c424766b158f8c4959af
GB1,G-Rank,2,4,384,0.34222758144327814,0.6577724185567219,43f7d6a14ad5b9840f0aaa141fb8cd5537b928531f8bda273942749f61fbf322,8a2e8673b1f18bb13fd54c959d76bcc537e42a685d60d771746b99dcb4dc824b
GB1,T-Uniform-96,2,1,96,0.47591557242511284,0.5240844275748872,eb774427263e8e069abce924cb2e27ea93a2d39d6ab448f96693df1949c9ff73,4a631d7db0aafbec5e5d34b38ffc0efc64ae731ca635b5491e7b30f8978bf985
GB1,T-Uniform-96,2,2,192,0.5208813680978064,0.4791186319021936,53b6fcb16fc8b43a51f2fdf5a97e081cfe45822d686042f558a8998a0fbbd3cf,273703d030a08231519d867d03243cc8873a801f5cbc7c0230c016d4d5b336be
GB1,T-Uniform-96,2,3,288,0.18504680225202053,0.8149531977479795,833ffad63d5d500f221b5102bf41fda48d1218e0824eb9a9274d75020ac5b967,2b012b3255ad66545c577e25d9b3bf0107be7bcdb757367aab80677c8766305d
GB1,T-Uniform-96,2,4,384,0.020046015207135903,0.9799539847928641,293b806f62167361d75a200d5bd74dfffa6e7c649f73fec99fefaec156dc7caf,5f7c9f12d8667943acfed26de948592b0e6d53be01ce6a0cae7ef86e33ba952f
GB1,T-DCG-96,2,1,96,0.40658265893941814,0.5934173410605819,eb774427263e8e069abce924cb2e27ea93a2d39d6ab448f96693df1949c9ff73,4a631d7db0aafbec5e5d34b38ffc0efc64ae731ca635b5491e7b30f8978bf985
GB1,T-DCG-96,2,2,192,0.5671693125825373,0.43283068741746267,9d77cd3777e32d1254bc75570581e77755c81abf2161849ba4190af3c0999376,aa9d07251c33053f6301ff7e79bcb616b9eee50310237732ad4e6f3e4eafef60
GB1,T-DCG-96,2,3,288,0.3043132785605546,0.6956867214394453,faa0b9c4a6efb52850728365ed2c4a505f1ec8bc97adb475cdeb76b8d5262df7,00e5c9540280d83d2ffcd4a6eca5a90517e5ef0a49a28c8e4a4117414ef0c5c4
GB1,T-DCG-96,2,4,384,0.1258573091226701,0.8741426908773299,b23bbfde6ab02f5c64311aaf62b568f42c30caa24ca4e4f973ff083631c18469,77cbc87ffa3130d228d4e646ed97bdb0c1a9795a1a36000b395b6f1dca7df9c0
GB1,T-DCG-192,2,1,96,0.40658265893941814,0.5934173410605819,eb774427263e8e069abce924cb2e27ea93a2d39d6ab448f96693df1949c9ff73,4a631d7db0aafbec5e5d34b38ffc0efc64ae731ca635b5491e7b30f8978bf985
GB1,T-DCG-192,2,2,192,0.5362418468891916,0.46375815311080837,9d77cd3777e32d1254bc75570581e77755c81abf2161849ba4190af3c0999376,aa9d07251c33053f6301ff7e79bcb616b9eee50310237732ad4e6f3e4eafef60
GB1,T-DCG-192,2,3,288,0.23881620085343924,0.7611837991465608,11613ee8fc0eaf352e90296d3c406b9d5873efef268688763386c2ed5b8093f1,45c6bf9b001d9d46ef655d150c1a8e141b469cbe003f1937bc0c074a01b84b0e
GB1,T-DCG-192,2,4,384,0.2620378945854851,0.7379621054145149,8cd4de817ccdce97141233d3ebe0d188c54f71356fac4ce7d6d17f24c7e2ba4e,bef1131577c332fa5445e087c691b4fbb820cf214e06a1d75183efaf52652328
GB1,G-Rank,3,1,96,0.5283088266560079,0.47169117334399213,7842a239aabc37fb3fd5a66551de2993ede8b433a29352d00a3c590dc7afd282,a81e03699f86844e4480293d5cd141a18baaa42b561004151058e037b6bd4e5a
GB1,G-Rank,3,2,192,0.3750779564008972,0.6249220435991028,ed4e06b9f3059606025330184fd8c99117a53c9c97892f7a84b7b609d565d75f,d979305cb4c01453f1848bd7ecefe94ecccebe8a26b1651f5c8454f35e7d5709
GB1,G-Rank,3,3,288,0.24993434572371806,0.7500656542762819,5956899757ef42b251710a146801863288c96aacbee2c343f6b68503792e53e5,0b9da4843728625428c5feaa93a91c2bd2044c32cbb86e39b37a91e3cdfb3b5a
GB1,G-Rank,3,4,384,0.17297916669386304,0.827020833306137,13fb7fee01c808e8eed5ba2c93910f0a713542977c1dfbd9d594061988406520,a5c77de3ea147d703cd223e2851ff6706e5a80262aa2ea44c39ed60c7cc851af
GB1,T-Uniform-96,3,1,96,0.5283088266560079,0.47169117334399213,7842a239aabc37fb3fd5a66551de2993ede8b433a29352d00a3c590dc7afd282,a81e03699f86844e4480293d5cd141a18baaa42b561004151058e037b6bd4e5a
GB1,T-Uniform-96,3,2,192,0.24710040947747877,0.7528995905225212,ed4e06b9f3059606025330184fd8c99117a53c9c97892f7a84b7b609d565d75f,d979305cb4c01453f1848bd7ecefe94ecccebe8a26b1651f5c8454f35e7d5709
GB1,T-Uniform-96,3,3,288,0.1729669414154903,0.8270330585845097,76110c05fcd71b097ce3d1d8a4e2a3dc3fb4aafece26d13021157a4df5bbe6f0,67848ba31fee651266a77ce8fb4580749bf067b1477832448ca69b4b1b258024
GB1,T-Uniform-96,3,4,384,0.0,1.0,76bb8bde81a9ffbab9550c16651a6e8249721597c54b4b422bb3e98a8f4c1f20,5d87f013552fffd5e60efc24e994af49d45885203fc8f95c53c70603d23b60cf
GB1,T-DCG-96,3,1,96,0.4713823061899268,0.5286176938100732,7842a239aabc37fb3fd5a66551de2993ede8b433a29352d00a3c590dc7afd282,a81e03699f86844e4480293d5cd141a18baaa42b561004151058e037b6bd4e5a
GB1,T-DCG-96,3,2,192,0.18039466851795188,0.8196053314820482,f931f20cf2b4206cd31583fce2709a1f157cae2cf24139cedbbbe4de98f33ca3,84555ad40e24c21fca564a7eaa6722e1d1c8b6cc196f4bbb5771811dc4bc944a
GB1,T-DCG-96,3,3,288,0.05139751548788813,0.9486024845121118,7f16b1e3b555f430c258a750a09c6c5f1d55888a7dbea2536cf0f98330edba07,d60223cf645e956def9f9cf80938436e91eaaed48a8524b2cacb36a9adb00eb7
GB1,T-DCG-96,3,4,384,0.13925686968298703,0.860743130317013,7ddaee0a3d46bf5c82ebca9ed80753689b813764bc0211b47cdf672bd2e32415,6f6adc160cc7bcbc1c45650bae0ea0901edb5422a0c013421055a995bb3ce296
GB1,T-DCG-192,3,1,96,0.4713823061899268,0.5286176938100732,7842a239aabc37fb3fd5a66551de2993ede8b433a29352d00a3c590dc7afd282,a81e03699f86844e4480293d5cd141a18baaa42b561004151058e037b6bd4e5a
GB1,T-DCG-192,3,2,192,0.4186438689721041,0.5813561310278959,f931f20cf2b4206cd31583fce2709a1f157cae2cf24139cedbbbe4de98f33ca3,84555ad40e24c21fca564a7eaa6722e1d1c8b6cc196f4bbb5771811dc4bc944a
GB1,T-DCG-192,3,3,288,0.3365692141586084,0.6634307858413916,97552b4a2eab24c54f5b1e3a50b40709af83a82a5f185e1e02aac3f91957ecf1,8959e53b7517b0a5e57a4fd4299ca6da774339d12ad442fd012af2db2ac7d429
GB1,T-DCG-192,3,4,384,0.11822964398576352,0.8817703560142365,a0ee8031ce02f453e171209bd415288160061a389268d428cd48681dfd6b5f35,28cd39dcd1d313d16e66fe32528ab2bebf96656aadd70c1be9e520877448b21e
GB1,G-Rank,4,1,96,0.5787601344371829,0.4212398655628171,10fb3992a258bad0c09f59c4cb980c060252a80bf3d9307d868e97abc9074722,94e964abc5b9c7fc8fa58852e21ea9be69452f61d966357966959b9ebc6c5571
GB1,G-Rank,4,2,192,0.456393361099024,0.5436066389009759,90dd752986999bb106bc0118c10f5591d5483c82b9979b0e086f40609727ac12,e1838fa6a2449441e53eb473f4fc917ed995459d88e84f4e442c8f15f21f257e
GB1,G-Rank,4,3,288,0.534634583825091,0.465365416174909,0cc9765c9c9f22dc8f9b728aeb3ccf8228ce47ad4db7f123ba09682f50bd0a57,230f2dab7b055281611771206f5341c79437900d9854a93e986668d624d59d05
GB1,G-Rank,4,4,384,0.3918957187315717,0.6081042812684283,d61c52b5e84dce898753f6ec49a54746dfb282d4a2c834b944c336ecaca6c488,fdd9a5968b24554c7a6cbceacf28b78bbc507fba484f7d2c03a203774d71de7f
GB1,T-Uniform-96,4,1,96,0.5787601344371829,0.4212398655628171,10fb3992a258bad0c09f59c4cb980c060252a80bf3d9307d868e97abc9074722,94e964abc5b9c7fc8fa58852e21ea9be69452f61d966357966959b9ebc6c5571
GB1,T-Uniform-96,4,2,192,0.5806562164739539,0.41934378352604607,90dd752986999bb106bc0118c10f5591d5483c82b9979b0e086f40609727ac12,e1838fa6a2449441e53eb473f4fc917ed995459d88e84f4e442c8f15f21f257e
GB1,T-Uniform-96,4,3,288,0.2659439166496679,0.7340560833503321,91df5ad74043fc30fcc93bef0992ec804d1948051d1da1d4520379462f6ede96,c3d0d5e0982e21b999f341a7190138eefcca6b419e7dc9f08de246fed707d06b
GB1,T-Uniform-96,4,4,384,0.37950842886169983,0.6204915711383001,185653d49b46af7811bd01e10a507d27a3ce4c2372f1718c1ccc8e3e1702570f,d4d6e5a5d9431b710f17122019b528fbde3546f35aceab3d091fc044a22b7b8b
GB1,T-DCG-96,4,1,96,0.6836986464868485,0.3163013535131515,10fb3992a258bad0c09f59c4cb980c060252a80bf3d9307d868e97abc9074722,94e964abc5b9c7fc8fa58852e21ea9be69452f61d966357966959b9ebc6c5571
GB1,T-DCG-96,4,2,192,0.7006600494740146,0.2993399505259854,3f160b00e0867a7564159b061049b9f427ec06642a95197854f9cd4ab761070b,2d5d618247dcbc0e5d8041449759d97da053137eb587a7b513f24f5c52a1cbd5
GB1,T-DCG-96,4,3,288,0.17484822201435427,0.8251517779856458,10c69e0e51348de5492e4a79ef511918b96b04d286c63bdb1e6a51b4ad567528,2be26a80056fef10e2ab3ca412193476adfe10dfa8a90125a55cca4c2e05f0a3
GB1,T-DCG-96,4,4,384,0.25166207549725805,0.748337924502742,31b951fda73836530ae7ab05ed6cdb1285b98e6af989ffb1bf5427825e6e469f,cf9ff25ee9673a20dc4028ab8237770b0876a202e83730d98ac3e3b2fc5da11c
GB1,T-DCG-192,4,1,96,0.6836986464868485,0.3163013535131515,10fb3992a258bad0c09f59c4cb980c060252a80bf3d9307d868e97abc9074722,94e964abc5b9c7fc8fa58852e21ea9be69452f61d966357966959b9ebc6c5571
GB1,T-DCG-192,4,2,192,0.5925198656927305,0.4074801343072695,3f160b00e0867a7564159b061049b9f427ec06642a95197854f9cd4ab761070b,2d5d618247dcbc0e5d8041449759d97da053137eb587a7b513f24f5c52a1cbd5
GB1,T-DCG-192,4,3,288,0.35540315346917606,0.6445968465308239,dac114465e077ab406d35595433788fa58f87c5b5a16fd7d9fa2fb292ad96884,31f297b7d72a974267234a6da18422246318eb79c02bb161be192e3290821a62
GB1,T-DCG-192,4,4,384,0.09905827807023707,0.900941721929763,8b9b90b862c0f8e0196ea747af11d66d3e30a45df20287a692bca39e1aaf88fc,47a9ebfca8cd9cd1a84582a4d6b680b8d9a7eb4eeaa6fe914457399c2e79b7db
GB1,G-Rank,5,1,96,0.5137241327695243,0.48627586723047567,51d9161f81712be32d82913601f7eeb09439972391b8ed3f4a39621ecd547040,3700a47b1b260447aa822a007a7f31c30bc510d2f0b1b2f4dddfa943697431dc
GB1,G-Rank,5,2,192,0.35081254287367825,0.6491874571263218,433adb25b6d66964081d8523c667765b0de95a063ec026aa5ab73167a17537d5,7e0900e40efde6a0a3aec1ee6ddf140950965d596f3f8607573d1e3ccccc6e1e
GB1,G-Rank,5,3,288,0.49677610425354524,0.5032238957464548,bfa97cf3a2546dba15fa8af33ec55399de7a5ee1da5405a458e2bbe84ca80c61,1958f96245602433735866a7ec227b6f329a8b4fc2c7454daeb8d21d10b1e165
GB1,G-Rank,5,4,384,0.22878859439418958,0.7712114056058104,71d7604101602d64253d36ad8706e433e285cc688d6701ab9b511bc16f7b8caa,adfcebd122b51597dafab6287896af9189a4dd0799eaddd74f176eef16ef293e
GB1,T-Uniform-96,5,1,96,0.5137241327695243,0.48627586723047567,51d9161f81712be32d82913601f7eeb09439972391b8ed3f4a39621ecd547040,3700a47b1b260447aa822a007a7f31c30bc510d2f0b1b2f4dddfa943697431dc
GB1,T-Uniform-96,5,2,192,0.2076426033407938,0.7923573966592062,433adb25b6d66964081d8523c667765b0de95a063ec026aa5ab73167a17537d5,7e0900e40efde6a0a3aec1ee6ddf140950965d596f3f8607573d1e3ccccc6e1e
GB1,T-Uniform-96,5,3,288,0.16366197691849232,0.8363380230815076,865ffbfbbd7c3e1863126fc52ea9a47783abc0311ec4d71ab4c27cbb87d0ab82,0042b7cdb3fabb82d3f7c6a8fb13923e337389b49d21e2e9da3924e2597ee1d4
GB1,T-Uniform-96,5,4,384,0.0629463521825665,0.9370536478174335,a7ed3ac6aa71b50c4f1df3def703f373d0337e3165db169a28da09829ea82d8c,ee943364bac55ce1c1f7bae7e2b3babf3c27fbd5ac94535faf00aeadde2e7ccd
GB1,T-DCG-96,5,1,96,0.5927172267993406,0.4072827732006594,51d9161f81712be32d82913601f7eeb09439972391b8ed3f4a39621ecd547040,3700a47b1b260447aa822a007a7f31c30bc510d2f0b1b2f4dddfa943697431dc
GB1,T-DCG-96,5,2,192,0.19394958591181827,0.8060504140881817,25038e7e0d4bdfea16cf2bc5cd30315cd101bdfb425bbd3ffdf2ef953ade55bb,e7c62def37087d6a50f5c4afbddae41826241f23fe119b01b1e492e997bb8b54
GB1,T-DCG-96,5,3,288,0.20276255813637517,0.7972374418636248,d50a9e3fd8b0b47bfb79f6a64419ccd0d24a94b0666ebd2d4dfff353c42b0019,2de2d728c2d0171ecc576d7743577c97f3b9ae08d68bc55057443bf5bc4e5276
GB1,T-DCG-96,5,4,384,0.016064663311201776,0.9839353366887982,4084c86affe3f386a3b77c9d94d4ad2f03da661dd70e6bf67747faef49304710,7861c3b0c710fb0d62b96027c59b233b6e9346a9e543a2f693ba6597c432ca3c
GB1,T-DCG-192,5,1,96,0.5927172267993406,0.4072827732006594,51d9161f81712be32d82913601f7eeb09439972391b8ed3f4a39621ecd547040,3700a47b1b260447aa822a007a7f31c30bc510d2f0b1b2f4dddfa943697431dc
GB1,T-DCG-192,5,2,192,0.303541601610413,0.696458398389587,25038e7e0d4bdfea16cf2bc5cd30315cd101bdfb425bbd3ffdf2ef953ade55bb,e7c62def37087d6a50f5c4afbddae41826241f23fe119b01b1e492e997bb8b54
GB1,T-DCG-192,5,3,288,0.2686569568709548,0.7313430431290452,f5f4f5bbadaf97b302db015581ee051de6965e455882387a5a50c7e92400515f,7734104165f1011f312461119a66190f94c100772ef761ecc7f54516c0a4921a
GB1,T-DCG-192,5,4,384,0.12671759692867626,0.8732824030713238,ad3d191ee1352e78369a2d51796d790cd879ff9c0604ddfa8932f7a80376fbc6,562d8f55cf25e0a5e38c1250fbd89971a94e5f8720c9837f7994620dc4a70a8b
GB1,G-Rank,6,1,96,0.44493178862034555,0.5550682113796545,6331090141968af9b5f26ff306c690c0b7cefcfe0ff82df379d32844f78ffcd4,8925178db3f6afd750553cf5778ae66e5f448ab9928e655c8bb86f11e9a105b3
GB1,G-Rank,6,2,192,0.13914097905210687,0.8608590209478931,834d094846750701e12b65eabff618bc288d1b4dcff55c85e912dc8a33ee61d8,c6d393fdd54846362696f8ae9db176e8e8cd85589cfad60a53ea5cc8ae7c285e
GB1,G-Rank,6,3,288,0.33036562109137835,0.6696343789086217,0953e5fdd696522b796340f0a5e2e99cd4c3f02102964dad8d973918b7a819a1,0a2eef557cd1b9f73887631c2bec53569241f4ae60151d6623637de023e99134
GB1,G-Rank,6,4,384,0.16395956773257625,0.8360404322674237,0de76389a8a899317b63d96f5ef68efb41e8c0957b29201cffd42d6847a77895,8fb6b73f5c7dcd16c4608f62bb82c9491244136877ab129bca563efb82f90416
GB1,T-Uniform-96,6,1,96,0.44493178862034555,0.5550682113796545,6331090141968af9b5f26ff306c690c0b7cefcfe0ff82df379d32844f78ffcd4,8925178db3f6afd750553cf5778ae66e5f448ab9928e655c8bb86f11e9a105b3
GB1,T-Uniform-96,6,2,192,0.09658583720609211,0.9034141627939078,834d094846750701e12b65eabff618bc288d1b4dcff55c85e912dc8a33ee61d8,c6d393fdd54846362696f8ae9db176e8e8cd85589cfad60a53ea5cc8ae7c285e
GB1,T-Uniform-96,6,3,288,0.1552813899633551,0.8447186100366448,16aae92986c8a24a8788dd9a256e27c879baca0cccf74aa46c012b9496e8fce7,ade9aff7196fcf4d3a243fa5b9d88cb00ac01b08becb23fd637a45357ae2879d
GB1,T-Uniform-96,6,4,384,0.0,1.0,f1b1983b2b615ec9ff73c49ecadf3911e88fad66acc7654ed108f00e4ca99936,1bd82a663f68b8c2bcee219b4cba5bfac60b4be2382b0f069ca17129d4404c89
GB1,T-DCG-96,6,1,96,0.2487535919176006,0.7512464080823994,6331090141968af9b5f26ff306c690c0b7cefcfe0ff82df379d32844f78ffcd4,8925178db3f6afd750553cf5778ae66e5f448ab9928e655c8bb86f11e9a105b3
GB1,T-DCG-96,6,2,192,0.022147128184039327,0.9778528718159607,089a92e37e11a418c9cdd9437f0aef9138b5c7b35fcbf50e6acb9aafc0896ac2,73ab0d6cd3340f1a15c401cee5e7fbab404d1e05d265c9dd4e8d0e32c2a669e3
GB1,T-DCG-96,6,3,288,0.13725632651164968,0.8627436734883503,c959f8e8ff1a6b9188cd1175a6ded676d32e92c6330d35f42e448e3d16652cfc,263c7c86bc3d63333f5ff0e0d08b6ccaba062fd038cd4b215702860bfcac920e
GB1,T-DCG-96,6,4,384,0.0,1.0,83fb5379977296bad6cf78a5ce293d5f144a0a7f25c0ced3404ebc06eefd918d,db3b95a3dfb78214c9af21d6060ba2f4a842a26c8e7c025672559b9ce15d9a5a
GB1,T-DCG-192,6,1,96,0.2487535919176006,0.7512464080823994,6331090141968af9b5f26ff306c690c0b7cefcfe0ff82df379d32844f78ffcd4,8925178db3f6afd750553cf5778ae66e5f448ab9928e655c8bb86f11e9a105b3
GB1,T-DCG-192,6,2,192,0.19418112486335273,0.8058188751366473,089a92e37e11a418c9cdd9437f0aef9138b5c7b35fcbf50e6acb9aafc0896ac2,73ab0d6cd3340f1a15c401cee5e7fbab404d1e05d265c9dd4e8d0e32c2a669e3
GB1,T-DCG-192,6,3,288,0.2017144594298905,0.7982855405701095,3df460a97925ba1a7748cc3c83f42da0f08c672be96238dc8705fd01b2e3257e,3af548f4f4a31c311ee788f711083ec67e6c1f4db5a92738e22b5671c944b970
GB1,T-DCG-192,6,4,384,0.0495541981949262,0.9504458018050738,245b4377aa344b3182b0c1a0e74c3f3379dda6fa19aa138f2a9c6283099d9996,e9c252957879e21e24205b6f5487f13f46fa6df3cce28117d4dfe7b8187372d9
GB1,G-Rank,7,1,96,0.4589885867564298,0.5410114132435702,82b44a0cb0400fcc98aa5937a207b26fad08739a6e5c954bac85c9ee205ad93c,5cabd7b39fd3290b61696ed67e2d9ea80b228a4f19e3f3088f9aa3b77cc4d428
GB1,G-Rank,7,2,192,0.49874304585984036,0.5012569541401597,64545bba2658ff1ea09d2c20ce9f29c7a6a0fe34884e8041ab4fc40ab3c9e73e,cc0cc4693f70017103ea9655abebb266b00723fc1bd1c005ed4fd26f873088e7
GB1,G-Rank,7,3,288,0.3901531279907811,0.6098468720092189,c06b5065ac84ea28167be6c72797d17de0dfc54fd324f6c3e22bc8b2e4b6692a,99d6c8ac1285391b93ca8f50258d33640c276522f31a8bf2c7171ef21d381ec2
GB1,G-Rank,7,4,384,0.32694847240093705,0.673051527599063,80748cf15051e4f21a7cd95bdac5edd1701fafc5ebb1cff091175872b1b1989e,814fc5fa65540f40f0e1b59bde6e7ba8fca3166c0a1b705d34a589d52fb26ced
GB1,T-Uniform-96,7,1,96,0.4589885867564298,0.5410114132435702,82b44a0cb0400fcc98aa5937a207b26fad08739a6e5c954bac85c9ee205ad93c,5cabd7b39fd3290b61696ed67e2d9ea80b228a4f19e3f3088f9aa3b77cc4d428
GB1,T-Uniform-96,7,2,192,0.24166955307183907,0.7583304469281609,64545bba2658ff1ea09d2c20ce9f29c7a6a0fe34884e8041ab4fc40ab3c9e73e,cc0cc4693f70017103ea9655abebb266b00723fc1bd1c005ed4fd26f873088e7
GB1,T-Uniform-96,7,3,288,0.154928083613922,0.845071916386078,c9da21c450467d81f42dd94be6671f300d627031ce2ea870506cecb2dc776e6a,50b2b512baac0507719d717b09405a582f481fa47b5106ab6e051b27deec8493
GB1,T-Uniform-96,7,4,384,0.059740881506834896,0.9402591184931651,493a7c39c0b4eba378ceee2b3157f571152836c75b19252d95ef89fe5e421d30,ee935a40b1e6f7fe78716542f4c79f3f26ed260420a81fc5a8f2e0dd8bf52ffb
GB1,T-DCG-96,7,1,96,0.5300079001083632,0.4699920998916368,82b44a0cb0400fcc98aa5937a207b26fad08739a6e5c954bac85c9ee205ad93c,5cabd7b39fd3290b61696ed67e2d9ea80b228a4f19e3f3088f9aa3b77cc4d428
GB1,T-DCG-96,7,2,192,0.2860457777932135,0.7139542222067865,163563f8f120aa58c2754cd9361f5d15c8d70aff480cbcc80a8011d294de9018,ae5192f06d671f07e2172e1dfc8d501da682305fff910cc1ab7fd9994aa42469
GB1,T-DCG-96,7,3,288,0.09546452368829114,0.9045354763117088,8707f3dbb1421f0b70754a1a1fe5247ed793de687bcb63c48763d0605fe632c8,866b87d56dd47740414f4b89d7606fe7a5aae497cb5e5bb81222ff73dd3f54af
GB1,T-DCG-96,7,4,384,0.0,1.0,23a20b2089e29627f9af5f00b71a69a2c8ab570ae5bbfb831f16de6a8b53ba86,c2fe7063ddce9723d79bfa403d856543ab62e93314fd74a0fc1687f93a6eee15
GB1,T-DCG-192,7,1,96,0.5300079001083632,0.4699920998916368,82b44a0cb0400fcc98aa5937a207b26fad08739a6e5c954bac85c9ee205ad93c,5cabd7b39fd3290b61696ed67e2d9ea80b228a4f19e3f3088f9aa3b77cc4d428
GB1,T-DCG-192,7,2,192,0.47542609743646697,0.524573902563533,163563f8f120aa58c2754cd9361f5d15c8d70aff480cbcc80a8011d294de9018,ae5192f06d671f07e2172e1dfc8d501da682305fff910cc1ab7fd9994aa42469
GB1,T-DCG-192,7,3,288,0.18927297147224723,0.8107270285277528,90c9227b93e8b2cfd82bf8f3acb24f874eb886456fbe9794cc0303ce3117f023,70fd72d29f3cb0e19b6850ecbc2116ba9f5512751ab9be0261a19ab4943c1670
GB1,T-DCG-192,7,4,384,0.1376052707954285,0.8623947292045715,cf04a85932a61acaaa2c57a814d0832c4a0f2f28d49469b0588aaf5022ebd668,8555dd7f80871d58a9c5731bc3083dd4c5e609192d6ef0b6c3730b100f7e47d9
GB1,G-Rank,8,1,96,0.5234600969094984,0.47653990309050165,409277bf09d06683bd44168f48de61fcb8baefdc4a0c9dc8e8509118facb2d07,26c469dde2a398d2cc289fc33dd30c22f2f9a55ddc8c9b80cfb569b296d59aa5
GB1,G-Rank,8,2,192,0.375670258875857,0.6243297411241431,c64445e7778c7a77772caf013da817636908e2603fc824db877e4ee4f952b696,1f3c52751758810526da46c40bdc9705019af10928430e2dda5f90c17fb69d0c
GB1,G-Rank,8,3,288,0.2930902905023544,0.7069097094976455,b7bdc4ba18c7943b237f65617696ed77e951a950db3196f997241e6f446d7508,c2a633f89dc7855e2239faf12e38b8f2d9add8102209e9a4586ac4b37f522599
GB1,G-Rank,8,4,384,0.2640423313164998,0.7359576686835002,8692ebf403cce5a73417a04bae3f49b597c26152c99cb7902845edf4cde6cbff,ac7ecadd6bf856c4047384b2e43cde69dcba7be4809249f2a8d5ab3871f401e6
GB1,T-Uniform-96,8,1,96,0.5234600969094984,0.47653990309050165,409277bf09d06683bd44168f48de61fcb8baefdc4a0c9dc8e8509118facb2d07,26c469dde2a398d2cc289fc33dd30c22f2f9a55ddc8c9b80cfb569b296d59aa5
GB1,T-Uniform-96,8,2,192,0.3550842854999974,0.6449157145000026,c64445e7778c7a77772caf013da817636908e2603fc824db877e4ee4f952b696,1f3c52751758810526da46c40bdc9705019af10928430e2dda5f90c17fb69d0c
GB1,T-Uniform-96,8,3,288,0.010773949287166759,0.9892260507128332,7914e5917e728a6a9ad576b621f27646aec1db697f3016232e9cbb3299ab998c,8a19e30962109511ce13c9b9d4a424a6717d88ac7d7831a11922c9aeb7dc57a6
GB1,T-Uniform-96,8,4,384,0.0,1.0,86ca8a29ae075a5a4c46b935adbfd4bee0768ee7721801a387d6143e9b600591,252630ceb6faac26f592a0a5aaf7f4e98c863633770391dfc533c6cf88cfcb1d
GB1,T-DCG-96,8,1,96,0.600643495569742,0.39935650443025805,409277bf09d06683bd44168f48de61fcb8baefdc4a0c9dc8e8509118facb2d07,26c469dde2a398d2cc289fc33dd30c22f2f9a55ddc8c9b80cfb569b296d59aa5
GB1,T-DCG-96,8,2,192,0.3696630241348941,0.6303369758651058,7b738815af496c5c9f41dcbce36a8c8e16c7fe098e5f946d84cd7aa645234227,97d82001e0b897509fd052df928b00bb45c6dad3175990a0cc29b6950c3d7788
GB1,T-DCG-96,8,3,288,0.10344683338684073,0.8965531666131593,db4d5fb10688ebc68a287e27f3b003e0268a57d11fa7771b7b0037ec819f17eb,6728b4eb25571928df6e56cc9a37e93a2582d3cf690c06fd5d24741b65c4fdf0
GB1,T-DCG-96,8,4,384,0.0547723899410298,0.9452276100589702,3952538233825614a5ad9ca1541dd9373301b520edb65319cd31c1924552549a,1540751a61c465f7850b278cbe5525738b8dfafb327517882841a75021e363ec
GB1,T-DCG-192,8,1,96,0.600643495569742,0.39935650443025805,409277bf09d06683bd44168f48de61fcb8baefdc4a0c9dc8e8509118facb2d07,26c469dde2a398d2cc289fc33dd30c22f2f9a55ddc8c9b80cfb569b296d59aa5
GB1,T-DCG-192,8,2,192,0.3963321651094375,0.6036678348905625,7b738815af496c5c9f41dcbce36a8c8e16c7fe098e5f946d84cd7aa645234227,97d82001e0b897509fd052df928b00bb45c6dad3175990a0cc29b6950c3d7788
GB1,T-DCG-192,8,3,288,0.21583973604654666,0.7841602639534533,b2bf2f94ada9a67336c795797b9f209f61f23de7ef1719ab6901be98b3c86044,813bd28101705005b1116cd85d2993fde6b5d62175291ef5d85014ec2574840e
GB1,T-DCG-192,8,4,384,0.06253733221729371,0.9374626677827063,bf0b337ab36c7bacd116967e5f4038719ec51d135ce3650dd56afcc11081f52e,553c72dc104b382ab7420a211d998c4194ff15d6f8633eace9d17dc8aa558e32
GB1,G-Rank,9,1,96,0.46712779572186003,0.53287220427814,454bdeff0bc19d6193523ffd9e1b8c906a084d073f854442f4b266eaa116ce59,a179f80ee80fbdb404c5231b18d731cd7c7e8db3a15c5969a5ec4380ada7cff9
GB1,G-Rank,9,2,192,0.5552259040740962,0.4447740959259038,fbcf73e46c009bec9382ae8fca9a5c37be0efb50f939ce9fffd71c1f2cced8ec,bb2e137cd89523c253b2b6467da71d528c562602a5d68d7f8e02438669b8c840
GB1,G-Rank,9,3,288,0.574771137333695,0.425228862666305,8a0bea53631c745fe43f793a2a949a4ddad1e8fe5392e7d53bb1c5795fc81e51,4b7aeb10adb3f1bef73f38ce23c3615f2b4c10b12b442a1211d862c29f528fda
GB1,G-Rank,9,4,384,0.5289714111180311,0.47102858888196886,1b889bef259c8f2c65ffd8917a2c0c8ce32b3e095ec3ca71a2b0db79f6aafbca,1fda555e254d7b390d58e5e7fcb7d832cb67891e3a0ed332c87a5c3cc20c7b7c
GB1,T-Uniform-96,9,1,96,0.46712779572186003,0.53287220427814,454bdeff0bc19d6193523ffd9e1b8c906a084d073f854442f4b266eaa116ce59,a179f80ee80fbdb404c5231b18d731cd7c7e8db3a15c5969a5ec4380ada7cff9
GB1,T-Uniform-96,9,2,192,0.3607814462755686,0.6392185537244315,fbcf73e46c009bec9382ae8fca9a5c37be0efb50f939ce9fffd71c1f2cced8ec,bb2e137cd89523c253b2b6467da71d528c562602a5d68d7f8e02438669b8c840
GB1,T-Uniform-96,9,3,288,0.450735844350212,0.5492641556497879,71b031197fe1b6f871f8d43de62a6fc66acf8a23ad31595306ad83263eb8dca1,0dc3cca1a97697c2a5394d553240e00410ed36de2d6228dd80fbb87fc24d2e1e
GB1,T-Uniform-96,9,4,384,0.0002845086731134446,0.9997154913268865,363a7afaa703d33da6d76f601b8a97135227bb361e2582c61f9ba7471d0ff309,96c9c4e828fa0bec52e3b0914be0b9c2b733bda1b3f87f52c4837d41fce354b4
GB1,T-DCG-96,9,1,96,0.3862839941216964,0.6137160058783035,454bdeff0bc19d6193523ffd9e1b8c906a084d073f854442f4b266eaa116ce59,a179f80ee80fbdb404c5231b18d731cd7c7e8db3a15c5969a5ec4380ada7cff9
GB1,T-DCG-96,9,2,192,0.3094793881132445,0.6905206118867555,769361204a39317f9ffa883abced4df561f4346081a79926e5a7df035f8b5aab,f40e50ed2f71208f1cde1ed3fb65605d311d7ca7088f10bf97c7b8cd53e2a56a
GB1,T-DCG-96,9,3,288,0.21139456994935418,0.7886054300506458,62f0d8716ac2b9cf0142f0907db1ca366b1805e7477a936255a04ae84e145d92,e6b2851e63328303377544e35adcb8fc84b9ab65bb91f73a52031a425737b66e
GB1,T-DCG-96,9,4,384,0.024720082033881388,0.9752799179661186,150dc99fbbd279733b028cc00011837f1f15088330c830ae8e7c5cf3ce09dbdb,28724bb444a31b772d3b17ca613cdb18bb3935c5e95affc04e0f1644e1cc2c5c
GB1,T-DCG-192,9,1,96,0.3862839941216964,0.6137160058783035,454bdeff0bc19d6193523ffd9e1b8c906a084d073f854442f4b266eaa116ce59,a179f80ee80fbdb404c5231b18d731cd7c7e8db3a15c5969a5ec4380ada7cff9
GB1,T-DCG-192,9,2,192,0.521167457904134,0.478832542095866,769361204a39317f9ffa883abced4df561f4346081a79926e5a7df035f8b5aab,f40e50ed2f71208f1cde1ed3fb65605d311d7ca7088f10bf97c7b8cd53e2a56a
GB1,T-DCG-192,9,3,288,0.3438400405620592,0.6561599594379408,9695a53e99eaa2a2114ae00eed78444e6e50c4e529dc9614745668cfe39dd5e1,efb00104c524f75a256aa1219d7d48c0ce20bb06c5adbd53e4d716d4c046d160
GB1,T-DCG-192,9,4,384,0.36203167056320196,0.637968329436798,f2f90e5ba2200d388ca69521703109415487b1c6c31fc174074aaef74a15c722,464b59cf374b38082725768256e5c9c88586f22f27fccbc8a589f865bab28c94
GB1,G-Rank,10,1,96,0.6047320923107663,0.3952679076892337,c57f69272807510514bd3ec4cc26c7e3350a3613cac081b5d357a099e4f76d74,f2b00f195ac33e519758002748a96c698e3f0355385c9f40de82e5460425665b
GB1,G-Rank,10,2,192,0.4777143670858345,0.5222856329141655,e2456ec7a6fb9b165ba781494f1a935fa890d312e992f7063a74b8938637d5f6,b0593219ca463448c638f4e772378776c7ba81cd31d697e463b9506707ced776
GB1,G-Rank,10,3,288,0.4356198775964957,0.5643801224035043,796969b7059beb755bdc8bedd22d13fbe1966c24a5551f4b08f7c1c0ff28a531,3b7a2cb142087ec50acca0fdffadaaa70ab2d8e30919c5e1038a0abb385468f0
GB1,G-Rank,10,4,384,0.2576931746403139,0.7423068253596861,5a297873faad504641f370c01d383bebc1cfbaeb884f0afdedc18a9d07dce470,788c64fd0d2f1868235fa75854b3bb79d5477222f5190de7f519c59fdccf20ab
GB1,T-Uniform-96,10,1,96,0.6047320923107663,0.3952679076892337,c57f69272807510514bd3ec4cc26c7e3350a3613cac081b5d357a099e4f76d74,f2b00f195ac33e519758002748a96c698e3f0355385c9f40de82e5460425665b
GB1,T-Uniform-96,10,2,192,0.10346007544046729,0.8965399245595327,e2456ec7a6fb9b165ba781494f1a935fa890d312e992f7063a74b8938637d5f6,b0593219ca463448c638f4e772378776c7ba81cd31d697e463b9506707ced776
GB1,T-Uniform-96,10,3,288,0.20524648339996768,0.7947535166000324,802cd9e9719af1def26f00f720bbe2a596b4a93167161afba31447638a774b77,f5cae83381394c579e1c396debf12117ebabc8d9090d1ee8e375ae158f287bb1
GB1,T-Uniform-96,10,4,384,0.18113449392292688,0.8188655060770731,6eb4a00e63e9f29666a62e558a940b1a04f738251446ea3cd24c5f1f95c502b0,7fe49185c7ef7406ec81cae4255f8f9359697cd20f52bb6a69dfd9d76544caf7
GB1,T-DCG-96,10,1,96,0.5426136948852205,0.4573863051147795,c57f69272807510514bd3ec4cc26c7e3350a3613cac081b5d357a099e4f76d74,f2b00f195ac33e519758002748a96c698e3f0355385c9f40de82e5460425665b
GB1,T-DCG-96,10,2,192,0.018921883901171645,0.9810781160988283,5ef020ba5da0a18d655601f3afca7f051c9824bfc697f6bfaf4ea98bd03da465,453157b2960759a5e9eb6430fd6e29f499e486fc046b531edd9bce2f242a75a2
GB1,T-DCG-96,10,3,288,0.21484456363646373,0.7851554363635362,43187224074f256b69da71b2ab560ae631dfac42b9b239345667e1c2fe79c27b,e7453da86588d755c3b091f30bc4eb6ed158e3ad3fa787b0b73e812156403eeb
GB1,T-DCG-96,10,4,384,0.04852158438136063,0.9514784156186393,85bdd5f8588d17146cd30769dbac52d0f3a4536803f9a1da1ecd9a7f511ff15e,85ad9383331f235a7e7dcb86fc1cc3b222af46aa882c8d5d81d526e741e26210
GB1,T-DCG-192,10,1,96,0.5426136948852205,0.4573863051147795,c57f69272807510514bd3ec4cc26c7e3350a3613cac081b5d357a099e4f76d74,f2b00f195ac33e519758002748a96c698e3f0355385c9f40de82e5460425665b
GB1,T-DCG-192,10,2,192,0.40821864486407683,0.5917813551359232,5ef020ba5da0a18d655601f3afca7f051c9824bfc697f6bfaf4ea98bd03da465,453157b2960759a5e9eb6430fd6e29f499e486fc046b531edd9bce2f242a75a2
GB1,T-DCG-192,10,3,288,0.09688588369790414,0.9031141163020958,8de427be2598a6ef9372e0f77269ba514f7c9d7ca7189cce86114735db0495e4,fd5453a58d3210c9911273fc785be94ff8f677aa6f43037e20c8b2cb4f8d1310
GB1,T-DCG-192,10,4,384,0.13760826136080864,0.8623917386391914,98a7ed9b4378ce77e1f1c3f8ea72507cd88fcac464892180203612edd22f3db5,6ecd0d146f99331f2b3d6e9e13822f62cb169ffa6601d5931f1914b49071d016
GB1,G-Rank,11,1,96,0.6292388603878295,0.3707611396121705,64e978995dabd019d8b32fda8e6678ada076d01f577365ec184789dffc64a201,7d637d5a4a4f24b175e4ed358a0c887450f10bae876912c61e47f89003de96d0
GB1,G-Rank,11,2,192,0.5080021470203068,0.49199785297969323,42a558edc0989fe78a010700ba724d39703caa2db14d1eea105f9e71db655e8e,81c013c9764fb53eb4b629d2d223e4f0699187ea5f257dff335afaf547639b10
GB1,G-Rank,11,3,288,0.3950426509904273,0.6049573490095728,e1f1ae81fa27503dadab10b2a74c9d84d4be91a6e988bbc34808f9ad998ee87b,28e899eab90201c132364d409500bb0831a424fbf5757a63b4968bc455594109
GB1,G-Rank,11,4,384,0.5601760339945515,0.4398239660054485,91f6ce3c608e9fffefd35d82908b7a9115a87541e75a56846688d61f85a0ad6f,c22973fc9a6b56210d9ba1bc361e9236f3e555b70add81f94ccdae8895432207
GB1,T-Uniform-96,11,1,96,0.6292388603878295,0.3707611396121705,64e978995dabd019d8b32fda8e6678ada076d01f577365ec184789dffc64a201,7d637d5a4a4f24b175e4ed358a0c887450f10bae876912c61e47f89003de96d0
GB1,T-Uniform-96,11,2,192,0.30830240934799014,0.6916975906520099,42a558edc0989fe78a010700ba724d39703caa2db14d1eea105f9e71db655e8e,81c013c9764fb53eb4b629d2d223e4f0699187ea5f257dff335afaf547639b10
GB1,T-Uniform-96,11,3,288,0.3624407918865701,0.6375592081134299,cfdb56327e4c4ea4f71e997ccd4b0bf051120457d6c33faeb499821324ebdf07,692541bccab5cb0c2796a90a252b32bbc81d63e8bace9d390e45b7afeec24e69
GB1,T-Uniform-96,11,4,384,0.36239400343980765,0.6376059965601923,0a76a2372029f0db595129b2eebb2952764c6311f0a3780ec7ca6d5600194486,1d2e49a210d5fd846bd29861feb67875b7410215ddfcbeaae1b158fb7f0ad6d0
GB1,T-DCG-96,11,1,96,0.7275897620633295,0.2724102379366705,64e978995dabd019d8b32fda8e6678ada076d01f577365ec184789dffc64a201,7d637d5a4a4f24b175e4ed358a0c887450f10bae876912c61e47f89003de96d0
GB1,T-DCG-96,11,2,192,0.34468901653013073,0.6553109834698693,abf80da9e88a11e28d342e4181969055f0584b25d4b3e887d02c99f7c86a4667,4aa496da4fcae4c43952f15a21bd8e94a42802a4c8e3b3f20e4152eb68be4038
GB1,T-DCG-96,11,3,288,0.1590009439836181,0.8409990560163819,a0c03e47dffa5268b2e820ee708cdf295d41002dc7948c0b89ce26725ae88c65,b9ffcd6a69524974505069bdf7e633933ea5a1a40b9be222b9657ccc389d6cdd
GB1,T-DCG-96,11,4,384,0.19268551942039552,0.8073144805796044,f64874c5bd3bf5a9557a205477efb8feeb78cba472dbc47e121407acce68a628,ddcda6428e2219a01eb17e28029422294518c6ce4afa5ebbb1a3fb22db561f2a
GB1,T-DCG-192,11,1,96,0.7275897620633295,0.2724102379366705,64e978995dabd019d8b32fda8e6678ada076d01f577365ec184789dffc64a201,7d637d5a4a4f24b175e4ed358a0c887450f10bae876912c61e47f89003de96d0
GB1,T-DCG-192,11,2,192,0.5828838037853833,0.4171161962146167,abf80da9e88a11e28d342e4181969055f0584b25d4b3e887d02c99f7c86a4667,4aa496da4fcae4c43952f15a21bd8e94a42802a4c8e3b3f20e4152eb68be4038
GB1,T-DCG-192,11,3,288,0.39574140493728344,0.6042585950627166,c8ef738e04204c2695f08456789296076a612598158d48a4174f32ae441ff7bc,fcfd3b047511088243d2cdb6cd10d62fa9ca73c22ca539baf39327311d304f25
GB1,T-DCG-192,11,4,384,0.32959410347338003,0.67040589652662,f43a78ec391a00732c4f44030a2adfba86261303e8e2b7d51ec052e1857bdb06,8f2a7b705248709f177a3a029abb797c6d06f76cb23fb39143ebbc78b732756d
GB1,G-Rank,12,1,96,0.41917545966104325,0.5808245403389567,2dff8b4e91376c1e0206c4309150d1b73ffbaebfc390fcc1d93918e54e5cb638,00d02c241a6df33a5416b9160b8197d37059b258d68cf5b9e84453f23c2a54c6
GB1,G-Rank,12,2,192,0.36894944349171127,0.6310505565082887,fe98a7d68baaa3f73e5f5640c41eb923e61d75c55efb3630446b7bf6098c891a,f7c244f200b237222c9056039d704fc81b46fd674480f8ef8efb5f40b985a29a
GB1,G-Rank,12,3,288,0.35110063770395283,0.6488993622960472,fea1b2d96152f9bce124e54bf2063df1359f541a8c855d6579c6b61be16bd68f,21cc0bc5811481f4e5c9b5b5d73a7ad442dc53f98403e35008c1a2992a8e99c1
GB1,G-Rank,12,4,384,0.2606321012664901,0.7393678987335099,09f269ab434ceb72b6fe5751ae217dd6e5976e2e89b19b1bd42542b5f74c5e28,234870a59d6c2252683831705ad105992fb9cfdd41f964d3eca957236a05be63
GB1,T-Uniform-96,12,1,96,0.41917545966104325,0.5808245403389567,2dff8b4e91376c1e0206c4309150d1b73ffbaebfc390fcc1d93918e54e5cb638,00d02c241a6df33a5416b9160b8197d37059b258d68cf5b9e84453f23c2a54c6
GB1,T-Uniform-96,12,2,192,0.18751771770223954,0.8124822822977604,fe98a7d68baaa3f73e5f5640c41eb923e61d75c55efb3630446b7bf6098c891a,f7c244f200b237222c9056039d704fc81b46fd674480f8ef8efb5f40b985a29a
GB1,T-Uniform-96,12,3,288,0.15836407741433847,0.8416359225856616,d42e5da22bb760bf5acdee2faff7620ee7b665642900bb4ed73d992ea9e5ce32,3f874f7fb84507d81ba0d5fcd5e813abfc43d5aed2aabd78dca01f4ec5021576
GB1,T-Uniform-96,12,4,384,0.22550654069816237,0.7744934593018377,7184800e8b0d5939e6bcd3c90910b3d45faf686747d1937e891f3ada32977545,39ff0be8b2f3c115bb82d844daf8abdfd55ffc6a1ae5a210f28791c5ee4e24d9
GB1,T-DCG-96,12,1,96,0.44982512823632304,0.550174871763677,2dff8b4e91376c1e0206c4309150d1b73ffbaebfc390fcc1d93918e54e5cb638,00d02c241a6df33a5416b9160b8197d37059b258d68cf5b9e84453f23c2a54c6
GB1,T-DCG-96,12,2,192,0.2665638759982585,0.7334361240017415,acd0cb468b502a0acd62c92531372e2d3910f10b5bca3479bb0bb6caf010f664,19b4bc04791d19e06a646f84d6b8505a2f729d4e05b14bdd62d2e15e3f7382cf
GB1,T-DCG-96,12,3,288,0.10305566817632121,0.8969443318236788,d7ab3a601ace7c5358066ea28387f7965d6bb4d3b68b4d61774042877accc585,b6b120c9a43972619d8a03f210cb639177859757805e2c6d5ed4f9cd99bae19a
GB1,T-DCG-96,12,4,384,0.13885966756156656,0.8611403324384335,de74472a31a943cc5acabb7cb745a71bd6664b15a5c21fb2a1a10fb4954f8b48,ddb26dace4c8844368e22eb51bcc522487c2609e4b9254c174fee60dd4f5ecde
GB1,T-DCG-192,12,1,96,0.44982512823632304,0.550174871763677,2dff8b4e91376c1e0206c4309150d1b73ffbaebfc390fcc1d93918e54e5cb638,00d02c241a6df33a5416b9160b8197d37059b258d68cf5b9e84453f23c2a54c6
GB1,T-DCG-192,12,2,192,0.3973574218389009,0.6026425781610991,acd0cb468b502a0acd62c92531372e2d3910f10b5bca3479bb0bb6caf010f664,19b4bc04791d19e06a646f84d6b8505a2f729d4e05b14bdd62d2e15e3f7382cf
GB1,T-DCG-192,12,3,288,0.3018064437062791,0.6981935562937209,6ac8cb8aa69037a25cb4519b697d183ef6ca12a932b04f5f4d37abcb6e2c3a34,578e0906440388ccf962f74b9de126b4f8741a5b293f57e1ac58d5c0a010cf00
GB1,T-DCG-192,12,4,384,0.12517771269720995,0.87482228730279,a053b4640065bfb01e9306e5bc5c2cde69bc0c3fb222c97d3610787b75e82b12,c8fc82ec62c34b89c84281bc898d220cf4c98eecfd7d436f3fc6eb8c58e3390d
GB1,G-Rank,13,1,96,0.31668943787642206,0.683310562123578,4fe72321f913c22cde944e8f56a581fc7d596410567e0c9b38e2ad37164020fb,893dfa5b5e686dc9890773cf8a7446864b4bc4896ca239ff5e9d9329985fefe8
GB1,G-Rank,13,2,192,0.1982388269400113,0.8017611730599887,fafa4476fcbd5a830ffac9632b0cff6fca5282bb7694f6c9fe6f3cdc54972421,5a022ff69b8d223a74ba143659e60882e0006707ca431885d1d6cfce4e61ff69
GB1,G-Rank,13,3,288,0.21965967093416533,0.7803403290658346,e30454a032a30a621720d2bbeb8b47022b489bc1e8a483403cb0c871c5696875,b585b202386308ca3e19a111b4a24cf96136f6efd3bd1f5053568ef7d4cc2713
GB1,G-Rank,13,4,384,0.21291760449716712,0.7870823955028329,7d28c525bde51b9abc48fee7e8146bf1d4485dc97c8461e7e95aa43babd259de,5059f3b349b9615106779480a158de8de04c29f373b2c32905b8c1825597cf54
GB1,T-Uniform-96,13,1,96,0.31668943787642206,0.683310562123578,4fe72321f913c22cde944e8f56a581fc7d596410567e0c9b38e2ad37164020fb,893dfa5b5e686dc9890773cf8a7446864b4bc4896ca239ff5e9d9329985fefe8
GB1,T-Uniform-96,13,2,192,0.14375595513310127,0.8562440448668988,fafa4476fcbd5a830ffac9632b0cff6fca5282bb7694f6c9fe6f3cdc54972421,5a022ff69b8d223a74ba143659e60882e0006707ca431885d1d6cfce4e61ff69
GB1,T-Uniform-96,13,3,288,0.0806623713594356,0.9193376286405643,a643c67153be5b1ed96059f01df7899c4c73df98b2b0955d0e4f5f9ffb7913e0,fe2eb905f1fc66174ebc73ce9e145a20ad94d1ee0615d323737fda5db0f18ed9
GB1,T-Uniform-96,13,4,384,0.08726311751675749,0.9127368824832425,47ab68ff2dd808eba0857412f857775e7ab782ab364a2ed36830c451f7084c8c,93f36e572b212a838e1c8398c579e25f3b7b73cd20ab0c8a65207862232635d8
GB1,T-DCG-96,13,1,96,0.18758151247483065,0.8124184875251693,4fe72321f913c22cde944e8f56a581fc7d596410567e0c9b38e2ad37164020fb,893dfa5b5e686dc9890773cf8a7446864b4bc4896ca239ff5e9d9329985fefe8
GB1,T-DCG-96,13,2,192,0.1297468230206539,0.8702531769793461,c1174b274e42c7fe4182a5f4ea554731418800ec8463b87200b1fc4c38e55f1f,7e84e50aa343a2b5098619f73f361432b41c3d0af534665299e51f20f4718c1a
GB1,T-DCG-96,13,3,288,0.0,1.0,aef90a156c1944a829f1eb369fe1aac1e80ab725570a80c454a9fb8f288933e1,303d18b09a478af54cef0263e58d47c92a7b083c6ae1966da8d157e6dc69c29c
GB1,T-DCG-96,13,4,384,0.0,1.0,1f31641bf0844513cd614856365a5b6b363ea60fe78a0e5e0888d089c9e14758,6fb218851ed740629dcc8b1803ec7ee8fa1b22927894124e65a6c172a9b4d86a
GB1,T-DCG-192,13,1,96,0.18758151247483065,0.8124184875251693,4fe72321f913c22cde944e8f56a581fc7d596410567e0c9b38e2ad37164020fb,893dfa5b5e686dc9890773cf8a7446864b4bc4896ca239ff5e9d9329985fefe8
GB1,T-DCG-192,13,2,192,0.17753254362050652,0.8224674563794935,c1174b274e42c7fe4182a5f4ea554731418800ec8463b87200b1fc4c38e55f1f,7e84e50aa343a2b5098619f73f361432b41c3d0af534665299e51f20f4718c1a
GB1,T-DCG-192,13,3,288,0.0,1.0,ec74415fb8cc357cf8192365376d899f52a3b2f2776a002b09eab4e6150f10b9,6f6a24cae740f5c63c4d926618ee1b1cdae179cf9573bf37e8afafc3996a5372
GB1,T-DCG-192,13,4,384,0.11648903427607672,0.8835109657239233,cfd97028aabc9fa89e2775058018e666cabd1a0e9e7eaa73d9145e0047be9643,f3f8a2124412707f199eb5cbbce5f55596936c395f21e667d7c5c428ea6db0de
GB1,G-Rank,14,1,96,0.4713533615814071,0.5286466384185928,9229a96b1ee87cccabb3745ebfd133d5fa37dae7cbdadfb57edd94069303e80f,ef03064da3a06e3e9087e4376c4b196149de518ab9adf5cac74c4b6c296776e8
GB1,G-Rank,14,2,192,0.6163524109238318,0.38364758907616825,95b3714ae485e43c61e5a395af5defe0e91b27aceb1f5ca541e16f0d1e0f4ebe,c7f35abc13d90646101808565e4f4892dfff9bc037dce11b7fa2f5183f104da5
GB1,G-Rank,14,3,288,0.3748487205305013,0.6251512794694987,add51bf7e9e22aa7bccd24b3b11b57578bca9c8213776f2bd9962a8c902df926,2a85199f29714e6a6ebb211bd7e061be673d484f6a5d5e85e62fb3db8e38a477
GB1,G-Rank,14,4,384,0.2719940559978251,0.7280059440021749,86b0a99550eb78329df973700740e1ba52ef34fd0c2d079287000add7d0ab8f7,1a2f3ef7f31eb98309b3818d5f8e1a8cbf3b5fccf21c92741488bc77e42e47f2
GB1,T-Uniform-96,14,1,96,0.4713533615814071,0.5286466384185928,9229a96b1ee87cccabb3745ebfd133d5fa37dae7cbdadfb57edd94069303e80f,ef03064da3a06e3e9087e4376c4b196149de518ab9adf5cac74c4b6c296776e8
GB1,T-Uniform-96,14,2,192,0.5653992982607353,0.4346007017392647,95b3714ae485e43c61e5a395af5defe0e91b27aceb1f5ca541e16f0d1e0f4ebe,c7f35abc13d90646101808565e4f4892dfff9bc037dce11b7fa2f5183f104da5
GB1,T-Uniform-96,14,3,288,0.2697693570740092,0.7302306429259908,35ccffa82a82158a14201aaa14001ef7fa05c9798a9392b5e74ebf5910709c77,919719f4186e0f9f063167522177e359657c2999beda563235837f8295154dc1
GB1,T-Uniform-96,14,4,384,0.08317007698610379,0.9168299230138962,4b1e83cda701bed84048c6cea4d3ff8ed80ba49b47e77ac983e6aad11756c092,fd545d00181259403ff4c9741ed4346c875379e8961471827d6a1c574a8824f9
GB1,T-DCG-96,14,1,96,0.5062777472163329,0.4937222527836671,9229a96b1ee87cccabb3745ebfd133d5fa37dae7cbdadfb57edd94069303e80f,ef03064da3a06e3e9087e4376c4b196149de518ab9adf5cac74c4b6c296776e8
GB1,T-DCG-96,14,2,192,0.7195922152436124,0.2804077847563876,a2692c3c46a8a38d97de30aa92a23f779a4fc50e4c178ca17dc072830b4ae32b,d739c07d91778e0491a222bdb83f0b864b1ffa99003a7fa1b1682ae2de894f5a
GB1,T-DCG-96,14,3,288,0.2436040112198357,0.7563959887801643,4d5110626ed3b1fad9bbbb08dd6c51a6028600d913e48d61e1035d66d1a0c07c,b8032397ac8ba9cfe068e2b5128e8b28296a35d2f387609a4a01ca9c588c61c1
GB1,T-DCG-96,14,4,384,0.07567506980481577,0.9243249301951842,36c91445c07ae6e1244f31941cee1a995707b6b1c46c0bb2b1808f8c0eef230e,c54cfa9646ecc745e5db23ca840fa47f24742d603fa7408c482503ec2c4f2b57
GB1,T-DCG-192,14,1,96,0.5062777472163329,0.4937222527836671,9229a96b1ee87cccabb3745ebfd133d5fa37dae7cbdadfb57edd94069303e80f,ef03064da3a06e3e9087e4376c4b196149de518ab9adf5cac74c4b6c296776e8
GB1,T-DCG-192,14,2,192,0.656576330034366,0.343423669965634,a2692c3c46a8a38d97de30aa92a23f779a4fc50e4c178ca17dc072830b4ae32b,d739c07d91778e0491a222bdb83f0b864b1ffa99003a7fa1b1682ae2de894f5a
GB1,T-DCG-192,14,3,288,0.3255001069990904,0.6744998930009096,60385ef0163ca81b764d80e7880c0beaddb82b017201e7a3d57390ddeb6826a6,ad01e955ef40c6f614e51a66243ed25267c9ab560978cb7c8838a1b331827c0e
GB1,T-DCG-192,14,4,384,0.13205821343985633,0.8679417865601436,a1dead1a92edf2f97889f92ac017de1eddb94fafa60ff1496ca00b15ec6a0ed0,c07a3a2c59651c07532789a5981d1b55b7df512c20d2d5c2da67e75aef2b3f01
GB1,G-Rank,15,1,96,0.45189531127642907,0.548104688723571,da5745f86cdf1218bfededcd840c1301e827f23a625b2f9d8c23e5757bdd90e3,3b54459d7e16206228f7d65bbdf4b3ede82ab15aaf117d112d6a136f4314970a
GB1,G-Rank,15,2,192,0.2999534331977142,0.7000465668022857,4d94c0f6bac69145b16f2d687743aacf364d702ecdcba6b125db8affaccbd74b,cec3649762a07173c141cdbfcbed685d09d4c2ab41de9f81c36c44bea8b72ecf
GB1,G-Rank,15,3,288,0.28246710463754654,0.7175328953624535,3f72bbf6ba25d695bcba2958a8fb08c60d0823b615950d172731f0c5e0baba71,8a35753a051969a251110fe6081682b2f94726f928407dd78de1b5ee8e976d42
GB1,G-Rank,15,4,384,0.2402991973476482,0.7597008026523517,e605bef44c0b66e972ef77b51d95bcdbd40812bb4277aaaa735d7054a4cf8c2b,86c89de23aed38a1297da11d94b9ed893ae6b796be505426701c79f54131cc1a
GB1,T-Uniform-96,15,1,96,0.45189531127642907,0.548104688723571,da5745f86cdf1218bfededcd840c1301e827f23a625b2f9d8c23e5757bdd90e3,3b54459d7e16206228f7d65bbdf4b3ede82ab15aaf117d112d6a136f4314970a
GB1,T-Uniform-96,15,2,192,0.10072326083467512,0.8992767391653249,4d94c0f6bac69145b16f2d687743aacf364d702ecdcba6b125db8affaccbd74b,cec3649762a07173c141cdbfcbed685d09d4c2ab41de9f81c36c44bea8b72ecf
GB1,T-Uniform-96,15,3,288,0.0,1.0,121b97f7f1c2e650896404a342e0f037ebf9145aed966eed112ddebb8ef8e321,4da00540def0559a1c7fb58d1b588b312277ef9ca4f54e3a63a3f1ea2ffa6593
GB1,T-Uniform-96,15,4,384,0.014270597022582331,0.9857294029774176,b9c1a67c1df7acf4c29c70ef8e2bd8ec6710d028c7f073a0ee0294e845998dd1,4ec4b3e0376549ad2efdcb3f2291f2fdec2e2ae39402cfb36bc70e559a6670c4
GB1,T-DCG-96,15,1,96,0.5166549077319667,0.48334509226803335,da5745f86cdf1218bfededcd840c1301e827f23a625b2f9d8c23e5757bdd90e3,3b54459d7e16206228f7d65bbdf4b3ede82ab15aaf117d112d6a136f4314970a
GB1,T-DCG-96,15,2,192,0.21171488033175306,0.788285119668247,40c7d33fbd0c11370e2c343039e196af4ec35640b766a7b12be83640298effb5,84aefe1ec026443f2d517105783e1aad0ec58ecec8bedf30642f23f45e57a0b5
GB1,T-DCG-96,15,3,288,0.0,1.0,4b11066bdeb801c80636443d8676fa8161476be2537c16169078b7a45c8ec457,f137dcc42ccf0f746eae4afe1be60594bbd8586f25eaaf1a39f6203ea7dbd3be
GB1,T-DCG-96,15,4,384,0.0,1.0,76fca60c1ab76f436c121104b55652307776dd66d482a728883b2f15a0e5769f,84eaceea0b2b99cfdaf399a32da7bc2649f5acbf67039a9bd8f9bc9ab6a68d06
GB1,T-DCG-192,15,1,96,0.5166549077319667,0.48334509226803335,da5745f86cdf1218bfededcd840c1301e827f23a625b2f9d8c23e5757bdd90e3,3b54459d7e16206228f7d65bbdf4b3ede82ab15aaf117d112d6a136f4314970a
GB1,T-DCG-192,15,2,192,0.29380126325862943,0.7061987367413706,40c7d33fbd0c11370e2c343039e196af4ec35640b766a7b12be83640298effb5,84aefe1ec026443f2d517105783e1aad0ec58ecec8bedf30642f23f45e57a0b5
GB1,T-DCG-192,15,3,288,0.1770166808207216,0.8229833191792784,65d101ff4a30d26da0981d9a3bfa2e04b314c5e8183d6a399992d246d3b46d28,f1dfa0f6a15c1f5ed6f3f442cf4473a1a03da8f61745753b740693c1817b3669
GB1,T-DCG-192,15,4,384,0.08275467682868592,0.917245323171314,a32693dc3777e7154c7e7872216fd97b54e164ebe166b7a0a859deb0f8f21ccd,6c44b909aceb4e9f4ac90ed1f58501329d3af9dcc18acb03eac5f2bd3c9adc9d
GB1,G-Rank,16,1,96,0.34059670868305325,0.6594032913169467,0cf343726218f33870da766258b261de3bcf45bbe0ac6138947fae9ca985184e,f0a0c2dfe19b6c26c58fa18b1ac93c77ed5ba885278814f1df84f690fd270101
GB1,G-Rank,16,2,192,0.36173518309483066,0.6382648169051693,7b4682ef564de66a724bdb559b8d90aa685d666e24c401f78566f47a386c5d00,f69ff4335ed223939259f838772c23848f4b2834a6fca1651c5ab02d8d486481
GB1,G-Rank,16,3,288,0.3955524873941616,0.6044475126058384,65385d2d8bcfa3404bcc61c6e48235442eca4bf0a4efb352d2f7b579e56a2a25,b7e5e7ede542bdbcef15ffa7cbe560843bf716cd956af9181d382a3252229894
GB1,G-Rank,16,4,384,0.38700232142004515,0.6129976785799549,c7ddcf84916dd3a0dcbae3ac71337bfa948c91d3f641ce51013b017f951362ed,ebbfce18bd2d3123799b40f1fa783c2ec937234332e02fe125f3993b19b063a9
GB1,T-Uniform-96,16,1,96,0.34059670868305325,0.6594032913169467,0cf343726218f33870da766258b261de3bcf45bbe0ac6138947fae9ca985184e,f0a0c2dfe19b6c26c58fa18b1ac93c77ed5ba885278814f1df84f690fd270101
GB1,T-Uniform-96,16,2,192,0.4348277639344771,0.5651722360655229,7b4682ef564de66a724bdb559b8d90aa685d666e24c401f78566f47a386c5d00,f69ff4335ed223939259f838772c23848f4b2834a6fca1651c5ab02d8d486481
GB1,T-Uniform-96,16,3,288,0.3557136736659968,0.6442863263340032,fd2f412ae3cfc2e707d82801c643460e8f97add10d3d172a6538aa9b250add83,5f0561fa99f15bf3da4caab19d01f8bd249ebae32022f174ea5c2fd8b261ca5a
GB1,T-Uniform-96,16,4,384,0.34964790676656826,0.6503520932334317,50c6a6710e6e42f952d01358e1b2b17a79194b304ef85f5fc724b97782226f7e,d41d8d999a7cafcc8b7132d7d89edfb6b4e088747b6fb5e23ec9b423ad868a68
GB1,T-DCG-96,16,1,96,0.38125214796187085,0.6187478520381291,0cf343726218f33870da766258b261de3bcf45bbe0ac6138947fae9ca985184e,f0a0c2dfe19b6c26c58fa18b1ac93c77ed5ba885278814f1df84f690fd270101
GB1,T-DCG-96,16,2,192,0.10598605084659947,0.8940139491534005,176cc2a3330a563bac4e3705d5e48ebf751106d8c5a9344bf4299231de2819d0,497292210271d552f88e7579fe76307ddadcdbfa496f94a2ab8f7cde3a223406
GB1,T-DCG-96,16,3,288,0.4003842942279936,0.5996157057720064,fc3d77820e6be7d4511ff008ee5067b9b18ecb8d2f8beb14dfef56d6c74ed9ea,a5808f899b7311eff6f2f09246b1695fcf9d29f329226b63191676fd7e0a887d
GB1,T-DCG-96,16,4,384,0.4716010991283576,0.5283989008716423,181a0ea5a8ae830e74bb836c9bd0f531d3f1174d46dbe0cd4b5847b09ae10f32,ab3d2200cbd858b62f677bcfbf7918416e50c966ebd2e5708b00cd5099f4d43f
GB1,T-DCG-192,16,1,96,0.38125214796187085,0.6187478520381291,0cf343726218f33870da766258b261de3bcf45bbe0ac6138947fae9ca985184e,f0a0c2dfe19b6c26c58fa18b1ac93c77ed5ba885278814f1df84f690fd270101
GB1,T-DCG-192,16,2,192,0.22435676195627874,0.7756432380437213,176cc2a3330a563bac4e3705d5e48ebf751106d8c5a9344bf4299231de2819d0,497292210271d552f88e7579fe76307ddadcdbfa496f94a2ab8f7cde3a223406
GB1,T-DCG-192,16,3,288,0.5129944223976742,0.48700557760232577,54f41354e5c6f4970d5563d94031d959c9349fbac0cb14e041ab233ab71c36ba,ddba6aef2bc7d4eb3506366b949be2bfff1ccf93bf94c96e495ab9a847a37786
GB1,T-DCG-192,16,4,384,0.21217708405620025,0.7878229159437997,63ba996fa2668b722fbe46aae209e0f42ed23352f64406d64eb6e4c031dc35ea,0c071a285cdc4803cbd1551748327363015567e69ddcbb1d9055582d4f15ed36
GB1,G-Rank,17,1,96,0.6991141907155005,0.3008858092844995,b74d47781113f43f9aa7df3d3b01df8b45810c275ef1b069445c70bf00ac5c75,9416194314bd5b31b369c1613635fae75e0e89e903309871902e0b3cf4ac78eb
GB1,G-Rank,17,2,192,0.4825148947917667,0.5174851052082333,09c95dcc69009ba9169f862d613fb50bc4206abaf1a2e935426bfa3f0d17836e,5228cecac9125f22a7896d9eb229984fd0bdf857df4a8ea098b91e18c033a7c6
GB1,G-Rank,17,3,288,0.2764247847267425,0.7235752152732575,5f71e6efb74f4aa207660784aa4c840fbf6c390af8924e5c4b4f0b939af1d78f,bb874378ca7bef2bda3961eb9f30f1a5734041764e00db3f155ee847b746e90b
GB1,G-Rank,17,4,384,0.1526404646992202,0.8473595353007798,39e8ca9f451ed655cc88523978b11e60d92fbe268face90c937d36fec00757d4,f5a7074c204fcb3932913435d8ab2baddb8cf5ea436155ee2ca12b4d79837e93
GB1,T-Uniform-96,17,1,96,0.6991141907155005,0.3008858092844995,b74d47781113f43f9aa7df3d3b01df8b45810c275ef1b069445c70bf00ac5c75,9416194314bd5b31b369c1613635fae75e0e89e903309871902e0b3cf4ac78eb
GB1,T-Uniform-96,17,2,192,0.42902079694396567,0.5709792030560343,09c95dcc69009ba9169f862d613fb50bc4206abaf1a2e935426bfa3f0d17836e,5228cecac9125f22a7896d9eb229984fd0bdf857df4a8ea098b91e18c033a7c6
GB1,T-Uniform-96,17,3,288,0.19615297451420274,0.8038470254857972,6fa12669d14c50d3cd2cde187ce41505e93fcdb53550e29e9e41e864b8242cd8,f0f6483406289febd81e53021688a34280956130f62009199229e359bcadf072
GB1,T-Uniform-96,17,4,384,0.22802855144536438,0.7719714485546356,704aaf0b1ae54b971e176958b81bf5812b71375980c4023ba7a84f8e233f9b24,ba4bef2976ad1b7758a5fa620c1635f3017eab719268879c8d98101ec492fe98
GB1,T-DCG-96,17,1,96,0.8338117925560491,0.1661882074439509,b74d47781113f43f9aa7df3d3b01df8b45810c275ef1b069445c70bf00ac5c75,9416194314bd5b31b369c1613635fae75e0e89e903309871902e0b3cf4ac78eb
GB1,T-DCG-96,17,2,192,0.3607476097933755,0.6392523902066245,ed55de2564a13c7949dd25053e2e04f7e896090c85dd6f5f3ebfd70bd514d095,6c6d55fb37164f7a8a8f77e8ef70cb3069761f3874e68f620fe75845bab9522c
GB1,T-DCG-96,17,3,288,0.07701824304045517,0.9229817569595449,19dd68b75f9b93ebc88d75bc3b2f02f4c8e0d452267430eb4420be17515345b3,1cb2a829c3484bfce8f276b75d89118d69d457930fe9cc432660f99e1051e2f3
GB1,T-DCG-96,17,4,384,0.11878199009548675,0.8812180099045133,2f156e70ba56ceb2cfccd76fe0fdbfbd3ca3f71caa6808034e2c55c77f5df727,39d87d6dd93b5776a4726629d427c57582011815f709a774a43eb0d6f6be1d2d
GB1,T-DCG-192,17,1,96,0.8338117925560491,0.1661882074439509,b74d47781113f43f9aa7df3d3b01df8b45810c275ef1b069445c70bf00ac5c75,9416194314bd5b31b369c1613635fae75e0e89e903309871902e0b3cf4ac78eb
GB1,T-DCG-192,17,2,192,0.4423441876584268,0.5576558123415731,ed55de2564a13c7949dd25053e2e04f7e896090c85dd6f5f3ebfd70bd514d095,6c6d55fb37164f7a8a8f77e8ef70cb3069761f3874e68f620fe75845bab9522c
GB1,T-DCG-192,17,3,288,0.20629101191279758,0.7937089880872024,c964544c6608d4fcf6fc8b5e23d8fa34eeeed769fb59a99fb8817c6c266122bb,37a5f6bebd36f8606896f648c8b5ba8cf975b73bc71dc9a746bd9956c650f8c8
GB1,T-DCG-192,17,4,384,0.0855910826996067,0.9144089173003933,f34c98ceeddaf76efe641dc8a3f78265b611de3c70b721bc0d84d8314a07f3bd,b57f57030f88ca6f9b9407c42954d1382b28277188fbbdfb00c227bfa10ec5b6
GB1,G-Rank,18,1,96,0.4152944787924426,0.5847055212075574,9a81bea2864ca36cfb633f69f77eac31c33335a5a8f495777bb419007dba4fa7,30a578d2a3d1daee08e34d65b9746152da27eeac151ed631ea856e2471455d36
GB1,G-Rank,18,2,192,0.5768027890091889,0.4231972109908111,bdd74d7721c58adcc442fea58074f0015dd622320054b757520daebe246054d1,5850962d657b298d854df7048e04111a7dfa720508482f212b10db7f8ff7abfe
GB1,G-Rank,18,3,288,0.6240787669914452,0.37592123300855484,582ea7ff53a309c6a9aefc07056a0d24db7b0fd913f15d13b66a87021543790e,4d4a9b03865546bf5cb8f3ef28b2e7c1315536376f401e146e81c5bcaa1b36ec
GB1,G-Rank,18,4,384,0.4714615980798488,0.5285384019201512,56ab2c88f626f5ac9275ac1f5844651e4f6d3f17c6fe1259eb159c52d4a5ef94,159784cd141c25094c1366a7bd470e028ec119aa397eea01740287e13331420b
GB1,T-Uniform-96,18,1,96,0.4152944787924426,0.5847055212075574,9a81bea2864ca36cfb633f69f77eac31c33335a5a8f495777bb419007dba4fa7,30a578d2a3d1daee08e34d65b9746152da27eeac151ed631ea856e2471455d36
GB1,T-Uniform-96,18,2,192,0.5876993032808498,0.41230069671915015,bdd74d7721c58adcc442fea58074f0015dd622320054b757520daebe246054d1,5850962d657b298d854df7048e04111a7dfa720508482f212b10db7f8ff7abfe
GB1,T-Uniform-96,18,3,288,0.4419104243320154,0.5580895756679847,96274df3b01935920fb784ecc89636afa568463a2e6c780b2cc8a6c6e6ea96fe,2dd7bf4dff3f41540c6f8593fb6a7e6853ce446ad556bab9f1d2f551a06bfa65
GB1,T-Uniform-96,18,4,384,0.1507853647868773,0.8492146352131227,1dbd9062a380ec103dc91efad2fcf3f7b2e41419abb91bdc24cdb59e47619eca,a2c6a3d475787c7eb1ef84287bc1d468acc2ff5163a13f9358d2dd215d168bef
GB1,T-DCG-96,18,1,96,0.40276568605778035,0.5972343139422196,9a81bea2864ca36cfb633f69f77eac31c33335a5a8f495777bb419007dba4fa7,30a578d2a3d1daee08e34d65b9746152da27eeac151ed631ea856e2471455d36
GB1,T-DCG-96,18,2,192,0.5395318564392289,0.46046814356077115,9096490592843b4c90db95712fbfa380852a1112729f226071454c17b1b45b18,300dbe883e22de64a483cd3cb86a3878121768ec1bbad50a0da7a09833c9a7b5
GB1,T-DCG-96,18,3,288,0.34661843838806417,0.6533815616119358,56cb9ce541bd59dae2c6cca4558336367226e17c3381f3819be2130fc61450ca,5fceff8a114dc2c092438376243b3130c8958babaa61acd846e745af894c8123
GB1,T-DCG-96,18,4,384,0.0,1.0,04a32efe8ed5967f58cdb9f0bc6281cab3274d6f76480b71e3b13418f3df8430,7a06651ca9c555b3faab3c65e0ab4272e4469dfe1eae075105a5fa2dbff741e2
GB1,T-DCG-192,18,1,96,0.40276568605778035,0.5972343139422196,9a81bea2864ca36cfb633f69f77eac31c33335a5a8f495777bb419007dba4fa7,30a578d2a3d1daee08e34d65b9746152da27eeac151ed631ea856e2471455d36
GB1,T-DCG-192,18,2,192,0.5481553998460579,0.4518446001539421,9096490592843b4c90db95712fbfa380852a1112729f226071454c17b1b45b18,300dbe883e22de64a483cd3cb86a3878121768ec1bbad50a0da7a09833c9a7b5
GB1,T-DCG-192,18,3,288,0.36985258667302456,0.6301474133269754,2f0a6d565adf3f9707d03daf87f52f1a5f507f4460f9d4869e9955e700857f60,65398b3217a71ee955f1643349537b69fea2c836b967e3ab21ed22c85ce6feaf
GB1,T-DCG-192,18,4,384,0.011005643071537506,0.9889943569284625,22769ff014be4f216ddecd45faec7bf73722323cf56a1cc718cc4406e81962f7,a9608af843952982c0a0aba35c06add70bbf9008aff2e6cb7069421672e489a3
GB1,G-Rank,19,1,96,0.5063581751483369,0.4936418248516631,8c3f6d708fca9855672a57951adc8e9b55f457ccbb2c2d4ad7fbccb91309ddf6,76ae922a57c4d6cf22b60b6f17832b18834137629d76635bef1dcb798f6dd377
GB1,G-Rank,19,2,192,0.3988406190322143,0.6011593809677858,b4f69c0f900ae61c66649efb65c6ae175088ffd7730cc0ff1b54582840c7d329,3dfb454a70ea9ae4a81da36a25129e7f4219115a71ad716fca723cfe28976add
GB1,G-Rank,19,3,288,0.2506380611766436,0.7493619388233563,693661125ed988b14aeae118a5505f76cc1456582b79c4a87fc376914447effa,d3b5032d6123765ef40ea9f9a353139f60d4284e00561d493627d3256835b05d
GB1,G-Rank,19,4,384,0.20934918646515852,0.7906508135348415,7b1e2119fb7a0c3deefbd43f6513facee9ae05769f3f97100692de1bd3959ed1,ea1ae97e794a5ded44474e3a948758932dff202bb2e0631c9632d24658117119
GB1,T-Uniform-96,19,1,96,0.5063581751483369,0.4936418248516631,8c3f6d708fca9855672a57951adc8e9b55f457ccbb2c2d4ad7fbccb91309ddf6,76ae922a57c4d6cf22b60b6f17832b18834137629d76635bef1dcb798f6dd377
GB1,T-Uniform-96,19,2,192,0.4313834265356074,0.5686165734643926,b4f69c0f900ae61c66649efb65c6ae175088ffd7730cc0ff1b54582840c7d329,3dfb454a70ea9ae4a81da36a25129e7f4219115a71ad716fca723cfe28976add
GB1,T-Uniform-96,19,3,288,0.06976878349863341,0.9302312165013666,4cc160ad8f5b7332fbc4a813922cdd43c00ccdb4af304d6c012f3d3e7abdc8d1,8aa4e0c4bb16b4ab2f46e6d43439bcdb07ca9dc8611d7b43a5a9d93a204f4eea
GB1,T-Uniform-96,19,4,384,0.0,1.0,984047875d90df56733e43cd8459c5bbcf59d211b133abef67ec99457c315719,970200cbca7cb16aedc4e077cd0cb453b83751b701646457c4f0d9199651db8e
GB1,T-DCG-96,19,1,96,0.43966977093463755,0.5603302290653625,8c3f6d708fca9855672a57951adc8e9b55f457ccbb2c2d4ad7fbccb91309ddf6,76ae922a57c4d6cf22b60b6f17832b18834137629d76635bef1dcb798f6dd377
GB1,T-DCG-96,19,2,192,0.38219424293066884,0.6178057570693312,a8d9cbcfeca9972675ef2ee33d4da76779850d2d962a51dc5873f70259628879,a9d19247eba6d77ef315025119502670bf6e70b2f83a3c4c47674b5fc648c051
GB1,T-DCG-96,19,3,288,0.03546219413188954,0.9645378058681104,d70f32db9cda8c1a36c985addbd5de329c4c661cb21f9204ba4a5a821ca37f1f,62e0947ceb84e296afbc809ce6380ecc4cb79768f29096c6131c5b65b8b7339b
GB1,T-DCG-96,19,4,384,0.005909410002185311,0.9940905899978147,f03ef667088da38bbd60f6aba75d6db0198b95cf273247b38fa2bc8e79516da6,53143378136233917d1d98ac12629ecbeb364dddf2eb0f875c5830288bec1135
GB1,T-DCG-192,19,1,96,0.43966977093463755,0.5603302290653625,8c3f6d708fca9855672a57951adc8e9b55f457ccbb2c2d4ad7fbccb91309ddf6,76ae922a57c4d6cf22b60b6f17832b18834137629d76635bef1dcb798f6dd377
GB1,T-DCG-192,19,2,192,0.4404072330939485,0.5595927669060514,a8d9cbcfeca9972675ef2ee33d4da76779850d2d962a51dc5873f70259628879,a9d19247eba6d77ef315025119502670bf6e70b2f83a3c4c47674b5fc648c051
GB1,T-DCG-192,19,3,288,0.2059646757714125,0.7940353242285875,e90edfbe9bf535d798e78694c81c3fd62d25137375e565f4b6f021a8f4d8f07d,9dfd17976dd1d25e57ed0d429539286b6289240c71eb7a3accd093825a00bc3b
GB1,T-DCG-192,19,4,384,0.20142179544232583,0.7985782045576741,b245824638f4f6335e5ae6f6a4a39ab3fa88d27704a2aadce580408d1cd0b9d4,35fb5b78641435e6cdc50cb5f2ab7e84e0cb421c1c1eab0de5b8b8a2284d09b5
GB1,G-Rank,20,1,96,0.42484831472804613,0.5751516852719538,fb43dfe8ca3dfd36b595fde1401877a4318cd1aba1b9ff51c5d3587396e7b6a8,949a9e5aff25260f30cdce79108be6a44de08566b2ba4c610401db728ff6a62e
GB1,G-Rank,20,2,192,0.33021250209686315,0.6697874979031369,67f07c3a82a5b2fe10ba47fd8932a0ab14ce4c64a23a43e27a4d103aa1ee5281,b97aa8b2bdc1147c7b2c7902bed104ea09fa42b08b4b675d543d7596bc064c0b
GB1,G-Rank,20,3,288,0.3667494230956976,0.6332505769043024,30549ee1c3cd06cdb713f216d4adb8b43f82e8875b861985cb1b5bd50c26fe45,2a7fc159b1d6172a955bbc844d7af44a7b3357d4c5091e152637df4e15403cd4
GB1,G-Rank,20,4,384,0.355876439880369,0.644123560119631,854aa24667a7c0dd70a80f065a632d0f200414559432d8839ce09efd9b82c566,3885ec0ad4bb1490ba57427403ad374ca4e4888e46397293dcaee064d360c115
GB1,T-Uniform-96,20,1,96,0.42484831472804613,0.5751516852719538,fb43dfe8ca3dfd36b595fde1401877a4318cd1aba1b9ff51c5d3587396e7b6a8,949a9e5aff25260f30cdce79108be6a44de08566b2ba4c610401db728ff6a62e
GB1,T-Uniform-96,20,2,192,0.24370217604995853,0.7562978239500415,67f07c3a82a5b2fe10ba47fd8932a0ab14ce4c64a23a43e27a4d103aa1ee5281,b97aa8b2bdc1147c7b2c7902bed104ea09fa42b08b4b675d543d7596bc064c0b
GB1,T-Uniform-96,20,3,288,0.20801509271714114,0.7919849072828589,acfc7e748802c440600b60aa7e248e035a5c5cdefad1f4817824ed04a370dd97,c980d23e089f1eb140031775004feff10bcf530b4f1e57e940b740951431d492
GB1,T-Uniform-96,20,4,384,0.21204317872246403,0.787956821277536,bbaddcd83968aa4136c559c611e19ca8db4c65efab38d5d50c39f9af57920d08,5c600be35e1075681a137b0d5721a9bb13ac5e9bfcba34d88af3207040f09e08
GB1,T-DCG-96,20,1,96,0.38976373010126975,0.6102362698987303,fb43dfe8ca3dfd36b595fde1401877a4318cd1aba1b9ff51c5d3587396e7b6a8,949a9e5aff25260f30cdce79108be6a44de08566b2ba4c610401db728ff6a62e
GB1,T-DCG-96,20,2,192,0.31689011376923987,0.6831098862307601,ebb78b961f794460cfa1226995946c6ef1b3abf2a6c5ed2bd2f7779ac2e44ced,86fbbc4e5a298ce9f583077e04feab4aa4fe75362b16c48a0fb65b5df835d6d6
GB1,T-DCG-96,20,3,288,0.05388950810098164,0.9461104918990184,5fd0591aeac93393d911d24e017fda5206c2cb8bd693933ec54547982dc5b538,dd9f82b1567051a8d122a2f1a17fa40492789ef870dc4f97d1e4931d1c1e017c
GB1,T-DCG-96,20,4,384,0.0,1.0,81cfa0f72a7526ce28c60e74de4fc1eb4bacbe437153ee12416605be3bbc1e5e,f71c311550ce4e7912adc4625c502b672a72f31c9093e197bfafbbb938a9f9c1
GB1,T-DCG-192,20,1,96,0.38976373010126975,0.6102362698987303,fb43dfe8ca3dfd36b595fde1401877a4318cd1aba1b9ff51c5d3587396e7b6a8,949a9e5aff25260f30cdce79108be6a44de08566b2ba4c610401db728ff6a62e
GB1,T-DCG-192,20,2,192,0.4133369258049961,0.5866630741950039,ebb78b961f794460cfa1226995946c6ef1b3abf2a6c5ed2bd2f7779ac2e44ced,86fbbc4e5a298ce9f583077e04feab4aa4fe75362b16c48a0fb65b5df835d6d6
GB1,T-DCG-192,20,3,288,0.28368898514132335,0.7163110148586767,78f82aa6a279a0fa0a40fdb9c649a1685e5e578defaa36b4d2d9505204d5321f,738d1b285da004355653de6a2baa8eb62e248e2bda8bb0c0fc942ef3f7ff138b
GB1,T-DCG-192,20,4,384,0.11410537700626217,0.8858946229937379,b67424da98a95e7e2de27845f8bcc761a622ce37ef4f03359659cf1128667645,02d26f5279b2d17fc4e48731e957c98c945f8223af6257f236eb1d10f723ab53
GB1,G-Rank,21,1,96,0.5680225814454003,0.4319774185545997,74d41187163cf6b126d1906b1486b8bc504596a2d01dec2ea88d7661c9a8c45f,0739f052ac84bd788f67effc10ec7318d1dd161665f1b05ef5e3dc42919356f6
GB1,G-Rank,21,2,192,0.33965299485654665,0.6603470051434533,929251882678b1b2f6986563a4f64ba72b29cac89c7c7f334e542507057341b7,da7a585f610076f547af8a93e14be09bbb297f5882a922c9c2901cfa80d7ec56
GB1,G-Rank,21,3,288,0.23146786970886207,0.7685321302911379,0bebb6df700da23152704521266af4ca5a0d1ea85d5425e0fd65a89e7dbb1339,79eaf0e4defc6ea132e57f0a665e810dc7630eacff7f9eefdd658ddca73d8abb
GB1,G-Rank,21,4,384,0.2260975425963237,0.7739024574036764,9feb13780bd7cbc516282fe2549061a18383b8facdbbb3e167bffd1bd237ae5b,c96d1a7a279d5e2af032e844dfd746ce0893c8824c35a6809c21a35e043b6c7e
GB1,T-Uniform-96,21,1,96,0.5680225814454003,0.4319774185545997,74d41187163cf6b126d1906b1486b8bc504596a2d01dec2ea88d7661c9a8c45f,0739f052ac84bd788f67effc10ec7318d1dd161665f1b05ef5e3dc42919356f6
GB1,T-Uniform-96,21,2,192,0.17292646168510822,0.8270735383148917,929251882678b1b2f6986563a4f64ba72b29cac89c7c7f334e542507057341b7,da7a585f610076f547af8a93e14be09bbb297f5882a922c9c2901cfa80d7ec56
GB1,T-Uniform-96,21,3,288,0.3352160864473771,0.6647839135526229,506d13cbe17d17f4760e0b7c5a6762701e26ce71b50634d882e85b5d7c0e3c34,8910fee4bddefee770618955b46faa442ef7bb19e884e3d2733f35e41829ea14
GB1,T-Uniform-96,21,4,384,0.1779109266983244,0.8220890733016756,0a65d544e0cb45199f191f734ed538da8b5ca0dcf6e16498ff8db8a5e07edfc0,ac4964e14d52bc0b6c49aa7704f73a75b4ad6eccec5cf9eb47fe6cd0a15c40f7
GB1,T-DCG-96,21,1,96,0.4392549367689158,0.5607450632310842,74d41187163cf6b126d1906b1486b8bc504596a2d01dec2ea88d7661c9a8c45f,0739f052ac84bd788f67effc10ec7318d1dd161665f1b05ef5e3dc42919356f6
GB1,T-DCG-96,21,2,192,0.3157988263190629,0.684201173680937,27737891726f3ea242896bba3ba2bd212cfa025e94ed3b1e648936a626ec1c3e,ec78bdff068e61f61e1f02afcf579f1dbe24a3062715812a02297e889d2a65ae
GB1,T-DCG-96,21,3,288,0.19657659793568755,0.8034234020643125,76590a1ae1c032c1121615b7b561751847fbc3c354ebe7b960ac12780a46b989,61256f4171d93c3795be811dbcdeb40e36bfbdb14d013a87cf623518b737b7e1
GB1,T-DCG-96,21,4,384,0.0,1.0,08d09597fd13275b4e576ca1c1b5dd3b45b03f53cc86680d2f1e6900a163feb4,c142bf00b0b3d695f7f241af65c21375e6c83b8f55e8c3e1c50a9e40e3a3f885
GB1,T-DCG-192,21,1,96,0.4392549367689158,0.5607450632310842,74d41187163cf6b126d1906b1486b8bc504596a2d01dec2ea88d7661c9a8c45f,0739f052ac84bd788f67effc10ec7318d1dd161665f1b05ef5e3dc42919356f6
GB1,T-DCG-192,21,2,192,0.3956385922076287,0.6043614077923714,27737891726f3ea242896bba3ba2bd212cfa025e94ed3b1e648936a626ec1c3e,ec78bdff068e61f61e1f02afcf579f1dbe24a3062715812a02297e889d2a65ae
GB1,T-DCG-192,21,3,288,0.13039843051973368,0.8696015694802663,33670b391a5df5ca50bffa109c9eb44091b38f4c5751eea269d2015af7c8a01f,a3f8b6b759fc62cdae6433acf580e03caaee09526e26243795a676b5e7564eff
GB1,T-DCG-192,21,4,384,0.13257371118793382,0.8674262888120662,996e1f10e0c9d6701283ad2d2a0c0256dba80e86a8e7a6ac9aaabbade88c7a5b,1fc083598d1f59a01e426a72da70a0b974f50a72a1a714ee8ed803d6f61c28dd
GB1,G-Rank,22,1,96,0.5060172864510962,0.4939827135489038,0d9f87fa24cb20d4f6af67cb3c60df1036a7eeda7cdcdbfa82d6cbcda7515ede,5f7c4e1289abeb58e399d605550d5dac515aeea942ec7eb4d047e1be2f9c7a0b
GB1,G-Rank,22,2,192,0.2310169899288215,0.7689830100711785,78a7dbee5098e160669fc44f945125468613cdb253f53d19dfba1dfd88262001,9cc93a9dd8ac4cab2b3823e91dd4ffb7bc47adc1009815485e27cbad7a4b65c9
GB1,G-Rank,22,3,288,0.13461058117477098,0.865389418825229,85b5523647e13a97e97f0bc88a081cff318170d4b944c21cbf8e557d4456ae17,94fd39cd5e2becd4c03a7012c98393b61d00d22d32d7856f7ef98e15c4ed8c8b
GB1,G-Rank,22,4,384,0.172431248787246,0.827568751212754,6b8c25426aa338938bb63d9494332bf2f4ef4969506fce0a1732e6749bd557cd,a6630de4153ba9d5fe05fdc08773d5137eb62114c2c8f5ccabae7e8f134f1476
GB1,T-Uniform-96,22,1,96,0.5060172864510962,0.4939827135489038,0d9f87fa24cb20d4f6af67cb3c60df1036a7eeda7cdcdbfa82d6cbcda7515ede,5f7c4e1289abeb58e399d605550d5dac515aeea942ec7eb4d047e1be2f9c7a0b
GB1,T-Uniform-96,22,2,192,0.22328118429009033,0.7767188157099096,78a7dbee5098e160669fc44f945125468613cdb253f53d19dfba1dfd88262001,9cc93a9dd8ac4cab2b3823e91dd4ffb7bc47adc1009815485e27cbad7a4b65c9
GB1,T-Uniform-96,22,3,288,0.0,1.0,678660cd96c0106a57a90221367b0cf393bab8baaed11309f1b2d3288decd78e,3db7aea8ba4ab4424f1cc4b3a62b563e72de97ac9436b6a445dd67672c5c7c77
GB1,T-Uniform-96,22,4,384,0.0,1.0,7eab783cd92f84275b1c7b67b19e717e71ca4dbb728d6cb4ffa7c60cdaf9ac87,bb3bb9f1cb11386b2d846e6de6a90f87cc08d10abac2a262cdd08c6eca02c7c4
GB1,T-DCG-96,22,1,96,0.4461975731447889,0.5538024268552111,0d9f87fa24cb20d4f6af67cb3c60df1036a7eeda7cdcdbfa82d6cbcda7515ede,5f7c4e1289abeb58e399d605550d5dac515aeea942ec7eb4d047e1be2f9c7a0b
GB1,T-DCG-96,22,2,192,0.031035004344111126,0.9689649956558889,89fa39ba6819cb503cd9cd71e70e4a4ebcedbfd686d20086a069f1670e395821,1ff6137116eabd935ca1b73c6436b344befdfdda28ddb307341f678f1a99bdbc
GB1,T-DCG-96,22,3,288,0.0,1.0,2bfebd4e2940d0a2acf50b17e2c38c7af7ab656b53370148292f72b7e60925a6,37b05816e6e1359ba5d3ceca2704fadb0091e483cb61d97fc9f221ae319b84b7
GB1,T-DCG-96,22,4,384,0.056932595826512264,0.9430674041734878,bcc92198678df711cda85fe4484bc026f911b9d450cb28dfeea0742a50e28f9e,fbc81c2628a8e719ebb73e2299f7b9cdece7bb16bfae503b0ea15536556a1055
GB1,T-DCG-192,22,1,96,0.4461975731447889,0.5538024268552111,0d9f87fa24cb20d4f6af67cb3c60df1036a7eeda7cdcdbfa82d6cbcda7515ede,5f7c4e1289abeb58e399d605550d5dac515aeea942ec7eb4d047e1be2f9c7a0b
GB1,T-DCG-192,22,2,192,0.09087884015726327,0.9091211598427367,89fa39ba6819cb503cd9cd71e70e4a4ebcedbfd686d20086a069f1670e395821,1ff6137116eabd935ca1b73c6436b344befdfdda28ddb307341f678f1a99bdbc
GB1,T-DCG-192,22,3,288,0.13734254010561256,0.8626574598943875,4057aee37e1011d95fb12631208526b904efc5bd97deb53083e1f6450be799b4,a75ae4e488736fc78e1fc8a26fd1511ada3632a20749a5d3b56112fc23296015
GB1,T-DCG-192,22,4,384,0.19301302035263937,0.8069869796473607,83f343818cb6081b2bc299a3e473b4258fdd112fff5500b98b9e95b1f6f6d032,2c525e414665f7796b24585485ce17a436b5f0de697cd032aa92217eefd4ec07
GB1,G-Rank,23,1,96,0.4901618515635731,0.5098381484364269,fcf090303e88315ed243bb928c3853d2bcbdcdea7ff2f2ba37d83a4f49d13973,f36cff17fe97060b6bf2140080d601f28cc3006b350cdaa975a84c507372ca84
GB1,G-Rank,23,2,192,0.4155100351195801,0.5844899648804198,390930752f5d6477eea584fc6b88bf1b6aad141612f50b32264ef90bbb6b16b0,deeef73ba60e5fca6600e2355f74c6ce1533dff2a1d035d90da07e25f2a6f329
GB1,G-Rank,23,3,288,0.2879898801715772,0.7120101198284228,b42de8353487c8e26e9b065cfd5980478a92568a71233bfc622139b6e87f93bc,54fe24a6811e8377a3b1f65af0d01320b3e7da0bdc37d9ed3a93545c59e35e0f
GB1,G-Rank,23,4,384,0.2760055677456009,0.7239944322543991,5e6342f192cb8575430137963e3d9d6a084914a0faa5a0fab12c3c6d523a03fc,baee8ab25e8ad28811bada0fb11f851ec3814ef21f5838a39b6d79841e8bb806
GB1,T-Uniform-96,23,1,96,0.4901618515635731,0.5098381484364269,fcf090303e88315ed243bb928c3853d2bcbdcdea7ff2f2ba37d83a4f49d13973,f36cff17fe97060b6bf2140080d601f28cc3006b350cdaa975a84c507372ca84
GB1,T-Uniform-96,23,2,192,0.20456513869094806,0.7954348613090519,390930752f5d6477eea584fc6b88bf1b6aad141612f50b32264ef90bbb6b16b0,deeef73ba60e5fca6600e2355f74c6ce1533dff2a1d035d90da07e25f2a6f329
GB1,T-Uniform-96,23,3,288,0.16277123920103448,0.8372287607989655,f48ef96331c8728cf3c676af62f240e74a3ffbe3c149575626b0a8127aaf14cf,761260cde3e0e186fddc88d6a406dcce016f95099c510ffcc69997e202e11349
GB1,T-Uniform-96,23,4,384,0.12552229133622056,0.8744777086637794,4aab070b03ea789e96617d88d2026742824d301a198d6154af5aefac814d12e7,55816441325619010a03dc46114685909f45533ec6d5ecf26940054f178962fd
GB1,T-DCG-96,23,1,96,0.4716670961845149,0.5283329038154851,fcf090303e88315ed243bb928c3853d2bcbdcdea7ff2f2ba37d83a4f49d13973,f36cff17fe97060b6bf2140080d601f28cc3006b350cdaa975a84c507372ca84
GB1,T-DCG-96,23,2,192,0.17448167019449554,0.8255183298055044,390930752f5d6477eea584fc6b88bf1b6aad141612f50b32264ef90bbb6b16b0,deeef73ba60e5fca6600e2355f74c6ce1533dff2a1d035d90da07e25f2a6f329
GB1,T-DCG-96,23,3,288,0.1389120345881204,0.8610879654118796,3d7df0f374cf407b7b093d3ed2c0e0af878bf531347fe07b9d7b6e68dd2d5784,848b28d3b20bd41ea1f6da9c93b98075a9c43d0f3d3299fd3369f7bdc7feb497
GB1,T-DCG-96,23,4,384,0.17560492061215888,0.8243950793878412,f71631f01fc1136b51fe0f2131229c76140dafdf5880b19bf3d55304fde32309,16047b7b26550c815d15bfa3d0adcf90fc6cd0003c8ce709807fed7d92b51b35
GB1,T-DCG-192,23,1,96,0.4716670961845149,0.5283329038154851,fcf090303e88315ed243bb928c3853d2bcbdcdea7ff2f2ba37d83a4f49d13973,f36cff17fe97060b6bf2140080d601f28cc3006b350cdaa975a84c507372ca84
GB1,T-DCG-192,23,2,192,0.37842723944425016,0.6215727605557498,390930752f5d6477eea584fc6b88bf1b6aad141612f50b32264ef90bbb6b16b0,deeef73ba60e5fca6600e2355f74c6ce1533dff2a1d035d90da07e25f2a6f329
GB1,T-DCG-192,23,3,288,0.15813418572722004,0.84186581427278,20998cbeb7fb077acdd2139f0575ee59a16aeba3365d0dd7f77d6a9ff012b7f0,8f73ebead90dc9f2c18c1e1321217b6a8d8ee969f71cd8f4289624d09fc91cd8
GB1,T-DCG-192,23,4,384,0.050343234942105346,0.9496567650578946,9f4ecdb589b076f9d6f024a4bc919172cdb751773ebf2691b36f05a199cf15a8,81993ca9e34423a9d5c1c1fcc79e33c21e77dfeade4ef5eba4cbe92820cdf8c0
PABP,G-Rank,0,1,96,0.6078589956573694,0.39214100434263055,bf1ae28f5d52eecf6b1485217de4045e174c23ac4b7e9d3ab66bc02568f90462,663f25fab0ddd16705fe41acc1b579ba7ba0ce77d88e033226a6a6a269216eb2
PABP,G-Rank,0,2,192,0.47145524090521956,0.5285447590947805,ea4ae2cbcdcb6f4141988723b16cb4624abeaa95da74e64405fe1c07105d1ce6,d7ac26cfd3a4d2fe81e9c0fd4725ee8a361019b06aacf2895d99ba2de5a22a98
PABP,G-Rank,0,3,288,0.3619258168836549,0.6380741831163451,452d509baa21e975d2ca022810dd37b89f6c52f32cd417c0fe52f18879951606,15e457f68dd8cdebd357e9b82928b607ca722b5260e63b907e42746387ae9edd
PABP,G-Rank,0,4,384,0.40275731847008567,0.5972426815299143,59abdca04453c618d876e62f390062641462f24feee79d350276299dc6876bbf,6f8dd2c1d67c19e4222eb03fb7e1ef443a309d91d8b28adc4f329e32a07ce8d9
PABP,T-Uniform-96,0,1,96,0.6078589956573694,0.39214100434263055,bf1ae28f5d52eecf6b1485217de4045e174c23ac4b7e9d3ab66bc02568f90462,663f25fab0ddd16705fe41acc1b579ba7ba0ce77d88e033226a6a6a269216eb2
PABP,T-Uniform-96,0,2,192,0.6053435729831529,0.3946564270168471,ea4ae2cbcdcb6f4141988723b16cb4624abeaa95da74e64405fe1c07105d1ce6,d7ac26cfd3a4d2fe81e9c0fd4725ee8a361019b06aacf2895d99ba2de5a22a98
PABP,T-Uniform-96,0,3,288,0.3911617743039316,0.6088382256960684,191de565ac4c7e8c8b108a4dc1d345cdca4a1a922b7ed14083dd339838bc7acf,09c403aa547e3b57f3479877ae0e62faa62d31730397866f9f972a70cf485df4
PABP,T-Uniform-96,0,4,384,0.5587170684708076,0.4412829315291924,02435d7afe6950037d03fc6e11ee7bceb40ac07654ff1d0f23308c006deb92b7,c34649d6e5512dcd9bdc54dcf17cf3ca4ca6563ab8d07776e5d5810c16232a3e
PABP,T-DCG-96,0,1,96,0.6186302712677059,0.38136972873229413,bf1ae28f5d52eecf6b1485217de4045e174c23ac4b7e9d3ab66bc02568f90462,663f25fab0ddd16705fe41acc1b579ba7ba0ce77d88e033226a6a6a269216eb2
PABP,T-DCG-96,0,2,192,0.5773936716413735,0.42260632835862655,b569e03222ef5c5fd2e11de8f42020b09a70ece22bcada9a54fa7fc2d65206bb,617f8513ec27342ff6c4be26ac3e5de6b0525e96d4d980a34e21aa10dd734410
PABP,T-DCG-96,0,3,288,0.2239487506866166,0.7760512493133834,62a1409c7f70027878d5bcccdc9f9f106214d03ddc55ac65c142d6713bd3e66e,6ef011fb5f9ed0b1d3a9bc971977b558c4f2d1e410ef915a3d36cc0161848adf
PABP,T-DCG-96,0,4,384,0.14797952430790567,0.8520204756920944,4d784e142c5ab7c1d09e4b2627941d958b5eefb1f89e1427023e55cdf3d090a2,862fc96baec7436783736c3d88e8d9561e9a1aebdbb9b88567d47a5211d69771
PABP,T-DCG-192,0,1,96,0.6186302712677059,0.38136972873229413,bf1ae28f5d52eecf6b1485217de4045e174c23ac4b7e9d3ab66bc02568f90462,663f25fab0ddd16705fe41acc1b579ba7ba0ce77d88e033226a6a6a269216eb2
PABP,T-DCG-192,0,2,192,0.49860771317755936,0.5013922868224406,b569e03222ef5c5fd2e11de8f42020b09a70ece22bcada9a54fa7fc2d65206bb,617f8513ec27342ff6c4be26ac3e5de6b0525e96d4d980a34e21aa10dd734410
PABP,T-DCG-192,0,3,288,0.32328358580198757,0.6767164141980124,2976a767c6c5bd6ef3aed26c6de68a59c3ef81e48ac82b468501bd3fc9c237fe,316399fc95429123f0dacc71cbca385fd1da7b38324a0d7ba25672324d2e130d
PABP,T-DCG-192,0,4,384,0.34130405362859795,0.658695946371402,7acdc6a72d213344627133659af0414b2ee9c96c2f9f25c8e277ddf8a774eb6e,bdcb8ff66a6ac14250c8c4670df36910bc1b0391d6caed34c9b0bbb5c53998bd
PABP,G-Rank,1,1,96,0.4629251939892632,0.5370748060107369,0999464838c9e825c86c19aaa57abc6b7b18b4a443fe333a1b85d491c6fd2564,4aedae795da07cf69b57b626968218e3795338eac6cfd00ddf1384295a58335c
PABP,G-Rank,1,2,192,0.6318193281947004,0.36818067180529956,2fabad0db0065625165047a4d8a72e18c7a2d86c937dd4c4f90e9691f28802eb,756aee1d58b2dd49d2cf476ed552efaf49f80eb6abf9ac4cbe846c12f986e724
PABP,G-Rank,1,3,288,0.5395980615291083,0.4604019384708917,7e528c3df12c6906f4b2e2911f1d51830b36fa42805c0ca0d752d6d88e25a478,4d1dddfec5f5a28f4fab8690be4e73b4c9216b58d2ac995b440d1c19c94a8baa
PABP,G-Rank,1,4,384,0.38043724955604424,0.6195627504439558,e8d49f5880d9d65a361f94568fde355780cb9553ab6cecd2e1dc9380fad30bea,1e8f6195634f6273ec56d0b7d3650ba81409c338b7fcf70d872ebbac76662781
PABP,T-Uniform-96,1,1,96,0.4629251939892632,0.5370748060107369,0999464838c9e825c86c19aaa57abc6b7b18b4a443fe333a1b85d491c6fd2564,4aedae795da07cf69b57b626968218e3795338eac6cfd00ddf1384295a58335c
PABP,T-Uniform-96,1,2,192,0.8243059521989913,0.17569404780100872,2fabad0db0065625165047a4d8a72e18c7a2d86c937dd4c4f90e9691f28802eb,756aee1d58b2dd49d2cf476ed552efaf49f80eb6abf9ac4cbe846c12f986e724
PABP,T-Uniform-96,1,3,288,0.5964334273073859,0.4035665726926141,eb2ad19b390791fe203b4e77f7173e4a8e5481fd0a821421b68dfbc1cd7341fd,1801699602b36581c40899d6f718e4104d5967ace79d84bdca813a3f8c5a8b9d
PABP,T-Uniform-96,1,4,384,0.4698210188271316,0.5301789811728683,235f9359214c7caa7e592132c9cb3d4211948570e745b1be22c625a317243b8e,9f6bac71719c81be56ab63139d7e9504b15413917fd3bf4818c09a4deef91db8
PABP,T-DCG-96,1,1,96,0.4404370147900268,0.5595629852099733,0999464838c9e825c86c19aaa57abc6b7b18b4a443fe333a1b85d491c6fd2564,4aedae795da07cf69b57b626968218e3795338eac6cfd00ddf1384295a58335c
PABP,T-DCG-96,1,2,192,0.7255970681826683,0.27440293181733166,104d12ed4d1fa8617de7fea6c791db9a666305534fd10ec63155e706773ebf94,326d0eb47f687dd66999bf3b8f1a19f66eb455b50fad7a7b796862137f94fa9a
PABP,T-DCG-96,1,3,288,0.4421296875550135,0.5578703124449865,6a0d80a96807ef56c73d7baa989cd6f7ad36ef1b5cafb3b715134715523fddf3,d078e6a5a07629bb823911f27cf8bb6e3ad79c18636fbfdf932f53754a00b663
PABP,T-DCG-96,1,4,384,0.636103411342028,0.36389658865797203,fd3de7054ee500b0114bd202fd7b7892e2ca99a559263c748a9aa6fa37e5489f,407357aa7e827c6f6932c344da6ac8122c4e17e3375fb71058ef39f3b58db1e9
PABP,T-DCG-192,1,1,96,0.4404370147900268,0.5595629852099733,0999464838c9e825c86c19aaa57abc6b7b18b4a443fe333a1b85d491c6fd2564,4aedae795da07cf69b57b626968218e3795338eac6cfd00ddf1384295a58335c
PABP,T-DCG-192,1,2,192,0.5660996425522062,0.43390035744779376,104d12ed4d1fa8617de7fea6c791db9a666305534fd10ec63155e706773ebf94,326d0eb47f687dd66999bf3b8f1a19f66eb455b50fad7a7b796862137f94fa9a
PABP,T-DCG-192,1,3,288,0.4230933201146833,0.5769066798853166,bc989bb7f653fca7845ce860806d13ffb49d31b02ef8d7f0c86de7cd14c1b5ff,a033e890166e8b8fab55e9b219e7e220fe0223d4116b8fbcacf3209a022ab74c
PABP,T-DCG-192,1,4,384,0.548432637519496,0.451567362480504,b54260d30633ef8c898fe5a3f1e4216f4cf780194202f5d47eb009377f0c5583,7709489f3c1b22043712b9e88b04044ee7360f1d0735e0e56cf75c7b601ca5ab
PABP,G-Rank,2,1,96,0.3713721969348979,0.628627803065102,de4086b0ad7e0dd8f3523a2aee97b2276004b9945b9dfcf3127daf749b15c5df,292ac2a8a3c900e284b06608e5fcae0697c9db1ece36c8c5e23084e146dbdfa4
PABP,G-Rank,2,2,192,0.480288823223745,0.519711176776255,4cc5ae1d789866dee27868f48eb52a175d9be390298933d5e8bf7cc060bd9963,7ec4746cb2f266c00fe53eb4689c92c2ce16de1b3a1733e7a4d2562e940c0f3d
PABP,G-Rank,2,3,288,0.3068818549519987,0.6931181450480013,916580c8d6b66e34ce2cf663517e958a3e0aa43aeadb0bcd40ee4023a2a4069a,a19fdd0142dc5c92918e1994c821283a52e1589da4275021598319ad039713cd
PABP,G-Rank,2,4,384,0.3969224228373763,0.6030775771626238,2c5b0ca16900a9f1ed500b7fbb109a7e795a16c589f80e0dda026fe1b012cade,e421471e9b9416f5dab637dd8d6d093f943c1a6d15e3b805390ae625db6e76e2
PABP,T-Uniform-96,2,1,96,0.3713721969348979,0.628627803065102,de4086b0ad7e0dd8f3523a2aee97b2276004b9945b9dfcf3127daf749b15c5df,292ac2a8a3c900e284b06608e5fcae0697c9db1ece36c8c5e23084e146dbdfa4
PABP,T-Uniform-96,2,2,192,0.46565560870960926,0.5343443912903907,4cc5ae1d789866dee27868f48eb52a175d9be390298933d5e8bf7cc060bd9963,7ec4746cb2f266c00fe53eb4689c92c2ce16de1b3a1733e7a4d2562e940c0f3d
PABP,T-Uniform-96,2,3,288,0.4437651797879273,0.5562348202120727,25bbdebba30bb9da78604200d5f9463f5eb26cfb78d2614f3801be20b2ff58f3,1e88c1192f9f0a499b6db5831e12564fc457c907ec8994adae179b10d1d512f2
PABP,T-Uniform-96,2,4,384,0.299391780011228,0.700608219988772,92a327deb9d61b0bf1f627ce93afc81be65ad3a9b5cdea6620fb787bdb8892d7,72c5f6367afd9f109c65ae364e32f1ad4405ad66c8a6206666859a46028630f7
PABP,T-DCG-96,2,1,96,0.2758795872880053,0.7241204127119947,de4086b0ad7e0dd8f3523a2aee97b2276004b9945b9dfcf3127daf749b15c5df,292ac2a8a3c900e284b06608e5fcae0697c9db1ece36c8c5e23084e146dbdfa4
PABP,T-DCG-96,2,2,192,0.5049163822022873,0.4950836177977127,a65eb63091e62693f1fd18693d62c3b4f8810de652d70e5e05685435b736cedb,22f583bceda923dc95da0534f8737b9971d5a62df148d62690c2f8dc68815fc7
PABP,T-DCG-96,2,3,288,0.5097456429176818,0.49025435708231824,5f04aba338b1fa739e35f7a05bbdacb1e9120f2166e2d6aba43b10b1adf82b97,0244d625ffecbef04814c3a2149e17f0fd42edbe8d6345385f7bd35ebfdc442a
PABP,T-DCG-96,2,4,384,0.39905677641729304,0.600943223582707,cb3ca1218e263bb75c74038e16240bd77132b7a6bb353da4a90353a94a958051,8e5fd38ab9710061bde7031e6537788858ee467e58e075b048a44c59a1defac4
PABP,T-DCG-192,2,1,96,0.2758795872880053,0.7241204127119947,de4086b0ad7e0dd8f3523a2aee97b2276004b9945b9dfcf3127daf749b15c5df,292ac2a8a3c900e284b06608e5fcae0697c9db1ece36c8c5e23084e146dbdfa4
PABP,T-DCG-192,2,2,192,0.5358768117849372,0.4641231882150628,a65eb63091e62693f1fd18693d62c3b4f8810de652d70e5e05685435b736cedb,22f583bceda923dc95da0534f8737b9971d5a62df148d62690c2f8dc68815fc7
PABP,T-DCG-192,2,3,288,0.4426369261304136,0.5573630738695864,25d2ca5c23cfe65cf2ed0b0aec4ebdef9e9660f00dae0abd5acd9db528066dcb,8f69b1fba9f01c7dec57be0636f2ddc585eb9e55979cb4103fbf434a5e5fb690
PABP,T-DCG-192,2,4,384,0.45819341956052695,0.541806580439473,af31ade952f7ebc0f86f212b036707c9960fe4c39d2ab1c081814fdc47431f3c,cec562063fa017091bbdfe98f1de521d784261313d212552356f53073800e8c4
PABP,G-Rank,3,1,96,0.5588645306351884,0.4411354693648116,9e3b7ef53ab46fb9dc4b5337f2132da8d02571049c821de3a9b6afe853fcd674,dac78e9e27bc72a462fd2074740790f95aef46ed3831eec672f1d4cdfff53d89
PABP,G-Rank,3,2,192,0.4513320554789801,0.5486679445210199,a83104894962022a94bb0d0aae22ed46ef60e50aae285e561874aea409d6e706,7282364a5bb28b6ab64ef4cce5f5e0e713efc97682f0b77bf5acc61fbfe62618
PABP,G-Rank,3,3,288,0.41016083095995975,0.5898391690400402,24e9fbd16b262cc536e07b503cd3b503f487777fad4d87c432c8af909fe74b09,3b6d78ed220c55e4c10c6991664e3b6d2a99685e764075af9f433363cfa39bd4
PABP,G-Rank,3,4,384,0.5214027880163821,0.47859721198361793,2fb80cde1329eaeab8a37b5dc73347f17e85631077652b9bcc55e2ea3f91e5fd,940acf414c0efce7c865e0120172a1a740fe48428b78f255283a8c2d5ffb68cd
PABP,T-Uniform-96,3,1,96,0.5588645306351884,0.4411354693648116,9e3b7ef53ab46fb9dc4b5337f2132da8d02571049c821de3a9b6afe853fcd674,dac78e9e27bc72a462fd2074740790f95aef46ed3831eec672f1d4cdfff53d89
PABP,T-Uniform-96,3,2,192,0.42128735470730766,0.5787126452926923,a83104894962022a94bb0d0aae22ed46ef60e50aae285e561874aea409d6e706,7282364a5bb28b6ab64ef4cce5f5e0e713efc97682f0b77bf5acc61fbfe62618
PABP,T-Uniform-96,3,3,288,0.3912922276369043,0.6087077723630957,93f89406a945451d7b5d743ecd18be5e6d85b79407ea96a08eb5885f7e0fb424,5d807d8df75c70e8e63a0d7bdc3282549ce7ba906d451425bd30caffb20e0791
PABP,T-Uniform-96,3,4,384,0.32455740619593965,0.6754425938040604,52eca6e9f8e96912842e8833eaeaf4ece32fdc5f4c8b8e9a3ebda44ec208f935,726ea3b5dc6dc53ca51598f88b4189f69462f4750cae5284e1bb50a50714a715
PABP,T-DCG-96,3,1,96,0.5125997885767859,0.4874002114232141,9e3b7ef53ab46fb9dc4b5337f2132da8d02571049c821de3a9b6afe853fcd674,dac78e9e27bc72a462fd2074740790f95aef46ed3831eec672f1d4cdfff53d89
PABP,T-DCG-96,3,2,192,0.5141427087548891,0.4858572912451109,5963c5d6b9075dd976ef621cda9567d1bade4a35c08387c1cc4e75704de10a44,174899c5df165d7c2d5eb6ccb6de0fb34a4bf5989ef55e559c83372bf81ab136
PABP,T-DCG-96,3,3,288,0.24546728755087882,0.7545327124491212,822b395130c45c0e2a35924154c15448b3a33f11254099373f0b06644a48c02b,fae1c109d8c776c7e803c5c6188b651d50293eeeaac9d0ea46ae409b9036aa6a
PABP,T-DCG-96,3,4,384,0.2760946784524921,0.723905321547508,e01b2dee4ce59cc55d0fedd8d42dba893a503588df749d3a9af7c78cbbfe4e9b,a4af0e87ddd4babdcaa1439a944bf8442af6e43f83a92632cbbfc29e274f4fe9
PABP,T-DCG-192,3,1,96,0.5125997885767859,0.4874002114232141,9e3b7ef53ab46fb9dc4b5337f2132da8d02571049c821de3a9b6afe853fcd674,dac78e9e27bc72a462fd2074740790f95aef46ed3831eec672f1d4cdfff53d89
PABP,T-DCG-192,3,2,192,0.5304626624097659,0.4695373375902341,5963c5d6b9075dd976ef621cda9567d1bade4a35c08387c1cc4e75704de10a44,174899c5df165d7c2d5eb6ccb6de0fb34a4bf5989ef55e559c83372bf81ab136
PABP,T-DCG-192,3,3,288,0.40854999749079285,0.5914500025092071,d56c2340930530dc90ff5d5a2243aff8303473000bc00f0429b561e2c130ac0f,f4546a42acac83cdca5fbe2ec19067f7f45385177e7a5a7bfe6bacb4622ca3b4
PABP,T-DCG-192,3,4,384,0.45620393747652627,0.5437960625234737,248b99aea1147d958a5474a3550aa4a0f063bbbfd899967e39bab2fc554c666a,4b4bcfa669775ee6b93d3adb71a575904a85908dab347672e712157a3202dc19
PABP,G-Rank,4,1,96,0.3858792624900872,0.6141207375099128,9ba48353b8d1bff7462d91b93c9054e9bcd8c55e2da373884bfd0130b1403d17,388828153e2fbe0d35d0bec6224a2856b94069fc315fa8ca12ba65268060ddbb
PABP,G-Rank,4,2,192,0.39549283864208096,0.604507161357919,e0c27e47cbbfb6ed4b24721af2b223b840196c65ee419ee85a1094a26ed8334c,ed40a3275314192035b179813fde4a602470e226c5089d46394c196776eefa8b
PABP,G-Rank,4,3,288,0.5005495985303167,0.49945040146968334,bab4eabcdad733c94da44d4084bc6b0496ef3d074a1e1934a225aafef57680db,89407f6d15dd83a4aff797831b866d165f7178de58105e2bcb84127bb49d87ae
PABP,G-Rank,4,4,384,0.5164800379444032,0.4835199620555968,573e2ef25d2e2244464356ce2880e8b83897384c037220e4de9445f80e0a6653,54d3c59039b47e76077df9204dbc0b2c7467e9ebf9b11f9e62764e6f7d2cd935
PABP,T-Uniform-96,4,1,96,0.3858792624900872,0.6141207375099128,9ba48353b8d1bff7462d91b93c9054e9bcd8c55e2da373884bfd0130b1403d17,388828153e2fbe0d35d0bec6224a2856b94069fc315fa8ca12ba65268060ddbb
PABP,T-Uniform-96,4,2,192,0.500713031735314,0.499286968264686,e0c27e47cbbfb6ed4b24721af2b223b840196c65ee419ee85a1094a26ed8334c,ed40a3275314192035b179813fde4a602470e226c5089d46394c196776eefa8b
PABP,T-Uniform-96,4,3,288,0.5655002555073123,0.4344997444926877,bd724d3442b174f3eb6b7cd90265f4af5c4ca4afe919dc3b74a76369ac591176,0ff4fdd2852293b371e6d5ac63e2a4286e27fb26241e636e673ad6d43f7fa609
PABP,T-Uniform-96,4,4,384,0.7809153769269342,0.21908462307306575,e6630ee01264f0a717f1e895988954c7c796e2ee3354688138a435bf885b63c1,98e3f32c479b8cfa8a2c008fdebb21ad6873e2f7ebda9622e42f9e4ac8d5437d
PABP,T-DCG-96,4,1,96,0.4087480671248,0.5912519328752,9ba48353b8d1bff7462d91b93c9054e9bcd8c55e2da373884bfd0130b1403d17,388828153e2fbe0d35d0bec6224a2856b94069fc315fa8ca12ba65268060ddbb
PABP,T-DCG-96,4,2,192,0.447096492350192,0.552903507649808,afa69b95ec62677dbd923942e8f0408a86d5ffadb933fd581e26031f4b838907,53d926c3ae4053e1e4f18c2c9899d09165ece598bc17e4e7e6e4403cc53bb7a4
PABP,T-DCG-96,4,3,288,0.4474847366834258,0.5525152633165742,6b2918bba7aa44337878578818ca36047654b3f76fc39a770e69bbc32c1fc78b,eaa13d9195dccc8d28f16592587ca2da8edc38aa93f2a2601ecd40c027b6164f
PABP,T-DCG-96,4,4,384,0.4888773312116347,0.5111226687883653,6c491b1e7b19d662cc6885dc903caab050b5a2081d4cab31d8224d3db7fd18e0,ce64b317db301cc0d858230b65569264944787513b773a6e6f9069f79d80c68e
PABP,T-DCG-192,4,1,96,0.4087480671248,0.5912519328752,9ba48353b8d1bff7462d91b93c9054e9bcd8c55e2da373884bfd0130b1403d17,388828153e2fbe0d35d0bec6224a2856b94069fc315fa8ca12ba65268060ddbb
PABP,T-DCG-192,4,2,192,0.4069970742068348,0.5930029257931653,afa69b95ec62677dbd923942e8f0408a86d5ffadb933fd581e26031f4b838907,53d926c3ae4053e1e4f18c2c9899d09165ece598bc17e4e7e6e4403cc53bb7a4
PABP,T-DCG-192,4,3,288,0.6738071947241857,0.3261928052758143,8c5984991e6f2a7c6447ef7a09c06469636063737dd3a677adb3e86000d1013a,8a848c3288d7677b8cc2351c099467b7aebbf94a522533bb1d7677719a390abe
PABP,T-DCG-192,4,4,384,0.4806245718624686,0.5193754281375313,11caf23fdc7bab6f4c7cf6e2095b0141b8aeb4c7efc39935f51552c04f41166e,6861e65da807712cb89e69942923d1809c83a3815aba1ca82e6393da9e7d51a4
PABP,G-Rank,5,1,96,0.4085597826086956,0.5914402173913045,4ea243a7b315316306b6863d3009c225aad283a46e0f4adc3d6b3f387bcbdeb3,c27b8672cab048cb37870d7620794548be6e527ef4545ae640f7a9eb1f686592
PABP,G-Rank,5,2,192,0.28652402974121816,0.7134759702587818,bf32584c5ee56195a3de9ee289773d6b8313218865ce27f12447201be8a3c5f8,d4eea16b4c651527930dc888a4297e4b758e52ce0a6657f50eaee27ae974dc97
PABP,G-Rank,5,3,288,0.3423462875006835,0.6576537124993165,db45250129bdbfe961fab08294c5e0d9bf949c3a12f4f45352bbf38cc0f07370,f2a9b28c65f0cbb62c045060bcdbe37ddd45d10cce77b1b839020179b9c148d3
PABP,G-Rank,5,4,384,0.3732168907569213,0.6267831092430787,69ce1d86f662f84458fc51d09e463a8a0a97ce774e10efe7e06a58a4056e944f,6add04b303d5254180a5744bd9112dc2d750f63ccca7b87536090c4bedc1472e
PABP,T-Uniform-96,5,1,96,0.4085597826086956,0.5914402173913045,4ea243a7b315316306b6863d3009c225aad283a46e0f4adc3d6b3f387bcbdeb3,c27b8672cab048cb37870d7620794548be6e527ef4545ae640f7a9eb1f686592
PABP,T-Uniform-96,5,2,192,0.2456854513844719,0.754314548615528,bf32584c5ee56195a3de9ee289773d6b8313218865ce27f12447201be8a3c5f8,d4eea16b4c651527930dc888a4297e4b758e52ce0a6657f50eaee27ae974dc97
PABP,T-Uniform-96,5,3,288,0.2710291548319718,0.7289708451680281,9608f4c39a0ed073e7b02d612d7470500ca15df927c885e31522401c17fa7ec9,96024a0ad8d2115137ce77165dbe272ae804cc6aef492da5f7d750d8818fc9d3
PABP,T-Uniform-96,5,4,384,0.20861962412217921,0.7913803758778208,5664fea129558cb6814028ba0d6bef47fd62d8df241bbd4bd931f83a39fde6da,dadb222d87794663e06b4f6dab092830697ff2afff60e91703727af1db2d0ba3
PABP,T-DCG-96,5,1,96,0.3557315563174016,0.6442684436825984,4ea243a7b315316306b6863d3009c225aad283a46e0f4adc3d6b3f387bcbdeb3,c27b8672cab048cb37870d7620794548be6e527ef4545ae640f7a9eb1f686592
PABP,T-DCG-96,5,2,192,0.12454650932384667,0.8754534906761533,4ab145a5d819c44472f182e38698b398209fe24527a4029c729a14da7aff2b5f,22d31285df034748d1d7a33dee040db3e294261ca8ecf774e510d3e303f0816b
PABP,T-DCG-96,5,3,288,0.36359099219509106,0.6364090078049089,5dce862c739acd97160b543deadb3acff4f41646989fc213af9deea536b3b242,ac3ffa136c9d41b0e7506ef155127f0f372dc666e9eddde766fb87d3f3f43073
PABP,T-DCG-96,5,4,384,0.11185203536708839,0.8881479646329116,9a29225a482d8ef8b55a7c12f61f00d525b7a569d2acc7d36eb5f4da21f241a8,c11b1af176787383aa29fd17e9d56f43387ba2684a6c351f31d34caedbcf6e91
PABP,T-DCG-192,5,1,96,0.3557315563174016,0.6442684436825984,4ea243a7b315316306b6863d3009c225aad283a46e0f4adc3d6b3f387bcbdeb3,c27b8672cab048cb37870d7620794548be6e527ef4545ae640f7a9eb1f686592
PABP,T-DCG-192,5,2,192,0.20836577473211293,0.7916342252678871,4ab145a5d819c44472f182e38698b398209fe24527a4029c729a14da7aff2b5f,22d31285df034748d1d7a33dee040db3e294261ca8ecf774e510d3e303f0816b
PABP,T-DCG-192,5,3,288,0.2985450404847522,0.7014549595152477,6eca9692fdd8793966f11fda07ca7b14663308b41f7d635974dcb5b0c3d1ebed,71e733be919e7f08ffb77871f335996901593e165ff537a884e523715108d87d
PABP,T-DCG-192,5,4,384,0.22741082329330536,0.7725891767066946,c231b3a922d1f2ecb4a6cab87637b69ed7917ac9a53c76a14d18e3bfddc38020,dfb319fa5c6ec3ea7d5181d9eaf72d874d04a42c368d29fcfc1da6cd8276821f
PABP,G-Rank,6,1,96,0.5072232822426771,0.4927767177573229,ef75c8c103b63e7e6c8ebb2d80feec7d522db0079c617395c955bd7da8eb4712,caa22755cf8a92c82273c6ebe23cd064976b22b1035f7d0ee86f2f53d09edf47
PABP,G-Rank,6,2,192,0.5313421142449347,0.4686578857550653,e64c06c7f922c4f7380a20bf1c3e32d483f61a84277da1008070128bd31ea2f4,33d0deaaabafe7e72e6e35d1c5107da7c062e419f78e16b2a9ddf294194db458
PABP,G-Rank,6,3,288,0.41315272932026165,0.5868472706797383,6ecd9b432e80ae9128f3050c9b1cb6ab7732b2ab9909cda99735364c71f95cfb,73b3a2d793bc234d8ca6a9e9aa26ed0c5c3ac6a6ee5dece8bdbd62a347597245
PABP,G-Rank,6,4,384,0.34938498181806893,0.650615018181931,24923d0e25566c519d09dfc6907a9429b8576e21b65cf7f349a4c8251555c8f9,b3acf9e3c08615c857643e2736f8c3fa040cb50f993abceba7dbff24c194cc26
PABP,T-Uniform-96,6,1,96,0.5072232822426771,0.4927767177573229,ef75c8c103b63e7e6c8ebb2d80feec7d522db0079c617395c955bd7da8eb4712,caa22755cf8a92c82273c6ebe23cd064976b22b1035f7d0ee86f2f53d09edf47
PABP,T-Uniform-96,6,2,192,0.5440690899495804,0.45593091005041964,e64c06c7f922c4f7380a20bf1c3e32d483f61a84277da1008070128bd31ea2f4,33d0deaaabafe7e72e6e35d1c5107da7c062e419f78e16b2a9ddf294194db458
PABP,T-Uniform-96,6,3,288,0.5253006926115529,0.4746993073884471,83951410f618261ac22cfeec45297e253f038bbc49208816bd90c1d41979f241,b6fd09770bbebcad4c3c520501ffae88ebf72ee0bab16905098b73bdb7b69c7b
PABP,T-Uniform-96,6,4,384,0.4252718056600865,0.5747281943399135,5ebebf799b06f7fe2470fcb251ef503056ba4b13dcd14d0b449a7a7063f1fc81,752c9264e8a986b31b1a40549c7c3d5ce500d07b01fe0f5855ecff5fc20e9a88
PABP,T-DCG-96,6,1,96,0.5340072798738247,0.4659927201261753,ef75c8c103b63e7e6c8ebb2d80feec7d522db0079c617395c955bd7da8eb4712,caa22755cf8a92c82273c6ebe23cd064976b22b1035f7d0ee86f2f53d09edf47
PABP,T-DCG-96,6,2,192,0.5024745618419869,0.4975254381580131,ab872e7136f1c1153bae1b7bcd2040747e0ef89498c55caa7f01e00de4477811,5e3d75e6f3cc6e5b06527087a6479cd0a724cb90509198a343d78a69c50bd927
PABP,T-DCG-96,6,3,288,0.36838328721778063,0.6316167127822194,e40705036edba52f44d351502a373639e1de96d79750ad15c05580c9fbc376eb,000fe3b9f695bbe69e087a6fbafaa91f48b5b9e8c521a4e2411600fae16d275d
PABP,T-DCG-96,6,4,384,0.19973983562789902,0.800260164372101,a0e09f273804b463f71ae7dbf6d3ecc0f43c33ccbc8d552697abe82e02919c15,b3a889dd7de857f3b1fbd085ed663f71fba924f0f957e414d79ed686356fad76
PABP,T-DCG-192,6,1,96,0.5340072798738247,0.4659927201261753,ef75c8c103b63e7e6c8ebb2d80feec7d522db0079c617395c955bd7da8eb4712,caa22755cf8a92c82273c6ebe23cd064976b22b1035f7d0ee86f2f53d09edf47
PABP,T-DCG-192,6,2,192,0.5200781737289805,0.47992182627101954,ab872e7136f1c1153bae1b7bcd2040747e0ef89498c55caa7f01e00de4477811,5e3d75e6f3cc6e5b06527087a6479cd0a724cb90509198a343d78a69c50bd927
PABP,T-DCG-192,6,3,288,0.40484283862060977,0.5951571613793902,0aa5f5c7e2fcc23178bc6c2c21946ecd4957b799323c869a96c07fc9b33fb374,13c28a6480a6d400bbed05bd2e8aab970845be0598399969cf91dcded0f85394
PABP,T-DCG-192,6,4,384,0.3902767655428155,0.6097232344571846,62ca853e2f9190cce70a98c59db44fc30f3b9aa4771d8f641847162b446a1539,a4823ef9846b1e9fd20aa926a9a38d2e0e1e16fc16073e3ad33c3f1e5b6b1177
PABP,G-Rank,7,1,96,0.4000037225231261,0.5999962774768739,7f437a655464323e8ffc78f7576406b432ceda55263460231ba556e5ab064ca7,02a00e13b1997951a91436d1a75f95e841f801ef60996c29876e51c703b8f0d7
PABP,G-Rank,7,2,192,0.5261347028255929,0.47386529717440706,ddf5ec8458da1bb9db31d33e672e91a1d036d037c11784a4221b7bc9d96e11fe,0850de4e360073d68806f69d62cede5776a2b0ddabb2cacfc5e21ef51e4672a1
PABP,G-Rank,7,3,288,0.40170433652308507,0.598295663476915,d9d6e5383e6b1c5591af32521cb8c82346ce08afc24cbf172b1f97f1b2841115,c76e5fc4b4f7cb05cbbbe2b944d9046a9d76c6fd77959cc3e4df69e9bec6bf4e
PABP,G-Rank,7,4,384,0.43449734343687607,0.5655026565631239,8502fc0db0861583d3933f8a811e40ff119712f23a32527c40d72a4e1d59c725,a47b6d79bf671efb91ed3b321ead782d1da4258ec857485f7471866df44ae32f
PABP,T-Uniform-96,7,1,96,0.4000037225231261,0.5999962774768739,7f437a655464323e8ffc78f7576406b432ceda55263460231ba556e5ab064ca7,02a00e13b1997951a91436d1a75f95e841f801ef60996c29876e51c703b8f0d7
PABP,T-Uniform-96,7,2,192,0.572202718633779,0.42779728136622097,ddf5ec8458da1bb9db31d33e672e91a1d036d037c11784a4221b7bc9d96e11fe,0850de4e360073d68806f69d62cede5776a2b0ddabb2cacfc5e21ef51e4672a1
PABP,T-Uniform-96,7,3,288,0.4294361625909589,0.5705638374090412,6aa08e2c6d7689b0f4f0970130642e7cff69bf52e2e42c14a7ff128fe6a44d13,4a029fcf974217b7e73411f5bd142265c26055a09d5696185b2bcb736ad5e321
PABP,T-Uniform-96,7,4,384,0.4753992903220826,0.5246007096779174,56df7b95a5ef9f6f6eddbbe2fa9d7846d69109b35d2e27d687468c51a62d94c0,3595dc018c208d13b2905c809e11d5d1126a00ddd9e8a01b69f5a2f107fe53fc
PABP,T-DCG-96,7,1,96,0.38305769428931086,0.6169423057106891,7f437a655464323e8ffc78f7576406b432ceda55263460231ba556e5ab064ca7,02a00e13b1997951a91436d1a75f95e841f801ef60996c29876e51c703b8f0d7
PABP,T-DCG-96,7,2,192,0.6989825364687304,0.30101746353126957,3b0f952745b2d72c653daac8a4c374185634eb114452c273a30d95687bc833e4,d442608458eadc4e02c3f02b4338c7fb354c19216c36eb2e14bb4cfa578f923f
PABP,T-DCG-96,7,3,288,0.7862950987322653,0.21370490126773467,c28eec6d7d8a65bb6e59966e5931c8731c5435940c6c97e393a2b4ed39be92f8,2a9c1d65ebd0dff605e9ea250e906dca4cecaf2af6139baada94423ee7836f07
PABP,T-DCG-96,7,4,384,0.7639695107486214,0.2360304892513786,2909f0355bd9e3cc0310b5ad61bb5b3d128875d253149b3037a9b9ca50f5456a,f425a6311c7ea960bed3056de9266382617b966cf1fc7d43229f23e495b31611
PABP,T-DCG-192,7,1,96,0.38305769428931086,0.6169423057106891,7f437a655464323e8ffc78f7576406b432ceda55263460231ba556e5ab064ca7,02a00e13b1997951a91436d1a75f95e841f801ef60996c29876e51c703b8f0d7
PABP,T-DCG-192,7,2,192,0.6303118409436005,0.3696881590563995,3b0f952745b2d72c653daac8a4c374185634eb114452c273a30d95687bc833e4,d442608458eadc4e02c3f02b4338c7fb354c19216c36eb2e14bb4cfa578f923f
PABP,T-DCG-192,7,3,288,0.4605409967011898,0.5394590032988102,6be2f09665a31ec48517555db7159b465447e76ab7867ae5293f9842c4121b69,e79213e9f52c5e202185a0f29196fc5f9e3292306091e8470ac9324765008b77
PABP,T-DCG-192,7,4,384,0.6345508053858684,0.3654491946141316,d904f46358905a53fd0ecfc27260bdc817109cf9ee7203b7eeb18352cf012e54,27d1385fa45d7e6b3ff3881582f43deb186832efba7c5db68d28bff02bd95ec4
PABP,G-Rank,8,1,96,0.3834973881525176,0.6165026118474823,021648d74cc4010cc73ba898e1a0b4f41f9b9051adcefbd925914b1d357fd67f,60870691f28c75b82c5beb09ea53db70aed5105e1e02b4e791886d891b7591d7
PABP,G-Rank,8,2,192,0.42472509568492733,0.5752749043150727,9e255b4355498a32e63be4a1e9b9179fa6ebe07f941514adb21d772017521514,7a39b5e7273200dd3e865148f0ee8bf9e0dcfae6f398ed9619d7b9fba03d16f0
PABP,G-Rank,8,3,288,0.3819306308472502,0.6180693691527498,6f547e472ab01fa3c7de6831ab7439ccfe39e188ab7f58fc6d64484fc1d8c700,7d9fff42413924b774082f52d6e49c5965d4dd6b721fc70137cda1d771bb9279
PABP,G-Rank,8,4,384,0.46002773455762774,0.5399722654423722,05c5293abfa287d774bd0210a522c089d893346e88b5ed92d69a828cab919fb3,e8bfaf4a010de10efb0752a5364a57ca85690d161158399146baddc305c3532c
PABP,T-Uniform-96,8,1,96,0.3834973881525176,0.6165026118474823,021648d74cc4010cc73ba898e1a0b4f41f9b9051adcefbd925914b1d357fd67f,60870691f28c75b82c5beb09ea53db70aed5105e1e02b4e791886d891b7591d7
PABP,T-Uniform-96,8,2,192,0.46832119125770555,0.5316788087422945,9e255b4355498a32e63be4a1e9b9179fa6ebe07f941514adb21d772017521514,7a39b5e7273200dd3e865148f0ee8bf9e0dcfae6f398ed9619d7b9fba03d16f0
PABP,T-Uniform-96,8,3,288,0.4417446931489525,0.5582553068510475,0b912e987244adaa73d247d769532a276b6c1ccd6c195fd14f64ce7fe1b2f1be,db5cae6b0d5d0d3622fa81b72288b6a4c3518bcf7fd8d59652f75f3bbd2cab2f
PABP,T-Uniform-96,8,4,384,0.08289030636988864,0.9171096936301113,d6e0911ea451fa0ecbc38c688c6d4da17a5ab876efc51cb8a2f3eadf928918d0,dcf90f31411300916b862ad808e58d2861adf19804a0e91dc108c5b48b05b14a
PABP,T-DCG-96,8,1,96,0.4049855677799576,0.5950144322200424,021648d74cc4010cc73ba898e1a0b4f41f9b9051adcefbd925914b1d357fd67f,60870691f28c75b82c5beb09ea53db70aed5105e1e02b4e791886d891b7591d7
PABP,T-DCG-96,8,2,192,0.5163314905765709,0.4836685094234291,e62918f39e61598c33c7083e95c9ed1e42c5aaa701873142801db2198fe5a6cf,603ee03cefc2ced5b1e2b0b8276f17c983e3ec283dffe11c122e3affd5b7dff5
PABP,T-DCG-96,8,3,288,0.19660853177700066,0.8033914682229993,feb19b5ee37641be9368fc863d535ee55c033b92eee9a3c46f0dbb12d5b261bc,3fe6cc9409c8b88620c67be16fb3f77ca7575510b1a1c9ba5469fc473bf00ea6
PABP,T-DCG-96,8,4,384,0.5189050543035801,0.48109494569641986,41949e182d9fda2569ec89ce5f4dab571f637621f4b865efa692b14812181479,057e1493e49ea17a5094a94835182d319ffd0c0c56864a67edad6d320ba7c335
PABP,T-DCG-192,8,1,96,0.4049855677799576,0.5950144322200424,021648d74cc4010cc73ba898e1a0b4f41f9b9051adcefbd925914b1d357fd67f,60870691f28c75b82c5beb09ea53db70aed5105e1e02b4e791886d891b7591d7
PABP,T-DCG-192,8,2,192,0.4795488305648095,0.5204511694351905,e62918f39e61598c33c7083e95c9ed1e42c5aaa701873142801db2198fe5a6cf,603ee03cefc2ced5b1e2b0b8276f17c983e3ec283dffe11c122e3affd5b7dff5
PABP,T-DCG-192,8,3,288,0.35384298557484306,0.6461570144251569,4e386518336a8edd6cdac7981068f30ba85e4364ce09f62c82fe43528fd2971f,ef3b1d81b5a622ea8257c6403ac33410efb1d4e1bd51c81e7597fa3aef4e6bfc
PABP,T-DCG-192,8,4,384,0.40112191241810524,0.5988780875818948,2c915370aa3bbff42960b13bc0cc283ce0e74cea1ab51c8e1d781158b6c371a1,76fc2bd192f6e9c928988505f3ebc0b0355e95478c3c8967cfb9f16576bbab9e
PABP,G-Rank,9,1,96,0.5605683904528764,0.43943160954712357,4ce50feec850483c29a5032ca70002a4b653a35f6e52144ca182c4e41c79e2ee,971a6247015e77ec02ecea6edfc1ae7568e701ada3f2ac0ad95d33ab98bcb1d6
PABP,G-Rank,9,2,192,0.46869754376348877,0.5313024562365112,c42dc88a479bc0867962ab434e811d4993ce0a45769df7624ec01dc027b718c7,4bc80d7916fe575519684bbc1c9a0a5821008b83dd286c9a078de6c15dc1ba23
PABP,G-Rank,9,3,288,0.4485154116269996,0.5514845883730004,f25033988a96d12b3b919a6c117ab9ea30aa5b4b2ddc5863991d1e6ae4f931c3,298c58b328bbef72d5e52fb9165022944d58bed88e1ac6d82c5c65a3220868de
PABP,G-Rank,9,4,384,0.5284288279668551,0.4715711720331449,e29154a813a77c467a49c5612d47152b89b5e82bad4513de88be8fe8197bdf64,0dbaabe4f27052904f47cfb1bd231477569828b8b9fab54f2128bdf865ef7735
PABP,T-Uniform-96,9,1,96,0.5605683904528764,0.43943160954712357,4ce50feec850483c29a5032ca70002a4b653a35f6e52144ca182c4e41c79e2ee,971a6247015e77ec02ecea6edfc1ae7568e701ada3f2ac0ad95d33ab98bcb1d6
PABP,T-Uniform-96,9,2,192,0.4003622941200551,0.5996377058799449,c42dc88a479bc0867962ab434e811d4993ce0a45769df7624ec01dc027b718c7,4bc80d7916fe575519684bbc1c9a0a5821008b83dd286c9a078de6c15dc1ba23
PABP,T-Uniform-96,9,3,288,0.5208835239520199,0.47911647604798013,5ea5909df84f83deb32bd6e9cb64b7d24527eff767d991e592f9ab56142e978a,c8664dc89d7b9235093162f8866027fa6159580fb4fc82a3f1224585287ad39a
PABP,T-Uniform-96,9,4,384,0.5083943551548412,0.4916056448451588,1a47aede228c7a016cb028e4fadde405946a412d1452d7233e77795f835af1a4,ec10dee89bf93e675ebf9990a284a21d73e25ac3a445da626d0c44e980fb8f0d
PABP,T-DCG-96,9,1,96,0.5434440836176279,0.45655591638237214,4ce50feec850483c29a5032ca70002a4b653a35f6e52144ca182c4e41c79e2ee,971a6247015e77ec02ecea6edfc1ae7568e701ada3f2ac0ad95d33ab98bcb1d6
PABP,T-DCG-96,9,2,192,0.4295100232195109,0.5704899767804892,e4858c1cac8d4162147e6fe9206c9223434b24e5d19658b9ee54ed74c93e3d4c,d62b0e565c5955ed581d401b8120024c052ccee41ca7a63bb8e1c7dfbf380205
PABP,T-DCG-96,9,3,288,0.5543729673044604,0.4456270326955396,b88019906bb8260c80faa00737fcb3544f117c84a8021a48a9c4fa74a337f9aa,a1c797ecd4052aa6d0d4badd1b50b8af38cec7fee467b697e780ffab65d38246
PABP,T-DCG-96,9,4,384,0.5496686860092247,0.4503313139907753,39f562cdceb83ac85faad7cb3ae858d6524afbd0e3e019f51cd0a1270291d386,8a454d310acd9bc012701d91f3fc3e685a4b3b1b07c867653160f71c314ba28b
PABP,T-DCG-192,9,1,96,0.5434440836176279,0.45655591638237214,4ce50feec850483c29a5032ca70002a4b653a35f6e52144ca182c4e41c79e2ee,971a6247015e77ec02ecea6edfc1ae7568e701ada3f2ac0ad95d33ab98bcb1d6
PABP,T-DCG-192,9,2,192,0.48045255191298286,0.5195474480870171,e4858c1cac8d4162147e6fe9206c9223434b24e5d19658b9ee54ed74c93e3d4c,d62b0e565c5955ed581d401b8120024c052ccee41ca7a63bb8e1c7dfbf380205
PABP,T-DCG-192,9,3,288,0.5482144460295064,0.4517855539704936,a8b361e787682055d7cbba5e6b70d703cf816d5393213feb0ebd74181bac63e6,f56ac184561795c6712d11bf84d334d92c57f49eeed6ec2acff559e5d4b54701
PABP,T-DCG-192,9,4,384,0.542424977738197,0.457575022261803,6c62d991a5b7f3a99c9f61f11de16d8da67418b541ff9e60653a21ab8659c657,c1590c95847f0352cc212f4bf24855d2dab312ece2db96593f938214429e89db
PABP,G-Rank,10,1,96,0.30321389471340304,0.6967861052865969,247e030d0b5ba6ab2f275d23cdd3110c977a279a28e602ce95b6fb04997f96ac,058fe05d559bd099947bddaee4095bbf7baae6373216e7ea492f05e09140934e
PABP,G-Rank,10,2,192,0.3077000407020366,0.6922999592979634,1de3f068fb7c9ed7d9949ebf16ca19352124178256f38ea46e939832d4e64443,66d7cb9eb658e9e44740509fe208a898e44118de67fcc3e26010a96d6795220b
PABP,G-Rank,10,3,288,0.249665012328806,0.750334987671194,331247f8bbe85fdeb1a56e09704a4d3bab19ed8240f7da49b0e554258b40021f,020e55e6f6a3683826385490667773463c63c54ce9bc202877f2f43bfbacac1a
PABP,G-Rank,10,4,384,0.48046446304922125,0.5195355369507788,2b322b366e0d3ee02435000f37a5ddef51fcc1fe8c438eff6ab607adc6cc0993,74b35ed83865613a130e00ade5849aa63080ff25b5e3d5ad903de57d5f915fa8
PABP,T-Uniform-96,10,1,96,0.30321389471340304,0.6967861052865969,247e030d0b5ba6ab2f275d23cdd3110c977a279a28e602ce95b6fb04997f96ac,058fe05d559bd099947bddaee4095bbf7baae6373216e7ea492f05e09140934e
PABP,T-Uniform-96,10,2,192,0.2628840341278647,0.7371159658721353,1de3f068fb7c9ed7d9949ebf16ca19352124178256f38ea46e939832d4e64443,66d7cb9eb658e9e44740509fe208a898e44118de67fcc3e26010a96d6795220b
PABP,T-Uniform-96,10,3,288,0.20737117684867287,0.7926288231513271,70d179649062fb6ce6f2d9e2218fc1381564cffcf042bca617882d503e5729fd,8ebdfb0a77c543b94a12f88fdfe98d3b59ff30f0658887e52442f9dbc8fa1382
PABP,T-Uniform-96,10,4,384,0.4017085757158208,0.5982914242841793,e4b4c9dbffee50eee0db4ec2351492fdd310bed7cfd8a820b0acc5dd3c215a14,f1231093f2548151fc69155d31ad5f2093fcdba1046753041ed9ea11a5c1e93c
PABP,T-DCG-96,10,1,96,0.25368961329097256,0.7463103867090275,247e030d0b5ba6ab2f275d23cdd3110c977a279a28e602ce95b6fb04997f96ac,058fe05d559bd099947bddaee4095bbf7baae6373216e7ea492f05e09140934e
PABP,T-DCG-96,10,2,192,0.261889000749851,0.738110999250149,c934e84f386252ddf64d93fcfd5a822f0a2d78a1b2632c493badf1825d6e45e7,b629e34df8f7876c2b906109480d45ea2704f97f5c21fd276bb474a9af94d074
PABP,T-DCG-96,10,3,288,0.25404608441272325,0.7459539155872768,44453d26465fb997c9d429ad11b5655f1edf9fcea579834e3d4e9957687213ab,fc0e018d715b3276035268ffa0c604b854e09067aefb2a943aeacbf5ae53a058
PABP,T-DCG-96,10,4,384,0.6181316590879636,0.38186834091203636,ae3ebaf0a9800f9b271fce4ba1da510cca37fa268e573acb0476c6299bf4290f,51516abcf58a8e325ade84867968766020bd0bfdae984ba263b4e3ae82cef964
PABP,T-DCG-192,10,1,96,0.25368961329097256,0.7463103867090275,247e030d0b5ba6ab2f275d23cdd3110c977a279a28e602ce95b6fb04997f96ac,058fe05d559bd099947bddaee4095bbf7baae6373216e7ea492f05e09140934e
PABP,T-DCG-192,10,2,192,0.2615804244757559,0.7384195755242441,c934e84f386252ddf64d93fcfd5a822f0a2d78a1b2632c493badf1825d6e45e7,b629e34df8f7876c2b906109480d45ea2704f97f5c21fd276bb474a9af94d074
PABP,T-DCG-192,10,3,288,0.3146343153684941,0.6853656846315059,44453d26465fb997c9d429ad11b5655f1edf9fcea579834e3d4e9957687213ab,fc0e018d715b3276035268ffa0c604b854e09067aefb2a943aeacbf5ae53a058
PABP,T-DCG-192,10,4,384,0.6305465975781661,0.3694534024218339,fb048ecb59d85294789900bceb6d9644bc5715b2b4286de8e602de4e433d622e,48c26edfa858c1ac62f6ccd461944ff48237e80dfbb56a4d5582c5cc7ed6a783
PABP,G-Rank,11,1,96,0.23335365853658535,0.7666463414634146,bd6472444ed11e7c4aa741792e5b90919a90c4a958df88a87e4e4f8c68008056,b574034d02036c8b8e00218a1d6affa03c6c8ce28a55e767b4f64baf17e26d9d
PABP,G-Rank,11,2,192,0.3153464416544038,0.6846535583455962,48aba7f8681a40c52c42f5f2ac74a888c400bdc726bff429f49c4bc5812d4b62,41db6efd2de7997187ab3dd8446ee43110aca3ada4b823c5674517b16086d9ce
PABP,G-Rank,11,3,288,0.305254495126977,0.694745504873023,3636cbe6822a61281f92e27b8fcfe2909ffc62e30d99837c5bee33238641a07c,3494e8e2995e5e9e61b3606a57a22c0d1d61944985ab3d7688be19fb1181e5dd
PABP,G-Rank,11,4,384,0.3983225412263252,0.6016774587736748,371e2c1f4cb044400123b946c3cb550d817edead91352bf366b78694a6252e55,bb6c313fc0ab43461ada5efebdcd0182524337a4b45ccd6ad85d9319268a50fc
PABP,T-Uniform-96,11,1,96,0.23335365853658535,0.7666463414634146,bd6472444ed11e7c4aa741792e5b90919a90c4a958df88a87e4e4f8c68008056,b574034d02036c8b8e00218a1d6affa03c6c8ce28a55e767b4f64baf17e26d9d
PABP,T-Uniform-96,11,2,192,0.29680420510558997,0.7031957948944101,48aba7f8681a40c52c42f5f2ac74a888c400bdc726bff429f49c4bc5812d4b62,41db6efd2de7997187ab3dd8446ee43110aca3ada4b823c5674517b16086d9ce
PABP,T-Uniform-96,11,3,288,0.14945102699634605,0.850548973003654,a01947c0ad272083ea0115ae9648eb621e461bbb915bea5ed3b2a2662600b002,1f7e0e89f13415ef1ab3d2d1b536863864f6451e1ba6ec511649919f2f299dfb
PABP,T-Uniform-96,11,4,384,0.3229842589089736,0.6770157410910265,d5daddf2e7ecb47e09e6782f42642ef97cc19917f49b884e2bc723126b5f7e1c,b6bd08c6f59b0127e71cd24283a93afdb66b0bab0dceedc17dbe0444b2b03dfa
PABP,T-DCG-96,11,1,96,0.12710787141534982,0.8728921285846502,bd6472444ed11e7c4aa741792e5b90919a90c4a958df88a87e4e4f8c68008056,b574034d02036c8b8e00218a1d6affa03c6c8ce28a55e767b4f64baf17e26d9d
PABP,T-DCG-96,11,2,192,0.3153811337404812,0.6846188662595187,94762f805907c455f01dbeac3d0dfb5bff99124cd25a02fd7c989c0c23f05cb1,55e6d5ab69b37095d2c9574445e9eab433503ba7164c651a607a764c6f2a7f67
PABP,T-DCG-96,11,3,288,0.1285600720619847,0.8714399279380153,6ccb40034c2eb74e35919773944b48239714f57dcb3e4dabb18fe1ccda131fb7,e96a4605cdf641108ce1ca1c6dc27b4113ee72cacf89ae38a58f9f413c68376f
PABP,T-DCG-96,11,4,384,0.3237330140798287,0.6762669859201713,9082fca6d1be45076cda76b9d8a03b0e9b625b490ed218808e4e3de8965dea92,9e0235fd0ee14e705cb147e6112280e613d7c464ba812976a9c0a2dcedfaa432
PABP,T-DCG-192,11,1,96,0.12710787141534982,0.8728921285846502,bd6472444ed11e7c4aa741792e5b90919a90c4a958df88a87e4e4f8c68008056,b574034d02036c8b8e00218a1d6affa03c6c8ce28a55e767b4f64baf17e26d9d
PABP,T-DCG-192,11,2,192,0.34594375886099504,0.654056241139005,94762f805907c455f01dbeac3d0dfb5bff99124cd25a02fd7c989c0c23f05cb1,55e6d5ab69b37095d2c9574445e9eab433503ba7164c651a607a764c6f2a7f67
PABP,T-DCG-192,11,3,288,0.3437426424064427,0.6562573575935573,9ad4d5ba1d5de16f56828b51464390a2b82b4d547d2ad13018f047e2960338af,1cb8504837f1ca70dfb538e1b88782536dd9dcd8970c686a1fa94029851d5c6d
PABP,T-DCG-192,11,4,384,0.38625261836161234,0.6137473816383876,f8ef65c7e403773e733adfe15aebd3f0008631146934fcfa010f3cceb2567bba,8fb81fe5515b8c97fd0ff3cacbd04f2262711afeda683b3d1c4b62debff1862e
PABP,G-Rank,12,1,96,0.3082865168539326,0.6917134831460674,eb1f662325681c8e1f3fd10d5f2b84e9dbdd2720f561f7e19d79e6bc75f1a486,08514d73c8786875279aefb8ee4939303bb009dd6e3d58f4ba9b4eeeefaf1522
PABP,G-Rank,12,2,192,0.4845279662931996,0.5154720337068004,0cbc4055e7591cbb42b70aead663e9892b13fdd4bc84f052fc9f77744a5b7c98,a63fa6cfa1c550879b0de637c0633959dd56fef151e727f6284087b9448de594
PABP,G-Rank,12,3,288,0.46978225703847765,0.5302177429615224,89d4d2e6baf1b8f9787ed5884387497e8782f914bd11c370ed0d28fb3afc091b,85580330c0042b3e3ecc5f9bd089386cbf0195731bda74445668d21fd7160f81
PABP,G-Rank,12,4,384,0.3951455693234863,0.6048544306765137,767e626a0336676a41c00eade73e9367b452e5129271ac66f65c9bcb80639b02,7c6b43fa4ca57f9405137c5662ea9d19611dd8d776e55f4cae157599ced5bda4
PABP,T-Uniform-96,12,1,96,0.3082865168539326,0.6917134831460674,eb1f662325681c8e1f3fd10d5f2b84e9dbdd2720f561f7e19d79e6bc75f1a486,08514d73c8786875279aefb8ee4939303bb009dd6e3d58f4ba9b4eeeefaf1522
PABP,T-Uniform-96,12,2,192,0.5341662689565274,0.4658337310434726,0cbc4055e7591cbb42b70aead663e9892b13fdd4bc84f052fc9f77744a5b7c98,a63fa6cfa1c550879b0de637c0633959dd56fef151e727f6284087b9448de594
PABP,T-Uniform-96,12,3,288,0.4409795799831167,0.5590204200168833,8071cb315194270d6f3cef5477fb8ebd34613030b3b1d1b6131dfb4840b0c1d3,ed79510ac1fe983bf7148d419e3a2a6a64e31b68f0afc3b4776fef7afd536235
PABP,T-Uniform-96,12,4,384,0.34681498643179065,0.6531850135682093,41121e0c2c1c7cc04a0c876fdedc9f857c3b026bf52cb0fa2a4fc39f170d412a,37e9a4abda99899feb7b9da4cd35591dfb45be97d62f393ec57f88cb4e88e04d
PABP,T-DCG-96,12,1,96,0.27476928970287784,0.7252307102971222,eb1f662325681c8e1f3fd10d5f2b84e9dbdd2720f561f7e19d79e6bc75f1a486,08514d73c8786875279aefb8ee4939303bb009dd6e3d58f4ba9b4eeeefaf1522
PABP,T-DCG-96,12,2,192,0.5833241809261112,0.41667581907388884,efb31472708e47807528ae24cd4970329f7016ea73b355b8c724dd52570f4a22,525562453a0e7371adb84bc4ed2eea77542e7147b7c3ecabb7d945d118f79f06
PABP,T-DCG-96,12,3,288,0.7376075918154184,0.26239240818458165,eaad5cb0909175ceea206919623f3fff266e49918d30b984c8617e329517ab1a,cc0be3ed89a64e89ce23058bc360dc7e1580041f79d0018c2437660427bd0bdc
PABP,T-DCG-96,12,4,384,0.376122144076617,0.6238778559233831,50a51f65a92b1e5da46bcab2777e72416b7487894a9145e4b25cbab63b082da6,a496c6783fc355f06e00a5f58dfa0d2da7021a63bf471fc1b4450303a82a2a04
PABP,T-DCG-192,12,1,96,0.27476928970287784,0.7252307102971222,eb1f662325681c8e1f3fd10d5f2b84e9dbdd2720f561f7e19d79e6bc75f1a486,08514d73c8786875279aefb8ee4939303bb009dd6e3d58f4ba9b4eeeefaf1522
PABP,T-DCG-192,12,2,192,0.5773767921372567,0.4226232078627433,efb31472708e47807528ae24cd4970329f7016ea73b355b8c724dd52570f4a22,525562453a0e7371adb84bc4ed2eea77542e7147b7c3ecabb7d945d118f79f06
PABP,T-DCG-192,12,3,288,0.5203451166609077,0.47965488333909234,5a6d63ad8fe46fca5438fd3b7a426771c872162f3d9e8ad74a2aef791c2da615,fdb6aada3178d6a90d0352accab90c878f5edcabad81392f913c5055a988a1f4
PABP,T-DCG-192,12,4,384,0.42784660329421803,0.5721533967057819,f23c1de32ab7bfe2ab75e8b63a46ba8be5b7be5f4747eb03fc8eb2be8b2fe9c2,d78888be2d2c90c603a8fb16e1c6949e0c3867d26147efde45cecbcd2cffe34e
PABP,G-Rank,13,1,96,0.44964699089262744,0.5503530091073725,fb143fab91eaff723e88e14e94bb0e4527d7cf4f4e203147d2894b1d691c12c2,63e06e5516d3c61c3f560ca82ce0f3944c61cc8bd7597dc71ec12f8b3c78dc37
PABP,G-Rank,13,2,192,0.43038906106855346,0.5696109389314465,fa966bd682e649cf92a4fb3939264dd5544776903a846e6ff21a90c5c1df603e,a259c8e9076b9ac0840d6159378b6e17309fa9983d44be99963e49f14684280f
PABP,G-Rank,13,3,288,0.25085748983486994,0.7491425101651301,e07cd469ea40eace97a6e2ea88e3e14d2b01f6b79e165cff035ba9ff9f67fb91,af89a54c9e08ef85176419ab8cba437891dc77d10fbb4dec5960d4886ff9ff51
PABP,G-Rank,13,4,384,0.3105304431582806,0.6894695568417194,00468da04cd582d008349056cb0bd40db34ffb760068fdf0ebd899d58a40b845,6a182a694d69b9e82285291dcf876df52b6bd934da729f91aa8bd2ff5dba330c
PABP,T-Uniform-96,13,1,96,0.44964699089262744,0.5503530091073725,fb143fab91eaff723e88e14e94bb0e4527d7cf4f4e203147d2894b1d691c12c2,63e06e5516d3c61c3f560ca82ce0f3944c61cc8bd7597dc71ec12f8b3c78dc37
PABP,T-Uniform-96,13,2,192,0.5159400056356789,0.4840599943643211,fa966bd682e649cf92a4fb3939264dd5544776903a846e6ff21a90c5c1df603e,a259c8e9076b9ac0840d6159378b6e17309fa9983d44be99963e49f14684280f
PABP,T-Uniform-96,13,3,288,0.31720911154133075,0.6827908884586693,e786ba4a252c33719a8220ae7c5fbf78938f09cd80fbe3260c62775b1acfc154,c694e7d0e1e9fb0a6a3c46fe54b7a5ce34eab4fd424c0a8ae70fddc5dcf02ca1
PABP,T-Uniform-96,13,4,384,0.18605560254115608,0.813944397458844,6da6dc285140d9e11e51f2f6250a5c0c024b6f44b8bdf03fa4fb14c55c84335c,a0d623f7cbcd0b8b389ca0afcc30ed309c4562d52ebf65de38d676a91ca211b1
PABP,T-DCG-96,13,1,96,0.389945018420412,0.6100549815795879,fb143fab91eaff723e88e14e94bb0e4527d7cf4f4e203147d2894b1d691c12c2,63e06e5516d3c61c3f560ca82ce0f3944c61cc8bd7597dc71ec12f8b3c78dc37
PABP,T-DCG-96,13,2,192,0.2848057316416336,0.7151942683583664,5e36ff8b70a0bcf7339aa1892b204375da97e8e989335ff8fc698678888e2365,949a2fc8c53a7a6e94eed660212086e193a8d9c5433b1c914e97cd99f0bbaab6
PABP,T-DCG-96,13,3,288,0.14166187965464846,0.8583381203453515,db4cd8cfeefcde5bc6418baa418aeda88fa638734c9b8231248d2be6bd9ac292,9f572aeb000ee4849eb822c510308baf04e1c5a1bba9218981feed3656e6df47
PABP,T-DCG-96,13,4,384,0.32182324798794776,0.6781767520120523,dcff112d61767895ec82f0004864ef81f690881ed017e879d96b129264788588,4e7242709728b813ed72947837fb6a3feafd052d365c2429ead15bdffafec87c
PABP,T-DCG-192,13,1,96,0.389945018420412,0.6100549815795879,fb143fab91eaff723e88e14e94bb0e4527d7cf4f4e203147d2894b1d691c12c2,63e06e5516d3c61c3f560ca82ce0f3944c61cc8bd7597dc71ec12f8b3c78dc37
PABP,T-DCG-192,13,2,192,0.32601166984636815,0.6739883301536318,5e36ff8b70a0bcf7339aa1892b204375da97e8e989335ff8fc698678888e2365,949a2fc8c53a7a6e94eed660212086e193a8d9c5433b1c914e97cd99f0bbaab6
PABP,T-DCG-192,13,3,288,0.43124715183189233,0.5687528481681077,deee90a8ad08608ebe23ad25fdc80c199029f975eb74e686eaedadc20aa74e58,8673e4f50c0a06d90dcf28707a952b448d4d6e75efdbfd756d1dbf7d9eb7d360
PABP,T-DCG-192,13,4,384,0.28213760278811617,0.7178623972118838,00c7e7adb4ec4a8fc5751110962fcedacb9beac8b0f2b3c68e34e4682841c19e,b928f6e3c8b682b362fdb95eada820da8ce59cdf254b649f7ecd57a4909992fe
PABP,G-Rank,14,1,96,0.5066774909099224,0.4933225090900776,65dbd8e302f0fc8e3e5429913e83d35aff3a06ecae770e6ea1dd61eaa8d92063,f1185be8e598c90ff13246b4332d6e7e8a685802d224812ac9df51d00037af08
PABP,G-Rank,14,2,192,0.5207087030159889,0.4792912969840111,282ce9ec00c3cd9c25b056ac6ef43c1af0d855ed7af08221dbc87c92ff655341,4988b476691f1e1293b37e05e9cb709006341412baf2f003763eb9cf84bf5e75
PABP,G-Rank,14,3,288,0.5329660166493279,0.46703398335067214,5af2d4eab3610e7f37810897b722fadf8ae6db817fafa550016b3dd5f0b72c17,d7a0c0a49b37d25fac425a906bdf12c276543744070fe98b56ef2835d68e865f
PABP,G-Rank,14,4,384,0.4393284153005465,0.5606715846994534,c1306dd1b788e0752b7fc3c6ad1a92fb643c213dbfe9c18812bd9ac54922ca0d,4af3acfe4d04290c188e114523dcab47105bd7ccf67868bc0e9bb685135ad339
PABP,T-Uniform-96,14,1,96,0.5066774909099224,0.4933225090900776,65dbd8e302f0fc8e3e5429913e83d35aff3a06ecae770e6ea1dd61eaa8d92063,f1185be8e598c90ff13246b4332d6e7e8a685802d224812ac9df51d00037af08
PABP,T-Uniform-96,14,2,192,0.4053293624358321,0.5946706375641679,282ce9ec00c3cd9c25b056ac6ef43c1af0d855ed7af08221dbc87c92ff655341,4988b476691f1e1293b37e05e9cb709006341412baf2f003763eb9cf84bf5e75
PABP,T-Uniform-96,14,3,288,0.45098730953235555,0.5490126904676444,f29639059343cad1ea5f8fde837ea9184f3f20e0e6c649ae5c0a2e1c7e16132d,fde09d1f6187d76888f4559703f35fe96fbb949785c5e682b4ac5ba5d7537a35
PABP,T-Uniform-96,14,4,384,0.41771596222277396,0.582284037777226,ac1b84ac276dbe7d6cdefabcaf9aa5f91ad0ba1b136b1b612e3e8b8b07101908,92271baa6972ca1f230e62ce22b68a006857acd15ea5111bc4c229ed59a9e682
PABP,T-DCG-96,14,1,96,0.5706201493713574,0.4293798506286426,65dbd8e302f0fc8e3e5429913e83d35aff3a06ecae770e6ea1dd61eaa8d92063,f1185be8e598c90ff13246b4332d6e7e8a685802d224812ac9df51d00037af08
PABP,T-DCG-96,14,2,192,0.35930736726689977,0.6406926327331002,08919c6a8a7cd3bedcc1a55bb9477ad56c05770a4e7d6e3c756753034900ca74,27cf21098a710d1af559dbfee7b488f36edf32ae8b93b47310417fd1f9351021
PABP,T-DCG-96,14,3,288,0.31174873194028724,0.6882512680597128,ae9f915424eb652eb46e211f7f394b8535d87756aa7f227b1854e81530961a3e,f8ff176ec1b92d21a787ccc0b6c87eb67a7c8e3a7b96e91e74873d52fea9c432
PABP,T-DCG-96,14,4,384,0.4534544079909683,0.5465455920090316,f141e9503f96987c3cd839f5abf62569d46f10f35f73693037af252e2659d81e,cc40f4fda7f62ece6f2c74d3d8a5b94cc9820f108fb5537b2b07e11ec11878f4
PABP,T-DCG-192,14,1,96,0.5706201493713574,0.4293798506286426,65dbd8e302f0fc8e3e5429913e83d35aff3a06ecae770e6ea1dd61eaa8d92063,f1185be8e598c90ff13246b4332d6e7e8a685802d224812ac9df51d00037af08
PABP,T-DCG-192,14,2,192,0.44882946812101604,0.5511705318789839,08919c6a8a7cd3bedcc1a55bb9477ad56c05770a4e7d6e3c756753034900ca74,27cf21098a710d1af559dbfee7b488f36edf32ae8b93b47310417fd1f9351021
PABP,T-DCG-192,14,3,288,0.29016628573445385,0.7098337142655462,dbe18a02cfdfe0f9c0e3cfb6d3ffcd5b57e11018e32ede6528a7c085f18b335c,f8d5787b5d7bf4cec0fc46331b2bf8bff8798da1032cd0666b2ed7b2c4bfbb03
PABP,T-DCG-192,14,4,384,0.5177823484347235,0.4822176515652765,b7d8b502fdd48ba9f13808148115fc1a9388d5783bed6e03d90724271d00d33a,dac5a85caa45ba3d4a38b589658bd5d581ef2e6cbfaf790981e52c71c5006660
PABP,G-Rank,15,1,96,0.6709964724912786,0.3290035275087214,1ae9074012c600198ed9254abc557e871708c7bf61e6b42ae615f08fd961f0b9,8299b0fd096b23629e889835d40de0f7b2a464d6a008dd262223575a5b779fe7
PABP,G-Rank,15,2,192,0.4718724992274841,0.5281275007725159,77018cc9de119f7426f8423a2a6468bc360a298d5062a70f7b2b5d5de8801b17,9b2a8184fa3458d312b183dfecf7cb060c7cd6a0fab9aad16bcb12f21ab046bb
PABP,G-Rank,15,3,288,0.31280361189211314,0.6871963881078869,39558e727c50351da6d23712447b1d68a1ea6e810e956ae66204bccb76e91464,7cec8796e0e985a57a09cdf3840ead214ffbbe9b5050a50828c56e6b43fed411
PABP,G-Rank,15,4,384,0.3594536293430586,0.6405463706569414,a4a0469ac0802c8ef4c1d529f931a8a8ac42754694de53681ee3fab3fd97ce8a,929e8104d5e13c1b3b3f8ee4fe513e02995dbc57d1b0a69ab8c9516157b0b2ef
PABP,T-Uniform-96,15,1,96,0.6709964724912786,0.3290035275087214,1ae9074012c600198ed9254abc557e871708c7bf61e6b42ae615f08fd961f0b9,8299b0fd096b23629e889835d40de0f7b2a464d6a008dd262223575a5b779fe7
PABP,T-Uniform-96,15,2,192,0.5224622721060741,0.4775377278939259,77018cc9de119f7426f8423a2a6468bc360a298d5062a70f7b2b5d5de8801b17,9b2a8184fa3458d312b183dfecf7cb060c7cd6a0fab9aad16bcb12f21ab046bb
PABP,T-Uniform-96,15,3,288,0.3033508721200418,0.6966491278799583,792c9cac6f186e93a9d44dc5e5f14ce8950f6a7d07252696f12af634fcfe611e,7b458253d1009300cd499d01038cdfe5ccef8ad32cf07129efd51993bb46ca93
PABP,T-Uniform-96,15,4,384,0.49444609199328804,0.505553908006712,393e6c7662a3f1593fa755d34065e1c63f61d16f40d815c0ed45c773bf6f8b8d,a13622b1cdac53eed4241d5ece82ba0988424f7dd60b4cbd112e49b4365deefd
PABP,T-DCG-96,15,1,96,0.5450368389726039,0.4549631610273961,1ae9074012c600198ed9254abc557e871708c7bf61e6b42ae615f08fd961f0b9,8299b0fd096b23629e889835d40de0f7b2a464d6a008dd262223575a5b779fe7
PABP,T-DCG-96,15,2,192,0.5151115193081992,0.4848884806918008,19896767ce06ff24a1af444b2ae406b7351a0c8818b1eea979948afa95dda4ea,b3990229d5973d7245d351422a1ae895495e1b1904e3afad9eb73c36b6dfa666
PABP,T-DCG-96,15,3,288,0.3812635141758959,0.6187364858241041,81f2233cac90203ca804be18984a4dbe849e666255ca05c8da81d335c9823ecf,686de52d1b428c008861ceebb74327f7974f2de0dbaf3282499c621a9ef69a7f
PABP,T-DCG-96,15,4,384,0.4435357264955786,0.5564642735044214,440a53c40e1d454c23254d9bc2998eabc9cf0e89d6957f73661ab4fb58cbf5ac,2160604d51cf1a027b8ed27e97152d4e2b4b98e63d56ba690f4ec5875853d757
PABP,T-DCG-192,15,1,96,0.5450368389726039,0.4549631610273961,1ae9074012c600198ed9254abc557e871708c7bf61e6b42ae615f08fd961f0b9,8299b0fd096b23629e889835d40de0f7b2a464d6a008dd262223575a5b779fe7
PABP,T-DCG-192,15,2,192,0.45697726606104166,0.5430227339389584,19896767ce06ff24a1af444b2ae406b7351a0c8818b1eea979948afa95dda4ea,b3990229d5973d7245d351422a1ae895495e1b1904e3afad9eb73c36b6dfa666
PABP,T-DCG-192,15,3,288,0.2926165988964916,0.7073834011035084,5d9d599cf44d6c8ee42232c47ac1e76c3e672fc58f1512e61bd4b74beca3cf6b,ddbb141a39771bea0521d3d9f350199a8008da2b950e63518cd97b2e4db54cf3
PABP,T-DCG-192,15,4,384,0.40988232843419686,0.5901176715658032,98cb7214b38ddebb61ee07d93a1e9b669354d16db5d3278980fd65eed37ad488,a7a6cf23448166832094ce0f3b7defe2ab8e6f15e44263a45c1bf3a4097e882d
PABP,G-Rank,16,1,96,0.6354400676171622,0.3645599323828378,f5c0464b70d1d0dd6ef7b4008d888859c9d535b71043dcdfb13703d3ee3dc98e,c8cda8e793dc48fe46c7cc2482ade61aa57e14e4382992293324bec4da9b95e5
PABP,G-Rank,16,2,192,0.48559544190027815,0.5144045580997219,3d22e3787d5b6a60c6f1b2efba48016f3fbb5a2fb183b6e964cee3e5ff274640,69aaf8bcc7366c092c43275a749fe20379690c12c0a7126a42cace1e47004741
PABP,G-Rank,16,3,288,0.5010210784086827,0.4989789215913173,9682036366150dd9eb3efa498ca23bfb0564b2b60a5be83c94b0599e069596fd,c5eb14e9a2c1a3ea1a665d8113f30b3a6d1f4ed6bf21a207311f06366654c719
PABP,G-Rank,16,4,384,0.43608790079300447,0.5639120992069955,d8ba0801348c4d04586ae0cb9412e50d2f4fba0dc33d219f708c35c0d47da9f4,2c931f06ea476b869696f887a457b93e069e6d70f61b5a8a7e1d29e2817d3d52
PABP,T-Uniform-96,16,1,96,0.6354400676171622,0.3645599323828378,f5c0464b70d1d0dd6ef7b4008d888859c9d535b71043dcdfb13703d3ee3dc98e,c8cda8e793dc48fe46c7cc2482ade61aa57e14e4382992293324bec4da9b95e5
PABP,T-Uniform-96,16,2,192,0.4652787042196047,0.5347212957803953,3d22e3787d5b6a60c6f1b2efba48016f3fbb5a2fb183b6e964cee3e5ff274640,69aaf8bcc7366c092c43275a749fe20379690c12c0a7126a42cace1e47004741
PABP,T-Uniform-96,16,3,288,0.39231069044307215,0.6076893095569278,3c59c0007ad04c4a8fd4441d5d185bc2f31ce0b3565f356fc0087cc8fbc930f9,7f58a792e41a6d03c39c73d0337f2fc34be440a2695ede2d25392da7823e847a
PABP,T-Uniform-96,16,4,384,0.32316850012781106,0.6768314998721889,a1de512b1f73513f94f224340961a726167fd5e951a242ecb76657c68cfca10c,dcc0ebf49a930b789a660f258e68dae75f7713e24e56413d573169ae16474c65
PABP,T-DCG-96,16,1,96,0.6136617138632791,0.38633828613672094,f5c0464b70d1d0dd6ef7b4008d888859c9d535b71043dcdfb13703d3ee3dc98e,c8cda8e793dc48fe46c7cc2482ade61aa57e14e4382992293324bec4da9b95e5
PABP,T-DCG-96,16,2,192,0.3408313614838821,0.659168638516118,6a5edc0742234b0b8645354e87cfbdb48d58e9bf3215ce593c54a4235feeea12,10b66cae218c47dabaa1cff68354d092cce2fb767cab699bccf7ed63f3731ac3
PABP,T-DCG-96,16,3,288,0.30574614606613565,0.6942538539338643,37d1b015ee8d16e2a62df14dcda787e77d00110af6a7af8a4776070ef437d4f1,6b79049f9aa597d0881c4af9c447d532e373f40046b25e26c137676c2b74a0b7
PABP,T-DCG-96,16,4,384,0.0519902894242921,0.9480097105757079,b7e3cd77ebf4f85ca05b0864ade3bc541b9a79cbcdac34e98d835ebf7966ff6e,6fc54f0a680899c97b8c6e4dd908d9deac0abe11129bd5947157af9c17067863
PABP,T-DCG-192,16,1,96,0.6136617138632791,0.38633828613672094,f5c0464b70d1d0dd6ef7b4008d888859c9d535b71043dcdfb13703d3ee3dc98e,c8cda8e793dc48fe46c7cc2482ade61aa57e14e4382992293324bec4da9b95e5
PABP,T-DCG-192,16,2,192,0.43951996093623624,0.5604800390637638,6a5edc0742234b0b8645354e87cfbdb48d58e9bf3215ce593c54a4235feeea12,10b66cae218c47dabaa1cff68354d092cce2fb767cab699bccf7ed63f3731ac3
PABP,T-DCG-192,16,3,288,0.34985545094489,0.65014454905511,3bee8d084b10561d472df51fa1a163e9fe6432f8bc6188c500228facfcb11d23,b934b6f2798ee14951b0545f3642275b3d6e9b6f62fa89144aec1495c8f35b68
PABP,T-DCG-192,16,4,384,0.3981021404155985,0.6018978595844016,b03a117bbce6a03af5d351423c93407c1f0779522e1190199a52dd922b90f319,97a4c2f0371a0ba1532e768a99f8a1f5f46be6bc0a55a5863ca19f03a7e06521
PABP,G-Rank,17,1,96,0.5779406640449997,0.42205933595500034,71548fef863a3689c6d768bbf2101ec6ef0424ec3786184ad11d2a668fad0dbe,65a26fda993c9920cb6c1ece54dd72962ff666cdbc5020ac49ceb144e91f47a6
PABP,G-Rank,17,2,192,0.3644768239403336,0.6355231760596665,01d4e048b29ea4b90528baba8bc8db642db30f227dfe32938f784369da0441e8,09cc5c1404d4f8ad5058e2284c13ebdb9c7f7fbe12b2d881c64cecee1c345933
PABP,G-Rank,17,3,288,0.27056901123968463,0.7294309887603154,45d3d50b88b0a20f5eb028d860b93fdacd17aa589a8c6206b9a6542a625a37f2,a633084fe403952f2eca10386eb50011e8857d4b0ec860a02d5ec5e29ab99860
PABP,G-Rank,17,4,384,0.3650151974433263,0.6349848025566738,c9cc11b666d5ca5b8b9cb0f71112a61649d29944f23a0fb4ceac90fc0883b506,c85603463c4dff17500ad06c308774dd174478d194eb67e3587ec1a047eaffda
PABP,T-Uniform-96,17,1,96,0.5779406640449997,0.42205933595500034,71548fef863a3689c6d768bbf2101ec6ef0424ec3786184ad11d2a668fad0dbe,65a26fda993c9920cb6c1ece54dd72962ff666cdbc5020ac49ceb144e91f47a6
PABP,T-Uniform-96,17,2,192,0.44683416734144626,0.5531658326585538,01d4e048b29ea4b90528baba8bc8db642db30f227dfe32938f784369da0441e8,09cc5c1404d4f8ad5058e2284c13ebdb9c7f7fbe12b2d881c64cecee1c345933
PABP,T-Uniform-96,17,3,288,0.30170030338538445,0.6982996966146156,d5738b5daacc037cffc718f912ccba0114b727791cbc4ad0118c2dd01d998e72,37f8b3e64b84a1c04f82bfb411615cafcead91d58416d8a0e9e10f64a0f15b9d
PABP,T-Uniform-96,17,4,384,0.32942417587161454,0.6705758241283855,48c03cbae654da90da00f364e27307f8587dd8c4185dae134115ec2b9108c36d,a49345611f7740dff0896b4cd70775c214aa0a19c0cb473babb618fc627dc43a
PABP,T-DCG-96,17,1,96,0.548618374677007,0.451381625322993,71548fef863a3689c6d768bbf2101ec6ef0424ec3786184ad11d2a668fad0dbe,65a26fda993c9920cb6c1ece54dd72962ff666cdbc5020ac49ceb144e91f47a6
PABP,T-DCG-96,17,2,192,0.5964322013709482,0.4035677986290518,8bc95115df1016592f7891896e9a536e6a3cfa861ca625cabd7a8d47398d2340,9d2c64772416bc9e53b10f7d06fe2477c6639576e53bd28e3486db4aac331072
PABP,T-DCG-96,17,3,288,0.32543775721865803,0.674562242781342,d3116dea3bbeb7270522206d4ba7065977496734bd59ef07ffc9c6ef428f58ab,1ff488d42f47a25c5dd4756630be678c6f6052324b06473b1b321e98c130aaab
PABP,T-DCG-96,17,4,384,0.38885714128296145,0.6111428587170386,43c49f33a87ec8469916e5bcad71278899f2643c8a0f4e9c56149c00bf878382,787399e15cca59a6e08cbd2f0a203cb91af906745bb1fc820bd492c716ed66eb
PABP,T-DCG-192,17,1,96,0.548618374677007,0.451381625322993,71548fef863a3689c6d768bbf2101ec6ef0424ec3786184ad11d2a668fad0dbe,65a26fda993c9920cb6c1ece54dd72962ff666cdbc5020ac49ceb144e91f47a6
PABP,T-DCG-192,17,2,192,0.45999459663286146,0.5400054033671385,8bc95115df1016592f7891896e9a536e6a3cfa861ca625cabd7a8d47398d2340,9d2c64772416bc9e53b10f7d06fe2477c6639576e53bd28e3486db4aac331072
PABP,T-DCG-192,17,3,288,0.3603981400385544,0.6396018599614456,581bb3b9266e2c7b66f86218d57f67a80f299fac673c281ca82bda008447d3dd,fa7c13c92516f60525938065f1aee7680143cd374b16ec2c7db0eb2234e95ce6
PABP,T-DCG-192,17,4,384,0.2950633383436788,0.7049366616563212,9829a8e4d49cac28a96fb2840f60ba75a5808e097d961ebcd45ff975fd46fc16,a086bebc2fdf374e37d8723640c7189c07ae484075893819dfb5c36b99f1ca2f
PABP,G-Rank,18,1,96,0.5250642306594347,0.47493576934056525,82f8f6c78a11441b2923717ab9d216ca4b57ad944473ad49381126ed322e414a,61e090f5b34f4c1c2759d361713087988f3c847450e11bff94c8098b4873efee
PABP,G-Rank,18,2,192,0.5388785402819525,0.4611214597180475,57e546c7e664fe28f10617cce59df1b4df317218f7e05682121b9cc08ad7138b,961608a08496002469fc06aa6b555a9be66ddba24618b468437a43f7c5506a87
PABP,G-Rank,18,3,288,0.3953843929789632,0.6046156070210368,9d53eecfad62cb0d8e1e8d5ca616287c1a9193c9726a8d4ccc4cad86e95d3cfd,3def483fac0e84babb6858c4889a14df647d5d3a008271f2e393211a092db038
PABP,G-Rank,18,4,384,0.3940235500030639,0.6059764499969361,79589db958cd60ef84daad698260664074667bc2c1dbb934fe858d32898a106f,838800c45a0db1e5d0de373e9cec7509cbba391f9b4a54221be9e06f46e3afcc
PABP,T-Uniform-96,18,1,96,0.5250642306594347,0.47493576934056525,82f8f6c78a11441b2923717ab9d216ca4b57ad944473ad49381126ed322e414a,61e090f5b34f4c1c2759d361713087988f3c847450e11bff94c8098b4873efee
PABP,T-Uniform-96,18,2,192,0.6762810089639358,0.32371899103606416,57e546c7e664fe28f10617cce59df1b4df317218f7e05682121b9cc08ad7138b,961608a08496002469fc06aa6b555a9be66ddba24618b468437a43f7c5506a87
PABP,T-Uniform-96,18,3,288,0.606996592222966,0.393003407777034,b6c93c36e777d4cfce66e4790b3ab497c6cf4c20ae0c61ac24e87fcab7f3cdc9,8932f69aa0796e2390fcfebf8e7adf3048bcf8a1f4940813ea75c9a903f52379
PABP,T-Uniform-96,18,4,384,0.317479182826342,0.682520817173658,641fceabb3f8f2c84b700e5bc2d93d7c270d0c8aee74df1d89d7d63ad18e8e02,a469b2e54fba7bf8b62cb29510143c908923407a440d8a5232ba339896c2114f
PABP,T-DCG-96,18,1,96,0.5964305684286906,0.4035694315713094,82f8f6c78a11441b2923717ab9d216ca4b57ad944473ad49381126ed322e414a,61e090f5b34f4c1c2759d361713087988f3c847450e11bff94c8098b4873efee
PABP,T-DCG-96,18,2,192,0.5718286388099655,0.4281713611900345,6825afe0d2e9cf034919c169d832086cb76a402317c47c65a1fe3aad17423d72,6601af72778298d20f0e7bc02641aca66d9dc736fd25bb5099244835f91c7dac
PABP,T-DCG-96,18,3,288,0.4798451606307625,0.5201548393692375,9672eecabe58d98658fcf9deb03b81b6fa29cec80aadbb19c84456d8d15971f6,34ee476613bb2c61d3e79a49a15abedcd5f8b6ff4deae3289bd93d412370a13b
PABP,T-DCG-96,18,4,384,0.31194729312447034,0.6880527068755297,11cd687db8c99877699b6fcd4fc7dd74382b1633e5457d97bf12ec30b50a4498,7c601b8070f6e5077b5a9f5446cdb0e9b28584a716e97593134156d95e395c39
PABP,T-DCG-192,18,1,96,0.5964305684286906,0.4035694315713094,82f8f6c78a11441b2923717ab9d216ca4b57ad944473ad49381126ed322e414a,61e090f5b34f4c1c2759d361713087988f3c847450e11bff94c8098b4873efee
PABP,T-DCG-192,18,2,192,0.5369923606927157,0.4630076393072843,6825afe0d2e9cf034919c169d832086cb76a402317c47c65a1fe3aad17423d72,6601af72778298d20f0e7bc02641aca66d9dc736fd25bb5099244835f91c7dac
PABP,T-DCG-192,18,3,288,0.471296823516562,0.528703176483438,a3c3c8e7398c69eba67aaec981ae06fa34fd8203a815f66e297ff1c16eb83d4a,7845ecdc9d87e421e3aef90fc9ebc1d8dbb01466d74f6795048a4904535daeeb
PABP,T-DCG-192,18,4,384,0.39928302626397477,0.6007169737360252,91794a8f619cdf729048f39c0b69d5a8597c12f04bf3cf05b0e630aef4f59df5,4cbc31243a091df43103a72955365f0628aca6b8f4e328cff7baa39d7cb9eed6
PABP,G-Rank,19,1,96,0.46657936378021503,0.533420636219785,e50676272a8dd07bb873d95c65f08b4a43883ef528678e57abb1ec1ebca663cb,b43cfe9e39dd5bca35f7098f5d9233122f7370b206730940dda061fa5d5a8cb7
PABP,G-Rank,19,2,192,0.542800807925363,0.457199192074637,68b21278bea8147e7a4e70bd7e6649de7a1cc282cc902c8935899fa31456d6b9,5404e853ffde0240342a21e8098484ac464f44f5ff4d1aaec1826d842f73efa3
PABP,G-Rank,19,3,288,0.570745221945442,0.42925477805455803,075230d98868d73bcc5295659ce71063b0fa453107c8c9277691cc3050763fe1,7a63e0540e4494c0fa4ce3f76e59660b1f0061101e1039831d5c98105487d526
PABP,G-Rank,19,4,384,0.44889654115304684,0.5511034588469532,1e9c6a4a3d4df25b2b2c1bb8bfde6407d9ec03f31d32a743fbec5897a4379b14,ffa8c8c4b469421c10f247b8237c3836b95ae29ce739bf8c246f7c06b53ef3b1
PABP,T-Uniform-96,19,1,96,0.46657936378021503,0.533420636219785,e50676272a8dd07bb873d95c65f08b4a43883ef528678e57abb1ec1ebca663cb,b43cfe9e39dd5bca35f7098f5d9233122f7370b206730940dda061fa5d5a8cb7
PABP,T-Uniform-96,19,2,192,0.47065183812171757,0.5293481618782825,68b21278bea8147e7a4e70bd7e6649de7a1cc282cc902c8935899fa31456d6b9,5404e853ffde0240342a21e8098484ac464f44f5ff4d1aaec1826d842f73efa3
PABP,T-Uniform-96,19,3,288,0.6051803819789594,0.3948196180210406,5500ea0260c9dfd89300e371ab070d1986f8a9371df34f9ac7051cb416cc30a8,6a24dbbc397543d99014885cdbf83e9bf2b6d9575217ccb3717200ac87b7e1c9
PABP,T-Uniform-96,19,4,384,0.7213484249437103,0.2786515750562897,6cc099de511062b330fedf90d357ae55d0cc456138c35a219d70d1b92539d416,95a42f4102cb78f0ef4bac4f88be0f467d106fd52a4524b246086b9e6b4dafac
PABP,T-DCG-96,19,1,96,0.3987885199211095,0.6012114800788906,e50676272a8dd07bb873d95c65f08b4a43883ef528678e57abb1ec1ebca663cb,b43cfe9e39dd5bca35f7098f5d9233122f7370b206730940dda061fa5d5a8cb7
PABP,T-DCG-96,19,2,192,0.6310878951492039,0.36891210485079606,60601635cc6a9c51083f255fe500518fb79c97eb6710fc2f54224b92ff0048a9,3108738162548f3c551d54ce709b16b4371220f9f12b9b5164710eaf5b376d46
PABP,T-DCG-96,19,3,288,0.47796523655516104,0.522034763444839,a4f113d0c11349f55fec029185e618fc13ba294fe30631490d6c9f97579d36ee,ec64703351ee7987a99eb560c2ef07900e9069665a531251fa64ef20e5f500e1
PABP,T-DCG-96,19,4,384,0.6590133740542696,0.34098662594573037,449f9f76ee1bf42d506fe1ee53279258d9b967e6adc7a036685a8407bc17f92f,fb581cb69c5691e1d2e8e696ae8f50765412970f2c463ca85c7fb97ccb15420a
PABP,T-DCG-192,19,1,96,0.3987885199211095,0.6012114800788906,e50676272a8dd07bb873d95c65f08b4a43883ef528678e57abb1ec1ebca663cb,b43cfe9e39dd5bca35f7098f5d9233122f7370b206730940dda061fa5d5a8cb7
PABP,T-DCG-192,19,2,192,0.5731997334845756,0.42680026651542435,60601635cc6a9c51083f255fe500518fb79c97eb6710fc2f54224b92ff0048a9,3108738162548f3c551d54ce709b16b4371220f9f12b9b5164710eaf5b376d46
PABP,T-DCG-192,19,3,288,0.5307182408740868,0.4692817591259132,ffead204c5a13ab301c49464a010abdc7c8a77c65676b536570fb2a465779b80,277715b3cba013bf7db200716a4989635a0cbf167df851f8ca735c761e1fc6ab
PABP,T-DCG-192,19,4,384,0.5437645253204542,0.45623547467954584,80d678839fdeebd480be93996c929b689ab32094239bf845d023cbf3e0612aa1,9575f30bdc60dfa5be119fc34f302a98efe3637c821c327032a824f1e6dc4ebb
PABP,G-Rank,20,1,96,0.5502411241373576,0.4497588758626424,f99bb08b29308750e745092df56c4da017c4560f400a79be08661125fd9e34ce,56a31be05e22d8c664a8c7a1c7d89698f2a9939bec9fbdd35f664f18a37c29de
PABP,G-Rank,20,2,192,0.36863403961735497,0.631365960382645,ac266a42da3b0ef0cc1a0d6e20d6417652a842020c7136fc912f82ab7738d4e7,4b62081861afc3d6259c0447f002c3008c9453595a98a318eaced7a7865a1f97
PABP,G-Rank,20,3,288,0.38495338280464264,0.6150466171953574,d80dab60e9584ae16054a868d52e241d921baf538bcec868e1fd2ab31e28e424,e99f198ee89a9a20280e9f1e806775c8794ebf92d6ce0fbedf17844a7ebf8c0f
PABP,G-Rank,20,4,384,0.6238665503316394,0.3761334496683606,855d2fd88b4655d289ef21a4f9b2c91b454f727b7d855002d1993f737d0629e0,c70935ad21d44dbe2259edba712911cff3fb085b507952c703393740e384312c
PABP,T-Uniform-96,20,1,96,0.5502411241373576,0.4497588758626424,f99bb08b29308750e745092df56c4da017c4560f400a79be08661125fd9e34ce,56a31be05e22d8c664a8c7a1c7d89698f2a9939bec9fbdd35f664f18a37c29de
PABP,T-Uniform-96,20,2,192,0.36649348199030773,0.6335065180096923,ac266a42da3b0ef0cc1a0d6e20d6417652a842020c7136fc912f82ab7738d4e7,4b62081861afc3d6259c0447f002c3008c9453595a98a318eaced7a7865a1f97
PABP,T-Uniform-96,20,3,288,0.3572936829139539,0.6427063170860461,d80dab60e9584ae16054a868d52e241d921baf538bcec868e1fd2ab31e28e424,e99f198ee89a9a20280e9f1e806775c8794ebf92d6ce0fbedf17844a7ebf8c0f
PABP,T-Uniform-96,20,4,384,0.6030716210117476,0.3969283789882524,93ce1c0b4cdb5ad4fc0e2286dc3b290ed8d42648311ffcb2284117f176baa221,b2d4840ed0e7c2ef3c2512b0d24cdf770ca548c856c989fd306cd10c527514cd
PABP,T-DCG-96,20,1,96,0.4450534812475019,0.5549465187524981,f99bb08b29308750e745092df56c4da017c4560f400a79be08661125fd9e34ce,56a31be05e22d8c664a8c7a1c7d89698f2a9939bec9fbdd35f664f18a37c29de
PABP,T-DCG-96,20,2,192,0.4195166358832567,0.5804833641167433,a111ab0dde92678f147156c0de401159e9f2085aa6d554ed72a943768554d799,96d925c3c8a760bbb2bb97bbe619f67ec21a7a970f47f0cd8e2895d5eae38d60
PABP,T-DCG-96,20,3,288,0.2680623586977942,0.7319376413022058,5de50ef53f69a1c1f79926fe4dc29fd147754a47e25e8ae0aedd6f08f432b280,a2bafadf4a9ebc3675120c5ed07b80383eecb2581ceb4634ffca1abe1a26e58f
PABP,T-DCG-96,20,4,384,0.4343618396096535,0.5656381603903464,7e44f889a6ddf599c222bca2a492569a3ee37871edbde7137fecd97cf8db1d7c,43e124b0d1469cff4d4f56afbab91a76724372874769a281c62c13afe23ba6a1
PABP,T-DCG-192,20,1,96,0.4450534812475019,0.5549465187524981,f99bb08b29308750e745092df56c4da017c4560f400a79be08661125fd9e34ce,56a31be05e22d8c664a8c7a1c7d89698f2a9939bec9fbdd35f664f18a37c29de
PABP,T-DCG-192,20,2,192,0.40808350377009084,0.5919164962299092,a111ab0dde92678f147156c0de401159e9f2085aa6d554ed72a943768554d799,96d925c3c8a760bbb2bb97bbe619f67ec21a7a970f47f0cd8e2895d5eae38d60
PABP,T-DCG-192,20,3,288,0.36146538347298307,0.6385346165270169,5de50ef53f69a1c1f79926fe4dc29fd147754a47e25e8ae0aedd6f08f432b280,a2bafadf4a9ebc3675120c5ed07b80383eecb2581ceb4634ffca1abe1a26e58f
PABP,T-DCG-192,20,4,384,0.52475830894848,0.47524169105152003,aa1936ac8f4673ac67f758fb007424a436e6fce953d4cbf188219f0498dc0d26,99aceac4910311c813fad1411a89ce04bdeeb6d4cbca88bdbcc33fb8fb2c05ec
PABP,G-Rank,21,1,96,0.6307313843597467,0.36926861564025326,15f1d4f35457f5d67a65b73da8f56bb566141b7ddd9aa450433128dcb6d59f6a,1ec97f3f2cb49efd102f7c172d0b07c8ea9eecb9db4cc5ae01b83718b8f38cda
PABP,G-Rank,21,2,192,0.4963506458182686,0.5036493541817314,44a59528181cd5da478a125238cebc9dd57ac0405944fc1389d9ad980519ee58,38ca810c3e1511597e1461fecb2362ebcf62498d5cb1c1c4568dcd33f65f28b4
PABP,G-Rank,21,3,288,0.32837153431595356,0.6716284656840464,b3888d86d7edca1475217646be0aa52fcc039b102d2fa765c7166c10f961ceb5,e7b2cea5a8ad7b7a16d44a87d119b3a2afbb356309d9f1c573cd9f90fd54a832
PABP,G-Rank,21,4,384,0.3268536094334196,0.6731463905665804,b836a8bb3d28084a99803bef9b58762b28b06ab1e0bc49d58ce231480dfce9a3,725d1f7b75fe9cb8ffaaa05a18fae80d64339c541ef3786c7e670d15874edb98
PABP,T-Uniform-96,21,1,96,0.6307313843597467,0.36926861564025326,15f1d4f35457f5d67a65b73da8f56bb566141b7ddd9aa450433128dcb6d59f6a,1ec97f3f2cb49efd102f7c172d0b07c8ea9eecb9db4cc5ae01b83718b8f38cda
PABP,T-Uniform-96,21,2,192,0.5553869730632286,0.4446130269367714,44a59528181cd5da478a125238cebc9dd57ac0405944fc1389d9ad980519ee58,38ca810c3e1511597e1461fecb2362ebcf62498d5cb1c1c4568dcd33f65f28b4
PABP,T-Uniform-96,21,3,288,0.28872411442496826,0.7112758855750317,58dbd7836e83bfc65b00746db022f99116b043878a04870ce05b1172c1223c01,77c8db2088271468f2058336bd6661175c507d06d478ad49a10ee374b95d4ce7
PABP,T-Uniform-96,21,4,384,0.23938151858491627,0.7606184814150837,9c3f037e3292ad71b7b7f5efa190ea489ee18a9a7bc5609fd828f8ab6fb6dbfb,a33c4c7f2fe215da5a38dbc9402a1ceacc4ba02eac3a72869c419195d84ab307
PABP,T-DCG-96,21,1,96,0.7224245333516799,0.2775754666483201,15f1d4f35457f5d67a65b73da8f56bb566141b7ddd9aa450433128dcb6d59f6a,1ec97f3f2cb49efd102f7c172d0b07c8ea9eecb9db4cc5ae01b83718b8f38cda
PABP,T-DCG-96,21,2,192,0.6890998534437067,0.3109001465562933,4496578c03f0dac20fa0bc04202b5f9b5d2e84e9e7bf34dd6f27437bf5300a20,8c30c846ed912191fc16566af6244d8fba25ceba4f9574fa496e764333ab2985
PABP,T-DCG-96,21,3,288,0.25627025279102883,0.7437297472089712,c60217f9ee41605b33dd7a97722bdf92ef9742bdc06d4c115efc2da75271d6eb,be6dfcf286f753a2f993732569f6c61b95180d3d49974d24481d128822fd1c11
PABP,T-DCG-96,21,4,384,0.035337223242807185,0.9646627767571928,0fa468a986513b643b6a77f745cc4ec7f866b430a692d71fd7c021a2671f0c53,38bffa6006cea3deb30cc47da5ac7f71536a3b3641d8bd5d42b9658f2f14accf
PABP,T-DCG-192,21,1,96,0.7224245333516799,0.2775754666483201,15f1d4f35457f5d67a65b73da8f56bb566141b7ddd9aa450433128dcb6d59f6a,1ec97f3f2cb49efd102f7c172d0b07c8ea9eecb9db4cc5ae01b83718b8f38cda
PABP,T-DCG-192,21,2,192,0.6584482965269033,0.3415517034730967,4496578c03f0dac20fa0bc04202b5f9b5d2e84e9e7bf34dd6f27437bf5300a20,8c30c846ed912191fc16566af6244d8fba25ceba4f9574fa496e764333ab2985
PABP,T-DCG-192,21,3,288,0.3378423781409439,0.6621576218590561,bc9cfb8d46a5924e80f0434ae5d99cfc7a5b35b8d9b03ed6bfef434015a4f597,f0cc9ec6d730239e45bac62333846c5316009dbc864bf0febcfd26d565959686
PABP,T-DCG-192,21,4,384,0.2580422591112444,0.7419577408887557,e1196798016e13042c8fe0fa0265c4c5da3b46f07d95dde4c002ac76d0aa1e35,b272a6dceebc559a9fb00bc0e7c942814d605067ee4532fd42d39fec9304696f
PABP,G-Rank,22,1,96,0.5367889273356402,0.4632110726643598,37033368b20fad17fcec4f274f087c0e66139a3457023eece8ad35cd271d3540,7f02e35c1b5a662b83804b497b0030306e46c7a3c41ace6cb4d2303cb6d4f432
PABP,G-Rank,22,2,192,0.4723627120129728,0.5276372879870272,e5eb6f46479875e2141e5aaa4bf7db5151d57f666aa9e745e388d0b13aafd0f0,aec297e84df47a36e6a57aa4b77afed97ac42a089841c536650b9f68a67d267e
PABP,G-Rank,22,3,288,0.4793930142268197,0.5206069857731803,8e8e9d82b94e8c44d567136b9b5505dafdc34744aab4f3413c2327bc11a40ff8,d3dc9aafea6c07567d629f6f1068429f988d188342ea62478722bf5ace99adb6
PABP,G-Rank,22,4,384,0.36219008694018856,0.6378099130598114,dede1bf464741bb75acd6e379d52db873a6ddf5e6757cb507cfbdb85b93e5a21,41f1ef1721bece448bbddb7e039416c1281f6f8505327f35e733afa774620aa1
PABP,T-Uniform-96,22,1,96,0.5367889273356402,0.4632110726643598,37033368b20fad17fcec4f274f087c0e66139a3457023eece8ad35cd271d3540,7f02e35c1b5a662b83804b497b0030306e46c7a3c41ace6cb4d2303cb6d4f432
PABP,T-Uniform-96,22,2,192,0.44306959086182846,0.5569304091381715,e5eb6f46479875e2141e5aaa4bf7db5151d57f666aa9e745e388d0b13aafd0f0,aec297e84df47a36e6a57aa4b77afed97ac42a089841c536650b9f68a67d267e
PABP,T-Uniform-96,22,3,288,0.541682988933503,0.458317011066497,b7ade74409d82840d5d6ee43546a91175f4182aed8670a201ef7f57e4972e77d,a11cd1fe31c0059685181fc75aa5ac99a795a71ada9f705fe456dda76735f2df
PABP,T-Uniform-96,22,4,384,0.41745840958149605,0.582541590418504,2346ce1b19b732968cf502426b09080b255a9b9efee8e08f28c0075d8b9f9d9f,4ff7d894b8526093a540ce858362c1a3729dfdecb8dd111f86eac4033a1ff156
PABP,T-DCG-96,22,1,96,0.4927283184915093,0.5072716815084908,37033368b20fad17fcec4f274f087c0e66139a3457023eece8ad35cd271d3540,7f02e35c1b5a662b83804b497b0030306e46c7a3c41ace6cb4d2303cb6d4f432
PABP,T-DCG-96,22,2,192,0.4171895926639041,0.5828104073360959,37a02d78130c1993afbffcabc50c0d0ad30e7d3165ee74ea5721d7c96b84d11a,4728a87b71c99500d8d7d65626771596fd6ca1d40bebb3c14541ea0f84ae8811
PABP,T-DCG-96,22,3,288,0.4166222357771194,0.5833777642228806,166a7a99dd660e6dee418b4e2d0cf7ce795d4fef28cb3549d36b79d463fc62d3,4e01f51f1d338bbb2a582eedcb1cff96e2ac13bfaf6550a4bb7ce67d21270583
PABP,T-DCG-96,22,4,384,0.1363044640747941,0.8636955359252059,b7b9ff6a14e5c3b27ac30188ab4dfb42b9b9172159f204bc1f955aa719419de2,c7b8228e856b091efef3b70c5f460ca97ad78e6965dc8945858ad45ada05edfb
PABP,T-DCG-192,22,1,96,0.4927283184915093,0.5072716815084908,37033368b20fad17fcec4f274f087c0e66139a3457023eece8ad35cd271d3540,7f02e35c1b5a662b83804b497b0030306e46c7a3c41ace6cb4d2303cb6d4f432
PABP,T-DCG-192,22,2,192,0.45488813487769364,0.5451118651223064,37a02d78130c1993afbffcabc50c0d0ad30e7d3165ee74ea5721d7c96b84d11a,4728a87b71c99500d8d7d65626771596fd6ca1d40bebb3c14541ea0f84ae8811
PABP,T-DCG-192,22,3,288,0.34864937668461793,0.6513506233153821,fc8c007fd880dec386719da894cc1fde6ccf020dbd010ca7a329a1b3f5a97810,53189ef4609daecd090fe770be88d910fcb7e9be4e5d666765cbd65b10583369
PABP,T-DCG-192,22,4,384,0.48508278561597423,0.5149172143840257,d2cd025dc463a02f69e2bdd109e7798f7590d37e434cc6345714269d96d5aeb2,5862545a73682fdce501b955a198a29966408bbdcb9a67376745e4132cc6fddf
PABP,G-Rank,23,1,96,0.36363800795851925,0.6363619920414807,9e52e96ca34dbeef5ff7924d31663e365ca92bbad49e129212f13a3c0b441773,a7199083a750fdb445dbd0d7e07f966dc75c12a58bd4d6c93a885d425046c400
PABP,G-Rank,23,2,192,0.2812821824018636,0.7187178175981364,5aab3c1fd8003dd0e462f4464ac2b34009e032649f248e0f0e90d6e7a9a68ac7,73f6e3042bf2b25885e249306b248b549b449f464a91edd6214966952a92ccd7
PABP,G-Rank,23,3,288,0.45858801673800875,0.5414119832619912,a3381b5e4dc4b01f012870f6a04bc09eac84eca9cf1a4a73752b24509dac7a4b,b3e9816f069b3ea6bd928734f3401c951f1dca28e85e403cdc2c46283c66da79
PABP,G-Rank,23,4,384,0.3658588317235912,0.6341411682764089,db57273ce5f8b78d8f067d0e2598996728f3fe18f502a652faa66b540faa5270,46be1358b2618157b060660e35bc5da60d0b7a453517ffe585dac80ae2794d89
PABP,T-Uniform-96,23,1,96,0.36363800795851925,0.6363619920414807,9e52e96ca34dbeef5ff7924d31663e365ca92bbad49e129212f13a3c0b441773,a7199083a750fdb445dbd0d7e07f966dc75c12a58bd4d6c93a885d425046c400
PABP,T-Uniform-96,23,2,192,0.45251850363374524,0.5474814963662548,5aab3c1fd8003dd0e462f4464ac2b34009e032649f248e0f0e90d6e7a9a68ac7,73f6e3042bf2b25885e249306b248b549b449f464a91edd6214966952a92ccd7
PABP,T-Uniform-96,23,3,288,0.257641306763464,0.742358693236536,91d5248f25065d7737f9722e67e899f8dc809e98711d5da0c32c95be989d390d,252d6d8ab3c495c83d9ed33e1854df3dc828d66ad756bf6c39023941f7965f5a
PABP,T-Uniform-96,23,4,384,0.5095117963733586,0.49048820362664136,31f0a118910e4538874c1b934232904942fc3fb796c993a5c4817a0aef91277e,837cda7fb8c6363a7d3d3f8ef14edd63e6454b162a818a1f63b26683a88c9079
PABP,T-DCG-96,23,1,96,0.3699853500694676,0.6300146499305324,9e52e96ca34dbeef5ff7924d31663e365ca92bbad49e129212f13a3c0b441773,a7199083a750fdb445dbd0d7e07f966dc75c12a58bd4d6c93a885d425046c400
PABP,T-DCG-96,23,2,192,0.418464606277823,0.581535393722177,5aab3c1fd8003dd0e462f4464ac2b34009e032649f248e0f0e90d6e7a9a68ac7,73f6e3042bf2b25885e249306b248b549b449f464a91edd6214966952a92ccd7
PABP,T-DCG-96,23,3,288,0.5535467123775394,0.4464532876224606,d342424b0116762d7aae94c6d02afd978a0df1660c46706634e15b07ab1defe2,01e74b28b39b383debec5c3393f463926f3dcb94a5e729521e6504d2b68cd31d
PABP,T-DCG-96,23,4,384,0.41249476163051174,0.5875052383694883,5aab202822b3f291b4d055b9837571c4fc79d6d4f4110526d0cb1a7d017ee99a,5add63e89c668e56658d397b5cdc291bcfd405907ec65b879b2afc396b8338c0
PABP,T-DCG-192,23,1,96,0.3699853500694676,0.6300146499305324,9e52e96ca34dbeef5ff7924d31663e365ca92bbad49e129212f13a3c0b441773,a7199083a750fdb445dbd0d7e07f966dc75c12a58bd4d6c93a885d425046c400
PABP,T-DCG-192,23,2,192,0.30358777371352863,0.6964122262864714,5aab3c1fd8003dd0e462f4464ac2b34009e032649f248e0f0e90d6e7a9a68ac7,73f6e3042bf2b25885e249306b248b549b449f464a91edd6214966952a92ccd7
PABP,T-DCG-192,23,3,288,0.5402311375106862,0.4597688624893138,e0676396ae73b484d775cf38b20ddd53a31f9cd2d85bf5df52e419dbd7470649,75fffe64ed50f87bc61480d797a4b1aa730b5140152a86103695194d03aacc8b
PABP,T-DCG-192,23,4,384,0.4581146088915292,0.5418853911084708,f43bd4209d4b7e34314909209758e0305c34d0445c3e859c59510e52859252ac,64bad150acf1d5170b2eaf595f80c83b585927d0ab03c3fea4adacad7f3f6222
TrpB,G-Rank,0,1,96,0.7355067426664814,0.2644932573335186,1d796acdddb773e655a5a8cb5800d6efa448f7f3bfc345e9b932164457d1ea44,f67fba110d29b4d1d0b696a33d031046a2cf3ec220e2743adad5a1b2ba7c31ff
TrpB,G-Rank,0,2,192,0.6685080313014828,0.33149196869851716,8a2096401c5fe18be155f03d319ab66fd3311525c84ae46d566e89e6dcf6bcd4,24873c144aee4df60a0aa72dcbd005d289bbe7f1c0f7afc7fa1afa231e3fab03
TrpB,G-Rank,0,3,288,0.27767555351107015,0.7223244464889298,5391e153254ee7635ef4fd3b13235a53f46c90c932004fdee4729a19f98d1ff2,0bc7dea6eedd61f1c1b88798b9174fec196f18955dab2ed17b0995242999451f
TrpB,G-Rank,0,4,384,0.17053926292423566,0.8294607370757643,3990400da03ed1425b1c4e48a8cf331d32c1776759cda5ad7b8edc5db6a738e8,18a1f029f3daa2ce6a6820637017ce20c1f0d064144a5d08a4bb305655b0b771
TrpB,T-Uniform-96,0,1,96,0.7355067426664814,0.2644932573335186,1d796acdddb773e655a5a8cb5800d6efa448f7f3bfc345e9b932164457d1ea44,f67fba110d29b4d1d0b696a33d031046a2cf3ec220e2743adad5a1b2ba7c31ff
TrpB,T-Uniform-96,0,2,192,0.4907244990166375,0.5092755009833625,8a2096401c5fe18be155f03d319ab66fd3311525c84ae46d566e89e6dcf6bcd4,24873c144aee4df60a0aa72dcbd005d289bbe7f1c0f7afc7fa1afa231e3fab03
TrpB,T-Uniform-96,0,3,288,0.2681224845823067,0.7318775154176933,d84268760e0f39d6996a87dcf229b37b5a1d9f3178b4a0f21e10da23dbc00599,3e199565f2c30303ea474cfc8fa23d0d3f01e7e996eea761dd610c7c8200f8b7
TrpB,T-Uniform-96,0,4,384,0.08473530566513446,0.9152646943348656,569c8cc98ab3050907d68d2831d642d0c4c0014cbc838c10aadd8a0c9d6cd279,e9a0ea4ab7b2dc7677f471fdf6e03a43387a573222c42d144dc904c2aa691a10
TrpB,T-DCG-96,0,1,96,0.7228364829290661,0.2771635170709339,1d796acdddb773e655a5a8cb5800d6efa448f7f3bfc345e9b932164457d1ea44,f67fba110d29b4d1d0b696a33d031046a2cf3ec220e2743adad5a1b2ba7c31ff
TrpB,T-DCG-96,0,2,192,0.23832968839008506,0.7616703116099149,a9c2caf80f42516d94f171de0f2b20b75b58d4777bd6ce8455e6775184fe5620,40ab6d1cf3db2aee21d6a4d39073414aebf42667a013e2c406dd350bb14e7944
TrpB,T-DCG-96,0,3,288,0.12491690729232373,0.8750830927076763,4fa0a03026cb590a9dbded567df02ee660c0c312e6314e1b8916c0bab14595b1,f819fb4d31c53e16e66ea3a749e7bc721455de40114791614dbad6c36c0034a0
TrpB,T-DCG-96,0,4,384,0.45823582974912835,0.5417641702508716,d4deabf27eaf369a14b88c6fb800c12cc0a6a3d46443348413f8d92596c295ec,4befac334763e3994d4615a790a42eeccfb64db2da872bfe2e4bd3059528a62a
TrpB,T-DCG-192,0,1,96,0.7228364829290661,0.2771635170709339,1d796acdddb773e655a5a8cb5800d6efa448f7f3bfc345e9b932164457d1ea44,f67fba110d29b4d1d0b696a33d031046a2cf3ec220e2743adad5a1b2ba7c31ff
TrpB,T-DCG-192,0,2,192,0.444885402544663,0.555114597455337,a9c2caf80f42516d94f171de0f2b20b75b58d4777bd6ce8455e6775184fe5620,40ab6d1cf3db2aee21d6a4d39073414aebf42667a013e2c406dd350bb14e7944
TrpB,T-DCG-192,0,3,288,0.13422821423409886,0.8657717857659011,4ffe4f42c067894cda3910d2d4890555005da2510da92eb6529660dc879fe41a,cd1d524c6a198cb96c6a2bc5c69ad71173ac4d0a6043304156eb266d3f5d571f
TrpB,T-DCG-192,0,4,384,0.0722670866640232,0.9277329133359768,4dfc84af2aa8dcb3fb650ed1b800f2c57fb5327b8f5b37a37c976098b749433b,8e271034ccc4cfd58af84d747f6f872979553b607eab9df2aded9df0540a5cac
TrpB,G-Rank,1,1,96,0.4047669675823008,0.5952330324176992,7b32b52428225ecc0222b9b258a7f136026f7d988923bd06e1a2d211820ec4aa,f5f43bf9d20d8d5695cf2f3469b2baecc67e8a7921db5e67cda14c40a56f9401
TrpB,G-Rank,1,2,192,0.4052725523280948,0.5947274476719052,9c588891072d40dd98212db3c99f8507cc6da101bde632c77afd87e40be7dbb4,caa3d5d2c782be8db63b4aebc2d588beb01e67525b9926ca184648ec190cec13
TrpB,G-Rank,1,3,288,0.23319077533814891,0.7668092246618511,fb864c935840be540799b111f9f6fcc4abfa1144a6eb0f9f90e9d003489fccd0,929bc33514b25ecacd9000fb91977135b8dd86c56e0417c7e615e44514cd3cc2
TrpB,G-Rank,1,4,384,0.22786597656901228,0.7721340234309877,30c4470001b3b58b28498b22de7cb11e4ffb3bb90257e7839885eb480eb51b20,ee7dc850f46dfbb90d1c70f7a15c8557bae2c7701fb32e15d504fbb32998383a
TrpB,T-Uniform-96,1,1,96,0.4047669675823008,0.5952330324176992,7b32b52428225ecc0222b9b258a7f136026f7d988923bd06e1a2d211820ec4aa,f5f43bf9d20d8d5695cf2f3469b2baecc67e8a7921db5e67cda14c40a56f9401
TrpB,T-Uniform-96,1,2,192,0.4978222663712082,0.5021777336287918,9c588891072d40dd98212db3c99f8507cc6da101bde632c77afd87e40be7dbb4,caa3d5d2c782be8db63b4aebc2d588beb01e67525b9926ca184648ec190cec13
TrpB,T-Uniform-96,1,3,288,0.2676051150141504,0.7323948849858496,cf16f8519ed1c881f05369c2019ed8ecd87f42b406ee25527866d2bf73a11ef9,9c09e1ad0d1cd991c486f096df6f3bc6f57ac209673bc1a3f33ba598f9e01cfb
TrpB,T-Uniform-96,1,4,384,0.3441331779313298,0.6558668220686702,8ea8ebfb7872a973f42c0155b206ffce42ae535557d89279b82f97fe1cde11e3,9b03b57b66074469a866453a607002da628ceed9e5dbc6f31ce5809396c72da5
TrpB,T-DCG-96,1,1,96,0.3011165768769961,0.6988834231230039,7b32b52428225ecc0222b9b258a7f136026f7d988923bd06e1a2d211820ec4aa,f5f43bf9d20d8d5695cf2f3469b2baecc67e8a7921db5e67cda14c40a56f9401
TrpB,T-DCG-96,1,2,192,0.520522091154431,0.47947790884556896,ef0c46809ce551f980b1fc7cb869692901c9337f6a73acb3f4f2bf8a61fd95af,ead88f612a30bd7bdca9452558148ada75004b78ba0e624aff8da3c0f575c969
TrpB,T-DCG-96,1,3,288,0.25219574155943025,0.7478042584405697,a011c5283ab7e6cff5e6b777a1d29ad07eb8d3638d7bb0e8d4ddc55956d4b9ae,1a73522fe1962f5bf6d8b033e54826585096fe21667f76d75ce54acc3ba0b3c2
TrpB,T-DCG-96,1,4,384,0.09051510692720362,0.9094848930727963,da956532e1aa7da959cf948ae34dd9a8fe43201c4e3d181836405d863aff6b44,83aab8a19bda5835d826261bf8083d5fe915db9231413e58e7c0c33a04925c3f
TrpB,T-DCG-192,1,1,96,0.3011165768769961,0.6988834231230039,7b32b52428225ecc0222b9b258a7f136026f7d988923bd06e1a2d211820ec4aa,f5f43bf9d20d8d5695cf2f3469b2baecc67e8a7921db5e67cda14c40a56f9401
TrpB,T-DCG-192,1,2,192,0.45886325427143543,0.5411367457285645,ef0c46809ce551f980b1fc7cb869692901c9337f6a73acb3f4f2bf8a61fd95af,ead88f612a30bd7bdca9452558148ada75004b78ba0e624aff8da3c0f575c969
TrpB,T-DCG-192,1,3,288,0.3129054500697257,0.6870945499302743,002afbd4d0f10d6f18006440a2348e07d49d93a1b5c53970149174930ed2a941,067c8e5758170a1f2739951696fd1886828e896c1a086583928c9d9b86508126
TrpB,T-DCG-192,1,4,384,0.23201646890247496,0.767983531097525,eca31bc059343ded38e6523918e1774415b5e9ece8134ebb8da7f92e740e8f34,f8369ca0f8e62e50464e98118422779eb89115aa3b49c70db85ea4a1255464af
TrpB,G-Rank,2,1,96,0.5263533450330743,0.4736466549669257,4e76ad854ecb56a1a3a6363e5bb5e23e65f88fde7efc6fc11ea6f3fe22e0754b,7eb7cfe68652a29f0f06d1bb02cbf2071728c533ea05131b8a2dcf7fb937670b
TrpB,G-Rank,2,2,192,0.5803258853443721,0.4196741146556279,8e148d7f0f7c57d85366334edc4740d5afd20862b957cd3eb200b281840dd563,54f3cbb424ebc938200600e909b5ff32f4cc57f2a1c0fb3db78309b4572c2c4b
TrpB,G-Rank,2,3,288,0.4972685495946714,0.5027314504053286,dea8cbca8f835ee7ca5e34b19585c111a066f5d88e090548abc404925005a972,67d300d8fd9f4c2492869b5c8aa9d25b005e5d73e9139d6b2c3f9c6e0e0128cd
TrpB,G-Rank,2,4,384,0.5361827138580103,0.4638172861419897,cd577d31f01978e158fbbd45ce46440e4b4b4739f63f4627e193d2f56b751aa2,c8a65bbdaa0b112947c1d4a3c404f343ba277343614d683f4e9469c6fe3e3729
TrpB,T-Uniform-96,2,1,96,0.5263533450330743,0.4736466549669257,4e76ad854ecb56a1a3a6363e5bb5e23e65f88fde7efc6fc11ea6f3fe22e0754b,7eb7cfe68652a29f0f06d1bb02cbf2071728c533ea05131b8a2dcf7fb937670b
TrpB,T-Uniform-96,2,2,192,0.5046452797241935,0.4953547202758065,8e148d7f0f7c57d85366334edc4740d5afd20862b957cd3eb200b281840dd563,54f3cbb424ebc938200600e909b5ff32f4cc57f2a1c0fb3db78309b4572c2c4b
TrpB,T-Uniform-96,2,3,288,0.433461546087198,0.566538453912802,ea81ba51746240953694d0254637d6f2b50812c3783467b44b4cd71122199b65,4854852e373cd3533f0df76a368688dc729ced81809758fa9803a5f7e383d3b1
TrpB,T-Uniform-96,2,4,384,0.3524798387096773,0.6475201612903227,d33cc4fe9cdec35ecad84acd7602b262364c1e1062d1dfa195b108adc029d650,c6133064067ecab5e017271546e8e8afad61018d88cda120ce0766c637cf3277
TrpB,T-DCG-96,2,1,96,0.573913153075797,0.42608684692420296,4e76ad854ecb56a1a3a6363e5bb5e23e65f88fde7efc6fc11ea6f3fe22e0754b,7eb7cfe68652a29f0f06d1bb02cbf2071728c533ea05131b8a2dcf7fb937670b
TrpB,T-DCG-96,2,2,192,0.6385876364972665,0.36141236350273354,e5f4375d6eff5a8bc0b43360855e10b549362cf74a8bad0322e5b76387230b63,c474187e54cfedbf63edec78e78397d82ee778966e4bd34543b151f56357e569
TrpB,T-DCG-96,2,3,288,0.5765744036264495,0.4234255963735505,fcf927758bf96c7fb4ff97060ceaa7f6a7ac49a4e00ecf34ae37f8422d81afdd,d21a1d3956d7527a541f9de4da0e021a149abe85387caa025286e781a5fbf9cc
TrpB,T-DCG-96,2,4,384,0.18947648036956496,0.810523519630435,0d7486d646fa23f290b708d7b5c50789314bf2d7ea47f56ed2680f202dac06a6,30291d95ff1781b78fa0d6f8f4d41c803740ac585a0f1c2e6cde5d0dc71eb186
TrpB,T-DCG-192,2,1,96,0.573913153075797,0.42608684692420296,4e76ad854ecb56a1a3a6363e5bb5e23e65f88fde7efc6fc11ea6f3fe22e0754b,7eb7cfe68652a29f0f06d1bb02cbf2071728c533ea05131b8a2dcf7fb937670b
TrpB,T-DCG-192,2,2,192,0.6807282376921553,0.3192717623078447,e5f4375d6eff5a8bc0b43360855e10b549362cf74a8bad0322e5b76387230b63,c474187e54cfedbf63edec78e78397d82ee778966e4bd34543b151f56357e569
TrpB,T-DCG-192,2,3,288,0.5813841407868601,0.41861585921313993,9453c6044d9494b7179e089c48783b71df9ff4b04eb8943ab0d2d53534f41e84,02e77fb97d026428711b72239acef85fbf6bcc4083d89bf0b277f7146ea0db45
TrpB,T-DCG-192,2,4,384,0.11587770338876104,0.884122296611239,b4483304dbc0aae0d88777a03f9f55edbd42e2a152d866ea6e3f36671c28c333,72b6ddf07f79bcf157c838d17a812256ea673c7e5341093566bfe00719dd6f74
TrpB,G-Rank,3,1,96,0.46661536372278306,0.533384636277217,95d18332534694346df9ea56b281c37634ffdbb0206e041db526e5f6a4814d0e,6512c59569fdb79fe6a6c56456eea15c994263030bd57a657c9a3ed2103cd1d8
TrpB,G-Rank,3,2,192,0.4897656212128556,0.5102343787871444,96800439ed401e636692d9f35a7838b62236c4a3f6a423b6b79fbd1f9e4b6378,51dd932bb980eaec2af5a103593c98f544351d47b7f9dabde1b702cfb72d21e8
TrpB,G-Rank,3,3,288,0.3785358755861612,0.6214641244138388,36695bf16616f25bff8784478ce908fca0d9262fd8208916c0a80bcf6e82f6c7,b9ce51cce2ccaf65896d613e40e539062381195bf13b3c18457afe5e780b2794
TrpB,G-Rank,3,4,384,0.37103976504547087,0.6289602349545291,c0e98f7aaa2c14099df641aa29c8a8c06a7d6f63419ed2607b20684e13c4090f,e332bf8a6885133fcae5f5c3e430ecdff7fea51353558240d0413c11ffe828d0
TrpB,T-Uniform-96,3,1,96,0.46661536372278306,0.533384636277217,95d18332534694346df9ea56b281c37634ffdbb0206e041db526e5f6a4814d0e,6512c59569fdb79fe6a6c56456eea15c994263030bd57a657c9a3ed2103cd1d8
TrpB,T-Uniform-96,3,2,192,0.3319173284322224,0.6680826715677777,96800439ed401e636692d9f35a7838b62236c4a3f6a423b6b79fbd1f9e4b6378,51dd932bb980eaec2af5a103593c98f544351d47b7f9dabde1b702cfb72d21e8
TrpB,T-Uniform-96,3,3,288,0.20592490126924456,0.7940750987307554,69875cb5b6c64fbe70bf9d10edda78aaa3eb2585b874f84248d2775421b2ee20,588098671b55e9f4c40cb964a4b96c8281dc76f3f3fc4edf20ef45718f4dc9eb
TrpB,T-Uniform-96,3,4,384,0.2358502023844487,0.7641497976155514,21eb30ca06905147cdec0cd47e075f82b1bf4f9ea18004069a53d089275431e8,18b341f307ecea5fe4a7070b685eb9d55b6eb813678c88c1fcb9c4df9d1f45a9
TrpB,T-DCG-96,3,1,96,0.46098619956056347,0.5390138004394365,95d18332534694346df9ea56b281c37634ffdbb0206e041db526e5f6a4814d0e,6512c59569fdb79fe6a6c56456eea15c994263030bd57a657c9a3ed2103cd1d8
TrpB,T-DCG-96,3,2,192,0.3677623393435741,0.632237660656426,96800439ed401e636692d9f35a7838b62236c4a3f6a423b6b79fbd1f9e4b6378,51dd932bb980eaec2af5a103593c98f544351d47b7f9dabde1b702cfb72d21e8
TrpB,T-DCG-96,3,3,288,0.25332636722935825,0.7466736327706418,334bb9bae1b2ceb15e11e71460d59f3f76703d79b5ea4dbbf1e20b16418979ba,bdff097ddbbeb6e7a857d8b9afe11af8cd4b806b9391900a7bbd55c10552631d
TrpB,T-DCG-96,3,4,384,0.19221480737068647,0.8077851926293136,57445dad28973193ec16724d15c76e34185b6906bc890742afd7c561226f7734,50a650d6f683865cee94e7bc3eaab6b0c7ef836fe7d50ebf24c8a913d1f9d580
TrpB,T-DCG-192,3,1,96,0.46098619956056347,0.5390138004394365,95d18332534694346df9ea56b281c37634ffdbb0206e041db526e5f6a4814d0e,6512c59569fdb79fe6a6c56456eea15c994263030bd57a657c9a3ed2103cd1d8
TrpB,T-DCG-192,3,2,192,0.4796781061957015,0.5203218938042985,96800439ed401e636692d9f35a7838b62236c4a3f6a423b6b79fbd1f9e4b6378,51dd932bb980eaec2af5a103593c98f544351d47b7f9dabde1b702cfb72d21e8
TrpB,T-DCG-192,3,3,288,0.23683512381136335,0.7631648761886367,bb099a1a586724389442927c6d16228b9b14098efb6fa9764073c0cf2f98eff4,547e5061bdf9761555dd88a233a612bdfc301991fa84b4e34ad1e4a603488649
TrpB,T-DCG-192,3,4,384,0.17991530284392868,0.8200846971560714,4306045b2d53532fe26f57f7eaffbbb2e908dfdf83eacc0cfa0289b18f16bf04,4950c954bd980eb690e63ece503d88c181987bcbfba37e14abbf6f88749b4e21
TrpB,G-Rank,4,1,96,0.3373537061118336,0.6626462938881664,a54c98bc2a85d7549f0eec8f017ab33729cac95df2d0ce7291cdb7dd992b1d21,d5c79e5ff950cfc4d1279c7fd7eb8b0b56dda8126e8d9556f0db621b9611adb4
TrpB,G-Rank,4,2,192,0.3758526027342858,0.6241473972657142,d8e621da39227f1952dbe5b4076b87fa20bde03447e7b876828e43ad14577183,822fa3d279bd93ea88432c0019952ff818c750b93ae9abe4bb6850c165eb9588
TrpB,G-Rank,4,3,288,0.38878716249958384,0.6112128375004162,edb17d8c77b79d34fbf3c367fe9ebf4db8ce8e0714ca7ba18fe8f05f98aba3fe,df94cbd523a9201c744f07ed178268dafa63c7eb94bc6f4614c01b0df480b87d
TrpB,G-Rank,4,4,384,0.3553190767333872,0.6446809232666129,de7469aa6fc8305c879fc6407e4a73e640853a15ec134517408538ee9a1f1520,60074c1758776cc8d1942b16f06e006441808babb89d9bdb74eae98bda23926f
TrpB,T-Uniform-96,4,1,96,0.3373537061118336,0.6626462938881664,a54c98bc2a85d7549f0eec8f017ab33729cac95df2d0ce7291cdb7dd992b1d21,d5c79e5ff950cfc4d1279c7fd7eb8b0b56dda8126e8d9556f0db621b9611adb4
TrpB,T-Uniform-96,4,2,192,0.3305330953131016,0.6694669046868984,d8e621da39227f1952dbe5b4076b87fa20bde03447e7b876828e43ad14577183,822fa3d279bd93ea88432c0019952ff818c750b93ae9abe4bb6850c165eb9588
TrpB,T-Uniform-96,4,3,288,0.2091128160151227,0.7908871839848773,39ec75513e0af73f03dbc9a34a926d33fcec36872bd20af5ebdcc87f2e8cfea7,0ee2ead446beb8ddc042459cd66882c922b5ac99960a805ad879cf859e6c0b1c
TrpB,T-Uniform-96,4,4,384,0.3983640765617313,0.6016359234382687,0413773f90a2de2f009280464a8cac1479f239fe193cfa16752ddc007cc304cb,5abdbd263c490d41459fd488d941990e943733624ff83baaf184b75c9a00c401
TrpB,T-DCG-96,4,1,96,0.326470159988895,0.6735298400111049,a54c98bc2a85d7549f0eec8f017ab33729cac95df2d0ce7291cdb7dd992b1d21,d5c79e5ff950cfc4d1279c7fd7eb8b0b56dda8126e8d9556f0db621b9611adb4
TrpB,T-DCG-96,4,2,192,0.38356663606320723,0.6164333639367927,7d2431ff49e88dd63a6b4288f021290b3880921954e56fc207105a72588be943,2487d0e32c272f1fa05bccacba9d7a4341749bb50d85c22485a78b8b4dbe7f9b
TrpB,T-DCG-96,4,3,288,0.08154587366416349,0.9184541263358366,e79f72199a3c49a43a557421ead648f5912106d170f9e2fecccbae161a81918a,caf6193145e6ad5452dfcad09489d6be216224d47649e811a559309064ea687c
TrpB,T-DCG-96,4,4,384,0.07607976095281156,0.9239202390471885,3548facc9b4aba4678d95b7ff242e712c5389059785ae9dc11061d919e73e409,7c30d7884f700e9b605e43095fa7379c77b1bea2116e8be535558d80361a96a5
TrpB,T-DCG-192,4,1,96,0.326470159988895,0.6735298400111049,a54c98bc2a85d7549f0eec8f017ab33729cac95df2d0ce7291cdb7dd992b1d21,d5c79e5ff950cfc4d1279c7fd7eb8b0b56dda8126e8d9556f0db621b9611adb4
TrpB,T-DCG-192,4,2,192,0.3785066633038351,0.6214933366961649,7d2431ff49e88dd63a6b4288f021290b3880921954e56fc207105a72588be943,2487d0e32c272f1fa05bccacba9d7a4341749bb50d85c22485a78b8b4dbe7f9b
TrpB,T-DCG-192,4,3,288,0.12309822260206348,0.8769017773979365,d902d44ea8b555a1a77497efa77dfa5baf1c2ec59e2978bb6369780f4d2fd8ff,0c14d0a4c9284e32d6d0e65303f68cd79c7f983bd0fc27c95b85734df55f3bf2
TrpB,T-DCG-192,4,4,384,0.10988666583171622,0.8901133341682838,42502b5499e052d89e85afc2cd6362da3c10f7106c3406bffb6edfc293b6de05,910a35d9adfca7efaf47e3ce929260ac9e244cf9e9ebf2f4a36098cd057bcad8
TrpB,G-Rank,5,1,96,0.4710799330915105,0.5289200669084895,49b1ff4cbea15314ce89bc1d6dd70c2c8deab471953a42c2217ce04de4d1f582,5009fef32fdccf572f3710368e359b2e4ed30c3e57d1af1cc885d4754e104676
TrpB,G-Rank,5,2,192,0.3662829410710171,0.6337170589289829,04782a8d37f6b350654dee0aa07a13ff08752b13fe9690879d445ad749ee580b,14ceb0d3e085413b89db1cd755db87571aaac2f5d37caa2c11dac8565bb8dd46
TrpB,G-Rank,5,3,288,0.1047389264374911,0.895261073562509,84694f2a6d23c3b925eeee0ee5d45a9c3dc65c18b365d1bc022a2da14cd02500,44a11ff9140eef97c31e3d57d1f9073a49af3afd24361194c115250913b393d3
TrpB,G-Rank,5,4,384,0.1747682464502383,0.8252317535497617,8583f8099fe89fe47ca7a7cae76c7478d18ba83f43a7abca6bc6008d6c28356f,f702b392cbc8801e4e4514b3f0cd515c789980c9e3d07b6c0ae98e451bad9f77
TrpB,T-Uniform-96,5,1,96,0.4710799330915105,0.5289200669084895,49b1ff4cbea15314ce89bc1d6dd70c2c8deab471953a42c2217ce04de4d1f582,5009fef32fdccf572f3710368e359b2e4ed30c3e57d1af1cc885d4754e104676
TrpB,T-Uniform-96,5,2,192,0.299692046299246,0.7003079537007539,04782a8d37f6b350654dee0aa07a13ff08752b13fe9690879d445ad749ee580b,14ceb0d3e085413b89db1cd755db87571aaac2f5d37caa2c11dac8565bb8dd46
TrpB,T-Uniform-96,5,3,288,0.0,1.0,8dd9481dc3d2023b8bac7ddba7556f1cca10ca7a1d4d32cb5d4c891a7310cce9,dbc1e882562b26c17434cb165f5e837d375195f130e5ffb510d5a74f5742dc2c
TrpB,T-Uniform-96,5,4,384,0.017272284618142317,0.9827277153818577,d85bc42c3252a823a2d665daf1162b870175dd5a9fb37f068ea4e7a1d4eb0a06,b3724b7d6353ef1c1f77be0e2d6bf6e1a805bdc7441d2a82c53a6730f0d72e49
TrpB,T-DCG-96,5,1,96,0.4273394135775703,0.5726605864224297,49b1ff4cbea15314ce89bc1d6dd70c2c8deab471953a42c2217ce04de4d1f582,5009fef32fdccf572f3710368e359b2e4ed30c3e57d1af1cc885d4754e104676
TrpB,T-DCG-96,5,2,192,0.22378552318000708,0.7762144768199929,1919e902a282380127fa97e9758d634dbe77185ee4c30ca58041f2de10734a40,dbcf68207e98d785be67f6e79a70b6069028b91f89fbefab0c12a28e54ba19e6
TrpB,T-DCG-96,5,3,288,0.0,1.0,523620036ddd2ffceb2da853e81064983676669902fc41cee8ba493287b273eb,41c0cd114be2017d1bf6ebca58fbab1ee265842c9c58cd8e976906366532b916
TrpB,T-DCG-96,5,4,384,0.10021059548748583,0.8997894045125142,a1ad08568ac6255c08e0a8638b7afebb94c265b45d115599edbb1a4bf16b7d0a,cabf75e4f6d49a8ab871af592369f7d244501b1abea70d38c6db71383a8b98be
TrpB,T-DCG-192,5,1,96,0.4273394135775703,0.5726605864224297,49b1ff4cbea15314ce89bc1d6dd70c2c8deab471953a42c2217ce04de4d1f582,5009fef32fdccf572f3710368e359b2e4ed30c3e57d1af1cc885d4754e104676
TrpB,T-DCG-192,5,2,192,0.372575545610019,0.627424454389981,1919e902a282380127fa97e9758d634dbe77185ee4c30ca58041f2de10734a40,dbcf68207e98d785be67f6e79a70b6069028b91f89fbefab0c12a28e54ba19e6
TrpB,T-DCG-192,5,3,288,0.0,1.0,ca4e57d86da32c67d22853bfd41b2a7aa9f57bd6a0ee582e1672202af2b24ed3,f9ef67bd160cc19a4dbf1a293d6b42d961461ede1e8f623b6ba669a016e7570e
TrpB,T-DCG-192,5,4,384,0.1988847969948646,0.8011152030051354,0f73b95f20d73ef35cc7f7cb7effe2ee1a2b3b391ecdaa97946ef6228754ff84,bde9f276f1b214919ffb8c25bb69ac98376fccf9e543fc2babc08ff4e6add27f
TrpB,G-Rank,6,1,96,0.3933463257800973,0.6066536742199027,6ed85bb480087bd4fc053343826cbf50478fd5d07891056dfb8b05b3d2f76532,974cdbf38c1fe86f98ed626e5dcb34f349315a6a41868a1e76013103949f7efb
TrpB,G-Rank,6,2,192,0.5448248053057932,0.45517519469420675,d4b0210745826fa6b3c615393b3e74d2f8d952faff039ba28691314d9efff7c0,167c8933868b570ed5af906474859e660e4c13ebbf6464e321b7f93883710eb3
TrpB,G-Rank,6,3,288,0.3848384660911448,0.6151615339088552,1b97d5c2d9cdc6bccc736be5ebd91fe22920b532e2e43c81a798f8eaeb8952e1,c93415a056b7522ac5b4b3dbad15be9c6e6e40b2782463f5bc0277d1024da908
TrpB,G-Rank,6,4,384,0.3429203147427671,0.6570796852572329,a7ce7b7219a4cf25665cb77ef4cc1b4d8151121eda4b2b9382534141b974c6c3,52101f4ad3320aa20b7c653e986d3437887bb14a5d33586b3f45d091ed05ca09
TrpB,T-Uniform-96,6,1,96,0.3933463257800973,0.6066536742199027,6ed85bb480087bd4fc053343826cbf50478fd5d07891056dfb8b05b3d2f76532,974cdbf38c1fe86f98ed626e5dcb34f349315a6a41868a1e76013103949f7efb
TrpB,T-Uniform-96,6,2,192,0.49082409972299174,0.5091759002770082,d4b0210745826fa6b3c615393b3e74d2f8d952faff039ba28691314d9efff7c0,167c8933868b570ed5af906474859e660e4c13ebbf6464e321b7f93883710eb3
TrpB,T-Uniform-96,6,3,288,0.4538270112466482,0.5461729887533517,a07741f9c10829968110a6d9e8ab5f328c989680e31aba0015f9ae20074ac4f0,36a35816e151f9c32a73fc2f026074990bc5403851cad5ac3ebb60c34753dacc
TrpB,T-Uniform-96,6,4,384,0.3251605150009648,0.6748394849990351,ffb048df91a4955ad947ff5d670b938fe8926dba4893782b3e35d6724cea51af,fabe066f53f178c459e475c1e489927fcd445fb0257baae59d13d2f142d23320
TrpB,T-DCG-96,6,1,96,0.2508690189440126,0.7491309810559874,6ed85bb480087bd4fc053343826cbf50478fd5d07891056dfb8b05b3d2f76532,974cdbf38c1fe86f98ed626e5dcb34f349315a6a41868a1e76013103949f7efb
TrpB,T-DCG-96,6,2,192,0.4847698173215412,0.5152301826784589,0bfc773f7a86fa5f56cbeeda3aeaa4e0425890e59b774824c13b3ec015ab2085,4f9bfe12a5437f2f649d910a4ee3b0effe24379b4939eac62ee68b5f45dddbcc
TrpB,T-DCG-96,6,3,288,0.0699388328030124,0.9300611671969876,1d5fad9ada04292b1e4a6527d6bf80aea49cd0a6a1c77d488afdda9d3668277e,9e66d578bdccd37ee451fe8e444ab3b0fff3f54d06eafebd7ba0f63d61ed3d8c
TrpB,T-DCG-96,6,4,384,0.0,1.0,77b09979c0a050f39fc9ff49c84cbb6b081acf153a644849d4e8dd26f30f6672,72f8fafb5634c174928dd14407f3f8fa81ab29b00e8f0ec6840ba7c3dcbf2f7d
TrpB,T-DCG-192,6,1,96,0.2508690189440126,0.7491309810559874,6ed85bb480087bd4fc053343826cbf50478fd5d07891056dfb8b05b3d2f76532,974cdbf38c1fe86f98ed626e5dcb34f349315a6a41868a1e76013103949f7efb
TrpB,T-DCG-192,6,2,192,0.5433911531222698,0.4566088468777302,0bfc773f7a86fa5f56cbeeda3aeaa4e0425890e59b774824c13b3ec015ab2085,4f9bfe12a5437f2f649d910a4ee3b0effe24379b4939eac62ee68b5f45dddbcc
TrpB,T-DCG-192,6,3,288,0.07922206020828132,0.9207779397917186,7a0a383735b9d9df8d99bdcf77f903095127af5124453a5ad632a0c65adfb85b,52765e69456664cda72b2c67654a9da9e9527017f160dcf59907db93c60d9e56
TrpB,T-DCG-192,6,4,384,0.07608092165502184,0.9239190783449782,f934962edfb7a5dfda1303fd0bab7f25d97f4f7b4c961a81d29fd748bd0736f9,dc86859cab866a6457bb887514e94528015034266de6204869463f78fb7a965e
TrpB,G-Rank,7,1,96,0.4450408713277055,0.5549591286722946,86965e3d1afb6421b52d2769f6bf24e0456a5647828f293c08eaa739fdd806cb,5b0796c8af373d39b67ce9a13bf16b5dd36c8b910acd477a68a10cda97e0a700
TrpB,G-Rank,7,2,192,0.3795316723528757,0.6204683276471243,f6b63cbeece59712e94c832e0999ff7f32c91112341ecb31e758ece1347f8164,6c53cba515d9ecb1d73d38ddb062d8948a84b860a3a0629a3c07348c323490e2
TrpB,G-Rank,7,3,288,0.40320217294253374,0.5967978270574663,d6dd834c56a292765346801c4a14a31dcfb2417d89e30c3eb82c7bd507d5282b,62797d9988d0af873f0e18ebaf984ef803ea39c15660fe70b2c9f4d71c5741c4
TrpB,G-Rank,7,4,384,0.2528389255103331,0.7471610744896668,7465dcd5f4aa9a6be76717930c95bda5bb800fb98764609ef400065328f3c0c5,99154608b697c59d3b53b30b3663c8bf5997fcde2ff957c01c899f61d232a9c9
TrpB,T-Uniform-96,7,1,96,0.4450408713277055,0.5549591286722946,86965e3d1afb6421b52d2769f6bf24e0456a5647828f293c08eaa739fdd806cb,5b0796c8af373d39b67ce9a13bf16b5dd36c8b910acd477a68a10cda97e0a700
TrpB,T-Uniform-96,7,2,192,0.37890749058572665,0.6210925094142734,f6b63cbeece59712e94c832e0999ff7f32c91112341ecb31e758ece1347f8164,6c53cba515d9ecb1d73d38ddb062d8948a84b860a3a0629a3c07348c323490e2
TrpB,T-Uniform-96,7,3,288,0.2292535300454774,0.7707464699545226,d6dd834c56a292765346801c4a14a31dcfb2417d89e30c3eb82c7bd507d5282b,62797d9988d0af873f0e18ebaf984ef803ea39c15660fe70b2c9f4d71c5741c4
TrpB,T-Uniform-96,7,4,384,0.0,1.0,172531ee2d8b50205e027ce18aa4f99f2d68a97450dff2b017ae8ea7c7c61481,439ee962f2a6d0bea40bcfc9cc2c899619fe9388e42cf6a77393db069cfb941e
TrpB,T-DCG-96,7,1,96,0.5650075497124055,0.4349924502875945,86965e3d1afb6421b52d2769f6bf24e0456a5647828f293c08eaa739fdd806cb,5b0796c8af373d39b67ce9a13bf16b5dd36c8b910acd477a68a10cda97e0a700
TrpB,T-DCG-96,7,2,192,0.33794551618148244,0.6620544838185176,0aa51f0677f2391a379bbb3db48aa879a90ec5617af39662e609fecf13baed55,ce7e8ba83eb2fb8fb667662825b17d5bde185b4459292849a04301ee979b6d23
TrpB,T-DCG-96,7,3,288,0.1281564006539047,0.8718435993460953,881a28ac2ab268808de3372e79b196ad629f2f1e0f20ccf9450c69abd4aee705,0f52425d4d141fc207f8906ff19c5bac664ad8bce313548fdc29022ef50d223f
TrpB,T-DCG-96,7,4,384,0.0,1.0,ffd5776d35486572a1d5a27ef0514982bd7d98b8eaaf9a09121a78adebb04127,c6e7fff71c3bf1e38fd96d1ef099042611fc7310c766d8920b722d713d270e07
TrpB,T-DCG-192,7,1,96,0.5650075497124055,0.4349924502875945,86965e3d1afb6421b52d2769f6bf24e0456a5647828f293c08eaa739fdd806cb,5b0796c8af373d39b67ce9a13bf16b5dd36c8b910acd477a68a10cda97e0a700
TrpB,T-DCG-192,7,2,192,0.34840787561824105,0.651592124381759,0aa51f0677f2391a379bbb3db48aa879a90ec5617af39662e609fecf13baed55,ce7e8ba83eb2fb8fb667662825b17d5bde185b4459292849a04301ee979b6d23
TrpB,T-DCG-192,7,3,288,0.22918737439922868,0.7708126256007714,ed11a9360ae44aa1bf873d32541a5952267fcf60ab61a177e864fb74acfa056d,6aa674907c8e13c5d4a061afd0483c8fa28960168c1ab6c699d704509064d17c
TrpB,T-DCG-192,7,4,384,0.11562370846486499,0.884376291535135,0bbcb061169beef9c885762c2ed25f39e7b7523a90e3cde8d039dc7e45335f80,25719779af7c0b622ad73b6dcc18ce926418948459f13d72fd7477fae8646fe2
TrpB,G-Rank,8,1,96,0.5090592454060361,0.4909407545939639,73863e18ac21db5c061a3c8d72f2259ba139fdcc53df9ed9d769f8f12ee9c22b,a3e7b7301bfb7e99d9f654b085f1f904d6c1e5da78066917260997e687effd0d
TrpB,G-Rank,8,2,192,0.5263335932053465,0.47366640679465355,3eae020a334e32c5d88c30aaed8df158cb103330c03e27141523bf1b0b3e51c6,1da97ee6fdad420970637b07f64be4351b3003449426567e48b748d512e03dda
TrpB,G-Rank,8,3,288,0.47881492066785586,0.5211850793321442,f413ffbfc92eb17fb2f8f94903386f1e23151ebcad9ed63f0f4d36a96ce58ad8,0848b1335d038c4499cdf9c089d7ac56d1df10318842608d524fec80fb853578
TrpB,G-Rank,8,4,384,0.4260276719042936,0.5739723280957064,27f5c78ff3b706111f8b29fb9c61999af09ef60a2c8b233e08e0b9deb6bf5e82,ff4a0e81c5736d1c060145e852a8382849e8c7a3f8ade66c431cf6ef239e7e60
TrpB,T-Uniform-96,8,1,96,0.5090592454060361,0.4909407545939639,73863e18ac21db5c061a3c8d72f2259ba139fdcc53df9ed9d769f8f12ee9c22b,a3e7b7301bfb7e99d9f654b085f1f904d6c1e5da78066917260997e687effd0d
TrpB,T-Uniform-96,8,2,192,0.6179373023094588,0.38206269769054124,3eae020a334e32c5d88c30aaed8df158cb103330c03e27141523bf1b0b3e51c6,1da97ee6fdad420970637b07f64be4351b3003449426567e48b748d512e03dda
TrpB,T-Uniform-96,8,3,288,0.3333446224359625,0.6666553775640375,16a3794d79b70cec5064dc1250acdb51f71377d9f837c6d4e84f5e6192294a36,a92815f69cc2c852daf33ed5704987b5ccdbfb66b6fc7759c10f9b0dfbba0e62
TrpB,T-Uniform-96,8,4,384,0.3098805318869936,0.6901194681130064,131e0e3e192ed3151ee98c6ca25e2513e12f8c40093b0ed2406e61f267ba4698,2439a720b52b20000cb7642ab3da81d9416168e2ab7ec5d20b562b62c1cad346
TrpB,T-DCG-96,8,1,96,0.4630842732297802,0.5369157267702198,73863e18ac21db5c061a3c8d72f2259ba139fdcc53df9ed9d769f8f12ee9c22b,a3e7b7301bfb7e99d9f654b085f1f904d6c1e5da78066917260997e687effd0d
TrpB,T-DCG-96,8,2,192,0.6609262102689318,0.33907378973106816,7bd4442a6b119e07ea6b5e1398058be225b7a507fd466315942360ee823e47c7,06f9275af11385ff2241011250c49213b3b81080c77bb588afe087f46bfb4016
TrpB,T-DCG-96,8,3,288,0.5482200148417177,0.4517799851582823,590f05475c8fcce3de30d6f892b4e6c956a9692760e61bffdf2fabf4cc2daa52,5df93f7f15956725d0dfb9648acbf9d0a8670cd5f87aa8b27f70ba8cf3174d0b
TrpB,T-DCG-96,8,4,384,0.7246602643799374,0.27533973562006264,b064dedd754fe5adcb8a4af99c1dc57b6da1f8dcba4854dc3b0162efee6653d0,5f755b1201834a731a64e4d416df6c9255df6e375e524cc4cc457dd127e8f277
TrpB,T-DCG-192,8,1,96,0.4630842732297802,0.5369157267702198,73863e18ac21db5c061a3c8d72f2259ba139fdcc53df9ed9d769f8f12ee9c22b,a3e7b7301bfb7e99d9f654b085f1f904d6c1e5da78066917260997e687effd0d
TrpB,T-DCG-192,8,2,192,0.5514408811779345,0.44855911882206545,7bd4442a6b119e07ea6b5e1398058be225b7a507fd466315942360ee823e47c7,06f9275af11385ff2241011250c49213b3b81080c77bb588afe087f46bfb4016
TrpB,T-DCG-192,8,3,288,0.3948787788606993,0.6051212211393007,f008257bb192fb98e3f3a156266592775dd6809f4d25cfe8a7452cc50b917ccf,9406dbeaa6c406a9f0ae7c1ebb9dd49d085aba630d1cd9668f9d7d42439d0ac9
TrpB,T-DCG-192,8,4,384,0.3877579231922859,0.6122420768077141,11e8a4d571343d71d0753154884f8c5b4ba3438686d4887ec19081a4574e25b1,f714c7d52230133969fc3ce31123582fd60b6d198f9863548a08b667a016602a
TrpB,G-Rank,9,1,96,0.5370510720485051,0.4629489279514949,30505e8f6a995cfdb9a4bd928d5b92fb4cbab43945abf8765b2423b5225f6054,47ed6bfa175b2bbdc50fb367db8e4fdfe56274d23581e696b3656b8bfa85a3e8
TrpB,G-Rank,9,2,192,0.4462833733138104,0.5537166266861896,d34d6e46bdabd9c72f171933c29445c4464c4510ba5e81949dd53178fad9bbd4,838f22ed2764481aebf49fad19fc0272e3aafece8a387efc7413347c6583df9d
TrpB,G-Rank,9,3,288,0.4762195429783055,0.5237804570216945,d4572b02a3d6b0dbb88a14b7fe06694886b4b887919b3c933efab512343f5011,518aa1c871abe40a91ac492e05bff3a80e07278b30402c6d6fb0937faa5617bc
TrpB,G-Rank,9,4,384,0.20140093216790614,0.7985990678320939,a13ee83ef8bc93f30cc04fb8f4781f19ff24c892b2e105073192f2245a318b0f,1049e07fde512918e03e4e10ca3f5c78d94525c983e95cc853aac336779ea2de
TrpB,T-Uniform-96,9,1,96,0.5370510720485051,0.4629489279514949,30505e8f6a995cfdb9a4bd928d5b92fb4cbab43945abf8765b2423b5225f6054,47ed6bfa175b2bbdc50fb367db8e4fdfe56274d23581e696b3656b8bfa85a3e8
TrpB,T-Uniform-96,9,2,192,0.2727911275415897,0.7272088724584103,d34d6e46bdabd9c72f171933c29445c4464c4510ba5e81949dd53178fad9bbd4,838f22ed2764481aebf49fad19fc0272e3aafece8a387efc7413347c6583df9d
TrpB,T-Uniform-96,9,3,288,0.4519515451748359,0.5480484548251641,a92d83119e23f40a1312a15c711d41899397003ec2dcc7ceb60b84087d8c45cd,2c5fdf343799fd5bb56b0df62e96b40d787927b456ef00b0fd2039b7c3b2eaff
TrpB,T-Uniform-96,9,4,384,0.24304010725323735,0.7569598927467627,031d1120b93c60ffe6e4eb95b918d5cc5a27836f691509f4afdafb39844fed72,dc3bf57e823ee879cfb69259e21fff399929d7c63d73cd380da4e73a35d4640e
TrpB,T-DCG-96,9,1,96,0.5597089920036105,0.44029100799638954,30505e8f6a995cfdb9a4bd928d5b92fb4cbab43945abf8765b2423b5225f6054,47ed6bfa175b2bbdc50fb367db8e4fdfe56274d23581e696b3656b8bfa85a3e8
TrpB,T-DCG-96,9,2,192,0.4326944828283212,0.5673055171716788,f35d908946fc3437eddae04c5b387108072a5708244fd03d4f23fa4e70d1320c,a4e3305be07d53d06547f4cdc37ecee339ad010aceedb13bb3e7f439bd3eba5d
TrpB,T-DCG-96,9,3,288,0.4260691211901073,0.5739308788098927,330f611eab885a712593c6d683ebbb936024055bfc8333ad653aefdb6a7b1ddf,d24a743130ca8de9294d86b15f9a026eed1edea9f2ea3a46b01b37263da82a08
TrpB,T-DCG-96,9,4,384,0.031909699162211244,0.9680903008377888,c40f8e9f3b95c1d25208a52e87ab77ab3b2b4350630ac2c0abdbf4673c255142,fb5d8023e5ad907ee99d812bad44a976a7e8e611149a4c21dbc688e584d5fb6e
TrpB,T-DCG-192,9,1,96,0.5597089920036105,0.44029100799638954,30505e8f6a995cfdb9a4bd928d5b92fb4cbab43945abf8765b2423b5225f6054,47ed6bfa175b2bbdc50fb367db8e4fdfe56274d23581e696b3656b8bfa85a3e8
TrpB,T-DCG-192,9,2,192,0.4644625642600469,0.5355374357399532,f35d908946fc3437eddae04c5b387108072a5708244fd03d4f23fa4e70d1320c,a4e3305be07d53d06547f4cdc37ecee339ad010aceedb13bb3e7f439bd3eba5d
TrpB,T-DCG-192,9,3,288,0.3069735406174372,0.6930264593825628,f601ff394d00b216987e1c8dfc6f7375ed04a30a93fd2e3cc045b973c1b821b5,25a194670e8afa0e3b3d44e2eed52f8969f0db73dd815a7e5fe23b62f9e8f1f3
TrpB,T-DCG-192,9,4,384,0.13081541279748476,0.8691845872025152,b8b5cb5cc9a6ab194471734439f222a7afdf5d5a77d52e5e14c0242b835a7654,52c0b2bbf064b2486fb2d88bda607871b0fd1c080eb07f6e081fe4c14ef7bef7
TrpB,G-Rank,10,1,96,0.526299504950495,0.47370049504950495,9b3085403d539af2c5342c37d1fa40fc2820b460b6802e75cbbedbc4478a6d6c,3b775d3071dfe3685cb13340c6f1de34bf5097d08fc96dac4126a77ce88663fc
TrpB,G-Rank,10,2,192,0.4507544056813563,0.5492455943186437,6745d5e6e6a421c3c65dadf0fa223b59a4b463e73fd8c24d051e474330679509,e59c19b7a66aada57693a6a28688a4ef6aa3d1264e65fb975ac994f3c2958db5
TrpB,G-Rank,10,3,288,0.3735849577014157,0.6264150422985844,e5af33f24685f627503c77b2165099ddc3776a1c338fbdd0cf65afdec405b9cd,45216807282ef40a3bb10ba89596c79b84bf92dd2e15c97db7864371baf261f9
TrpB,G-Rank,10,4,384,0.22161862880363256,0.7783813711963674,166a72079e415474cb813f0d3ad37f7ebdd4f51c02121bc1c87ebb83f116f6dc,c03802faac0631189aa8196851bb7599314093ba1f258e097303e5a86acca5bc
TrpB,T-Uniform-96,10,1,96,0.526299504950495,0.47370049504950495,9b3085403d539af2c5342c37d1fa40fc2820b460b6802e75cbbedbc4478a6d6c,3b775d3071dfe3685cb13340c6f1de34bf5097d08fc96dac4126a77ce88663fc
TrpB,T-Uniform-96,10,2,192,0.3901260385463178,0.6098739614536822,6745d5e6e6a421c3c65dadf0fa223b59a4b463e73fd8c24d051e474330679509,e59c19b7a66aada57693a6a28688a4ef6aa3d1264e65fb975ac994f3c2958db5
TrpB,T-Uniform-96,10,3,288,0.22037651155651958,0.7796234884434804,6aced994d229a5a8ea04d3c574f1c219205fcb7580610e2e85d9b4e750bc0af9,06656b098de445584f75a6e55812d9ad45273ed646b57171672fbf85188f899d
TrpB,T-Uniform-96,10,4,384,0.17831937809343065,0.8216806219065693,ef87066002e322f512c9f5c9c3a6753e4caa0ff35534922d283594f0367847c0,6508da834084eb4a6e663cf040896821717f08af4e18b1536d4b9dfe36747f38
TrpB,T-DCG-96,10,1,96,0.4663392167370367,0.5336607832629633,9b3085403d539af2c5342c37d1fa40fc2820b460b6802e75cbbedbc4478a6d6c,3b775d3071dfe3685cb13340c6f1de34bf5097d08fc96dac4126a77ce88663fc
TrpB,T-DCG-96,10,2,192,0.24574592851832183,0.7542540714816781,d9c3d4b31a2989ce6c6c3a3a314d707c34ed22454aaa01ebbf59923e2e29736e,0ab06ecf8f31f5cd53fd5475715729389f7d81d04bfebaecbee48c958449a8d1
TrpB,T-DCG-96,10,3,288,0.05382670290957608,0.946173297090424,4884956a843f4faa455b0bc2cb952aa88ab9e03f255a3d29bb981a4947d6552a,8685e35675307002459ca7147677b4985f1d93ca564296296581d00781a93743
TrpB,T-DCG-96,10,4,384,0.0,1.0,13e37104184f5dcd00b703cdbf86cc0e6a3fa345bd4d6191eeb576a9c558f5d3,f068dc5e51f899a1145c107b2156fbfa8e2ffb0a751cfd36258d2793f2435cb7
TrpB,T-DCG-192,10,1,96,0.4663392167370367,0.5336607832629633,9b3085403d539af2c5342c37d1fa40fc2820b460b6802e75cbbedbc4478a6d6c,3b775d3071dfe3685cb13340c6f1de34bf5097d08fc96dac4126a77ce88663fc
TrpB,T-DCG-192,10,2,192,0.3031366723524915,0.6968633276475085,d9c3d4b31a2989ce6c6c3a3a314d707c34ed22454aaa01ebbf59923e2e29736e,0ab06ecf8f31f5cd53fd5475715729389f7d81d04bfebaecbee48c958449a8d1
TrpB,T-DCG-192,10,3,288,0.2643340888674286,0.7356659111325714,7039262533800fd566a6809c40ef712b40b7b8d64e1a020a8917a41fdcfe59fd,9cc3017bf3aeecfeb0a5181bb63e06ba2ab3a7f4d0e94e4dd2866a4234fbdafd
TrpB,T-DCG-192,10,4,384,0.06512117999525771,0.9348788200047423,199a1beaaa563f88dda146ea292b943d1783f2e46116723226169a7c3de60511,64be28e0af9e05a9a9a361ca18847ab5b750acab25377cf375fa870a882144b0
TrpB,G-Rank,11,1,96,0.5429780851172015,0.45702191488279853,00149b5680450e679822ad50e999a4833df95dfb36f7f73c7625620a97d45429,a269be98f41567624a662ac26deb20b278562c9d4d5f54681710e4414bf6074d
TrpB,G-Rank,11,2,192,0.42776486217203574,0.5722351378279642,61070e876aca3f112a9ec73b5b6ecb06b716c10a4707dcf18552facdb2cd93c4,e5fc7230e538e52c330373512c3a5559b66f179d8fb4cd783184d8c409498601
TrpB,G-Rank,11,3,288,0.40834979372421554,0.5916502062757845,5bbfd68d7963cac43e4ddb9ff880d8f0bca31aab5fdd4b907e36f9f81320ab98,bc5cefbbd23b75eed82c28072e5cf65707487a2672d5de0b7715af64244d31ff
TrpB,G-Rank,11,4,384,0.19767242069703608,0.802327579302964,6c321c82b93caeb0a19d316f947a2fc81cd942d16156c272400c1902be9f236f,80b451c3eba59022f860c1001eada35d6693ac5986c366b55ba8a32c0718ac23
TrpB,T-Uniform-96,11,1,96,0.5429780851172015,0.45702191488279853,00149b5680450e679822ad50e999a4833df95dfb36f7f73c7625620a97d45429,a269be98f41567624a662ac26deb20b278562c9d4d5f54681710e4414bf6074d
TrpB,T-Uniform-96,11,2,192,0.4435849195421629,0.5564150804578372,61070e876aca3f112a9ec73b5b6ecb06b716c10a4707dcf18552facdb2cd93c4,e5fc7230e538e52c330373512c3a5559b66f179d8fb4cd783184d8c409498601
TrpB,T-Uniform-96,11,3,288,0.5139104468786494,0.4860895531213506,5bbfd68d7963cac43e4ddb9ff880d8f0bca31aab5fdd4b907e36f9f81320ab98,bc5cefbbd23b75eed82c28072e5cf65707487a2672d5de0b7715af64244d31ff
TrpB,T-Uniform-96,11,4,384,0.13091666615956007,0.8690833338404399,ea7a82e57a18c58200d9ffae323a322aa94e8a7b74e777e704c442e2617d3c16,09d898549eee59c28c29b164bedb7214334675957f899bf22bafb5710f8b05d5
TrpB,T-DCG-96,11,1,96,0.654447323790663,0.34555267620933705,00149b5680450e679822ad50e999a4833df95dfb36f7f73c7625620a97d45429,a269be98f41567624a662ac26deb20b278562c9d4d5f54681710e4414bf6074d
TrpB,T-DCG-96,11,2,192,0.6869554287776063,0.3130445712223937,7a33be6bf84677feafe73f4e9d482ef82e59d8dbc261e6821874e9a43357efc9,a6e38c932014f37edf19fb64939b4f5841afdbd9af9ddb3b69fa0c327f6eb1bf
TrpB,T-DCG-96,11,3,288,0.41073891753949315,0.5892610824605069,81d52c748970d92436d9cb51432c2f442b9dc1fcefe4a599006ca6a13d2dc7f2,f1e78e2b8ea5b7b192c264d83f61a90f02a39c050834d6bd08c264f895f270b9
TrpB,T-DCG-96,11,4,384,0.0,1.0,fa357619018c757331eb0747bbe6fecb3ea60fb12cde0537c27bd8d0d85fc47f,c52f58cebd72091917281953b43a03ad53db420e8978722ebb5aa49c6af0bffd
TrpB,T-DCG-192,11,1,96,0.654447323790663,0.34555267620933705,00149b5680450e679822ad50e999a4833df95dfb36f7f73c7625620a97d45429,a269be98f41567624a662ac26deb20b278562c9d4d5f54681710e4414bf6074d
TrpB,T-DCG-192,11,2,192,0.6163960251648544,0.38360397483514563,7a33be6bf84677feafe73f4e9d482ef82e59d8dbc261e6821874e9a43357efc9,a6e38c932014f37edf19fb64939b4f5841afdbd9af9ddb3b69fa0c327f6eb1bf
TrpB,T-DCG-192,11,3,288,0.2742739656728759,0.7257260343271241,b54b1a24ca888726fd519cb683c8b0afd3e28604f70e397941ca15b5ab02320e,fd7f859d6c08024b7f54af4be5aa2701c9ce2f8690c4c0b8f003042e65fff0ab
TrpB,T-DCG-192,11,4,384,0.260129781302381,0.7398702186976189,d8815b49430e40b9916914636ee7b5cffed645ad5bd1dce276225537d534e7ab,25e2662f3732aad4d8ba59549ce36cce65d1eaae44e2c493192f81b216816743
TrpB,G-Rank,12,1,96,0.4954215264988746,0.5045784735011254,fb99910922b8da75ee44c8bb69037be7c77a8b1ea48c9da56ce79837d3baafaa,2f34ac67512ac8f8325f7970d5203c767d4edcd14a8374a62bd5eb26040c63d3
TrpB,G-Rank,12,2,192,0.4427871376543392,0.5572128623456608,d52219074aa89b6c703b14563986b151b7de46b24e3ee4f9b6f8229a2f82f402,6600439a0515a12abd84b4f327517072759a399ad31509d4257ebf1b1fc2308f
TrpB,G-Rank,12,3,288,0.240738658721682,0.759261341278318,e06e1f8f4e4c6a5699e6994a750fb96c794e6664e6952b08c735ac2c041d934d,a410f5870031ac37b338b61e52f555f85ce7a2eb4ae470ce79a2d0911d04cfed
TrpB,G-Rank,12,4,384,0.20895364209559777,0.7910463579044023,36d06688794683d716e84b67eb365617521041166f763bf1dc9d65f3edfcc3ab,429196b3c4f92391c957c95dab0563b04a74d35e0f66d67a9017283bed03d7b9
TrpB,T-Uniform-96,12,1,96,0.4954215264988746,0.5045784735011254,fb99910922b8da75ee44c8bb69037be7c77a8b1ea48c9da56ce79837d3baafaa,2f34ac67512ac8f8325f7970d5203c767d4edcd14a8374a62bd5eb26040c63d3
TrpB,T-Uniform-96,12,2,192,0.3387345085058887,0.6612654914941113,d52219074aa89b6c703b14563986b151b7de46b24e3ee4f9b6f8229a2f82f402,6600439a0515a12abd84b4f327517072759a399ad31509d4257ebf1b1fc2308f
TrpB,T-Uniform-96,12,3,288,0.4440004485264886,0.5559995514735114,8aa6d91e283a19481c60df598ebe3529a46518db1e56a4514618147e17945881,9b647a34091250da69a45926aff3e5cb2923e722170b887f0f3abc82e6093691
TrpB,T-Uniform-96,12,4,384,0.11287109765750716,0.8871289023424929,a628e4b3638c7eccea082edc59f8e0eaae3fc3d3b21a10f72ae4411d87318235,3ebe4f8bff8136a74e4bbfea0e7934210ab37a5bce65c6226ab73712ec9c4e6d
TrpB,T-DCG-96,12,1,96,0.47506059946631096,0.524939400533689,fb99910922b8da75ee44c8bb69037be7c77a8b1ea48c9da56ce79837d3baafaa,2f34ac67512ac8f8325f7970d5203c767d4edcd14a8374a62bd5eb26040c63d3
TrpB,T-DCG-96,12,2,192,0.40042724086553827,0.5995727591344617,bf7502efad5cf5984f7f99c5c28577d3706ff9e3405c201266f9478bbff57cd7,8c61e7f53f0016d09b06a98e003dc70946621414d8401d53f22d1262117c45e8
TrpB,T-DCG-96,12,3,288,0.507426389838622,0.492573610161378,ac099413bd9a4b49e79ca53bceb27f5d04a206bca41231b5ab0f9587bd5745a7,5dc819a281f83e3381ba5046c08e562ca47be1145f5bf5a6ad26d732d8e6deac
TrpB,T-DCG-96,12,4,384,0.0,1.0,2842140410ca435b6e07fee134c0b17c830e3780de6ec1bbfb86322f3755e5ff,0cbb077f5f66d90c94230b122d51f3eebfca5e0a6c14b5633006e149d0da9f92
TrpB,T-DCG-192,12,1,96,0.47506059946631096,0.524939400533689,fb99910922b8da75ee44c8bb69037be7c77a8b1ea48c9da56ce79837d3baafaa,2f34ac67512ac8f8325f7970d5203c767d4edcd14a8374a62bd5eb26040c63d3
TrpB,T-DCG-192,12,2,192,0.4336642231227532,0.5663357768772468,bf7502efad5cf5984f7f99c5c28577d3706ff9e3405c201266f9478bbff57cd7,8c61e7f53f0016d09b06a98e003dc70946621414d8401d53f22d1262117c45e8
TrpB,T-DCG-192,12,3,288,0.3652572562316361,0.6347427437683639,d8000e73f7a11375cfa29cd1e7cd17bb23c8d3feaa5f53b23854f5907f8dfd79,d2950ce92aad460dfd2dd4d8fff09a2d8df811277cffc75e49e4f2f49a70298a
TrpB,T-DCG-192,12,4,384,0.0910272009174482,0.9089727990825518,9045b743960d5b3ea1ef8f69774cd2cf4b6faa8bd684da224f536ad7c45ebd96,4cafef646b3a5ee2d208d6e38d8af4da12f8faadd0c78f9d81af66f21ae1dbe8
TrpB,G-Rank,13,1,96,0.5089820359281437,0.49101796407185627,2264aaea2b68a028f6376d022ca1013a3d2cdbd826a0c1a8265ff1dd9bfdd8eb,cab9a958506fd0074c45723f7b0985e398eace21db382847f056be5795ab6048
TrpB,G-Rank,13,2,192,0.3865374235336452,0.6134625764663548,a95e69df6b232e1f3a81e264b98bdbef323e52df0dbb4a8675bbb0636d85f102,a8191763888bcee58a55341a1805f24094b8b740a792975f80312cc6d40bebfb
TrpB,G-Rank,13,3,288,0.47326120527092613,0.5267387947290738,05bd56360c91855fd20c44eedc95ebcd760809cd7baf54f466cb843d3efa18b9,1b5e09c8a0cbc749ad759c8b68a0a1bcdf32313ec0e28182cb00eb67996d3a55
TrpB,G-Rank,13,4,384,0.3389244840940999,0.6610755159059001,548db7fb849bd6425b64fc9d86128b29fdbb25893ada0a632c5cb8d50baa5bca,77b2c771dce74ac0f58d0f2e555f2f91f8a5695119f97a16e286e262a1adbaa9
TrpB,T-Uniform-96,13,1,96,0.5089820359281437,0.49101796407185627,2264aaea2b68a028f6376d022ca1013a3d2cdbd826a0c1a8265ff1dd9bfdd8eb,cab9a958506fd0074c45723f7b0985e398eace21db382847f056be5795ab6048
TrpB,T-Uniform-96,13,2,192,0.27915965100260215,0.7208403489973978,a95e69df6b232e1f3a81e264b98bdbef323e52df0dbb4a8675bbb0636d85f102,a8191763888bcee58a55341a1805f24094b8b740a792975f80312cc6d40bebfb
TrpB,T-Uniform-96,13,3,288,0.6068101307313137,0.39318986926868627,59d09135fafd931386d88aeb244a75ab2f783d4ef60c2282acadfc569a7add63,50dbda4b4754966b26006176bbacd36dd79040f961091dbf4b71b66d6d30590e
TrpB,T-Uniform-96,13,4,384,0.5113265071958563,0.48867349280414374,1dc8bf1d6b83352f82bb1e3d71c5f0217c37348e3cfe4bb3d7a42f0e2eb83437,6f0daa55090645560a2206960d650f94da9eb5700889b588612013b379a15565
TrpB,T-DCG-96,13,1,96,0.49964015859224065,0.5003598414077594,2264aaea2b68a028f6376d022ca1013a3d2cdbd826a0c1a8265ff1dd9bfdd8eb,cab9a958506fd0074c45723f7b0985e398eace21db382847f056be5795ab6048
TrpB,T-DCG-96,13,2,192,0.4944743046724847,0.5055256953275153,8e1386279a489f616cac76fe806ed3d01d8221a60fd12c3d5c11b7745db6f548,a698f2958727730f0aafc0e2117fe1afe8a74599dbaffd192dc7927741f20ab5
TrpB,T-DCG-96,13,3,288,0.31623010189233935,0.6837698981076606,9bc615302951df0318846f3ff90a208ee162854bf53d316df4877fba8aa9e883,a20edaeb1725f582d144cb195b9a0c02ca099361441412a8338d04b014024a23
TrpB,T-DCG-96,13,4,384,0.0,1.0,699cd3f5321bb5b54d3084e28977c26f0c933c3e3d461a5b3bf89d3e67ffd719,2cda0a80b747fada8d7eb8186b2d56bfd79099428d84ad37a60c763be20220d0
TrpB,T-DCG-192,13,1,96,0.49964015859224065,0.5003598414077594,2264aaea2b68a028f6376d022ca1013a3d2cdbd826a0c1a8265ff1dd9bfdd8eb,cab9a958506fd0074c45723f7b0985e398eace21db382847f056be5795ab6048
TrpB,T-DCG-192,13,2,192,0.4627854782013848,0.5372145217986152,8e1386279a489f616cac76fe806ed3d01d8221a60fd12c3d5c11b7745db6f548,a698f2958727730f0aafc0e2117fe1afe8a74599dbaffd192dc7927741f20ab5
TrpB,T-DCG-192,13,3,288,0.379122279508118,0.6208777204918821,4e48077df2dba312fda256bfe8fc13d563703a51c7e902d19ea1cfd1366f3727,dc5f9032d354bc49250bdc254cf5954781c997de3a5fe8329a6146daaffc8eee
TrpB,T-DCG-192,13,4,384,0.0766620943405819,0.9233379056594181,9da17e821a7992c1b5099d30b8f1fa18831883a62ae3e7f5161529f9861e1ae8,3435ba8a64cbec09c272cd6bc556648e0bc48197be43e9f5293a84e41bf5e8a6
TrpB,G-Rank,14,1,96,0.6510296117778999,0.34897038822210014,69662d699db3177a45e9e41bd58cae152937f7398976812036645a21adfd34d8,0849933959d6d6d986a8f86435b7922b7166f4841135017f9d5f9fc7450d5fa9
TrpB,G-Rank,14,2,192,0.4179635493001868,0.5820364506998132,89c11297bd4c9ba52021b143be941b9041e695c1aa35f45b649c96b0e0394e26,f41d28f6618731a5761f4200385f137007785292f46862c035b61f5ca6b130cd
TrpB,G-Rank,14,3,288,0.4457285917474453,0.5542714082525547,7ec6952857d565e8c6adc168aca367bef99c67d016a660931491186ce13268dd,c97bfafb88dfda1e35329842f8db12d2d92d444b84f1f79bcea2f3bd4bd3d734
TrpB,G-Rank,14,4,384,0.30786139795109546,0.6921386020489045,15a6fe38b241b7051db431943662b8151beff1d8630aaffbafc37212e1491b2f,058113318e26d05d09cc9f27e2d5a171a383f4bc9911e9eb16fccfde86d46fe6
TrpB,T-Uniform-96,14,1,96,0.6510296117778999,0.34897038822210014,69662d699db3177a45e9e41bd58cae152937f7398976812036645a21adfd34d8,0849933959d6d6d986a8f86435b7922b7166f4841135017f9d5f9fc7450d5fa9
TrpB,T-Uniform-96,14,2,192,0.3733037967138856,0.6266962032861144,89c11297bd4c9ba52021b143be941b9041e695c1aa35f45b649c96b0e0394e26,f41d28f6618731a5761f4200385f137007785292f46862c035b61f5ca6b130cd
TrpB,T-Uniform-96,14,3,288,0.5681490736064224,0.4318509263935776,0a2370ec32f56aeef68a2b118ea57edbe3b8b694ab21d4f5ad7227e2db01ae54,68910a7c58981ba46e61c8b40f1808b48ee8313eeba7613c46ac5f03fd9955b6
TrpB,T-Uniform-96,14,4,384,0.42419342264987253,0.5758065773501275,d4192c8c43eb550d5ffb29a860b2d77f9887275bded7e71a48cb590a68e74670,adc2bfc4b2cca8508623788908599eb82f8f16642d2e702ec389bd1404b7ffa8
TrpB,T-DCG-96,14,1,96,0.6242918983723552,0.3757081016276448,69662d699db3177a45e9e41bd58cae152937f7398976812036645a21adfd34d8,0849933959d6d6d986a8f86435b7922b7166f4841135017f9d5f9fc7450d5fa9
TrpB,T-DCG-96,14,2,192,0.4307452708562455,0.5692547291437545,9e8b5b9211fce698532ad9d15fe89843430676d8403ce8f8394c743cd0cc1b3d,2b58cf81a0bb08a93095f3f3f09be0352dca2636064297ff6dc2da6071eb8b6e
TrpB,T-DCG-96,14,3,288,0.031473802469790944,0.9685261975302091,44983c42fd7f67e27e4d617630e0d31fb4b115f9add92abcd40649a231389592,20ec8b437b9f012ba846a6e1b0d3962915d7f3797092505889b25ec8c73aa945
TrpB,T-DCG-96,14,4,384,0.20287811588284094,0.797121884117159,3b1091de3bd5b47f2d78d061f9d41c2990c7319678bba4dcf20222dd43425941,79bb76a87d078995764958ebd60e950388e2ac50052de81ed78ef10622606ad3
TrpB,T-DCG-192,14,1,96,0.6242918983723552,0.3757081016276448,69662d699db3177a45e9e41bd58cae152937f7398976812036645a21adfd34d8,0849933959d6d6d986a8f86435b7922b7166f4841135017f9d5f9fc7450d5fa9
TrpB,T-DCG-192,14,2,192,0.45295210667992897,0.5470478933200711,9e8b5b9211fce698532ad9d15fe89843430676d8403ce8f8394c743cd0cc1b3d,2b58cf81a0bb08a93095f3f3f09be0352dca2636064297ff6dc2da6071eb8b6e
TrpB,T-DCG-192,14,3,288,0.15779783451102572,0.8422021654889743,3358ce599647649b4cfadeb1382f2ef466761f764425b898fc13f67cc57fce17,59f0448c64e73e1ca11b20f1da691a526b0637c234cb5a57db86903cff043487
TrpB,T-DCG-192,14,4,384,0.16613389759913375,0.8338661024008662,701fb91688e87a7379c811e6bd9d273b9afd7eb336b8116bd73d500b09492aab,2d3fba9a387fcfcc7e650acfbc8d739145c2c858f093120268c3efdd9636eec3
TrpB,G-Rank,15,1,96,0.5413738512626458,0.4586261487373542,e63d9cc2fecf0142e6623f79dcc9704f286e85855102cc2fdf0b3c5795df5d59,7517aabe12e1f0c5fd00004d583f0d2d7a07d726abd1b8c2e7918a28eafc5463
TrpB,G-Rank,15,2,192,0.4535963282592193,0.5464036717407807,a8fbb5e7d592de2020c495c7d004a05eb7402d789e7e2a481783527c9a273394,b90926eaddeee632bdc5ce5a07dc073960ebc40fba425c5792453aef3b415dc1
TrpB,G-Rank,15,3,288,0.43062115568837916,0.5693788443116208,374127be6f430fa0e7f2c29bf8baf753e72a0cd08500ec7f016e21de4a3a6956,2874607169e2582e9f4e9da41fc811963d066d3588356b89bfc78aaee0e92247
TrpB,G-Rank,15,4,384,0.3072371544831671,0.6927628455168329,c662fac9894f8cea0861180b7304183b3f84fcc14e8b03b9d5d8d296e45aa775,8d329de8d4df625de049815fa78528de3fc150da3f13ac3431bb01e0fae41b04
TrpB,T-Uniform-96,15,1,96,0.5413738512626458,0.4586261487373542,e63d9cc2fecf0142e6623f79dcc9704f286e85855102cc2fdf0b3c5795df5d59,7517aabe12e1f0c5fd00004d583f0d2d7a07d726abd1b8c2e7918a28eafc5463
TrpB,T-Uniform-96,15,2,192,0.121235009118877,0.878764990881123,a8fbb5e7d592de2020c495c7d004a05eb7402d789e7e2a481783527c9a273394,b90926eaddeee632bdc5ce5a07dc073960ebc40fba425c5792453aef3b415dc1
TrpB,T-Uniform-96,15,3,288,0.7064715645341147,0.29352843546588525,cc8815f5e68e666796c58f6c69348b1d80944eca665070dc212903e64a60d2d6,996384f754d1564c87f79e0297c17076040d1c65ce92fe61a7cb4a8a91fa445a
TrpB,T-Uniform-96,15,4,384,0.199025656907354,0.800974343092646,44d158267f3600955b4f37af04237b6e7a4b75738042c923912452546aa2208b,dfe0f1b9497319be7ecc87ac95be956ab0f8343dad47aeb7c139cb2506e8405a
TrpB,T-DCG-96,15,1,96,0.5166734742792357,0.4833265257207643,e63d9cc2fecf0142e6623f79dcc9704f286e85855102cc2fdf0b3c5795df5d59,7517aabe12e1f0c5fd00004d583f0d2d7a07d726abd1b8c2e7918a28eafc5463
TrpB,T-DCG-96,15,2,192,0.16649790414200563,0.8335020958579944,e3f2782292e0b6a61a39350868714eac0dd4d8eec113a8a386378898a97a7e70,f841ffd209057cedaeed131036b60840bc6b52989eee2de34fabadfbc3a58608
TrpB,T-DCG-96,15,3,288,0.6621994281045687,0.33780057189543133,e61e891e39e777e219fea80bc1eedcdf72b4b84869c15f45d4076c607484a079,09e9ec90b712af6738c7d9a993e3ed9518189e3484a5238c3768525906e9025a
TrpB,T-DCG-96,15,4,384,0.16867638988751102,0.831323610112489,158b524e9e6ea771d346615aa836dcdd3fec15dcae02a1d363844c5bb5316bac,25860ca584797adccde0ad0b09724b7ad4e4192592939b839279160603b3381d
TrpB,T-DCG-192,15,1,96,0.5166734742792357,0.4833265257207643,e63d9cc2fecf0142e6623f79dcc9704f286e85855102cc2fdf0b3c5795df5d59,7517aabe12e1f0c5fd00004d583f0d2d7a07d726abd1b8c2e7918a28eafc5463
TrpB,T-DCG-192,15,2,192,0.46969532157661376,0.5303046784233862,e3f2782292e0b6a61a39350868714eac0dd4d8eec113a8a386378898a97a7e70,f841ffd209057cedaeed131036b60840bc6b52989eee2de34fabadfbc3a58608
TrpB,T-DCG-192,15,3,288,0.5348296730243937,0.46517032697560634,87ee3907768a6db36c8514d597f4ff44b17aa018b4d3fbcd49fdc164593221d8,c47a9056605d30b25840ce22b440dcdada9bd3b0236dd3e9f0bdbbf0078ca62c
TrpB,T-DCG-192,15,4,384,0.35110561190968953,0.6488943880903104,60a1f2803ca29d8432fcebf65ce1d54f8e2ed1a582571e23916c8c7497c23f2a,1e95f6b795a72eb1d657ac7929933d4138dca56ece633214b089f36515ce14c6
TrpB,G-Rank,16,1,96,0.47334521591185297,0.526654784088147,219be5adcfc7d68800bdec669db66a4a3911d4e87c9546f4f7a4bbc401186ad7,c793904a35159b4a1d2f63b8366f7cc3bcbd9c9634985467332c5cdff7d145c6
TrpB,G-Rank,16,2,192,0.44010936377424775,0.5598906362257523,de8bd61e37fd2ec4fad36074a5b56ffa2d06505aff4b9fd3678dc04da3791d03,e1816cd4d0cb03352dd120d9fdfafa764cdaa6b01994253579ee7759bc8eae42
TrpB,G-Rank,16,3,288,0.5766856479838688,0.4233143520161312,c7ed489309dc327ea1e32e5eaf86947ccea201e2f9e8ce5fd97a020b29c9b09b,a6f93eb1e25731b4c60e29952f0baff24c080cd71706762f9db766e98970e735
TrpB,G-Rank,16,4,384,0.4286927396842911,0.5713072603157089,742ebf5686755c676fe79ca3a1e93b4c48c6277e413bf1489363c700350d2e78,6ce4fa557c6135ee5abedcb867ce2b05f76af2543e2462e462ca643067aa1b9f
TrpB,T-Uniform-96,16,1,96,0.47334521591185297,0.526654784088147,219be5adcfc7d68800bdec669db66a4a3911d4e87c9546f4f7a4bbc401186ad7,c793904a35159b4a1d2f63b8366f7cc3bcbd9c9634985467332c5cdff7d145c6
TrpB,T-Uniform-96,16,2,192,0.3894770719580947,0.6105229280419053,de8bd61e37fd2ec4fad36074a5b56ffa2d06505aff4b9fd3678dc04da3791d03,e1816cd4d0cb03352dd120d9fdfafa764cdaa6b01994253579ee7759bc8eae42
TrpB,T-Uniform-96,16,3,288,0.6926541190466077,0.3073458809533923,b8980243b00e30f546f5e10860d57d8d389273c374b7e24d8e204a3086e28168,55c115a550d2efc8329c1f2aaf3708a9a7f99c586b60d1243f4d76fb70c281f4
TrpB,T-Uniform-96,16,4,384,0.38693743683240517,0.6130625631675948,c749f7f38cf0092bbe3d7664b2fc44a445ff892ace2be9e672a3bf97419a68bd,ef20f4d55f433a44538f18f98d5decde6092aba704cae40889d8e4f201300ac6
TrpB,T-DCG-96,16,1,96,0.4949262875970791,0.505073712402921,219be5adcfc7d68800bdec669db66a4a3911d4e87c9546f4f7a4bbc401186ad7,c793904a35159b4a1d2f63b8366f7cc3bcbd9c9634985467332c5cdff7d145c6
TrpB,T-DCG-96,16,2,192,0.43372953528281505,0.566270464717185,09f3734d8183fe8ae410fecbdd17c9fd4265108b7b9f038b1c93eedc1e780a9c,f0ac447f70e6fd37cc6c177223b036516c271c47ef5962e85f05c6404491c5f5
TrpB,T-DCG-96,16,3,288,0.37348409991894216,0.6265159000810578,93351da3c86a9592f55502861b0c010ce27a02c467ad57f478eed44f6eabf51e,63fe2930c2af1562d59b7486b7d47ce835c97ac1b53f69fc394e7a55dcca3955
TrpB,T-DCG-96,16,4,384,0.13259826414998335,0.8674017358500167,b24eb41c461461d99f47dea234849b2a9a44744223ef29e22d21ec5534b38d3c,f9ee1ca237b9ec6dffbbed1277c4b0b58390d8cad6b5467fab38d201cb27b6db
TrpB,T-DCG-192,16,1,96,0.4949262875970791,0.505073712402921,219be5adcfc7d68800bdec669db66a4a3911d4e87c9546f4f7a4bbc401186ad7,c793904a35159b4a1d2f63b8366f7cc3bcbd9c9634985467332c5cdff7d145c6
TrpB,T-DCG-192,16,2,192,0.4855506650787785,0.5144493349212216,09f3734d8183fe8ae410fecbdd17c9fd4265108b7b9f038b1c93eedc1e780a9c,f0ac447f70e6fd37cc6c177223b036516c271c47ef5962e85f05c6404491c5f5
TrpB,T-DCG-192,16,3,288,0.26535930214195846,0.7346406978580415,b5f1fe33243e46168a522ea36ed9968afd6cdbbf69fa7cd5329f0fdb236b30b5,0ad4100452e3c19781b2978748b9aef7a9287b2f1ed6018f05d3573e9d286802
TrpB,T-DCG-192,16,4,384,0.22844454284053853,0.7715554571594615,d37bb2c3df60106b2075be8efc65265c3d00f592f352d36b33888902690dffa2,c332b2bc4186292694df7486c620ca94784e8b529c30dd1ecb1e5f88f66a1ad6
TrpB,G-Rank,17,1,96,0.6179909224166859,0.38200907758331415,0f99e2eb8be4d2dd2c0309f0e88f1037e8611ffbb1da37e5086536a26d9b7aee,13c01e30c813d54c9624b69f7c5c78d419366d81d0d434ae6acd0a7f6dd8880a
TrpB,G-Rank,17,2,192,0.5442440222092019,0.45575597779079813,fadc5d7be398d3d7088e2affbd5cc6205b00f2e8c4d78ef3f7dc9bea305dfbc1,348cafb6e03e0393ddec59c088576a9309805b14341ee8269455d35472933fb7
TrpB,G-Rank,17,3,288,0.24001388653543335,0.7599861134645667,ad06472624e252b948d40d5b5bbebe171912bcd458847e565019929ad0117971,94981854b93a5cdd61ad38a3b844bdca4d69b7dea9ec6f2fe720d094ac77a5e2
TrpB,G-Rank,17,4,384,0.3019397463756056,0.6980602536243944,a5cccbb3fa08ffa0fb3d621c91108795d262ce997dacb26b881598389f75cec1,b47055335aed5832f7c2778e4e309d48d3183c623bd69ab5dad4248bf68491f8
TrpB,T-Uniform-96,17,1,96,0.6179909224166859,0.38200907758331415,0f99e2eb8be4d2dd2c0309f0e88f1037e8611ffbb1da37e5086536a26d9b7aee,13c01e30c813d54c9624b69f7c5c78d419366d81d0d434ae6acd0a7f6dd8880a
TrpB,T-Uniform-96,17,2,192,0.4373629482917169,0.562637051708283,fadc5d7be398d3d7088e2affbd5cc6205b00f2e8c4d78ef3f7dc9bea305dfbc1,348cafb6e03e0393ddec59c088576a9309805b14341ee8269455d35472933fb7
TrpB,T-Uniform-96,17,3,288,0.12204087319023073,0.8779591268097693,1ef6ca2ff8f6b4aa37f4e1bb9426d433f589940a86efb83e0426db86b47d9203,b5b59bcec4840d83da98aad708fc9f4991d889de2bd206f96b1cb2b155e46513
TrpB,T-Uniform-96,17,4,384,0.20098571411965735,0.7990142858803426,244aaa4d997e6ac368bdc25fb4000d06e73bac6975f29a196bcb4d95946884a3,6b53ffa10c5374dfcb11a67cbd58310f151878a60f3f99d98ce5e41afe9b1d02
TrpB,T-DCG-96,17,1,96,0.6133071833373268,0.3866928166626732,0f99e2eb8be4d2dd2c0309f0e88f1037e8611ffbb1da37e5086536a26d9b7aee,13c01e30c813d54c9624b69f7c5c78d419366d81d0d434ae6acd0a7f6dd8880a
TrpB,T-DCG-96,17,2,192,0.3649532238733372,0.6350467761266628,d605fa4d04e7e0bd1f157af06d9669a00d206c34c0d0d6f895f3e20f5d3600c4,435eaa3f438f9e65113783f5c31ebf16c66af591de0dea0cc774137d0a2b118a
TrpB,T-DCG-96,17,3,288,0.17176641421375774,0.8282335857862423,b3d8f2a9294e567ea89a6b3f871cced5952d021d3ddd8ee5d22bd8a00c5cdbde,76ddcc6b4935b96d4ea3a0111df5d72c8ceab1529f3cbe1ce26dbb10afb496fa
TrpB,T-DCG-96,17,4,384,0.2075358447487696,0.7924641552512304,a91a116bbf07eb900ed3dea681a2f9050bb95e008744aac8eb5069b6b965687a,5bdd071c5dbe92ae64536171ea5cde4a2e8dd026dc3edd43065c3a05760a628a
TrpB,T-DCG-192,17,1,96,0.6133071833373268,0.3866928166626732,0f99e2eb8be4d2dd2c0309f0e88f1037e8611ffbb1da37e5086536a26d9b7aee,13c01e30c813d54c9624b69f7c5c78d419366d81d0d434ae6acd0a7f6dd8880a
TrpB,T-DCG-192,17,2,192,0.4407548032590147,0.5592451967409853,d605fa4d04e7e0bd1f157af06d9669a00d206c34c0d0d6f895f3e20f5d3600c4,435eaa3f438f9e65113783f5c31ebf16c66af591de0dea0cc774137d0a2b118a
TrpB,T-DCG-192,17,3,288,0.07229116683629327,0.9277088331637067,5e5982eb0c7723085c89c0eea0da7ea436703869092a6cc4b828f00e6dd10d4d,309de784adeeba530d7d959e4ee4928e74e994618daebacca933eb09f01fdbdc
TrpB,T-DCG-192,17,4,384,0.23235523742617964,0.7676447625738203,84cbc6a762884b1f8f1c463ed01d5681e2fac9273d4001357c517421638b39db,4bbbf2eb4403246bfd00bc208baa060636eb3141bc85c38e5ce7f37dfe59afe9
TrpB,G-Rank,18,1,96,0.5960601069015363,0.4039398930984637,8398e12fb5470de949b4d47344bebe76d5e0feb5764bdbd9479b22fbc5dd451c,081b07c904341cf5bb70091b9e64cc1eb1fdcf49f9f2fca495ae0cf535ca2628
TrpB,G-Rank,18,2,192,0.5474532045199689,0.45254679548003107,80787a79888b79b8f3fb7a3a87afe6b94285fa610a4af2e45266443e7c2d9a70,cc150b4bf591e3becba907949217124b3477d033bfa7414e043f0ce4bdb3dcc5
TrpB,G-Rank,18,3,288,0.45406459349110073,0.5459354065088993,8a37cb30c3763f02e868ce49d55b13cd5e0231c40ff5ce86ee116a9bd117700d,b707291651c06777fac777e5735e9b41ba999bfde8231e33c4d73150ac0f1acc
TrpB,G-Rank,18,4,384,0.2792387195619686,0.7207612804380314,88cbf3c97f383ecef930d65da04c412d93cb1612684c09ee4894ed5579b111e8,fcd025d0d98e42f4970869f4144908d53d4ae82fafaa65327b64828082b8cb02
TrpB,T-Uniform-96,18,1,96,0.5960601069015363,0.4039398930984637,8398e12fb5470de949b4d47344bebe76d5e0feb5764bdbd9479b22fbc5dd451c,081b07c904341cf5bb70091b9e64cc1eb1fdcf49f9f2fca495ae0cf535ca2628
TrpB,T-Uniform-96,18,2,192,0.4605826501532933,0.5394173498467068,80787a79888b79b8f3fb7a3a87afe6b94285fa610a4af2e45266443e7c2d9a70,cc150b4bf591e3becba907949217124b3477d033bfa7414e043f0ce4bdb3dcc5
TrpB,T-Uniform-96,18,3,288,0.49670484227446254,0.5032951577255375,33545739a918b303a178630855753935216447ab688a70dccf15d613210c6bb0,f24b23de2d9716f0e55c61bf76cb45933c6ff2f9875476a188de67f366c36126
TrpB,T-Uniform-96,18,4,384,0.35247736130858137,0.6475226386914186,7eea10feafff2bf22138ac44800427c9addfd33ed10895fb95f2361fdc1050ed,edb45e25d64752ccf7c38b145cda2b0da911d16e8f161821ebd3abb4514a59e0
TrpB,T-DCG-96,18,1,96,0.5649472075872406,0.4350527924127594,8398e12fb5470de949b4d47344bebe76d5e0feb5764bdbd9479b22fbc5dd451c,081b07c904341cf5bb70091b9e64cc1eb1fdcf49f9f2fca495ae0cf535ca2628
TrpB,T-DCG-96,18,2,192,0.4035660649092505,0.5964339350907495,c9a2facc28ea29bc1687a0541b135f0931720bf78adbcd9a8de27ff7eb193dca,6448dcc89079a5a7e5d159f20b3d5423be5be1ff3857aa9a3bf5c5629e559287
TrpB,T-DCG-96,18,3,288,0.5321639744159107,0.4678360255840893,5a889bc7b96effa13c51aede668dfe7cb5adaae9630e07c25e6d6834b8fbd117,53d6cfff07904d9e255f59146edc60f0a140d9fb4e1ab8474663c464bad06517
TrpB,T-DCG-96,18,4,384,0.13794697212837512,0.8620530278716249,4d5c56bb5b444e6b8ec900517dcb469f2f46ec7b037d17942cb9874e04240650,7bf2f9e74ef73451c6f3892c5b783b2f3063131a2c989c4d0041c0fa9c2e790b
TrpB,T-DCG-192,18,1,96,0.5649472075872406,0.4350527924127594,8398e12fb5470de949b4d47344bebe76d5e0feb5764bdbd9479b22fbc5dd451c,081b07c904341cf5bb70091b9e64cc1eb1fdcf49f9f2fca495ae0cf535ca2628
TrpB,T-DCG-192,18,2,192,0.49963601198107005,0.5003639880189299,c9a2facc28ea29bc1687a0541b135f0931720bf78adbcd9a8de27ff7eb193dca,6448dcc89079a5a7e5d159f20b3d5423be5be1ff3857aa9a3bf5c5629e559287
TrpB,T-DCG-192,18,3,288,0.717309624732447,0.28269037526755303,a129f8f7de094f31a9cae14fa8419f4cf8bc5d48e7a50955d3eb73ea677e98d7,3e36d1f4aa6e49336e3c2e73bf23bec34abda216e167fe8ebac6f6b68140aa58
TrpB,T-DCG-192,18,4,384,0.08590409867675061,0.9140959013232494,f81eb474682f6bc31312f662a2675bdc6bc103da33c280ed840c398f6993cdce,7139b877f9864537aceec6061290406acc594efb6aa3c3551a0eef33a4819029
TrpB,G-Rank,19,1,96,0.8144603506514397,0.18553964934856026,49ae63506e592eba5a1cb9454ef0f61803919bd5358355cd0e84dba2271b0027,c863350773188445ebc4d90289792c5fa138cbd39f1f97060862668adb7d4e6f
TrpB,G-Rank,19,2,192,0.37603053133998654,0.6239694686600135,748a565e946e22eb6a3283cdbcdcb1e90dc2d08da60f7c3e15a39a340f836820,1276f3be14a98a97e2272da9e06a9c8702efea37c14b17433a0f33e1c366afab
TrpB,G-Rank,19,3,288,0.3052415530042848,0.6947584469957152,cc91bf2823808a85ef9465b3b4348efd889c8af67c2ab2a66eb56c49ad7edc49,4150f6de0a1455809682c42ec517adf87569d19b25f478730017a35ab0427d5a
TrpB,G-Rank,19,4,384,0.20452641140794278,0.7954735885920572,e44ffa597b3618b898af6a3073a3542e42a4beb7398eaaef5cd5a1d093edb1b3,2ef2a152538dbe7ded3a93450c7c379222614bab6bc1b81bcf01f378f7e1f093
TrpB,T-Uniform-96,19,1,96,0.8144603506514397,0.18553964934856026,49ae63506e592eba5a1cb9454ef0f61803919bd5358355cd0e84dba2271b0027,c863350773188445ebc4d90289792c5fa138cbd39f1f97060862668adb7d4e6f
TrpB,T-Uniform-96,19,2,192,0.3268687822757,0.6731312177243001,748a565e946e22eb6a3283cdbcdcb1e90dc2d08da60f7c3e15a39a340f836820,1276f3be14a98a97e2272da9e06a9c8702efea37c14b17433a0f33e1c366afab
TrpB,T-Uniform-96,19,3,288,0.2776119053473369,0.7223880946526631,3f385d8d78d833f3e68e233bde0cac48e9b2c8540ed377e591667f6b87d8950d,dba101c3e81a8c2c7ca1f81cab9b5a66f18d891849b61f046429f09a2d768d93
TrpB,T-Uniform-96,19,4,384,0.1704780911062907,0.8295219088937094,2c03884d3089cfc3548cccc20741a988a99e45b250cb0ce8cf6f4f348c2f0b49,d3c5a488afe002fa521fbb676cc6b4fccb96a09049f498113fc00a61de9fefc9
TrpB,T-DCG-96,19,1,96,0.8506201171172466,0.1493798828827534,49ae63506e592eba5a1cb9454ef0f61803919bd5358355cd0e84dba2271b0027,c863350773188445ebc4d90289792c5fa138cbd39f1f97060862668adb7d4e6f
TrpB,T-DCG-96,19,2,192,0.2362458064089781,0.7637541935910219,8442a12df713963d11a7db008d726d4ed842408397582cc46b24c090f60f5e25,80929f7d5eeaf5894c5461abf1261f40e744c3d9d19a8fa57e311dab50e6bd3f
TrpB,T-DCG-96,19,3,288,0.32818993348692366,0.6718100665130764,d0697c9da285a219ddf0a3d074dac8a91d8b50eeffa31c81329ce1fa3252347f,4328722dc7158342ab47e66f78e4f1f71b0d8a56877e67d2e8003971ccf7758b
TrpB,T-DCG-96,19,4,384,0.18022227254968595,0.8197777274503141,b1251dc950038a8d42e206a150f759e15506b2b886f15b389b13a0aa4bb9022c,df5730ba34758185bfc394d3132de48195054d6dc2ebf7460e5311c7ee5f2c49
TrpB,T-DCG-192,19,1,96,0.8506201171172466,0.1493798828827534,49ae63506e592eba5a1cb9454ef0f61803919bd5358355cd0e84dba2271b0027,c863350773188445ebc4d90289792c5fa138cbd39f1f97060862668adb7d4e6f
TrpB,T-DCG-192,19,2,192,0.32581939584598657,0.6741806041540135,8442a12df713963d11a7db008d726d4ed842408397582cc46b24c090f60f5e25,80929f7d5eeaf5894c5461abf1261f40e744c3d9d19a8fa57e311dab50e6bd3f
TrpB,T-DCG-192,19,3,288,0.4045265013192163,0.5954734986807837,686facb66e58c042808bafd38990fa6d4193b8afae071e3811299692423f921a,9efa1ddf0157cd0f030c761af99104bf1cf95504d2147be622426bff15da7f0d
TrpB,T-DCG-192,19,4,384,0.21232679674920105,0.7876732032507989,585dfca23a122231a8346ed7ed8c405a6274b8de347e2655500650cec86962b5,85ed24270d6c145200ce2cbab04d40135f669b0822b2ed8d401d6bb9f31362af
TrpB,G-Rank,20,1,96,0.6640377067958613,0.33596229320413873,26a1697387d2d6a5679cf2cbaa69a4112d984246f33f0f375154aeedcd5037c7,e0a9e128fe70994f8f5b9d425ae5708d66752f2df6158178045fc7afa75882d6
TrpB,G-Rank,20,2,192,0.41803811317251716,0.5819618868274828,fe6be0481a0166787a18539e923fb49a4250613581a06eb4f5aedd8283d840cc,4d306172cbd4f3a2f704ae02b6c35ad176c221e8797248c059eed2126e103770
TrpB,G-Rank,20,3,288,0.1674957247341536,0.8325042752658464,4d5824ce1b7825313525e6133062be8ee48d37d4428df40ab20fdf157c301b74,6ada149bd60965b1b69612d0932563ddfa247d9122c8715fead27f8fb2fcecd4
TrpB,G-Rank,20,4,384,0.1647136192049379,0.8352863807950621,c211eb02ea6c5563fe14faaeb0557c3fe8de1a439aee8d24d77e3b9671ad2eb0,015dba3c2d6da796bf4b0e58ed1246ff58f581a5682417154666b90682dfd477
TrpB,T-Uniform-96,20,1,96,0.6640377067958613,0.33596229320413873,26a1697387d2d6a5679cf2cbaa69a4112d984246f33f0f375154aeedcd5037c7,e0a9e128fe70994f8f5b9d425ae5708d66752f2df6158178045fc7afa75882d6
TrpB,T-Uniform-96,20,2,192,0.30824464928591205,0.6917553507140879,fe6be0481a0166787a18539e923fb49a4250613581a06eb4f5aedd8283d840cc,4d306172cbd4f3a2f704ae02b6c35ad176c221e8797248c059eed2126e103770
TrpB,T-Uniform-96,20,3,288,0.0,1.0,4609d9bae2a482bfd280aed2ea364378e2c1b3a28cc4fbb8e42b17f29ce3d2c1,9a3deaeac129509647c2b2a1ffb6c83b7aa1c747d498da41d571f0252637c703
TrpB,T-Uniform-96,20,4,384,0.2849823745688403,0.7150176254311598,13775a04482938b8bbfc42d972a39398ecdbe27f8f7f14b70071599492b5c322,bdda82bf263a667f3a681305f0a0237f74908755d3c805f044d4b8c2f2b9b057
TrpB,T-DCG-96,20,1,96,0.7389016803982107,0.2610983196017893,26a1697387d2d6a5679cf2cbaa69a4112d984246f33f0f375154aeedcd5037c7,e0a9e128fe70994f8f5b9d425ae5708d66752f2df6158178045fc7afa75882d6
TrpB,T-DCG-96,20,2,192,0.3359211324094038,0.6640788675905962,5284f1a6f028cb0785b50572ccc2c1a069ea88fdf081d94b8d5f96bf55ea9b40,5c04e671406d0c9645a5ff4c28f848c04b3fcbad81a9b62e5370578bbca59653
TrpB,T-DCG-96,20,3,288,0.16544595161095474,0.8345540483890452,4af4fe656e05d6543b67ae2dc17a95099edf120bad9780e2b7f616ed13f43c10,faafb09b09acdcd6bb50447455e6e18068c88bf94b6c80454d8c8356b5a925be
TrpB,T-DCG-96,20,4,384,0.20497093146062678,0.7950290685393733,19857e3d75d0fe91994852b2c0ab80335acc29211f82bca6a5c005c2e513453e,a32ea03752f7b20954ded967cd2169ae4d41a1e7be8f3acc6dfe8ae88d028d29
TrpB,T-DCG-192,20,1,96,0.7389016803982107,0.2610983196017893,26a1697387d2d6a5679cf2cbaa69a4112d984246f33f0f375154aeedcd5037c7,e0a9e128fe70994f8f5b9d425ae5708d66752f2df6158178045fc7afa75882d6
TrpB,T-DCG-192,20,2,192,0.5470448185083095,0.45295518149169045,5284f1a6f028cb0785b50572ccc2c1a069ea88fdf081d94b8d5f96bf55ea9b40,5c04e671406d0c9645a5ff4c28f848c04b3fcbad81a9b62e5370578bbca59653
TrpB,T-DCG-192,20,3,288,0.21446486908955828,0.7855351309104417,a29e8be76fa1c8946ca4b5fa02ee016d87dfbea26d9710418d28a347f9f59f7b,8381dd962813ed74c37c953a369530ae49b689ea3954209760e3fa219b76ba88
TrpB,T-DCG-192,20,4,384,0.09814782664500954,0.9018521733549905,99c10660fc9c9294dc34b85397d4cefcced1eeaad059d0c93dd25dc55ce5e451,ee77bbf91022486bbeb56f121928c2a6b7209d3c851f0cce6927b3d0e71a9c76
TrpB,G-Rank,21,1,96,0.5349569004086259,0.46504309959137413,14ca12565ba8c02f9c878c903293cfc7a3e4c1c9feec193675e4279baca3fa8e,4eeea2d80360ab62526df784b985a2bf34fcb3edaadc73057d7efba49d4f3449
TrpB,G-Rank,21,2,192,0.253586281507292,0.746413718492708,f834550996d33d8343cadb468dd67a869c495c8de0bc9f92e95fdd8bb4e9a816,31922602244120db406ba3712005771c3b193f01968e6bd1620ac6f4f4b2be33
TrpB,G-Rank,21,3,288,0.14275461938159698,0.857245380618403,cbccc1c0c963ff2aa87ff4baa8eb289548c10dbeaaba59d98ab70a7ad4b75071,46666f734dfc93513855e6f1d1c9c0e42b0f9b41565d1b764a6e1a51736baf66
TrpB,G-Rank,21,4,384,0.26265733439262523,0.7373426656073747,669231ad859586f5269bcb00ab4c9c512ec3e8a0f0fee43d86bbc2a30e665d20,fb5670435652593bc5c4993406c0f4f90701d2fa72052b3b6030629fa8737212
TrpB,T-Uniform-96,21,1,96,0.5349569004086259,0.46504309959137413,14ca12565ba8c02f9c878c903293cfc7a3e4c1c9feec193675e4279baca3fa8e,4eeea2d80360ab62526df784b985a2bf34fcb3edaadc73057d7efba49d4f3449
TrpB,T-Uniform-96,21,2,192,0.13050750807831213,0.8694924919216879,f834550996d33d8343cadb468dd67a869c495c8de0bc9f92e95fdd8bb4e9a816,31922602244120db406ba3712005771c3b193f01968e6bd1620ac6f4f4b2be33
TrpB,T-Uniform-96,21,3,288,0.26666784627362156,0.7333321537263784,41eb89656e4a0d2faba1ab843f960658cceb4d7e05afd9941fdb6b74397c5a63,82065c72b48907adc583ab19fe609d0c48cdf6b910d9d6fe42ecbf530ecb9e56
TrpB,T-Uniform-96,21,4,384,0.2924655268131018,0.7075344731868982,dad96cc74b4015374d6546faaf12a790e15dbc640b89412680e400ad818ead46,323828852cc4bfe8e09b6ca099c261d4437379f022765654da2c50863d296a27
TrpB,T-DCG-96,21,1,96,0.5121702565818849,0.48782974341811514,14ca12565ba8c02f9c878c903293cfc7a3e4c1c9feec193675e4279baca3fa8e,4eeea2d80360ab62526df784b985a2bf34fcb3edaadc73057d7efba49d4f3449
TrpB,T-DCG-96,21,2,192,0.23568092762306758,0.7643190723769324,f9d0b56e8875834b9fe333d01bff4f57797898d0b81523d01efcd6dcb4020353,9f64af96c6257ba7e503dbe37fcbfd1550333cbcf9e2e0bd6b61f655f3384fa6
TrpB,T-DCG-96,21,3,288,0.4763514020670522,0.5236485979329478,47a513a6905011c23c70653b1e20680bbd328321ccde064bf0dd46e04575f31b,a9d31e9ff1eae7ce3759fc586dffb23cf7f41fa2928b53c4d61d53e5f601bf3b
TrpB,T-DCG-96,21,4,384,0.0,1.0,c1e6fd7bfc52f42840886659ca94b6a1ffc6b55e7793d87677b7530dd7bd99ce,73ee4236212a55c72b27194f37f0bd546066612aa48eb4f41cbda41e8f80fee6
TrpB,T-DCG-192,21,1,96,0.5121702565818849,0.48782974341811514,14ca12565ba8c02f9c878c903293cfc7a3e4c1c9feec193675e4279baca3fa8e,4eeea2d80360ab62526df784b985a2bf34fcb3edaadc73057d7efba49d4f3449
TrpB,T-DCG-192,21,2,192,0.28879622053969606,0.7112037794603039,f9d0b56e8875834b9fe333d01bff4f57797898d0b81523d01efcd6dcb4020353,9f64af96c6257ba7e503dbe37fcbfd1550333cbcf9e2e0bd6b61f655f3384fa6
TrpB,T-DCG-192,21,3,288,0.3712064554374671,0.6287935445625329,f70367b5f6ea1fe58ba7fdd5847c0882e7129788ab4e5b0ad3d7cb179ad8625e,1ff1eddbe424cdf2985926c5a448d1c2dab16a21ebe2f3cad7cc6be85b6f24e1
TrpB,T-DCG-192,21,4,384,0.4660271252792718,0.5339728747207282,ae2596cc61af99a4614578dc86cd0b13829f28e0748f065701840873f92edaa5,c1f1a8e988be5551a3c2bd6f4f0257a82301b163ebfc299046d6d3a85b587ff7
TrpB,G-Rank,22,1,96,0.3688714358508541,0.631128564149146,6dd9ba8a256c96c7b5b62159705beca52f5afbe3b71c143252917693730c25e8,59f4e508f515c1bbb5fd7d703e6bc2b3e079e5f9de1dec4252a8748e62398893
TrpB,G-Rank,22,2,192,0.4078457111411735,0.5921542888588265,51c897acc49f1bb6a9364c23aee7e834a9492fb05994654bfb2a083e4d3d8070,38aebebf9824b8f4ef18238240a19cb37664640ebbb21875379cc029e1c8eaa7
TrpB,G-Rank,22,3,288,0.2505463178413484,0.7494536821586516,c0c5c4d55f610f1c00de28d53b54007dcfd881c09980f37b09e54ad50b0c662b,864a3204081229ba418d830ad3e304c0d20c0660f172f58d80a83e4f8ef53aad
TrpB,G-Rank,22,4,384,0.2666545864340642,0.7333454135659359,bf306aab70050fa4869beae1fa06dd022cd1b6b1a1bedff0be1401f653cf7cb0,d562d39d2a52e13c1ed55e5e9c00cb4f15e93624ac6bea31a974c69cbc4e071c
TrpB,T-Uniform-96,22,1,96,0.3688714358508541,0.631128564149146,6dd9ba8a256c96c7b5b62159705beca52f5afbe3b71c143252917693730c25e8,59f4e508f515c1bbb5fd7d703e6bc2b3e079e5f9de1dec4252a8748e62398893
TrpB,T-Uniform-96,22,2,192,0.2635229401682146,0.7364770598317854,51c897acc49f1bb6a9364c23aee7e834a9492fb05994654bfb2a083e4d3d8070,38aebebf9824b8f4ef18238240a19cb37664640ebbb21875379cc029e1c8eaa7
TrpB,T-Uniform-96,22,3,288,0.3403933140494262,0.6596066859505738,b948088daa1cf2224eac8a5255bf2f79990744623bcd3b89039955c4de086398,b4b2a8bc82ef0ace1f2e4e8fe784665ae92c7beb16230f5ef84e0cc4f79029f7
TrpB,T-Uniform-96,22,4,384,0.2358712152906442,0.7641287847093559,d700b750db5bd512a06434c183ac4fb30b5cedeffae0e485b609186c51cf6b8e,bfcbfcc2c4b17425ed2dd02a658a8c5b95a95d22231d9ed7bbf059f9df674a23
TrpB,T-DCG-96,22,1,96,0.39320563606423314,0.6067943639357669,6dd9ba8a256c96c7b5b62159705beca52f5afbe3b71c143252917693730c25e8,59f4e508f515c1bbb5fd7d703e6bc2b3e079e5f9de1dec4252a8748e62398893
TrpB,T-DCG-96,22,2,192,0.40709353516598745,0.5929064648340125,3568717aae7b7dea712e63c75105f794a0b9baf8770032d5c4be35f447186265,c4c0bea9ac19afd034ae8882b638f7cdb477cea08d93383b1bef14fe846d2662
TrpB,T-DCG-96,22,3,288,0.4249134494440244,0.5750865505559756,92be5439fc554bdb49835a5d473715530fb03236f8e890c6ec5b8e854bfbb2c6,f595c37d68511cc44d07de665690eed1c0a0ca13ce78b58aa32f03411d8cd738
TrpB,T-DCG-96,22,4,384,0.11374293564192853,0.8862570643580715,3587697f212599042fd788d59c3376fcb7f3fd5a274a56c54947df7aee58e74f,3bdf7b8e2ee643629c9ae007a6104a48cc1d4779fe3ec7048cd4a464b0459818
TrpB,T-DCG-192,22,1,96,0.39320563606423314,0.6067943639357669,6dd9ba8a256c96c7b5b62159705beca52f5afbe3b71c143252917693730c25e8,59f4e508f515c1bbb5fd7d703e6bc2b3e079e5f9de1dec4252a8748e62398893
TrpB,T-DCG-192,22,2,192,0.45275147805672616,0.5472485219432739,3568717aae7b7dea712e63c75105f794a0b9baf8770032d5c4be35f447186265,c4c0bea9ac19afd034ae8882b638f7cdb477cea08d93383b1bef14fe846d2662
TrpB,T-DCG-192,22,3,288,0.31527171794406905,0.684728282055931,2b72923f71f7ec80162b6ac7c02bbeb901ca8eb8089894680a6fb0ce6e5525f3,1670b839db3624368ba129a5fa306e4b8a3322994d7816d157ab96be928b1df2
TrpB,T-DCG-192,22,4,384,0.23262511693722024,0.7673748830627798,af69ea62d002c83b140bda962c77c9ef55dea206f49acf95a37a894268eddb97,b51ee96754540dcce7554df36719c480becfefbe83c38b15b7f1732ebd89f8a8
TrpB,G-Rank,23,1,96,0.49140023434884494,0.5085997656511551,06e2e1cc74e45db3eaba5651387adda7098d287064cec66799682a57c9ab6008,d1850e5db017a6e40bd667a7834bb4262d9f059ff05e46c471c09ffb109020bc
TrpB,G-Rank,23,2,192,0.44865224565502787,0.5513477543449721,f45eee7cced0cb70806123cdb37bc279882be9ff10600f72881982197a868ddc,fd650e3c541e43d3d8a48c294986575485f20671da33ea53a53fd7f5f43e6009
TrpB,G-Rank,23,3,288,0.3143205020136743,0.6856794979863257,77db9207777d8d7b7d6a610d76dda6a6c9073876b53b722f8cdba38ed1972811,7dcf7c555b41cfd7668cddf6b50782768580b2f582d1b8c5d21023cb25b15145
TrpB,G-Rank,23,4,384,0.40124960411990696,0.598750395880093,cebd68db5f01f04b7f379fc48937be4fadc5cd6a8e5caecec7586d0ed8f469cb,0dad82043606b037a1d62e8da125b236f4b71bb7eb6fe08f987cf47da6736f9d
TrpB,T-Uniform-96,23,1,96,0.49140023434884494,0.5085997656511551,06e2e1cc74e45db3eaba5651387adda7098d287064cec66799682a57c9ab6008,d1850e5db017a6e40bd667a7834bb4262d9f059ff05e46c471c09ffb109020bc
TrpB,T-Uniform-96,23,2,192,0.36739952115312163,0.6326004788468784,f45eee7cced0cb70806123cdb37bc279882be9ff10600f72881982197a868ddc,fd650e3c541e43d3d8a48c294986575485f20671da33ea53a53fd7f5f43e6009
TrpB,T-Uniform-96,23,3,288,0.3003498531365175,0.6996501468634825,4e1c29f31740a5916ae0404447974a0d30cae3d73c65b2a0686f31dac517c49e,e8aa9eb67afb3abd19435593cf6b7652f88282e2d5cfb2fec6ee40a08fbdbedf
TrpB,T-Uniform-96,23,4,384,0.2783444184899223,0.7216555815100777,fa0f9969692100d09cde8f58517ed1f2dc7942d40376940a3d357f857f01aca5,c32c0f539f63d364d6054b390c27490bd16787208d0ed9d7a5e74069c85f8231
TrpB,T-DCG-96,23,1,96,0.4609167769858603,0.5390832230141397,06e2e1cc74e45db3eaba5651387adda7098d287064cec66799682a57c9ab6008,d1850e5db017a6e40bd667a7834bb4262d9f059ff05e46c471c09ffb109020bc
TrpB,T-DCG-96,23,2,192,0.3987193123081718,0.6012806876918282,d8eccf169f90ab51817fd48105550cf1244f844bb2de005a3fe8c841a9f9dc11,e45ffb605d2ecbbd269a69802da4712c0c4f3865285b1b6e3c11ccecdcb00163
TrpB,T-DCG-96,23,3,288,0.23659940801874685,0.7634005919812532,e3c1e50b6766d1b8e8cd07b7afb64db64e2470c0a1db2f2318ae171241d32c45,6a250f2641f245d404588faab4c0ea0033ee27791d340bd306fc06e4e0216361
TrpB,T-DCG-96,23,4,384,0.13431269972338736,0.8656873002766127,c06b1f27e94aee40f3b12e46eb46f602c370a32e0dae714b1808210442325c1b,71d4a0ed051226df43519cb8ba1d405036aac1b4978a4826627ba7024a799c98
TrpB,T-DCG-192,23,1,96,0.4609167769858603,0.5390832230141397,06e2e1cc74e45db3eaba5651387adda7098d287064cec66799682a57c9ab6008,d1850e5db017a6e40bd667a7834bb4262d9f059ff05e46c471c09ffb109020bc
TrpB,T-DCG-192,23,2,192,0.4548867278244098,0.5451132721755902,d8eccf169f90ab51817fd48105550cf1244f844bb2de005a3fe8c841a9f9dc11,e45ffb605d2ecbbd269a69802da4712c0c4f3865285b1b6e3c11ccecdcb00163
TrpB,T-DCG-192,23,3,288,0.3268864750905309,0.6731135249094691,7ec55a89d6ff1ee8e6ec5c0894205b16e6f21511df4455153c5008bbbc8d511c,6a6e6ad7a4f386435d513edfe6c9743c1cca8d597f7cb78831eadbe1f2427b06
TrpB,T-DCG-192,23,4,384,0.197486749815153,0.802513250184847,9bd8e1b4177f9681f752d99a15e96083b6c5925dd57d0c26786f5d85090cda36,908be2f964b46e2e1ac06df7e28008ef804f2df90157994839a45ff619d1016c
