benchmark,objective,group,round,queries,previous_best,batch_best,batch_mean,batch_best_gain,best_so_far,batch_best_minus_previous_best,history_at_query_budget,diagnostic_scope
GB1,G-Rank,0,1,192,0.10510829340780974,0.7352767757755749,0.05395382223789139,0.6301684823677652,0.7352767757755749,0.6301684823677652,0.7352767757755749,new batch already sealed and revealed; post-completion analysis only
GB1,G-Rank,0,2,288,0.7352767757755749,0.6666978094121851,0.20526882365878948,0.0,0.7352767757755749,-0.06857896636338978,0.7352767757755749,new batch already sealed and revealed; post-completion analysis only
GB1,G-Rank,0,3,384,0.7352767757755749,0.7849778591964844,0.29299353064571254,0.04970108342090951,0.7849778591964844,0.04970108342090951,0.7849778591964844,new batch already sealed and revealed; post-completion analysis only
GB1,G-Rank,0,4,480,0.7849778591964844,0.8345908537078612,0.28198846257124616,0.049612994511376796,0.8345908537078612,0.049612994511376796,0.8345908537078612,new batch already sealed and revealed; post-completion analysis only
GB1,T-Uniform-96,0,1,192,0.10510829340780974,0.7352767757755749,0.05395382223789139,0.6301684823677652,0.7352767757755749,0.6301684823677652,0.7352767757755749,new batch already sealed and revealed; post-completion analysis only
GB1,T-Uniform-96,0,2,288,0.7352767757755749,0.6666978094121851,0.20649109319016068,0.0,0.7352767757755749,-0.06857896636338978,0.7352767757755749,new batch already sealed and revealed; post-completion analysis only
GB1,T-Uniform-96,0,3,384,0.7352767757755749,0.7849778591964844,0.31039621823021407,0.04970108342090951,0.7849778591964844,0.04970108342090951,0.7849778591964844,new batch already sealed and revealed; post-completion analysis only
GB1,T-Uniform-96,0,4,480,0.7849778591964844,0.8345908537078612,0.29765637580510396,0.049612994511376796,0.8345908537078612,0.049612994511376796,0.8345908537078612,new batch already sealed and revealed; post-completion analysis only
GB1,T-DCG-96,0,1,192,0.10510829340780974,0.7352767757755749,0.05396743089348285,0.6301684823677652,0.7352767757755749,0.6301684823677652,0.7352767757755749,new batch already sealed and revealed; post-completion analysis only
GB1,T-DCG-96,0,2,288,0.7352767757755749,0.6666978094121851,0.1937642510074112,0.0,0.7352767757755749,-0.06857896636338978,0.7352767757755749,new batch already sealed and revealed; post-completion analysis only
GB1,T-DCG-96,0,3,384,0.7352767757755749,0.7849778591964844,0.31814801242300145,0.04970108342090951,0.7849778591964844,0.04970108342090951,0.7849778591964844,new batch already sealed and revealed; post-completion analysis only
GB1,T-DCG-96,0,4,480,0.7849778591964844,0.6426946203725226,0.24012443692939156,0.0,0.7849778591964844,-0.14228323882396188,0.7849778591964844,new batch already sealed and revealed; post-completion analysis only
GB1,T-DCG-192,0,1,192,0.10510829340780974,0.7352767757755749,0.05396743089348285,0.6301684823677652,0.7352767757755749,0.6301684823677652,0.7352767757755749,new batch already sealed and revealed; post-completion analysis only
GB1,T-DCG-192,0,2,288,0.7352767757755749,0.6157348388264443,0.19556691602565976,0.0,0.7352767757755749,-0.11954193694913062,0.7352767757755749,new batch already sealed and revealed; post-completion analysis only
GB1,T-DCG-192,0,3,384,0.7352767757755749,0.7849778591964844,0.23441852169107616,0.04970108342090951,0.7849778591964844,0.04970108342090951,0.7849778591964844,new batch already sealed and revealed; post-completion analysis only
GB1,T-DCG-192,0,4,480,0.7849778591964844,0.8345908537078612,0.31986046878761776,0.049612994511376796,0.8345908537078612,0.049612994511376796,0.8345908537078612,new batch already sealed and revealed; post-completion analysis only
GB1,G-Rank,1,1,192,0.3810598537000246,0.5568023833395405,0.13421275975411107,0.17574252963951587,0.5568023833395405,0.17574252963951587,0.5568023833395405,new batch already sealed and revealed; post-completion analysis only
GB1,G-Rank,1,2,288,0.5568023833395405,0.5753480839710793,0.1014342479125649,0.01854570063153882,0.5753480839710793,0.01854570063153882,0.5753480839710793,new batch already sealed and revealed; post-completion analysis only
GB1,G-Rank,1,3,384,0.5753480839710793,0.7352767757755749,0.1852640214989981,0.15992869180449565,0.7352767757755749,0.15992869180449565,0.7352767757755749,new batch already sealed and revealed; post-completion analysis only
GB1,G-Rank,1,4,480,0.7352767757755749,0.8345908537078612,0.1910646730909666,0.0993140779322863,0.8345908537078612,0.0993140779322863,0.8345908537078612,new batch already sealed and revealed; post-completion analysis only
GB1,T-Uniform-96,1,1,192,0.3810598537000246,0.5568023833395405,0.13421275975411107,0.17574252963951587,0.5568023833395405,0.17574252963951587,0.5568023833395405,new batch already sealed and revealed; post-completion analysis only
GB1,T-Uniform-96,1,2,288,0.5568023833395405,0.5753480839710793,0.10340679359221668,0.01854570063153882,0.5753480839710793,0.01854570063153882,0.5753480839710793,new batch already sealed and revealed; post-completion analysis only
GB1,T-Uniform-96,1,3,384,0.5753480839710793,0.8345908537078612,0.20403905027824423,0.25924276973678195,0.8345908537078612,0.25924276973678195,0.8345908537078612,new batch already sealed and revealed; post-completion analysis only
GB1,T-Uniform-96,1,4,480,0.8345908537078612,0.6426946203725226,0.21813282115853802,0.0,0.8345908537078612,-0.19189623333533867,0.8345908537078612,new batch already sealed and revealed; post-completion analysis only
GB1,T-DCG-96,1,1,192,0.3810598537000246,0.5568023833395405,0.13849936317778996,0.17574252963951587,0.5568023833395405,0.17574252963951587,0.5568023833395405,new batch already sealed and revealed; post-completion analysis only
GB1,T-DCG-96,1,2,288,0.5568023833395405,0.5882232195775227,0.11610302390228673,0.0314208362379822,0.5882232195775227,0.0314208362379822,0.5882232195775227,new batch already sealed and revealed; post-completion analysis only
GB1,T-DCG-96,1,3,384,0.5882232195775227,0.7352767757755749,0.2597970383498709,0.14705355619805227,0.7352767757755749,0.14705355619805227,0.7352767757755749,new batch already sealed and revealed; post-completion analysis only
GB1,T-DCG-96,1,4,480,0.7352767757755749,0.8345908537078612,0.2546069798292379,0.0993140779322863,0.8345908537078612,0.0993140779322863,0.8345908537078612,new batch already sealed and revealed; post-completion analysis only
GB1,T-DCG-192,1,1,192,0.3810598537000246,0.5568023833395405,0.13849936317778996,0.17574252963951587,0.5568023833395405,0.17574252963951587,0.5568023833395405,new batch already sealed and revealed; post-completion analysis only
GB1,T-DCG-192,1,2,288,0.5568023833395405,0.5882232195775227,0.11610302390228673,0.0314208362379822,0.5882232195775227,0.0314208362379822,0.5882232195775227,new batch already sealed and revealed; post-completion analysis only
GB1,T-DCG-192,1,3,384,0.5882232195775227,0.7352767757755749,0.26008306878675885,0.14705355619805227,0.7352767757755749,0.14705355619805227,0.7352767757755749,new batch already sealed and revealed; post-completion analysis only
GB1,T-DCG-192,1,4,480,0.7352767757755749,1.0,0.27249976589280916,0.26472322422442507,1.0,0.26472322422442507,1.0,new batch already sealed and revealed; post-completion analysis only
GB1,G-Rank,2,1,192,0.17286886532849932,0.5449108151583013,0.0706655813504785,0.372041949829802,0.5449108151583013,0.372041949829802,0.5449108151583013,new batch already sealed and revealed; post-completion analysis only
GB1,G-Rank,2,2,288,0.5449108151583013,0.6162714928358993,0.1688911778599668,0.07136067767759802,0.6162714928358993,0.07136067767759802,0.6162714928358993,new batch already sealed and revealed; post-completion analysis only
GB1,G-Rank,2,3,384,0.6162714928358993,0.7077333663997645,0.25449305286880747,0.09146187356386515,0.7077333663997645,0.09146187356386515,0.7077333663997645,new batch already sealed and revealed; post-completion analysis only
GB1,G-Rank,2,4,480,0.7077333663997645,1.0,0.29160331420495395,0.2922666336002355,1.0,0.2922666336002355,1.0,new batch already sealed and revealed; post-completion analysis only
GB1,T-Uniform-96,2,1,192,0.17286886532849932,0.5449108151583013,0.0706655813504785,0.372041949829802,0.5449108151583013,0.372041949829802,0.5449108151583013,new batch already sealed and revealed; post-completion analysis only
GB1,T-Uniform-96,2,2,288,0.5449108151583013,0.6162714928358993,0.17013918825252394,0.07136067767759802,0.6162714928358993,0.07136067767759802,0.6162714928358993,new batch already sealed and revealed; post-completion analysis only
GB1,T-Uniform-96,2,3,384,0.6162714928358993,0.7077333663997645,0.2413836679336748,0.09146187356386515,0.7077333663997645,0.09146187356386515,0.7077333663997645,new batch already sealed and revealed; post-completion analysis only
GB1,T-Uniform-96,2,4,480,0.7077333663997645,1.0,0.28913611801519873,0.2922666336002355,1.0,0.2922666336002355,1.0,new batch already sealed and revealed; post-completion analysis only
GB1,T-DCG-96,2,1,192,0.17286886532849932,0.5449108151583013,0.0707866248290451,0.372041949829802,0.5449108151583013,0.372041949829802,0.5449108151583013,new batch already sealed and revealed; post-completion analysis only
GB1,T-DCG-96,2,2,288,0.5449108151583013,0.6162714928358993,0.17787337944129122,0.07136067767759802,0.6162714928358993,0.07136067767759802,0.6162714928358993,new batch already sealed and revealed; post-completion analysis only
GB1,T-DCG-96,2,3,384,0.6162714928358993,0.687915107481905,0.22060784333551378,0.07164361464600566,0.687915107481905,0.07164361464600566,0.687915107481905,new batch already sealed and revealed; post-completion analysis only
GB1,T-DCG-96,2,4,480,0.687915107481905,1.0,0.34805870648694737,0.312084892518095,1.0,0.312084892518095,1.0,new batch already sealed and revealed; post-completion analysis only
GB1,T-DCG-192,2,1,192,0.17286886532849932,0.5449108151583013,0.0707866248290451,0.372041949829802,0.5449108151583013,0.372041949829802,0.5449108151583013,new batch already sealed and revealed; post-completion analysis only
GB1,T-DCG-192,2,2,288,0.5449108151583013,0.6162714928358993,0.17668398980725816,0.07136067767759802,0.6162714928358993,0.07136067767759802,0.6162714928358993,new batch already sealed and revealed; post-completion analysis only
GB1,T-DCG-192,2,3,384,0.6162714928358993,0.619767262986405,0.17131189951452794,0.003495770150505728,0.619767262986405,0.003495770150505728,0.619767262986405,new batch already sealed and revealed; post-completion analysis only
GB1,T-DCG-192,2,4,480,0.619767262986405,0.825004381071726,0.2958001621576527,0.20523711808532097,0.825004381071726,0.20523711808532097,0.825004381071726,new batch already sealed and revealed; post-completion analysis only
GB1,G-Rank,3,1,192,0.15079328416395246,0.6209353905963313,0.1426002998799398,0.47014210643237886,0.6209353905963313,0.47014210643237886,0.6209353905963313,new batch already sealed and revealed; post-completion analysis only
GB1,G-Rank,3,2,288,0.6209353905963313,0.7352767757755749,0.22983057487460212,0.11434138517924364,0.7352767757755749,0.11434138517924364,0.7352767757755749,new batch already sealed and revealed; post-completion analysis only
GB1,G-Rank,3,3,384,0.7352767757755749,0.8345908537078612,0.35865928728966706,0.0993140779322863,0.8345908537078612,0.0993140779322863,0.8345908537078612,new batch already sealed and revealed; post-completion analysis only
GB1,G-Rank,3,4,480,0.8345908537078612,0.5572928974740096,0.206777321744218,0.0,0.8345908537078612,-0.2772979562338517,0.8345908537078612,new batch already sealed and revealed; post-completion analysis only
GB1,T-Uniform-96,3,1,192,0.15079328416395246,0.6209353905963313,0.1426002998799398,0.47014210643237886,0.6209353905963313,0.47014210643237886,0.6209353905963313,new batch already sealed and revealed; post-completion analysis only
GB1,T-Uniform-96,3,2,288,0.6209353905963313,0.7352767757755749,0.21860156660818922,0.11434138517924364,0.7352767757755749,0.11434138517924364,0.7352767757755749,new batch already sealed and revealed; post-completion analysis only
GB1,T-Uniform-96,3,3,384,0.7352767757755749,0.6466066646951943,0.2603272420063969,0.0,0.7352767757755749,-0.08867011108038059,0.7352767757755749,new batch already sealed and revealed; post-completion analysis only
GB1,T-Uniform-96,3,4,480,0.7352767757755749,1.0,0.20028207417661173,0.26472322422442507,1.0,0.26472322422442507,1.0,new batch already sealed and revealed; post-completion analysis only
GB1,T-DCG-96,3,1,192,0.15079328416395246,0.6209353905963313,0.14459206541565603,0.47014210643237886,0.6209353905963313,0.47014210643237886,0.6209353905963313,new batch already sealed and revealed; post-completion analysis only
GB1,T-DCG-96,3,2,288,0.6209353905963313,0.8345908537078612,0.27033681378272073,0.21365546311152994,0.8345908537078612,0.21365546311152994,0.8345908537078612,new batch already sealed and revealed; post-completion analysis only
GB1,T-DCG-96,3,3,384,0.8345908537078612,0.6008748012376368,0.2875505331105542,0.0,0.8345908537078612,-0.23371605247022442,0.8345908537078612,new batch already sealed and revealed; post-completion analysis only
GB1,T-DCG-96,3,4,480,0.8345908537078612,0.5395707555373236,0.16018082795622446,0.0,0.8345908537078612,-0.29502009817053765,0.8345908537078612,new batch already sealed and revealed; post-completion analysis only
GB1,T-DCG-192,3,1,192,0.15079328416395246,0.6209353905963313,0.14459206541565603,0.47014210643237886,0.6209353905963313,0.47014210643237886,0.6209353905963313,new batch already sealed and revealed; post-completion analysis only
GB1,T-DCG-192,3,2,288,0.6209353905963313,0.7352767757755749,0.2627780005580139,0.11434138517924364,0.7352767757755749,0.11434138517924364,0.7352767757755749,new batch already sealed and revealed; post-completion analysis only
GB1,T-DCG-192,3,3,384,0.7352767757755749,0.9181903148057718,0.27904869521590075,0.18291353903019691,0.9181903148057718,0.18291353903019691,0.9181903148057718,new batch already sealed and revealed; post-completion analysis only
GB1,T-DCG-192,3,4,480,0.9181903148057718,1.0,0.24860504792809093,0.08180968519422815,1.0,0.08180968519422815,1.0,new batch already sealed and revealed; post-completion analysis only
GB1,G-Rank,4,1,192,0.15680382975014026,0.48381330678888484,0.12094106374542267,0.3270094770387446,0.48381330678888484,0.3270094770387446,0.48381330678888484,new batch already sealed and revealed; post-completion analysis only
GB1,G-Rank,4,2,288,0.48381330678888484,0.7352767757755749,0.20022809124607957,0.2514634689866901,0.7352767757755749,0.2514634689866901,0.7352767757755749,new batch already sealed and revealed; post-completion analysis only
GB1,G-Rank,4,3,384,0.7352767757755749,0.6895801554372128,0.17975782017500683,0.0,0.7352767757755749,-0.04569662033836208,0.7352767757755749,new batch already sealed and revealed; post-completion analysis only
GB1,G-Rank,4,4,480,0.7352767757755749,0.796777075497818,0.251070278042176,0.061500299722243024,0.796777075497818,0.061500299722243024,0.796777075497818,new batch already sealed and revealed; post-completion analysis only
GB1,T-Uniform-96,4,1,192,0.15680382975014026,0.48381330678888484,0.12094106374542267,0.3270094770387446,0.48381330678888484,0.3270094770387446,0.48381330678888484,new batch already sealed and revealed; post-completion analysis only
GB1,T-Uniform-96,4,2,288,0.48381330678888484,0.7352767757755749,0.20774862515835799,0.2514634689866901,0.7352767757755749,0.2514634689866901,0.7352767757755749,new batch already sealed and revealed; post-completion analysis only
GB1,T-Uniform-96,4,3,384,0.7352767757755749,0.6587599672965438,0.16000164987574148,0.0,0.7352767757755749,-0.07651680847903108,0.7352767757755749,new batch already sealed and revealed; post-completion analysis only
GB1,T-Uniform-96,4,4,480,0.7352767757755749,0.6895801554372128,0.11834361903883274,0.0,0.7352767757755749,-0.04569662033836208,0.7352767757755749,new batch already sealed and revealed; post-completion analysis only
GB1,T-DCG-96,4,1,192,0.15680382975014026,0.48381330678888484,0.11189135976910065,0.3270094770387446,0.48381330678888484,0.3270094770387446,0.48381330678888484,new batch already sealed and revealed; post-completion analysis only
GB1,T-DCG-96,4,2,288,0.48381330678888484,0.6895801554372128,0.22223562116737128,0.205766848648328,0.6895801554372128,0.205766848648328,0.6895801554372128,new batch already sealed and revealed; post-completion analysis only
GB1,T-DCG-96,4,3,384,0.6895801554372128,0.687915107481905,0.17589087272743661,0.0,0.6895801554372128,-0.0016650479553078634,0.6895801554372128,new batch already sealed and revealed; post-completion analysis only
GB1,T-DCG-96,4,4,480,0.6895801554372128,1.0,0.29582805241167914,0.31041984456278715,1.0,0.31041984456278715,1.0,new batch already sealed and revealed; post-completion analysis only
GB1,T-DCG-192,4,1,192,0.15680382975014026,0.48381330678888484,0.11189135976910065,0.3270094770387446,0.48381330678888484,0.3270094770387446,0.48381330678888484,new batch already sealed and revealed; post-completion analysis only
GB1,T-DCG-192,4,2,288,0.48381330678888484,0.6895801554372128,0.22567740500030978,0.205766848648328,0.6895801554372128,0.205766848648328,0.6895801554372128,new batch already sealed and revealed; post-completion analysis only
GB1,T-DCG-192,4,3,384,0.6895801554372128,0.825004381071726,0.24341341260659585,0.13542422563451317,0.825004381071726,0.13542422563451317,0.825004381071726,new batch already sealed and revealed; post-completion analysis only
GB1,T-DCG-192,4,4,480,0.825004381071726,1.0,0.3886644359901343,0.17499561892827398,1.0,0.17499561892827398,1.0,new batch already sealed and revealed; post-completion analysis only
GB1,G-Rank,5,1,192,0.5288956730647107,0.7849778591964844,0.19376048458657644,0.2560821861317737,0.7849778591964844,0.2560821861317737,0.7849778591964844,new batch already sealed and revealed; post-completion analysis only
GB1,G-Rank,5,2,288,0.7849778591964844,0.8345908537078612,0.19809974414447193,0.049612994511376796,0.8345908537078612,0.049612994511376796,0.8345908537078612,new batch already sealed and revealed; post-completion analysis only
GB1,G-Rank,5,3,384,0.8345908537078612,0.5395707555373236,0.29352327833529884,0.0,0.8345908537078612,-0.29502009817053765,0.8345908537078612,new batch already sealed and revealed; post-completion analysis only
GB1,G-Rank,5,4,480,0.8345908537078612,0.6157348388264443,0.23752803345605433,0.0,0.8345908537078612,-0.21885601488141693,0.8345908537078612,new batch already sealed and revealed; post-completion analysis only
GB1,T-Uniform-96,5,1,192,0.5288956730647107,0.7849778591964844,0.19376048458657644,0.2560821861317737,0.7849778591964844,0.2560821861317737,0.7849778591964844,new batch already sealed and revealed; post-completion analysis only
GB1,T-Uniform-96,5,2,288,0.7849778591964844,0.8345908537078612,0.23865022146117207,0.049612994511376796,0.8345908537078612,0.049612994511376796,0.8345908537078612,new batch already sealed and revealed; post-completion analysis only
GB1,T-Uniform-96,5,3,384,0.8345908537078612,0.6157348388264443,0.2686065726115095,0.0,0.8345908537078612,-0.21885601488141693,0.8345908537078612,new batch already sealed and revealed; post-completion analysis only
GB1,T-Uniform-96,5,4,480,0.8345908537078612,0.782648947420161,0.24332867380625314,0.0,0.8345908537078612,-0.051941906287700235,0.8345908537078612,new batch already sealed and revealed; post-completion analysis only
GB1,T-DCG-96,5,1,192,0.5288956730647107,0.7849778591964844,0.18919267912910356,0.2560821861317737,0.7849778591964844,0.2560821861317737,0.7849778591964844,new batch already sealed and revealed; post-completion analysis only
GB1,T-DCG-96,5,2,288,0.7849778591964844,0.8345908537078612,0.22669218858373563,0.049612994511376796,0.8345908537078612,0.049612994511376796,0.8345908537078612,new batch already sealed and revealed; post-completion analysis only
GB1,T-DCG-96,5,3,384,0.8345908537078612,0.5753480839710793,0.2952130802430603,0.0,0.8345908537078612,-0.25924276973678195,0.8345908537078612,new batch already sealed and revealed; post-completion analysis only
GB1,T-DCG-96,5,4,480,0.8345908537078612,0.7634964523535905,0.22324810422177865,0.0,0.8345908537078612,-0.0710944013542707,0.8345908537078612,new batch already sealed and revealed; post-completion analysis only
GB1,T-DCG-192,5,1,192,0.5288956730647107,0.7849778591964844,0.18919267912910356,0.2560821861317737,0.7849778591964844,0.2560821861317737,0.7849778591964844,new batch already sealed and revealed; post-completion analysis only
GB1,T-DCG-192,5,2,288,0.7849778591964844,0.8345908537078612,0.23412450942175322,0.049612994511376796,0.8345908537078612,0.049612994511376796,0.8345908537078612,new batch already sealed and revealed; post-completion analysis only
GB1,T-DCG-192,5,3,384,0.8345908537078612,0.6157348388264443,0.32803876312447094,0.0,0.8345908537078612,-0.21885601488141693,0.8345908537078612,new batch already sealed and revealed; post-completion analysis only
GB1,T-DCG-192,5,4,480,0.8345908537078612,0.575738320150293,0.20061189281393296,0.0,0.8345908537078612,-0.2588525335575682,0.8345908537078612,new batch already sealed and revealed; post-completion analysis only
GB1,G-Rank,6,1,192,0.16967748224189114,0.619767262986405,0.10732275289922875,0.4500897807445139,0.619767262986405,0.4500897807445139,0.619767262986405,new batch already sealed and revealed; post-completion analysis only
GB1,G-Rank,6,2,288,0.619767262986405,0.6723293504313184,0.14746004725342726,0.05256208744491331,0.6723293504313184,0.05256208744491331,0.6723293504313184,new batch already sealed and revealed; post-completion analysis only
GB1,G-Rank,6,3,384,0.6723293504313184,0.825004381071726,0.4104114151892711,0.15267503064040766,0.825004381071726,0.15267503064040766,0.825004381071726,new batch already sealed and revealed; post-completion analysis only
GB1,G-Rank,6,4,480,0.825004381071726,1.0,0.2560734606163279,0.17499561892827398,1.0,0.17499561892827398,1.0,new batch already sealed and revealed; post-completion analysis only
GB1,T-Uniform-96,6,1,192,0.16967748224189114,0.619767262986405,0.10732275289922875,0.4500897807445139,0.619767262986405,0.4500897807445139,0.619767262986405,new batch already sealed and revealed; post-completion analysis only
GB1,T-Uniform-96,6,2,288,0.619767262986405,0.6723293504313184,0.15475113641317004,0.05256208744491331,0.6723293504313184,0.05256208744491331,0.6723293504313184,new batch already sealed and revealed; post-completion analysis only
GB1,T-Uniform-96,6,3,384,0.6723293504313184,0.825004381071726,0.3733042848429136,0.15267503064040766,0.825004381071726,0.15267503064040766,0.825004381071726,new batch already sealed and revealed; post-completion analysis only
GB1,T-Uniform-96,6,4,480,0.825004381071726,0.796777075497818,0.11407976717731194,0.0,0.825004381071726,-0.028227305573908068,0.825004381071726,new batch already sealed and revealed; post-completion analysis only
GB1,T-DCG-96,6,1,192,0.16967748224189114,0.6535915260154497,0.12375266923757007,0.4839140437735585,0.6535915260154497,0.4839140437735585,0.6535915260154497,new batch already sealed and revealed; post-completion analysis only
GB1,T-DCG-96,6,2,288,0.6535915260154497,0.8624627606050047,0.2304068820593899,0.20887123458955503,0.8624627606050047,0.20887123458955503,0.8624627606050047,new batch already sealed and revealed; post-completion analysis only
GB1,T-DCG-96,6,3,384,0.8624627606050047,0.7077333663997645,0.3259992421623267,0.0,0.8624627606050047,-0.15472939420524023,0.8624627606050047,new batch already sealed and revealed; post-completion analysis only
GB1,T-DCG-96,6,4,480,0.8624627606050047,0.8622110018003477,0.24763703824785344,0.0,0.8624627606050047,-0.0002517588046569985,0.8624627606050047,new batch already sealed and revealed; post-completion analysis only
GB1,T-DCG-192,6,1,192,0.16967748224189114,0.6535915260154497,0.12375266923757007,0.4839140437735585,0.6535915260154497,0.4839140437735585,0.6535915260154497,new batch already sealed and revealed; post-completion analysis only
GB1,T-DCG-192,6,2,288,0.6535915260154497,0.825004381071726,0.18840497318762642,0.17141285505627635,0.825004381071726,0.17141285505627635,0.825004381071726,new batch already sealed and revealed; post-completion analysis only
GB1,T-DCG-192,6,3,384,0.825004381071726,0.6989076464601929,0.3530925843791906,0.0,0.825004381071726,-0.12609673461153315,0.825004381071726,new batch already sealed and revealed; post-completion analysis only
GB1,T-DCG-192,6,4,480,0.825004381071726,0.9181903148057718,0.20044947113686606,0.09318593373404582,0.9181903148057718,0.09318593373404582,0.9181903148057718,new batch already sealed and revealed; post-completion analysis only
GB1,G-Rank,7,1,192,0.31959416607418856,0.48381330678888484,0.11636932228473384,0.1642191407146963,0.48381330678888484,0.1642191407146963,0.48381330678888484,new batch already sealed and revealed; post-completion analysis only
GB1,G-Rank,7,2,288,0.48381330678888484,0.5792421057396576,0.16934325488232282,0.09542879895077278,0.5792421057396576,0.09542879895077278,0.5792421057396576,new batch already sealed and revealed; post-completion analysis only
GB1,G-Rank,7,3,384,0.5792421057396576,0.5585194681342861,0.19350634556544535,0.0,0.5792421057396576,-0.02072263760537152,0.5792421057396576,new batch already sealed and revealed; post-completion analysis only
GB1,G-Rank,7,4,480,0.5792421057396576,0.6895801554372128,0.17934005592861765,0.11033804969755523,0.6895801554372128,0.11033804969755523,0.6895801554372128,new batch already sealed and revealed; post-completion analysis only
GB1,T-Uniform-96,7,1,192,0.31959416607418856,0.48381330678888484,0.11636932228473384,0.1642191407146963,0.48381330678888484,0.1642191407146963,0.48381330678888484,new batch already sealed and revealed; post-completion analysis only
GB1,T-Uniform-96,7,2,288,0.48381330678888484,0.5792421057396576,0.1949204741039446,0.09542879895077278,0.5792421057396576,0.09542879895077278,0.5792421057396576,new batch already sealed and revealed; post-completion analysis only
GB1,T-Uniform-96,7,3,384,0.5792421057396576,0.6587599672965438,0.20448578054088454,0.07951786155688623,0.6587599672965438,0.07951786155688623,0.6587599672965438,new batch already sealed and revealed; post-completion analysis only
GB1,T-Uniform-96,7,4,480,0.6587599672965438,0.6209353905963313,0.18965828240307206,0.0,0.6587599672965438,-0.03782457670021255,0.6587599672965438,new batch already sealed and revealed; post-completion analysis only
GB1,T-DCG-96,7,1,192,0.31959416607418856,0.48381330678888484,0.11548428235259567,0.1642191407146963,0.48381330678888484,0.1642191407146963,0.48381330678888484,new batch already sealed and revealed; post-completion analysis only
GB1,T-DCG-96,7,2,288,0.48381330678888484,0.5792421057396576,0.19474175061133492,0.09542879895077278,0.5792421057396576,0.09542879895077278,0.5792421057396576,new batch already sealed and revealed; post-completion analysis only
GB1,T-DCG-96,7,3,384,0.5792421057396576,0.6587599672965438,0.2596473282931895,0.07951786155688623,0.6587599672965438,0.07951786155688623,0.6587599672965438,new batch already sealed and revealed; post-completion analysis only
GB1,T-DCG-96,7,4,480,0.6587599672965438,0.5427259185550043,0.1312162339268913,0.0,0.6587599672965438,-0.11603404874153955,0.6587599672965438,new batch already sealed and revealed; post-completion analysis only
GB1,T-DCG-192,7,1,192,0.31959416607418856,0.48381330678888484,0.11548428235259567,0.1642191407146963,0.48381330678888484,0.1642191407146963,0.48381330678888484,new batch already sealed and revealed; post-completion analysis only
GB1,T-DCG-192,7,2,288,0.48381330678888484,0.5792421057396576,0.19388111001539898,0.09542879895077278,0.5792421057396576,0.09542879895077278,0.5792421057396576,new batch already sealed and revealed; post-completion analysis only
GB1,T-DCG-192,7,3,384,0.5792421057396576,0.6271281750844608,0.2409781226516181,0.04788606934480322,0.6271281750844608,0.04788606934480322,0.6271281750844608,new batch already sealed and revealed; post-completion analysis only
GB1,T-DCG-192,7,4,480,0.6271281750844608,0.6587599672965438,0.19599035679272014,0.03163179221208301,0.6587599672965438,0.03163179221208301,0.6587599672965438,new batch already sealed and revealed; post-completion analysis only
GB1,G-Rank,8,1,192,0.08445878847895819,0.5867706908300168,0.09609777627904914,0.5023119023510586,0.5867706908300168,0.5023119023510586,0.5867706908300168,new batch already sealed and revealed; post-completion analysis only
GB1,G-Rank,8,2,288,0.5867706908300168,0.6856482976381117,0.1788017423481556,0.09887760680809499,0.6856482976381117,0.09887760680809499,0.6856482976381117,new batch already sealed and revealed; post-completion analysis only
GB1,G-Rank,8,3,384,0.6856482976381117,0.825004381071726,0.3643162070532773,0.13935608343361428,0.825004381071726,0.13935608343361428,0.825004381071726,new batch already sealed and revealed; post-completion analysis only
GB1,G-Rank,8,4,480,0.825004381071726,0.6157348388264443,0.24752034033266593,0.0,0.825004381071726,-0.20926954224528171,0.825004381071726,new batch already sealed and revealed; post-completion analysis only
GB1,T-Uniform-96,8,1,192,0.08445878847895819,0.5867706908300168,0.09609777627904914,0.5023119023510586,0.5867706908300168,0.5023119023510586,0.5867706908300168,new batch already sealed and revealed; post-completion analysis only
GB1,T-Uniform-96,8,2,288,0.5867706908300168,0.6856482976381117,0.18031235113766506,0.09887760680809499,0.6856482976381117,0.09887760680809499,0.6856482976381117,new batch already sealed and revealed; post-completion analysis only
GB1,T-Uniform-96,8,3,384,0.6856482976381117,0.8622110018003477,0.34630200407538553,0.17656270416223596,0.8622110018003477,0.17656270416223596,0.8622110018003477,new batch already sealed and revealed; post-completion analysis only
GB1,T-Uniform-96,8,4,480,0.8622110018003477,1.0,0.309518867611484,0.1377889981996523,1.0,0.1377889981996523,1.0,new batch already sealed and revealed; post-completion analysis only
GB1,T-DCG-96,8,1,192,0.08445878847895819,0.5867706908300168,0.08988022562065001,0.5023119023510586,0.5867706908300168,0.5023119023510586,0.5867706908300168,new batch already sealed and revealed; post-completion analysis only
GB1,T-DCG-96,8,2,288,0.5867706908300168,0.6856482976381117,0.23207834735919444,0.09887760680809499,0.6856482976381117,0.09887760680809499,0.6856482976381117,new batch already sealed and revealed; post-completion analysis only
GB1,T-DCG-96,8,3,384,0.6856482976381117,0.825004381071726,0.3360777759352569,0.13935608343361428,0.825004381071726,0.13935608343361428,0.825004381071726,new batch already sealed and revealed; post-completion analysis only
GB1,T-DCG-96,8,4,480,0.825004381071726,1.0,0.31135902699890705,0.17499561892827398,1.0,0.17499561892827398,1.0,new batch already sealed and revealed; post-completion analysis only
GB1,T-DCG-192,8,1,192,0.08445878847895819,0.5867706908300168,0.08988022562065001,0.5023119023510586,0.5867706908300168,0.5023119023510586,0.5867706908300168,new batch already sealed and revealed; post-completion analysis only
GB1,T-DCG-192,8,2,288,0.5867706908300168,0.6856482976381117,0.23154202480361788,0.09887760680809499,0.6856482976381117,0.09887760680809499,0.6856482976381117,new batch already sealed and revealed; post-completion analysis only
GB1,T-DCG-192,8,3,384,0.6856482976381117,0.825004381071726,0.3492716238609983,0.13935608343361428,0.825004381071726,0.13935608343361428,0.825004381071726,new batch already sealed and revealed; post-completion analysis only
GB1,T-DCG-192,8,4,480,0.825004381071726,1.0,0.34927188754564664,0.17499561892827398,1.0,0.17499561892827398,1.0,new batch already sealed and revealed; post-completion analysis only
GB1,G-Rank,9,1,192,0.39448148676925154,0.46486437049782475,0.0758974073824632,0.07038288372857321,0.46486437049782475,0.07038288372857321,0.46486437049782475,new batch already sealed and revealed; post-completion analysis only
GB1,G-Rank,9,2,288,0.46486437049782475,0.7352767757755749,0.1801599877285002,0.2704124052777502,0.7352767757755749,0.2704124052777502,0.7352767757755749,new batch already sealed and revealed; post-completion analysis only
GB1,G-Rank,9,3,384,0.7352767757755749,0.8345908537078612,0.1767736470138058,0.0993140779322863,0.8345908537078612,0.0993140779322863,0.8345908537078612,new batch already sealed and revealed; post-completion analysis only
GB1,G-Rank,9,4,480,0.8345908537078612,0.6895801554372128,0.29122221362800976,0.0,0.8345908537078612,-0.14501069827064839,0.8345908537078612,new batch already sealed and revealed; post-completion analysis only
GB1,T-Uniform-96,9,1,192,0.39448148676925154,0.46486437049782475,0.0758974073824632,0.07038288372857321,0.46486437049782475,0.07038288372857321,0.46486437049782475,new batch already sealed and revealed; post-completion analysis only
GB1,T-Uniform-96,9,2,288,0.46486437049782475,0.7352767757755749,0.17735726036452867,0.2704124052777502,0.7352767757755749,0.2704124052777502,0.7352767757755749,new batch already sealed and revealed; post-completion analysis only
GB1,T-Uniform-96,9,3,384,0.7352767757755749,0.8345908537078612,0.19318772599788045,0.0993140779322863,0.8345908537078612,0.0993140779322863,0.8345908537078612,new batch already sealed and revealed; post-completion analysis only
GB1,T-Uniform-96,9,4,480,0.8345908537078612,1.0,0.1893767080653099,0.16540914629213876,1.0,0.16540914629213876,1.0,new batch already sealed and revealed; post-completion analysis only
GB1,T-DCG-96,9,1,192,0.39448148676925154,0.2999011795030939,0.06547682005469542,0.0,0.39448148676925154,-0.09458030726615763,0.39448148676925154,new batch already sealed and revealed; post-completion analysis only
GB1,T-DCG-96,9,2,288,0.39448148676925154,0.7352767757755749,0.11817787842304535,0.3407952890063234,0.7352767757755749,0.3407952890063234,0.7352767757755749,new batch already sealed and revealed; post-completion analysis only
GB1,T-DCG-96,9,3,384,0.7352767757755749,0.687915107481905,0.14516598452566834,0.0,0.7352767757755749,-0.047361668293669945,0.7352767757755749,new batch already sealed and revealed; post-completion analysis only
GB1,T-DCG-96,9,4,480,0.7352767757755749,1.0,0.27146519695164434,0.26472322422442507,1.0,0.26472322422442507,1.0,new batch already sealed and revealed; post-completion analysis only
GB1,T-DCG-192,9,1,192,0.39448148676925154,0.2999011795030939,0.06547682005469542,0.0,0.39448148676925154,-0.09458030726615763,0.39448148676925154,new batch already sealed and revealed; post-completion analysis only
GB1,T-DCG-192,9,2,288,0.39448148676925154,0.7352767757755749,0.1153782460469051,0.3407952890063234,0.7352767757755749,0.3407952890063234,0.7352767757755749,new batch already sealed and revealed; post-completion analysis only
GB1,T-DCG-192,9,3,384,0.7352767757755749,0.723981093746483,0.1460003995209204,0.0,0.7352767757755749,-0.011295682029091925,0.7352767757755749,new batch already sealed and revealed; post-completion analysis only
GB1,T-DCG-192,9,4,480,0.7352767757755749,0.687915107481905,0.26524331601729384,0.0,0.7352767757755749,-0.047361668293669945,0.7352767757755749,new batch already sealed and revealed; post-completion analysis only
GB1,G-Rank,10,1,192,0.3307623982770836,0.5007717973643698,0.10506210476261235,0.17000939908728624,0.5007717973643698,0.17000939908728624,0.5007717973643698,new batch already sealed and revealed; post-completion analysis only
GB1,G-Rank,10,2,288,0.5007717973643698,0.6152423688523073,0.19898303652591567,0.11447057148793749,0.6152423688523073,0.11447057148793749,0.6152423688523073,new batch already sealed and revealed; post-completion analysis only
GB1,G-Rank,10,3,384,0.6152423688523073,0.57096873605915,0.17739641295774256,0.0,0.6152423688523073,-0.044273632793157325,0.6152423688523073,new batch already sealed and revealed; post-completion analysis only
GB1,G-Rank,10,4,480,0.6152423688523073,0.6209353905963313,0.22553941664867905,0.005693021744023974,0.6209353905963313,0.005693021744023974,0.6209353905963313,new batch already sealed and revealed; post-completion analysis only
GB1,T-Uniform-96,10,1,192,0.3307623982770836,0.5007717973643698,0.10506210476261235,0.17000939908728624,0.5007717973643698,0.17000939908728624,0.5007717973643698,new batch already sealed and revealed; post-completion analysis only
GB1,T-Uniform-96,10,2,288,0.5007717973643698,0.6587599672965438,0.1951560854367551,0.15798816993217402,0.6587599672965438,0.15798816993217402,0.6587599672965438,new batch already sealed and revealed; post-completion analysis only
GB1,T-Uniform-96,10,3,384,0.6587599672965438,0.49820766827712387,0.179336769866367,0.0,0.6587599672965438,-0.16055229901941998,0.6587599672965438,new batch already sealed and revealed; post-completion analysis only
GB1,T-Uniform-96,10,4,480,0.6587599672965438,0.6209353905963313,0.22677551712332913,0.0,0.6587599672965438,-0.03782457670021255,0.6587599672965438,new batch already sealed and revealed; post-completion analysis only
GB1,T-DCG-96,10,1,192,0.3307623982770836,0.5007717973643698,0.10740953446203894,0.17000939908728624,0.5007717973643698,0.17000939908728624,0.5007717973643698,new batch already sealed and revealed; post-completion analysis only
GB1,T-DCG-96,10,2,288,0.5007717973643698,0.6895801554372128,0.2163008062977317,0.18880835807284302,0.6895801554372128,0.18880835807284302,0.6895801554372128,new batch already sealed and revealed; post-completion analysis only
GB1,T-DCG-96,10,3,384,0.6895801554372128,0.5161370406540201,0.13531230425763077,0.0,0.6895801554372128,-0.17344311478319274,0.6895801554372128,new batch already sealed and revealed; post-completion analysis only
GB1,T-DCG-96,10,4,480,0.6895801554372128,0.5983500113824232,0.2823090365221373,0.0,0.6895801554372128,-0.09123014405478969,0.6895801554372128,new batch already sealed and revealed; post-completion analysis only
GB1,T-DCG-192,10,1,192,0.3307623982770836,0.5007717973643698,0.10740953446203894,0.17000939908728624,0.5007717973643698,0.17000939908728624,0.5007717973643698,new batch already sealed and revealed; post-completion analysis only
GB1,T-DCG-192,10,2,288,0.5007717973643698,0.6587599672965438,0.2288561901527328,0.15798816993217402,0.6587599672965438,0.15798816993217402,0.6587599672965438,new batch already sealed and revealed; post-completion analysis only
GB1,T-DCG-192,10,3,384,0.6587599672965438,0.5882232195775227,0.2038575024538706,0.0,0.6587599672965438,-0.07053674771902119,0.6587599672965438,new batch already sealed and revealed; post-completion analysis only
GB1,T-DCG-192,10,4,480,0.6587599672965438,0.5652011263715458,0.16058987975738956,0.0,0.6587599672965438,-0.093558840924998,0.6587599672965438,new batch already sealed and revealed; post-completion analysis only
GB1,G-Rank,11,1,192,0.2327546040543394,0.5792421057396576,0.09818558994242005,0.3464875016853182,0.5792421057396576,0.3464875016853182,0.5792421057396576,new batch already sealed and revealed; post-completion analysis only
GB1,G-Rank,11,2,288,0.5792421057396576,0.5007717973643698,0.12028867252724866,0.0,0.5792421057396576,-0.07847030837528779,0.5792421057396576,new batch already sealed and revealed; post-completion analysis only
GB1,G-Rank,11,3,384,0.5792421057396576,0.6895801554372128,0.18696350429667982,0.11033804969755523,0.6895801554372128,0.11033804969755523,0.6895801554372128,new batch already sealed and revealed; post-completion analysis only
GB1,G-Rank,11,4,480,0.6895801554372128,0.825004381071726,0.26940832537723813,0.13542422563451317,0.825004381071726,0.13542422563451317,0.825004381071726,new batch already sealed and revealed; post-completion analysis only
GB1,T-Uniform-96,11,1,192,0.2327546040543394,0.5792421057396576,0.09818558994242005,0.3464875016853182,0.5792421057396576,0.3464875016853182,0.5792421057396576,new batch already sealed and revealed; post-completion analysis only
GB1,T-Uniform-96,11,2,288,0.5792421057396576,0.5504934558488072,0.12838302494663797,0.0,0.5792421057396576,-0.028748649890850464,0.5792421057396576,new batch already sealed and revealed; post-completion analysis only
GB1,T-Uniform-96,11,3,384,0.5792421057396576,0.7352767757755749,0.2013916164759674,0.1560346700359173,0.7352767757755749,0.1560346700359173,0.7352767757755749,new batch already sealed and revealed; post-completion analysis only
GB1,T-Uniform-96,11,4,480,0.7352767757755749,0.6895801554372128,0.2209858127764404,0.0,0.7352767757755749,-0.04569662033836208,0.7352767757755749,new batch already sealed and revealed; post-completion analysis only
GB1,T-DCG-96,11,1,192,0.2327546040543394,0.5792421057396576,0.10922745717723763,0.3464875016853182,0.5792421057396576,0.3464875016853182,0.5792421057396576,new batch already sealed and revealed; post-completion analysis only
GB1,T-DCG-96,11,2,288,0.5792421057396576,0.5504934558488072,0.13351622092224089,0.0,0.5792421057396576,-0.028748649890850464,0.5792421057396576,new batch already sealed and revealed; post-completion analysis only
GB1,T-DCG-96,11,3,384,0.5792421057396576,0.6209353905963313,0.16233292555751108,0.041693284856673674,0.6209353905963313,0.041693284856673674,0.6209353905963313,new batch already sealed and revealed; post-completion analysis only
GB1,T-DCG-96,11,4,480,0.6209353905963313,0.6003990279735468,0.26346045295551396,0.0,0.6209353905963313,-0.020536362622784465,0.6209353905963313,new batch already sealed and revealed; post-completion analysis only
GB1,T-DCG-192,11,1,192,0.2327546040543394,0.5792421057396576,0.10922745717723763,0.3464875016853182,0.5792421057396576,0.3464875016853182,0.5792421057396576,new batch already sealed and revealed; post-completion analysis only
GB1,T-DCG-192,11,2,288,0.5792421057396576,0.5007717973643698,0.1257826544387108,0.0,0.5792421057396576,-0.07847030837528779,0.5792421057396576,new batch already sealed and revealed; post-completion analysis only
GB1,T-DCG-192,11,3,384,0.5792421057396576,0.6209353905963313,0.17881873694013373,0.041693284856673674,0.6209353905963313,0.041693284856673674,0.6209353905963313,new batch already sealed and revealed; post-completion analysis only
GB1,T-DCG-192,11,4,480,0.6209353905963313,0.6152423688523073,0.24467696374236966,0.0,0.6209353905963313,-0.005693021744023974,0.6209353905963313,new batch already sealed and revealed; post-completion analysis only
GB1,G-Rank,12,1,192,0.2994041708213699,0.7352767757755749,0.17725595380161238,0.43587260495420505,0.7352767757755749,0.43587260495420505,0.7352767757755749,new batch already sealed and revealed; post-completion analysis only
GB1,G-Rank,12,2,288,0.7352767757755749,0.6157348388264443,0.13338622704171402,0.0,0.7352767757755749,-0.11954193694913062,0.7352767757755749,new batch already sealed and revealed; post-completion analysis only
GB1,G-Rank,12,3,384,0.7352767757755749,0.7849778591964844,0.312787157647804,0.04970108342090951,0.7849778591964844,0.04970108342090951,0.7849778591964844,new batch already sealed and revealed; post-completion analysis only
GB1,G-Rank,12,4,480,0.7849778591964844,0.8345908537078612,0.25357141358403273,0.049612994511376796,0.8345908537078612,0.049612994511376796,0.8345908537078612,new batch already sealed and revealed; post-completion analysis only
GB1,T-Uniform-96,12,1,192,0.2994041708213699,0.7352767757755749,0.17725595380161238,0.43587260495420505,0.7352767757755749,0.43587260495420505,0.7352767757755749,new batch already sealed and revealed; post-completion analysis only
GB1,T-Uniform-96,12,2,288,0.7352767757755749,0.6157348388264443,0.13436240840428984,0.0,0.7352767757755749,-0.11954193694913062,0.7352767757755749,new batch already sealed and revealed; post-completion analysis only
GB1,T-Uniform-96,12,3,384,0.7352767757755749,0.723981093746483,0.305827331538238,0.0,0.7352767757755749,-0.011295682029091925,0.7352767757755749,new batch already sealed and revealed; post-completion analysis only
GB1,T-Uniform-96,12,4,480,0.7352767757755749,0.825004381071726,0.28102828267660623,0.08972760529615109,0.825004381071726,0.08972760529615109,0.825004381071726,new batch already sealed and revealed; post-completion analysis only
GB1,T-DCG-96,12,1,192,0.2994041708213699,0.7352767757755749,0.17565112759641935,0.43587260495420505,0.7352767757755749,0.43587260495420505,0.7352767757755749,new batch already sealed and revealed; post-completion analysis only
GB1,T-DCG-96,12,2,288,0.7352767757755749,0.6157348388264443,0.1293811500177813,0.0,0.7352767757755749,-0.11954193694913062,0.7352767757755749,new batch already sealed and revealed; post-completion analysis only
GB1,T-DCG-96,12,3,384,0.7352767757755749,0.7849778591964844,0.3088443400041862,0.04970108342090951,0.7849778591964844,0.04970108342090951,0.7849778591964844,new batch already sealed and revealed; post-completion analysis only
GB1,T-DCG-96,12,4,480,0.7849778591964844,0.8345908537078612,0.2146774066263433,0.049612994511376796,0.8345908537078612,0.049612994511376796,0.8345908537078612,new batch already sealed and revealed; post-completion analysis only
GB1,T-DCG-192,12,1,192,0.2994041708213699,0.7352767757755749,0.17565112759641935,0.43587260495420505,0.7352767757755749,0.43587260495420505,0.7352767757755749,new batch already sealed and revealed; post-completion analysis only
GB1,T-DCG-192,12,2,288,0.7352767757755749,0.6157348388264443,0.1140740932744894,0.0,0.7352767757755749,-0.11954193694913062,0.7352767757755749,new batch already sealed and revealed; post-completion analysis only
GB1,T-DCG-192,12,3,384,0.7352767757755749,0.7849778591964844,0.26501097952279706,0.04970108342090951,0.7849778591964844,0.04970108342090951,0.7849778591964844,new batch already sealed and revealed; post-completion analysis only
GB1,T-DCG-192,12,4,480,0.7849778591964844,0.5610956100510879,0.132139445578116,0.0,0.7849778591964844,-0.22388224914539656,0.7849778591964844,new batch already sealed and revealed; post-completion analysis only
GB1,G-Rank,13,1,192,0.3837405675857171,0.5783003395511142,0.194968829657316,0.19455977196539703,0.5783003395511142,0.19455977196539703,0.5783003395511142,new batch already sealed and revealed; post-completion analysis only
GB1,G-Rank,13,2,288,0.5783003395511142,0.8345908537078612,0.396335360044551,0.2562905141567471,0.8345908537078612,0.2562905141567471,0.8345908537078612,new batch already sealed and revealed; post-completion analysis only
GB1,G-Rank,13,3,384,0.8345908537078612,0.7179990336634116,0.3008380428225188,0.0,0.8345908537078612,-0.11659182004444968,0.8345908537078612,new batch already sealed and revealed; post-completion analysis only
GB1,G-Rank,13,4,480,0.8345908537078612,0.5792227217330695,0.2158204684828239,0.0,0.8345908537078612,-0.2553681319747917,0.8345908537078612,new batch already sealed and revealed; post-completion analysis only
GB1,T-Uniform-96,13,1,192,0.3837405675857171,0.5783003395511142,0.194968829657316,0.19455977196539703,0.5783003395511142,0.19455977196539703,0.5783003395511142,new batch already sealed and revealed; post-completion analysis only
GB1,T-Uniform-96,13,2,288,0.5783003395511142,0.8345908537078612,0.39735305058009046,0.2562905141567471,0.8345908537078612,0.2562905141567471,0.8345908537078612,new batch already sealed and revealed; post-completion analysis only
GB1,T-Uniform-96,13,3,384,0.8345908537078612,0.7179990336634116,0.29693426872362005,0.0,0.8345908537078612,-0.11659182004444968,0.8345908537078612,new batch already sealed and revealed; post-completion analysis only
GB1,T-Uniform-96,13,4,480,0.8345908537078612,0.6383703659200922,0.17062889787526084,0.0,0.8345908537078612,-0.19622048778776902,0.8345908537078612,new batch already sealed and revealed; post-completion analysis only
GB1,T-DCG-96,13,1,192,0.3837405675857171,0.5783003395511142,0.17913513324801414,0.19455977196539703,0.5783003395511142,0.19455977196539703,0.5783003395511142,new batch already sealed and revealed; post-completion analysis only
GB1,T-DCG-96,13,2,288,0.5783003395511142,0.7849778591964844,0.394790921960769,0.2066775196453703,0.7849778591964844,0.2066775196453703,0.7849778591964844,new batch already sealed and revealed; post-completion analysis only
GB1,T-DCG-96,13,3,384,0.7849778591964844,0.8345908537078612,0.2588160122767396,0.049612994511376796,0.8345908537078612,0.049612994511376796,0.8345908537078612,new batch already sealed and revealed; post-completion analysis only
GB1,T-DCG-96,13,4,480,0.8345908537078612,0.6157348388264443,0.20412233736737861,0.0,0.8345908537078612,-0.21885601488141693,0.8345908537078612,new batch already sealed and revealed; post-completion analysis only
GB1,T-DCG-192,13,1,192,0.3837405675857171,0.5783003395511142,0.17913513324801414,0.19455977196539703,0.5783003395511142,0.19455977196539703,0.5783003395511142,new batch already sealed and revealed; post-completion analysis only
GB1,T-DCG-192,13,2,288,0.5783003395511142,0.7849778591964844,0.38259607857848926,0.2066775196453703,0.7849778591964844,0.2066775196453703,0.7849778591964844,new batch already sealed and revealed; post-completion analysis only
GB1,T-DCG-192,13,3,384,0.7849778591964844,0.8345908537078612,0.2112876117530801,0.049612994511376796,0.8345908537078612,0.049612994511376796,0.8345908537078612,new batch already sealed and revealed; post-completion analysis only
GB1,T-DCG-192,13,4,480,0.8345908537078612,0.5792227217330695,0.2320025958341971,0.0,0.8345908537078612,-0.2553681319747917,0.8345908537078612,new batch already sealed and revealed; post-completion analysis only
GB1,G-Rank,14,1,192,0.21876703073897555,0.532093817533676,0.12892090094335448,0.3133267867947005,0.532093817533676,0.3133267867947005,0.532093817533676,new batch already sealed and revealed; post-completion analysis only
GB1,G-Rank,14,2,288,0.532093817533676,0.7352767757755749,0.18063393399577676,0.20318295824189891,0.7352767757755749,0.20318295824189891,0.7352767757755749,new batch already sealed and revealed; post-completion analysis only
GB1,G-Rank,14,3,384,0.7352767757755749,0.8345908537078612,0.32303759503716784,0.0993140779322863,0.8345908537078612,0.0993140779322863,0.8345908537078612,new batch already sealed and revealed; post-completion analysis only
GB1,G-Rank,14,4,480,0.8345908537078612,0.7179990336634116,0.21981922006990917,0.0,0.8345908537078612,-0.11659182004444968,0.8345908537078612,new batch already sealed and revealed; post-completion analysis only
GB1,T-Uniform-96,14,1,192,0.21876703073897555,0.532093817533676,0.12892090094335448,0.3133267867947005,0.532093817533676,0.3133267867947005,0.532093817533676,new batch already sealed and revealed; post-completion analysis only
GB1,T-Uniform-96,14,2,288,0.532093817533676,0.7352767757755749,0.18262191663556893,0.20318295824189891,0.7352767757755749,0.20318295824189891,0.7352767757755749,new batch already sealed and revealed; post-completion analysis only
GB1,T-Uniform-96,14,3,384,0.7352767757755749,0.8345908537078612,0.32757497323973384,0.0993140779322863,0.8345908537078612,0.0993140779322863,0.8345908537078612,new batch already sealed and revealed; post-completion analysis only
GB1,T-Uniform-96,14,4,480,0.8345908537078612,0.723981093746483,0.25175238531045097,0.0,0.8345908537078612,-0.11060975996137823,0.8345908537078612,new batch already sealed and revealed; post-completion analysis only
GB1,T-DCG-96,14,1,192,0.21876703073897555,0.532093817533676,0.12811532820740112,0.3133267867947005,0.532093817533676,0.3133267867947005,0.532093817533676,new batch already sealed and revealed; post-completion analysis only
GB1,T-DCG-96,14,2,288,0.532093817533676,0.7352767757755749,0.1819496198656884,0.20318295824189891,0.7352767757755749,0.20318295824189891,0.7352767757755749,new batch already sealed and revealed; post-completion analysis only
GB1,T-DCG-96,14,3,384,0.7352767757755749,0.8345908537078612,0.33491655022505334,0.0993140779322863,0.8345908537078612,0.0993140779322863,0.8345908537078612,new batch already sealed and revealed; post-completion analysis only
GB1,T-DCG-96,14,4,480,0.8345908537078612,0.723981093746483,0.19987910791416522,0.0,0.8345908537078612,-0.11060975996137823,0.8345908537078612,new batch already sealed and revealed; post-completion analysis only
GB1,T-DCG-192,14,1,192,0.21876703073897555,0.532093817533676,0.12811532820740112,0.3133267867947005,0.532093817533676,0.3133267867947005,0.532093817533676,new batch already sealed and revealed; post-completion analysis only
GB1,T-DCG-192,14,2,288,0.532093817533676,0.7352767757755749,0.17788308613639892,0.20318295824189891,0.7352767757755749,0.20318295824189891,0.7352767757755749,new batch already sealed and revealed; post-completion analysis only
GB1,T-DCG-192,14,3,384,0.7352767757755749,0.8345908537078612,0.32390630084199723,0.0993140779322863,0.8345908537078612,0.0993140779322863,0.8345908537078612,new batch already sealed and revealed; post-completion analysis only
GB1,T-DCG-192,14,4,480,0.8345908537078612,0.723981093746483,0.26167821841399225,0.0,0.8345908537078612,-0.11060975996137823,0.8345908537078612,new batch already sealed and revealed; post-completion analysis only
GB1,G-Rank,15,1,192,0.4100104149050091,0.5867706908300168,0.19667188534049274,0.17676027592500765,0.5867706908300168,0.17676027592500765,0.5867706908300168,new batch already sealed and revealed; post-completion analysis only
GB1,G-Rank,15,2,288,0.5867706908300168,0.7849778591964844,0.2716079230624678,0.19820716836646768,0.7849778591964844,0.19820716836646768,0.7849778591964844,new batch already sealed and revealed; post-completion analysis only
GB1,G-Rank,15,3,384,0.7849778591964844,0.8345908537078612,0.3126855000863082,0.049612994511376796,0.8345908537078612,0.049612994511376796,0.8345908537078612,new batch already sealed and revealed; post-completion analysis only
GB1,G-Rank,15,4,480,0.8345908537078612,0.7179990336634116,0.3135710522584325,0.0,0.8345908537078612,-0.11659182004444968,0.8345908537078612,new batch already sealed and revealed; post-completion analysis only
GB1,T-Uniform-96,15,1,192,0.4100104149050091,0.5867706908300168,0.19667188534049274,0.17676027592500765,0.5867706908300168,0.17676027592500765,0.5867706908300168,new batch already sealed and revealed; post-completion analysis only
GB1,T-Uniform-96,15,2,288,0.5867706908300168,0.8345908537078612,0.34553657410833916,0.24782016287784447,0.8345908537078612,0.24782016287784447,0.8345908537078612,new batch already sealed and revealed; post-completion analysis only
GB1,T-Uniform-96,15,3,384,0.8345908537078612,0.7179990336634116,0.08995027130911336,0.0,0.8345908537078612,-0.11659182004444968,0.8345908537078612,new batch already sealed and revealed; post-completion analysis only
GB1,T-Uniform-96,15,4,480,0.8345908537078612,0.6723293504313184,0.23583243743723634,0.0,0.8345908537078612,-0.16226150327654287,0.8345908537078612,new batch already sealed and revealed; post-completion analysis only
GB1,T-DCG-96,15,1,192,0.4100104149050091,0.5568023833395405,0.18986664644902487,0.14679196843453135,0.5568023833395405,0.14679196843453135,0.5568023833395405,new batch already sealed and revealed; post-completion analysis only
GB1,T-DCG-96,15,2,288,0.5568023833395405,0.8345908537078612,0.3182532549023476,0.2777884703683208,0.8345908537078612,0.2777884703683208,0.8345908537078612,new batch already sealed and revealed; post-completion analysis only
GB1,T-DCG-96,15,3,384,0.8345908537078612,0.7634964523535905,0.15394814415079086,0.0,0.8345908537078612,-0.0710944013542707,0.8345908537078612,new batch already sealed and revealed; post-completion analysis only
GB1,T-DCG-96,15,4,480,0.8345908537078612,0.5792227217330695,0.14789830534464912,0.0,0.8345908537078612,-0.2553681319747917,0.8345908537078612,new batch already sealed and revealed; post-completion analysis only
GB1,T-DCG-192,15,1,192,0.4100104149050091,0.5568023833395405,0.18986664644902487,0.14679196843453135,0.5568023833395405,0.14679196843453135,0.5568023833395405,new batch already sealed and revealed; post-completion analysis only
GB1,T-DCG-192,15,2,288,0.5568023833395405,0.7849778591964844,0.28582103721065805,0.22817547585694398,0.7849778591964844,0.22817547585694398,0.7849778591964844,new batch already sealed and revealed; post-completion analysis only
GB1,T-DCG-192,15,3,384,0.7849778591964844,0.8345908537078612,0.3243465209358878,0.049612994511376796,0.8345908537078612,0.049612994511376796,0.8345908537078612,new batch already sealed and revealed; post-completion analysis only
GB1,T-DCG-192,15,4,480,0.8345908537078612,0.6157348388264443,0.15581220411599386,0.0,0.8345908537078612,-0.21885601488141693,0.8345908537078612,new batch already sealed and revealed; post-completion analysis only
GB1,G-Rank,16,1,192,0.07127973043038827,0.2230014895872128,0.0570627227090541,0.15172175915682454,0.2230014895872128,0.15172175915682454,0.2230014895872128,new batch already sealed and revealed; post-completion analysis only
GB1,G-Rank,16,2,288,0.2230014895872128,0.5792421057396576,0.21456879748068713,0.35624061615244484,0.5792421057396576,0.35624061615244484,0.5792421057396576,new batch already sealed and revealed; post-completion analysis only
GB1,G-Rank,16,3,384,0.5792421057396576,0.5983500113824232,0.17897474423175255,0.019107905642765544,0.5983500113824232,0.019107905642765544,0.5983500113824232,new batch already sealed and revealed; post-completion analysis only
GB1,G-Rank,16,4,480,0.5983500113824232,0.6209353905963313,0.21507777434468908,0.02258537921390813,0.6209353905963313,0.02258537921390813,0.6209353905963313,new batch already sealed and revealed; post-completion analysis only
GB1,T-Uniform-96,16,1,192,0.07127973043038827,0.2230014895872128,0.0570627227090541,0.15172175915682454,0.2230014895872128,0.15172175915682454,0.2230014895872128,new batch already sealed and revealed; post-completion analysis only
GB1,T-Uniform-96,16,2,288,0.2230014895872128,0.5792421057396576,0.22442567697852853,0.35624061615244484,0.5792421057396576,0.35624061615244484,0.5792421057396576,new batch already sealed and revealed; post-completion analysis only
GB1,T-Uniform-96,16,3,384,0.5792421057396576,0.5882232195775227,0.12377716952857343,0.00898111383786504,0.5882232195775227,0.00898111383786504,0.5882232195775227,new batch already sealed and revealed; post-completion analysis only
GB1,T-Uniform-96,16,4,480,0.5882232195775227,0.6209353905963313,0.22845221270047286,0.03271217101880863,0.6209353905963313,0.03271217101880863,0.6209353905963313,new batch already sealed and revealed; post-completion analysis only
GB1,T-DCG-96,16,1,192,0.07127973043038827,0.2230014895872128,0.055276728053549225,0.15172175915682454,0.2230014895872128,0.15172175915682454,0.2230014895872128,new batch already sealed and revealed; post-completion analysis only
GB1,T-DCG-96,16,2,288,0.2230014895872128,0.5792421057396576,0.18982437583281372,0.35624061615244484,0.5792421057396576,0.35624061615244484,0.5792421057396576,new batch already sealed and revealed; post-completion analysis only
GB1,T-DCG-96,16,3,384,0.5792421057396576,0.7352767757755749,0.18916185974020328,0.1560346700359173,0.7352767757755749,0.1560346700359173,0.7352767757755749,new batch already sealed and revealed; post-completion analysis only
GB1,T-DCG-96,16,4,480,0.7352767757755749,0.687915107481905,0.16166365775027527,0.0,0.7352767757755749,-0.047361668293669945,0.7352767757755749,new batch already sealed and revealed; post-completion analysis only
GB1,T-DCG-192,16,1,192,0.07127973043038827,0.2230014895872128,0.055276728053549225,0.15172175915682454,0.2230014895872128,0.15172175915682454,0.2230014895872128,new batch already sealed and revealed; post-completion analysis only
GB1,T-DCG-192,16,2,288,0.2230014895872128,0.5792421057396576,0.19131958377470348,0.35624061615244484,0.5792421057396576,0.35624061615244484,0.5792421057396576,new batch already sealed and revealed; post-completion analysis only
GB1,T-DCG-192,16,3,384,0.5792421057396576,0.7352767757755749,0.16624363830112196,0.1560346700359173,0.7352767757755749,0.1560346700359173,0.7352767757755749,new batch already sealed and revealed; post-completion analysis only
GB1,T-DCG-192,16,4,480,0.7352767757755749,0.825004381071726,0.25980402590270096,0.08972760529615109,0.825004381071726,0.08972760529615109,0.825004381071726,new batch already sealed and revealed; post-completion analysis only
GB1,G-Rank,17,1,192,0.17224300987376526,0.7352767757755749,0.17048912362537608,0.5630337659018096,0.7352767757755749,0.5630337659018096,0.7352767757755749,new batch already sealed and revealed; post-completion analysis only
GB1,G-Rank,17,2,288,0.7352767757755749,0.6295026540332288,0.178984698369434,0.0,0.7352767757755749,-0.10577412174234613,0.7352767757755749,new batch already sealed and revealed; post-completion analysis only
GB1,G-Rank,17,3,384,0.7352767757755749,0.5137355441375859,0.17698078319006524,0.0,0.7352767757755749,-0.221541231637989,0.7352767757755749,new batch already sealed and revealed; post-completion analysis only
GB1,G-Rank,17,4,480,0.7352767757755749,0.8345908537078612,0.2659192695413121,0.0993140779322863,0.8345908537078612,0.0993140779322863,0.8345908537078612,new batch already sealed and revealed; post-completion analysis only
GB1,T-Uniform-96,17,1,192,0.17224300987376526,0.7352767757755749,0.17048912362537608,0.5630337659018096,0.7352767757755749,0.5630337659018096,0.7352767757755749,new batch already sealed and revealed; post-completion analysis only
GB1,T-Uniform-96,17,2,288,0.7352767757755749,0.8345908537078612,0.1799135442551089,0.0993140779322863,0.8345908537078612,0.0993140779322863,0.8345908537078612,new batch already sealed and revealed; post-completion analysis only
GB1,T-Uniform-96,17,3,384,0.8345908537078612,0.5904294935757278,0.26530963545023434,0.0,0.8345908537078612,-0.2441613601321334,0.8345908537078612,new batch already sealed and revealed; post-completion analysis only
GB1,T-Uniform-96,17,4,480,0.8345908537078612,0.7849778591964844,0.24955779095933459,0.0,0.8345908537078612,-0.049612994511376796,0.8345908537078612,new batch already sealed and revealed; post-completion analysis only
GB1,T-DCG-96,17,1,192,0.17224300987376526,0.7352767757755749,0.16680279061073852,0.5630337659018096,0.7352767757755749,0.5630337659018096,0.7352767757755749,new batch already sealed and revealed; post-completion analysis only
GB1,T-DCG-96,17,2,288,0.7352767757755749,0.8345908537078612,0.192309358513765,0.0993140779322863,0.8345908537078612,0.0993140779322863,0.8345908537078612,new batch already sealed and revealed; post-completion analysis only
GB1,T-DCG-96,17,3,384,0.8345908537078612,0.723981093746483,0.30236217545740746,0.0,0.8345908537078612,-0.11060975996137823,0.8345908537078612,new batch already sealed and revealed; post-completion analysis only
GB1,T-DCG-96,17,4,480,0.8345908537078612,0.7179990336634116,0.29193369410926434,0.0,0.8345908537078612,-0.11659182004444968,0.8345908537078612,new batch already sealed and revealed; post-completion analysis only
GB1,T-DCG-192,17,1,192,0.17224300987376526,0.7352767757755749,0.16680279061073852,0.5630337659018096,0.7352767757755749,0.5630337659018096,0.7352767757755749,new batch already sealed and revealed; post-completion analysis only
GB1,T-DCG-192,17,2,288,0.7352767757755749,0.7849778591964844,0.17977896330455936,0.04970108342090951,0.7849778591964844,0.04970108342090951,0.7849778591964844,new batch already sealed and revealed; post-completion analysis only
GB1,T-DCG-192,17,3,384,0.7849778591964844,0.723981093746483,0.32065322234194266,0.0,0.7849778591964844,-0.06099676545000143,0.7849778591964844,new batch already sealed and revealed; post-completion analysis only
GB1,T-DCG-192,17,4,480,0.7849778591964844,0.5610956100510879,0.20658897563200326,0.0,0.7849778591964844,-0.22388224914539656,0.7849778591964844,new batch already sealed and revealed; post-completion analysis only
GB1,G-Rank,18,1,192,0.3684210526195653,0.5449108151583013,0.1082912708344258,0.176489762538736,0.5449108151583013,0.176489762538736,0.5449108151583013,new batch already sealed and revealed; post-completion analysis only
GB1,G-Rank,18,2,288,0.5449108151583013,0.5504934558488072,0.08896583136398795,0.005582640690505847,0.5504934558488072,0.005582640690505847,0.5504934558488072,new batch already sealed and revealed; post-completion analysis only
GB1,G-Rank,18,3,384,0.5504934558488072,0.5779038257850939,0.18424387735092526,0.02741036993628676,0.5779038257850939,0.02741036993628676,0.5779038257850939,new batch already sealed and revealed; post-completion analysis only
GB1,G-Rank,18,4,480,0.5779038257850939,0.6856482976381117,0.30238627973995374,0.10774447185301783,0.6856482976381117,0.10774447185301783,0.6856482976381117,new batch already sealed and revealed; post-completion analysis only
GB1,T-Uniform-96,18,1,192,0.3684210526195653,0.5449108151583013,0.1082912708344258,0.176489762538736,0.5449108151583013,0.176489762538736,0.5449108151583013,new batch already sealed and revealed; post-completion analysis only
GB1,T-Uniform-96,18,2,288,0.5449108151583013,0.5504934558488072,0.08992749286110267,0.005582640690505847,0.5504934558488072,0.005582640690505847,0.5504934558488072,new batch already sealed and revealed; post-completion analysis only
GB1,T-Uniform-96,18,3,384,0.5504934558488072,0.6548964936960946,0.19312648690446244,0.10440303784728744,0.6548964936960946,0.10440303784728744,0.6548964936960946,new batch already sealed and revealed; post-completion analysis only
GB1,T-Uniform-96,18,4,480,0.6548964936960946,0.8624627606050047,0.3332383554349934,0.2075662669089101,0.8624627606050047,0.2075662669089101,0.8624627606050047,new batch already sealed and revealed; post-completion analysis only
GB1,T-DCG-96,18,1,192,0.3684210526195653,0.5449108151583013,0.1105184449409446,0.176489762538736,0.5449108151583013,0.176489762538736,0.5449108151583013,new batch already sealed and revealed; post-completion analysis only
GB1,T-DCG-96,18,2,288,0.5449108151583013,0.5504934558488072,0.09989431587864848,0.005582640690505847,0.5504934558488072,0.005582640690505847,0.5504934558488072,new batch already sealed and revealed; post-completion analysis only
GB1,T-DCG-96,18,3,384,0.5504934558488072,0.7077333663997645,0.2958985019466904,0.15723991055095732,0.7077333663997645,0.15723991055095732,0.7077333663997645,new batch already sealed and revealed; post-completion analysis only
GB1,T-DCG-96,18,4,480,0.7077333663997645,1.0,0.24511869629415917,0.2922666336002355,1.0,0.2922666336002355,1.0,new batch already sealed and revealed; post-completion analysis only
GB1,T-DCG-192,18,1,192,0.3684210526195653,0.5449108151583013,0.1105184449409446,0.176489762538736,0.5449108151583013,0.176489762538736,0.5449108151583013,new batch already sealed and revealed; post-completion analysis only
GB1,T-DCG-192,18,2,288,0.5449108151583013,0.5504934558488072,0.10256581697595696,0.005582640690505847,0.5504934558488072,0.005582640690505847,0.5504934558488072,new batch already sealed and revealed; post-completion analysis only
GB1,T-DCG-192,18,3,384,0.5504934558488072,0.7077333663997645,0.29830162615867367,0.15723991055095732,0.7077333663997645,0.15723991055095732,0.7077333663997645,new batch already sealed and revealed; post-completion analysis only
GB1,T-DCG-192,18,4,480,0.7077333663997645,1.0,0.21947880732839634,0.2922666336002355,1.0,0.2922666336002355,1.0,new batch already sealed and revealed; post-completion analysis only
GB1,G-Rank,19,1,192,0.5009111858358557,0.6157348388264443,0.08792262247845391,0.11482365299058861,0.6157348388264443,0.11482365299058861,0.6157348388264443,new batch already sealed and revealed; post-completion analysis only
GB1,G-Rank,19,2,288,0.6157348388264443,0.8345908537078612,0.2175206428288584,0.21885601488141693,0.8345908537078612,0.21885601488141693,0.8345908537078612,new batch already sealed and revealed; post-completion analysis only
GB1,G-Rank,19,3,384,0.8345908537078612,0.7179990336634116,0.26263190139556475,0.0,0.8345908537078612,-0.11659182004444968,0.8345908537078612,new batch already sealed and revealed; post-completion analysis only
GB1,G-Rank,19,4,480,0.8345908537078612,0.6381330684823219,0.26312708041507266,0.0,0.8345908537078612,-0.19645778522553936,0.8345908537078612,new batch already sealed and revealed; post-completion analysis only
GB1,T-Uniform-96,19,1,192,0.5009111858358557,0.6157348388264443,0.08792262247845391,0.11482365299058861,0.6157348388264443,0.11482365299058861,0.6157348388264443,new batch already sealed and revealed; post-completion analysis only
GB1,T-Uniform-96,19,2,288,0.6157348388264443,0.8345908537078612,0.2230026495485806,0.21885601488141693,0.8345908537078612,0.21885601488141693,0.8345908537078612,new batch already sealed and revealed; post-completion analysis only
GB1,T-Uniform-96,19,3,384,0.8345908537078612,0.723981093746483,0.2284680383707175,0.0,0.8345908537078612,-0.11060975996137823,0.8345908537078612,new batch already sealed and revealed; post-completion analysis only
GB1,T-Uniform-96,19,4,480,0.8345908537078612,0.7634964523535905,0.242835226000257,0.0,0.8345908537078612,-0.0710944013542707,0.8345908537078612,new batch already sealed and revealed; post-completion analysis only
GB1,T-DCG-96,19,1,192,0.5009111858358557,0.6157348388264443,0.09376933740246218,0.11482365299058861,0.6157348388264443,0.11482365299058861,0.6157348388264443,new batch already sealed and revealed; post-completion analysis only
GB1,T-DCG-96,19,2,288,0.6157348388264443,0.8345908537078612,0.24101496003469958,0.21885601488141693,0.8345908537078612,0.21885601488141693,0.8345908537078612,new batch already sealed and revealed; post-completion analysis only
GB1,T-DCG-96,19,3,384,0.8345908537078612,0.7634964523535905,0.24801058803267542,0.0,0.8345908537078612,-0.0710944013542707,0.8345908537078612,new batch already sealed and revealed; post-completion analysis only
GB1,T-DCG-96,19,4,480,0.8345908537078612,0.782648947420161,0.21935850161474313,0.0,0.8345908537078612,-0.051941906287700235,0.8345908537078612,new batch already sealed and revealed; post-completion analysis only
GB1,T-DCG-192,19,1,192,0.5009111858358557,0.6157348388264443,0.09376933740246218,0.11482365299058861,0.6157348388264443,0.11482365299058861,0.6157348388264443,new batch already sealed and revealed; post-completion analysis only
GB1,T-DCG-192,19,2,288,0.6157348388264443,0.8345908537078612,0.23926837189302833,0.21885601488141693,0.8345908537078612,0.21885601488141693,0.8345908537078612,new batch already sealed and revealed; post-completion analysis only
GB1,T-DCG-192,19,3,384,0.8345908537078612,0.6381330684823219,0.22054754581639432,0.0,0.8345908537078612,-0.19645778522553936,0.8345908537078612,new batch already sealed and revealed; post-completion analysis only
GB1,T-DCG-192,19,4,480,0.8345908537078612,0.7179990336634116,0.2611012968847988,0.0,0.8345908537078612,-0.11659182004444968,0.8345908537078612,new batch already sealed and revealed; post-completion analysis only
GB1,G-Rank,20,1,192,0.26520839309712996,0.5882232195775227,0.1222621762206228,0.3230148264803927,0.5882232195775227,0.3230148264803927,0.5882232195775227,new batch already sealed and revealed; post-completion analysis only
GB1,G-Rank,20,2,288,0.5882232195775227,0.7352767757755749,0.25305031741584133,0.14705355619805227,0.7352767757755749,0.14705355619805227,0.7352767757755749,new batch already sealed and revealed; post-completion analysis only
GB1,G-Rank,20,3,384,0.7352767757755749,0.7849778591964844,0.29999813363583105,0.04970108342090951,0.7849778591964844,0.04970108342090951,0.7849778591964844,new batch already sealed and revealed; post-completion analysis only
GB1,G-Rank,20,4,480,0.7849778591964844,0.8345908537078612,0.3043932108212565,0.049612994511376796,0.8345908537078612,0.049612994511376796,0.8345908537078612,new batch already sealed and revealed; post-completion analysis only
GB1,T-Uniform-96,20,1,192,0.26520839309712996,0.5882232195775227,0.1222621762206228,0.3230148264803927,0.5882232195775227,0.3230148264803927,0.5882232195775227,new batch already sealed and revealed; post-completion analysis only
GB1,T-Uniform-96,20,2,288,0.5882232195775227,0.7352767757755749,0.24388903621700453,0.14705355619805227,0.7352767757755749,0.14705355619805227,0.7352767757755749,new batch already sealed and revealed; post-completion analysis only
GB1,T-Uniform-96,20,3,384,0.7352767757755749,0.8345908537078612,0.3268699906475929,0.0993140779322863,0.8345908537078612,0.0993140779322863,0.8345908537078612,new batch already sealed and revealed; post-completion analysis only
GB1,T-Uniform-96,20,4,480,0.8345908537078612,0.7179990336634116,0.32093633494398016,0.0,0.8345908537078612,-0.11659182004444968,0.8345908537078612,new batch already sealed and revealed; post-completion analysis only
GB1,T-DCG-96,20,1,192,0.26520839309712996,0.5882232195775227,0.12873830945096246,0.3230148264803927,0.5882232195775227,0.3230148264803927,0.5882232195775227,new batch already sealed and revealed; post-completion analysis only
GB1,T-DCG-96,20,2,288,0.5882232195775227,0.825004381071726,0.2313984833149693,0.23678116149420336,0.825004381071726,0.23678116149420336,0.825004381071726,new batch already sealed and revealed; post-completion analysis only
GB1,T-DCG-96,20,3,384,0.825004381071726,0.7849778591964844,0.31311586059535873,0.0,0.825004381071726,-0.04002652187524158,0.825004381071726,new batch already sealed and revealed; post-completion analysis only
GB1,T-DCG-96,20,4,480,0.825004381071726,0.8311300290264457,0.198053458021861,0.006125647954719704,0.8311300290264457,0.006125647954719704,0.8311300290264457,new batch already sealed and revealed; post-completion analysis only
GB1,T-DCG-192,20,1,192,0.26520839309712996,0.5882232195775227,0.12873830945096246,0.3230148264803927,0.5882232195775227,0.3230148264803927,0.5882232195775227,new batch already sealed and revealed; post-completion analysis only
GB1,T-DCG-192,20,2,288,0.5882232195775227,0.7352767757755749,0.23114595077672914,0.14705355619805227,0.7352767757755749,0.14705355619805227,0.7352767757755749,new batch already sealed and revealed; post-completion analysis only
GB1,T-DCG-192,20,3,384,0.7352767757755749,0.7849778591964844,0.3256209223113014,0.04970108342090951,0.7849778591964844,0.04970108342090951,0.7849778591964844,new batch already sealed and revealed; post-completion analysis only
GB1,T-DCG-192,20,4,480,0.7849778591964844,0.8345908537078612,0.26705320514583175,0.049612994511376796,0.8345908537078612,0.049612994511376796,0.8345908537078612,new batch already sealed and revealed; post-completion analysis only
GB1,G-Rank,21,1,192,0.17573497151813078,0.825004381071726,0.1517520613803313,0.6492694095535952,0.825004381071726,0.6492694095535952,0.825004381071726,new batch already sealed and revealed; post-completion analysis only
GB1,G-Rank,21,2,288,0.825004381071726,0.6723293504313184,0.28059118967426405,0.0,0.825004381071726,-0.15267503064040766,0.825004381071726,new batch already sealed and revealed; post-completion analysis only
GB1,G-Rank,21,3,384,0.825004381071726,0.9181903148057718,0.3172292725494621,0.09318593373404582,0.9181903148057718,0.09318593373404582,0.9181903148057718,new batch already sealed and revealed; post-completion analysis only
GB1,G-Rank,21,4,480,0.9181903148057718,1.0,0.25881787821434904,0.08180968519422815,1.0,0.08180968519422815,1.0,new batch already sealed and revealed; post-completion analysis only
GB1,T-Uniform-96,21,1,192,0.17573497151813078,0.825004381071726,0.1517520613803313,0.6492694095535952,0.825004381071726,0.6492694095535952,0.825004381071726,new batch already sealed and revealed; post-completion analysis only
GB1,T-Uniform-96,21,2,288,0.825004381071726,0.8624627606050047,0.28141844338046146,0.037458379533278685,0.8624627606050047,0.037458379533278685,0.8624627606050047,new batch already sealed and revealed; post-completion analysis only
GB1,T-Uniform-96,21,3,384,0.8624627606050047,0.6895801554372128,0.25658903302994,0.0,0.8624627606050047,-0.17288260516779186,0.8624627606050047,new batch already sealed and revealed; post-completion analysis only
GB1,T-Uniform-96,21,4,480,0.8624627606050047,1.0,0.2984087342998159,0.1375372393949953,1.0,0.1375372393949953,1.0,new batch already sealed and revealed; post-completion analysis only
GB1,T-DCG-96,21,1,192,0.17573497151813078,0.825004381071726,0.14730705810115882,0.6492694095535952,0.825004381071726,0.6492694095535952,0.825004381071726,new batch already sealed and revealed; post-completion analysis only
GB1,T-DCG-96,21,2,288,0.825004381071726,0.8624627606050047,0.2941127510102797,0.037458379533278685,0.8624627606050047,0.037458379533278685,0.8624627606050047,new batch already sealed and revealed; post-completion analysis only
GB1,T-DCG-96,21,3,384,0.8624627606050047,0.796777075497818,0.23382549620909518,0.0,0.8624627606050047,-0.06568568510718675,0.8624627606050047,new batch already sealed and revealed; post-completion analysis only
GB1,T-DCG-96,21,4,480,0.8624627606050047,0.8622110018003477,0.3602319262681495,0.0,0.8624627606050047,-0.0002517588046569985,0.8624627606050047,new batch already sealed and revealed; post-completion analysis only
GB1,T-DCG-192,21,1,192,0.17573497151813078,0.825004381071726,0.14730705810115882,0.6492694095535952,0.825004381071726,0.6492694095535952,0.825004381071726,new batch already sealed and revealed; post-completion analysis only
GB1,T-DCG-192,21,2,288,0.825004381071726,0.687915107481905,0.2768078665344425,0.0,0.825004381071726,-0.13708927358982104,0.825004381071726,new batch already sealed and revealed; post-completion analysis only
GB1,T-DCG-192,21,3,384,0.825004381071726,0.796777075497818,0.29831672543179283,0.0,0.825004381071726,-0.028227305573908068,0.825004381071726,new batch already sealed and revealed; post-completion analysis only
GB1,T-DCG-192,21,4,480,0.825004381071726,1.0,0.28599411587497137,0.17499561892827398,1.0,0.17499561892827398,1.0,new batch already sealed and revealed; post-completion analysis only
GB1,G-Rank,22,1,192,0.2532274081079781,0.6162714928358993,0.12158582988139978,0.3630440847279212,0.6162714928358993,0.3630440847279212,0.6162714928358993,new batch already sealed and revealed; post-completion analysis only
GB1,G-Rank,22,2,288,0.6162714928358993,0.7077333663997645,0.2590262017086135,0.09146187356386515,0.7077333663997645,0.09146187356386515,0.7077333663997645,new batch already sealed and revealed; post-completion analysis only
GB1,G-Rank,22,3,384,0.7077333663997645,1.0,0.23808439482633792,0.2922666336002355,1.0,0.2922666336002355,1.0,new batch already sealed and revealed; post-completion analysis only
GB1,G-Rank,22,4,480,1.0,0.796777075497818,0.30921433868919745,0.0,1.0,-0.20322292450218205,1.0,new batch already sealed and revealed; post-completion analysis only
GB1,T-Uniform-96,22,1,192,0.2532274081079781,0.6162714928358993,0.12158582988139978,0.3630440847279212,0.6162714928358993,0.3630440847279212,0.6162714928358993,new batch already sealed and revealed; post-completion analysis only
GB1,T-Uniform-96,22,2,288,0.6162714928358993,0.7077333663997645,0.2580279453967044,0.09146187356386515,0.7077333663997645,0.09146187356386515,0.7077333663997645,new batch already sealed and revealed; post-completion analysis only
GB1,T-Uniform-96,22,3,384,0.7077333663997645,1.0,0.30280034856484495,0.2922666336002355,1.0,0.2922666336002355,1.0,new batch already sealed and revealed; post-completion analysis only
GB1,T-Uniform-96,22,4,480,1.0,0.796777075497818,0.3022681983904271,0.0,1.0,-0.20322292450218205,1.0,new batch already sealed and revealed; post-completion analysis only
GB1,T-DCG-96,22,1,192,0.2532274081079781,0.6162714928358993,0.1243279437416952,0.3630440847279212,0.6162714928358993,0.3630440847279212,0.6162714928358993,new batch already sealed and revealed; post-completion analysis only
GB1,T-DCG-96,22,2,288,0.6162714928358993,0.7077333663997645,0.2959227891992626,0.09146187356386515,0.7077333663997645,0.09146187356386515,0.7077333663997645,new batch already sealed and revealed; post-completion analysis only
GB1,T-DCG-96,22,3,384,0.7077333663997645,1.0,0.26797306237352825,0.2922666336002355,1.0,0.2922666336002355,1.0,new batch already sealed and revealed; post-completion analysis only
GB1,T-DCG-96,22,4,480,1.0,0.9181903148057718,0.3739267316078525,0.0,1.0,-0.08180968519422815,1.0,new batch already sealed and revealed; post-completion analysis only
GB1,T-DCG-192,22,1,192,0.2532274081079781,0.6162714928358993,0.1243279437416952,0.3630440847279212,0.6162714928358993,0.3630440847279212,0.6162714928358993,new batch already sealed and revealed; post-completion analysis only
GB1,T-DCG-192,22,2,288,0.6162714928358993,0.7077333663997645,0.3030952358411641,0.09146187356386515,0.7077333663997645,0.09146187356386515,0.7077333663997645,new batch already sealed and revealed; post-completion analysis only
GB1,T-DCG-192,22,3,384,0.7077333663997645,0.825004381071726,0.23781425148046334,0.11727101467196155,0.825004381071726,0.11727101467196155,0.825004381071726,new batch already sealed and revealed; post-completion analysis only
GB1,T-DCG-192,22,4,480,0.825004381071726,0.9181903148057718,0.2866206677880105,0.09318593373404582,0.9181903148057718,0.09318593373404582,0.9181903148057718,new batch already sealed and revealed; post-completion analysis only
GB1,G-Rank,23,1,192,0.3214112421305296,0.532093817533676,0.1020678021178018,0.21068257540314644,0.532093817533676,0.21068257540314644,0.532093817533676,new batch already sealed and revealed; post-completion analysis only
GB1,G-Rank,23,2,288,0.532093817533676,0.7849778591964844,0.2631092587434147,0.2528840416628084,0.7849778591964844,0.2528840416628084,0.7849778591964844,new batch already sealed and revealed; post-completion analysis only
GB1,G-Rank,23,3,384,0.7849778591964844,0.8345908537078612,0.3322335753836068,0.049612994511376796,0.8345908537078612,0.049612994511376796,0.8345908537078612,new batch already sealed and revealed; post-completion analysis only
GB1,G-Rank,23,4,480,0.8345908537078612,0.6666978094121851,0.3378617269580557,0.0,0.8345908537078612,-0.16789304429567609,0.8345908537078612,new batch already sealed and revealed; post-completion analysis only
GB1,T-Uniform-96,23,1,192,0.3214112421305296,0.532093817533676,0.1020678021178018,0.21068257540314644,0.532093817533676,0.21068257540314644,0.532093817533676,new batch already sealed and revealed; post-completion analysis only
GB1,T-Uniform-96,23,2,288,0.532093817533676,0.7849778591964844,0.25119972924814554,0.2528840416628084,0.7849778591964844,0.2528840416628084,0.7849778591964844,new batch already sealed and revealed; post-completion analysis only
GB1,T-Uniform-96,23,3,384,0.7849778591964844,0.8345908537078612,0.341760601334723,0.049612994511376796,0.8345908537078612,0.049612994511376796,0.8345908537078612,new batch already sealed and revealed; post-completion analysis only
GB1,T-Uniform-96,23,4,480,0.8345908537078612,0.825004381071726,0.29352513986227313,0.0,0.8345908537078612,-0.009586472636135213,0.8345908537078612,new batch already sealed and revealed; post-completion analysis only
GB1,T-DCG-96,23,1,192,0.3214112421305296,0.532093817533676,0.1020678021178018,0.21068257540314644,0.532093817533676,0.21068257540314644,0.532093817533676,new batch already sealed and revealed; post-completion analysis only
GB1,T-DCG-96,23,2,288,0.532093817533676,0.7849778591964844,0.2557407956963084,0.2528840416628084,0.7849778591964844,0.2528840416628084,0.7849778591964844,new batch already sealed and revealed; post-completion analysis only
GB1,T-DCG-96,23,3,384,0.7849778591964844,0.8345908537078612,0.3617893340515357,0.049612994511376796,0.8345908537078612,0.049612994511376796,0.8345908537078612,new batch already sealed and revealed; post-completion analysis only
GB1,T-DCG-96,23,4,480,0.8345908537078612,0.825004381071726,0.2542607242242901,0.0,0.8345908537078612,-0.009586472636135213,0.8345908537078612,new batch already sealed and revealed; post-completion analysis only
GB1,T-DCG-192,23,1,192,0.3214112421305296,0.532093817533676,0.1020678021178018,0.21068257540314644,0.532093817533676,0.21068257540314644,0.532093817533676,new batch already sealed and revealed; post-completion analysis only
GB1,T-DCG-192,23,2,288,0.532093817533676,0.7849778591964844,0.25555595887441246,0.2528840416628084,0.7849778591964844,0.2528840416628084,0.7849778591964844,new batch already sealed and revealed; post-completion analysis only
GB1,T-DCG-192,23,3,384,0.7849778591964844,0.8345908537078612,0.30889382413327393,0.049612994511376796,0.8345908537078612,0.049612994511376796,0.8345908537078612,new batch already sealed and revealed; post-completion analysis only
GB1,T-DCG-192,23,4,480,0.8345908537078612,0.6723293504313184,0.32464105946649885,0.0,0.8345908537078612,-0.16226150327654287,0.8345908537078612,new batch already sealed and revealed; post-completion analysis only
PABP,G-Rank,0,1,192,1.7575971030000002,1.598073364,0.8692342488020833,0.0,1.7575971030000002,-0.15952373900000016,1.7575971030000002,new batch already sealed and revealed; post-completion analysis only
PABP,G-Rank,0,2,288,1.7575971030000002,1.638962235,0.956253997375,0.0,1.7575971030000002,-0.11863486800000023,1.7575971030000002,new batch already sealed and revealed; post-completion analysis only
PABP,G-Rank,0,3,384,1.7575971030000002,1.822900012,1.0813477619583334,0.06530290899999991,1.822900012,0.06530290899999991,1.822900012,new batch already sealed and revealed; post-completion analysis only
PABP,G-Rank,0,4,480,1.822900012,1.780527865,0.9870467176770833,0.0,1.822900012,-0.04237214700000003,1.822900012,new batch already sealed and revealed; post-completion analysis only
PABP,T-Uniform-96,0,1,192,1.7575971030000002,1.598073364,0.8692342488020833,0.0,1.7575971030000002,-0.15952373900000016,1.7575971030000002,new batch already sealed and revealed; post-completion analysis only
PABP,T-Uniform-96,0,2,288,1.7575971030000002,1.638962235,0.9467477141875,0.0,1.7575971030000002,-0.11863486800000023,1.7575971030000002,new batch already sealed and revealed; post-completion analysis only
PABP,T-Uniform-96,0,3,384,1.7575971030000002,1.815219561,1.026878852625,0.057622457999999765,1.815219561,0.057622457999999765,1.815219561,new batch already sealed and revealed; post-completion analysis only
PABP,T-Uniform-96,0,4,480,1.815219561,1.822900012,0.9834645879791667,0.007680451000000144,1.822900012,0.007680451000000144,1.822900012,new batch already sealed and revealed; post-completion analysis only
PABP,T-DCG-96,0,1,192,1.7575971030000002,1.598073364,0.8664134893541666,0.0,1.7575971030000002,-0.15952373900000016,1.7575971030000002,new batch already sealed and revealed; post-completion analysis only
PABP,T-DCG-96,0,2,288,1.7575971030000002,1.786856756,0.9487321364375001,0.029259652999999775,1.786856756,0.029259652999999775,1.786856756,new batch already sealed and revealed; post-completion analysis only
PABP,T-DCG-96,0,3,384,1.786856756,1.974613841,0.9882336012708333,0.1877570850000001,1.974613841,0.1877570850000001,1.974613841,new batch already sealed and revealed; post-completion analysis only
PABP,T-DCG-96,0,4,480,1.974613841,2.868778599,1.0682356327083333,0.8941647580000001,2.868778599,0.8941647580000001,2.868778599,new batch already sealed and revealed; post-completion analysis only
PABP,T-DCG-192,0,1,192,1.7575971030000002,1.598073364,0.8664134893541666,0.0,1.7575971030000002,-0.15952373900000016,1.7575971030000002,new batch already sealed and revealed; post-completion analysis only
PABP,T-DCG-192,0,2,288,1.7575971030000002,1.786856756,0.9511070856875001,0.029259652999999775,1.786856756,0.029259652999999775,1.786856756,new batch already sealed and revealed; post-completion analysis only
PABP,T-DCG-192,0,3,384,1.786856756,1.822900012,0.9871864383854166,0.036043256000000135,1.822900012,0.036043256000000135,1.822900012,new batch already sealed and revealed; post-completion analysis only
PABP,T-DCG-192,0,4,480,1.822900012,1.815219561,1.05711866896875,0.0,1.822900012,-0.007680451000000144,1.822900012,new batch already sealed and revealed; post-completion analysis only
PABP,G-Rank,1,1,192,1.233927446,2.868778599,1.0361276389999998,1.634851153,2.868778599,1.634851153,2.868778599,new batch already sealed and revealed; post-completion analysis only
PABP,G-Rank,1,2,288,2.868778599,1.827467137,1.0253515354999998,0.0,2.868778599,-1.0413114620000001,2.868778599,new batch already sealed and revealed; post-completion analysis only
PABP,G-Rank,1,3,384,2.868778599,1.785928519,0.9348271426041667,0.0,2.868778599,-1.08285008,2.868778599,new batch already sealed and revealed; post-completion analysis only
PABP,G-Rank,1,4,480,2.868778599,1.680772496,1.01900691465625,0.0,2.868778599,-1.1880061030000002,2.868778599,new batch already sealed and revealed; post-completion analysis only
PABP,T-Uniform-96,1,1,192,1.233927446,2.868778599,1.0361276389999998,1.634851153,2.868778599,1.634851153,2.868778599,new batch already sealed and revealed; post-completion analysis only
PABP,T-Uniform-96,1,2,288,2.868778599,1.815219561,1.0312668731145833,0.0,2.868778599,-1.0535590380000002,2.868778599,new batch already sealed and revealed; post-completion analysis only
PABP,T-Uniform-96,1,3,384,2.868778599,1.489763529,0.9311353429999999,0.0,2.868778599,-1.3790150700000001,2.868778599,new batch already sealed and revealed; post-completion analysis only
PABP,T-Uniform-96,1,4,480,2.868778599,1.827467137,1.0292404675625,0.0,2.868778599,-1.0413114620000001,2.868778599,new batch already sealed and revealed; post-completion analysis only
PABP,T-DCG-96,1,1,192,1.233927446,2.868778599,1.03400371484375,1.634851153,2.868778599,1.634851153,2.868778599,new batch already sealed and revealed; post-completion analysis only
PABP,T-DCG-96,1,2,288,2.868778599,1.815219561,0.9983504096145834,0.0,2.868778599,-1.0535590380000002,2.868778599,new batch already sealed and revealed; post-completion analysis only
PABP,T-DCG-96,1,3,384,2.868778599,1.827467137,1.000445561875,0.0,2.868778599,-1.0413114620000001,2.868778599,new batch already sealed and revealed; post-completion analysis only
PABP,T-DCG-96,1,4,480,2.868778599,1.333730401,0.9571512550833333,0.0,2.868778599,-1.5350481980000001,2.868778599,new batch already sealed and revealed; post-completion analysis only
PABP,T-DCG-192,1,1,192,1.233927446,2.868778599,1.03400371484375,1.634851153,2.868778599,1.634851153,2.868778599,new batch already sealed and revealed; post-completion analysis only
PABP,T-DCG-192,1,2,288,2.868778599,1.815219561,0.9940877671875,0.0,2.868778599,-1.0535590380000002,2.868778599,new batch already sealed and revealed; post-completion analysis only
PABP,T-DCG-192,1,3,384,2.868778599,1.827467137,0.9926345045520835,0.0,2.868778599,-1.0413114620000001,2.868778599,new batch already sealed and revealed; post-completion analysis only
PABP,T-DCG-192,1,4,480,2.868778599,2.042122007,1.0559069191875,0.0,2.868778599,-0.826656592,2.868778599,new batch already sealed and revealed; post-completion analysis only
PABP,G-Rank,2,1,192,1.369776664,1.822900012,0.93714768734375,0.4531233480000001,1.822900012,0.4531233480000001,1.822900012,new batch already sealed and revealed; post-completion analysis only
PABP,G-Rank,2,2,288,1.822900012,1.815219561,0.9463194952395831,0.0,1.822900012,-0.007680451000000144,1.822900012,new batch already sealed and revealed; post-completion analysis only
PABP,G-Rank,2,3,384,1.822900012,2.868778599,1.042760320375,1.045878587,2.868778599,1.045878587,2.868778599,new batch already sealed and revealed; post-completion analysis only
PABP,G-Rank,2,4,480,2.868778599,1.598073364,1.0038712031875,0.0,2.868778599,-1.270705235,2.868778599,new batch already sealed and revealed; post-completion analysis only
PABP,T-Uniform-96,2,1,192,1.369776664,1.822900012,0.93714768734375,0.4531233480000001,1.822900012,0.4531233480000001,1.822900012,new batch already sealed and revealed; post-completion analysis only
PABP,T-Uniform-96,2,2,288,1.822900012,1.815219561,0.9445667260833334,0.0,1.822900012,-0.007680451000000144,1.822900012,new batch already sealed and revealed; post-completion analysis only
PABP,T-Uniform-96,2,3,384,1.822900012,1.598073364,0.9859738081770834,0.0,1.822900012,-0.22482664800000007,1.822900012,new batch already sealed and revealed; post-completion analysis only
PABP,T-Uniform-96,2,4,480,1.822900012,2.868778599,1.0539731475104166,1.045878587,2.868778599,1.045878587,2.868778599,new batch already sealed and revealed; post-completion analysis only
PABP,T-DCG-96,2,1,192,1.369776664,1.822900012,0.93423940621875,0.4531233480000001,1.822900012,0.4531233480000001,1.822900012,new batch already sealed and revealed; post-completion analysis only
PABP,T-DCG-96,2,2,288,1.822900012,1.815219561,0.9647739168020832,0.0,1.822900012,-0.007680451000000144,1.822900012,new batch already sealed and revealed; post-completion analysis only
PABP,T-DCG-96,2,3,384,1.822900012,2.868778599,1.0220059376041666,1.045878587,2.868778599,1.045878587,2.868778599,new batch already sealed and revealed; post-completion analysis only
PABP,T-DCG-96,2,4,480,2.868778599,1.827467137,1.0249894353854165,0.0,2.868778599,-1.0413114620000001,2.868778599,new batch already sealed and revealed; post-completion analysis only
PABP,T-DCG-192,2,1,192,1.369776664,1.822900012,0.93423940621875,0.4531233480000001,1.822900012,0.4531233480000001,1.822900012,new batch already sealed and revealed; post-completion analysis only
PABP,T-DCG-192,2,2,288,1.822900012,1.815219561,0.9527584184479166,0.0,1.822900012,-0.007680451000000144,1.822900012,new batch already sealed and revealed; post-completion analysis only
PABP,T-DCG-192,2,3,384,1.822900012,2.868778599,1.0227936043124999,1.045878587,2.868778599,1.045878587,2.868778599,new batch already sealed and revealed; post-completion analysis only
PABP,T-DCG-192,2,4,480,2.868778599,1.827467137,0.9076748005625,0.0,2.868778599,-1.0413114620000001,2.868778599,new batch already sealed and revealed; post-completion analysis only
PABP,G-Rank,3,1,192,1.528497381,1.572788553,0.9297991098645834,0.0442911720000001,1.572788553,0.0442911720000001,1.572788553,new batch already sealed and revealed; post-completion analysis only
PABP,G-Rank,3,2,288,1.572788553,1.69328445,0.9835221068958334,0.12049589699999985,1.69328445,0.12049589699999985,1.69328445,new batch already sealed and revealed; post-completion analysis only
PABP,G-Rank,3,3,384,1.69328445,1.827467137,0.9432277689375,0.13418268700000002,1.827467137,0.13418268700000002,1.827467137,new batch already sealed and revealed; post-completion analysis only
PABP,G-Rank,3,4,480,1.827467137,1.461973709,0.9682996478645833,0.0,1.827467137,-0.36549342799999995,1.827467137,new batch already sealed and revealed; post-completion analysis only
PABP,T-Uniform-96,3,1,192,1.528497381,1.572788553,0.9297991098645834,0.0442911720000001,1.572788553,0.0442911720000001,1.572788553,new batch already sealed and revealed; post-completion analysis only
PABP,T-Uniform-96,3,2,288,1.572788553,1.69328445,0.9735073058645834,0.12049589699999985,1.69328445,0.12049589699999985,1.69328445,new batch already sealed and revealed; post-completion analysis only
PABP,T-Uniform-96,3,3,384,1.69328445,1.827467137,0.9553292106145833,0.13418268700000002,1.827467137,0.13418268700000002,1.827467137,new batch already sealed and revealed; post-completion analysis only
PABP,T-Uniform-96,3,4,480,1.827467137,1.854210558,0.9910840313020834,0.026743420999999934,1.854210558,0.026743420999999934,1.854210558,new batch already sealed and revealed; post-completion analysis only
PABP,T-DCG-96,3,1,192,1.528497381,1.572788553,0.9283203004791666,0.0442911720000001,1.572788553,0.0442911720000001,1.572788553,new batch already sealed and revealed; post-completion analysis only
PABP,T-DCG-96,3,2,288,1.572788553,1.69328445,0.9921808316874999,0.12049589699999985,1.69328445,0.12049589699999985,1.69328445,new batch already sealed and revealed; post-completion analysis only
PABP,T-DCG-96,3,3,384,1.69328445,1.827467137,0.9300164365416667,0.13418268700000002,1.827467137,0.13418268700000002,1.827467137,new batch already sealed and revealed; post-completion analysis only
PABP,T-DCG-96,3,4,480,1.827467137,1.854210558,0.932154154125,0.026743420999999934,1.854210558,0.026743420999999934,1.854210558,new batch already sealed and revealed; post-completion analysis only
PABP,T-DCG-192,3,1,192,1.528497381,1.572788553,0.9283203004791666,0.0442911720000001,1.572788553,0.0442911720000001,1.572788553,new batch already sealed and revealed; post-completion analysis only
PABP,T-DCG-192,3,2,288,1.572788553,1.69328445,0.9931318230416667,0.12049589699999985,1.69328445,0.12049589699999985,1.69328445,new batch already sealed and revealed; post-completion analysis only
PABP,T-DCG-192,3,3,384,1.69328445,1.827467137,0.9173864210000001,0.13418268700000002,1.827467137,0.13418268700000002,1.827467137,new batch already sealed and revealed; post-completion analysis only
PABP,T-DCG-192,3,4,480,1.827467137,1.437203333,0.9610072458854167,0.0,1.827467137,-0.39026380399999994,1.827467137,new batch already sealed and revealed; post-completion analysis only
PABP,G-Rank,4,1,192,1.436566816,1.822900012,0.8253887296875,0.38633319600000005,1.822900012,0.38633319600000005,1.822900012,new batch already sealed and revealed; post-completion analysis only
PABP,G-Rank,4,2,288,1.822900012,1.815219561,1.0266461229270833,0.0,1.822900012,-0.007680451000000144,1.822900012,new batch already sealed and revealed; post-completion analysis only
PABP,G-Rank,4,3,384,1.822900012,1.501027595,1.0073636247291666,0.0,1.822900012,-0.321872417,1.822900012,new batch already sealed and revealed; post-completion analysis only
PABP,G-Rank,4,4,480,1.822900012,1.430533414,1.0215511681666667,0.0,1.822900012,-0.3923665980000002,1.822900012,new batch already sealed and revealed; post-completion analysis only
PABP,T-Uniform-96,4,1,192,1.436566816,1.822900012,0.8253887296875,0.38633319600000005,1.822900012,0.38633319600000005,1.822900012,new batch already sealed and revealed; post-completion analysis only
PABP,T-Uniform-96,4,2,288,1.822900012,1.815219561,1.02294423946875,0.0,1.822900012,-0.007680451000000144,1.822900012,new batch already sealed and revealed; post-completion analysis only
PABP,T-Uniform-96,4,3,384,1.822900012,1.562058189,1.0024290363541668,0.0,1.822900012,-0.26084182300000003,1.822900012,new batch already sealed and revealed; post-completion analysis only
PABP,T-Uniform-96,4,4,480,1.822900012,1.556019656,0.9863513369270834,0.0,1.822900012,-0.26688035600000015,1.822900012,new batch already sealed and revealed; post-completion analysis only
PABP,T-DCG-96,4,1,192,1.436566816,1.822900012,0.8185819984791666,0.38633319600000005,1.822900012,0.38633319600000005,1.822900012,new batch already sealed and revealed; post-completion analysis only
PABP,T-DCG-96,4,2,288,1.822900012,2.868778599,1.0475525638229166,1.045878587,2.868778599,1.045878587,2.868778599,new batch already sealed and revealed; post-completion analysis only
PABP,T-DCG-96,4,3,384,2.868778599,1.501027595,1.0192778362916668,0.0,2.868778599,-1.367751004,2.868778599,new batch already sealed and revealed; post-completion analysis only
PABP,T-DCG-96,4,4,480,2.868778599,1.598073364,1.0266266678333333,0.0,2.868778599,-1.270705235,2.868778599,new batch already sealed and revealed; post-completion analysis only
PABP,T-DCG-192,4,1,192,1.436566816,1.822900012,0.8185819984791666,0.38633319600000005,1.822900012,0.38633319600000005,1.822900012,new batch already sealed and revealed; post-completion analysis only
PABP,T-DCG-192,4,2,288,1.822900012,2.868778599,1.040903915875,1.045878587,2.868778599,1.045878587,2.868778599,new batch already sealed and revealed; post-completion analysis only
PABP,T-DCG-192,4,3,384,2.868778599,1.501027595,0.9941193502500001,0.0,2.868778599,-1.367751004,2.868778599,new batch already sealed and revealed; post-completion analysis only
PABP,T-DCG-192,4,4,480,2.868778599,1.598888707,1.0136547735416668,0.0,2.868778599,-1.2698898920000001,2.868778599,new batch already sealed and revealed; post-completion analysis only
PABP,G-Rank,5,1,192,1.629056419,1.763650824,0.8506826160729167,0.13459440499999986,1.763650824,0.13459440499999986,1.763650824,new batch already sealed and revealed; post-completion analysis only
PABP,G-Rank,5,2,288,1.763650824,1.786856756,0.96714929975,0.023205931999999985,1.786856756,0.023205931999999985,1.786856756,new batch already sealed and revealed; post-completion analysis only
PABP,G-Rank,5,3,384,1.786856756,1.4917367259999998,0.9636646023333334,0.0,1.786856756,-0.2951200300000001,1.786856756,new batch already sealed and revealed; post-completion analysis only
PABP,G-Rank,5,4,480,1.786856756,1.548048301,1.0130791742708334,0.0,1.786856756,-0.23880845500000003,1.786856756,new batch already sealed and revealed; post-completion analysis only
PABP,T-Uniform-96,5,1,192,1.629056419,1.763650824,0.8506826160729167,0.13459440499999986,1.763650824,0.13459440499999986,1.763650824,new batch already sealed and revealed; post-completion analysis only
PABP,T-Uniform-96,5,2,288,1.763650824,1.786856756,0.9725849757291667,0.023205931999999985,1.786856756,0.023205931999999985,1.786856756,new batch already sealed and revealed; post-completion analysis only
PABP,T-Uniform-96,5,3,384,1.786856756,1.5159750319999998,0.9714800253229168,0.0,1.786856756,-0.2708817240000001,1.786856756,new batch already sealed and revealed; post-completion analysis only
PABP,T-Uniform-96,5,4,480,1.786856756,1.817332016,0.9843318191041668,0.030475260000000004,1.817332016,0.030475260000000004,1.817332016,new batch already sealed and revealed; post-completion analysis only
PABP,T-DCG-96,5,1,192,1.629056419,1.763650824,0.8611354767083333,0.13459440499999986,1.763650824,0.13459440499999986,1.763650824,new batch already sealed and revealed; post-completion analysis only
PABP,T-DCG-96,5,2,288,1.763650824,1.6893918419999998,0.9012288095000001,0.0,1.763650824,-0.07425898200000014,1.763650824,new batch already sealed and revealed; post-completion analysis only
PABP,T-DCG-96,5,3,384,1.763650824,2.0996727180000003,0.9357600445625,0.3360218940000004,2.0996727180000003,0.3360218940000004,2.0996727180000003,new batch already sealed and revealed; post-completion analysis only
PABP,T-DCG-96,5,4,480,2.0996727180000003,1.562058189,0.9965447066145833,0.0,2.0996727180000003,-0.5376145290000003,2.0996727180000003,new batch already sealed and revealed; post-completion analysis only
PABP,T-DCG-192,5,1,192,1.629056419,1.763650824,0.8611354767083333,0.13459440499999986,1.763650824,0.13459440499999986,1.763650824,new batch already sealed and revealed; post-completion analysis only
PABP,T-DCG-192,5,2,288,1.763650824,1.786856756,0.9024539995624999,0.023205931999999985,1.786856756,0.023205931999999985,1.786856756,new batch already sealed and revealed; post-completion analysis only
PABP,T-DCG-192,5,3,384,1.786856756,1.418193446,0.9505817271458333,0.0,1.786856756,-0.36866330999999986,1.786856756,new batch already sealed and revealed; post-completion analysis only
PABP,T-DCG-192,5,4,480,1.786856756,1.538553285,0.9811551015104167,0.0,1.786856756,-0.24830347099999983,1.786856756,new batch already sealed and revealed; post-completion analysis only
PABP,G-Rank,6,1,192,1.265130243,1.815219561,0.88241012415625,0.5500893179999999,1.815219561,0.5500893179999999,1.815219561,new batch already sealed and revealed; post-completion analysis only
PABP,G-Rank,6,2,288,1.815219561,1.822900012,0.9436542238437499,0.007680451000000144,1.822900012,0.007680451000000144,1.822900012,new batch already sealed and revealed; post-completion analysis only
PABP,G-Rank,6,3,384,1.822900012,1.680772496,1.029069133875,0.0,1.822900012,-0.14212751600000018,1.822900012,new batch already sealed and revealed; post-completion analysis only
PABP,G-Rank,6,4,480,1.822900012,2.868778599,1.06553407740625,1.045878587,2.868778599,1.045878587,2.868778599,new batch already sealed and revealed; post-completion analysis only
PABP,T-Uniform-96,6,1,192,1.265130243,1.815219561,0.88241012415625,0.5500893179999999,1.815219561,0.5500893179999999,1.815219561,new batch already sealed and revealed; post-completion analysis only
PABP,T-Uniform-96,6,2,288,1.815219561,1.822900012,0.9423606944479167,0.007680451000000144,1.822900012,0.007680451000000144,1.822900012,new batch already sealed and revealed; post-completion analysis only
PABP,T-Uniform-96,6,3,384,1.822900012,1.680772496,1.0236676994479168,0.0,1.822900012,-0.14212751600000018,1.822900012,new batch already sealed and revealed; post-completion analysis only
PABP,T-Uniform-96,6,4,480,1.822900012,2.868778599,1.08310975371875,1.045878587,2.868778599,1.045878587,2.868778599,new batch already sealed and revealed; post-completion analysis only
PABP,T-DCG-96,6,1,192,1.265130243,1.815219561,0.8823937941458334,0.5500893179999999,1.815219561,0.5500893179999999,1.815219561,new batch already sealed and revealed; post-completion analysis only
PABP,T-DCG-96,6,2,288,1.815219561,1.822900012,0.9315331015625,0.007680451000000144,1.822900012,0.007680451000000144,1.822900012,new batch already sealed and revealed; post-completion analysis only
PABP,T-DCG-96,6,3,384,1.822900012,1.680772496,1.0230243439895832,0.0,1.822900012,-0.14212751600000018,1.822900012,new batch already sealed and revealed; post-completion analysis only
PABP,T-DCG-96,6,4,480,1.822900012,2.868778599,1.039222360875,1.045878587,2.868778599,1.045878587,2.868778599,new batch already sealed and revealed; post-completion analysis only
PABP,T-DCG-192,6,1,192,1.265130243,1.815219561,0.8823937941458334,0.5500893179999999,1.815219561,0.5500893179999999,1.815219561,new batch already sealed and revealed; post-completion analysis only
PABP,T-DCG-192,6,2,288,1.815219561,1.822900012,0.9321932645416666,0.007680451000000144,1.822900012,0.007680451000000144,1.822900012,new batch already sealed and revealed; post-completion analysis only
PABP,T-DCG-192,6,3,384,1.822900012,1.680772496,1.0045960115625,0.0,1.822900012,-0.14212751600000018,1.822900012,new batch already sealed and revealed; post-completion analysis only
PABP,T-DCG-192,6,4,480,1.822900012,2.868778599,1.0666288036354168,1.045878587,2.868778599,1.045878587,2.868778599,new batch already sealed and revealed; post-completion analysis only
PABP,G-Rank,7,1,192,1.285719131,1.7575971030000002,0.9125754167708333,0.47187797200000015,1.7575971030000002,0.47187797200000015,1.7575971030000002,new batch already sealed and revealed; post-completion analysis only
PABP,G-Rank,7,2,288,1.7575971030000002,1.806536913,0.9680730763854167,0.048939809999999806,1.806536913,0.048939809999999806,1.806536913,new batch already sealed and revealed; post-completion analysis only
PABP,G-Rank,7,3,384,1.806536913,1.854210558,1.0126937983645834,0.04767364499999993,1.854210558,0.04767364499999993,1.854210558,new batch already sealed and revealed; post-completion analysis only
PABP,G-Rank,7,4,480,1.854210558,1.549523361,0.9912371835520833,0.0,1.854210558,-0.3046871969999998,1.854210558,new batch already sealed and revealed; post-completion analysis only
PABP,T-Uniform-96,7,1,192,1.285719131,1.7575971030000002,0.9125754167708333,0.47187797200000015,1.7575971030000002,0.47187797200000015,1.7575971030000002,new batch already sealed and revealed; post-completion analysis only
PABP,T-Uniform-96,7,2,288,1.7575971030000002,1.806536913,0.9526489461874998,0.048939809999999806,1.806536913,0.048939809999999806,1.806536913,new batch already sealed and revealed; post-completion analysis only
PABP,T-Uniform-96,7,3,384,1.806536913,1.447067076,0.98677787059375,0.0,1.806536913,-0.359469837,1.806536913,new batch already sealed and revealed; post-completion analysis only
PABP,T-Uniform-96,7,4,480,1.806536913,1.792417538,0.9798474743020834,0.0,1.806536913,-0.014119374999999934,1.806536913,new batch already sealed and revealed; post-completion analysis only
PABP,T-DCG-96,7,1,192,1.285719131,1.7575971030000002,0.9143120058541667,0.47187797200000015,1.7575971030000002,0.47187797200000015,1.7575971030000002,new batch already sealed and revealed; post-completion analysis only
PABP,T-DCG-96,7,2,288,1.7575971030000002,1.974613841,0.9328128149375,0.21701673799999988,1.974613841,0.21701673799999988,1.974613841,new batch already sealed and revealed; post-completion analysis only
PABP,T-DCG-96,7,3,384,1.974613841,1.854210558,0.98445835609375,0.0,1.974613841,-0.12040328300000014,1.974613841,new batch already sealed and revealed; post-completion analysis only
PABP,T-DCG-96,7,4,480,1.974613841,1.792417538,0.9700288588333335,0.0,1.974613841,-0.182196303,1.974613841,new batch already sealed and revealed; post-completion analysis only
PABP,T-DCG-192,7,1,192,1.285719131,1.7575971030000002,0.9143120058541667,0.47187797200000015,1.7575971030000002,0.47187797200000015,1.7575971030000002,new batch already sealed and revealed; post-completion analysis only
PABP,T-DCG-192,7,2,288,1.7575971030000002,1.974613841,0.9446258665729167,0.21701673799999988,1.974613841,0.21701673799999988,1.974613841,new batch already sealed and revealed; post-completion analysis only
PABP,T-DCG-192,7,3,384,1.974613841,1.806536913,1.0121028620104167,0.0,1.974613841,-0.16807692800000007,1.974613841,new batch already sealed and revealed; post-completion analysis only
PABP,T-DCG-192,7,4,480,1.974613841,2.128194918,0.8856508849270833,0.15358107700000012,2.128194918,0.15358107700000012,2.128194918,new batch already sealed and revealed; post-completion analysis only
PABP,G-Rank,8,1,192,1.289929731,1.528497381,0.8539642210833334,0.23856765000000002,1.528497381,0.23856765000000002,1.528497381,new batch already sealed and revealed; post-completion analysis only
PABP,G-Rank,8,2,288,1.528497381,1.549523361,0.80290494178125,0.02102598000000011,1.549523361,0.02102598000000011,1.549523361,new batch already sealed and revealed; post-completion analysis only
PABP,G-Rank,8,3,384,1.549523361,1.726841415,0.9575287503958333,0.1773180539999999,1.726841415,0.1773180539999999,1.726841415,new batch already sealed and revealed; post-completion analysis only
PABP,G-Rank,8,4,480,1.726841415,2.627942865,0.97500400896875,0.9011014500000001,2.627942865,0.9011014500000001,2.627942865,new batch already sealed and revealed; post-completion analysis only
PABP,T-Uniform-96,8,1,192,1.289929731,1.528497381,0.8539642210833334,0.23856765000000002,1.528497381,0.23856765000000002,1.528497381,new batch already sealed and revealed; post-completion analysis only
PABP,T-Uniform-96,8,2,288,1.528497381,1.549523361,0.8269861094166666,0.02102598000000011,1.549523361,0.02102598000000011,1.549523361,new batch already sealed and revealed; post-completion analysis only
PABP,T-Uniform-96,8,3,384,1.549523361,1.4581060540000002,0.9495458817083332,0.0,1.549523361,-0.09141730699999995,1.549523361,new batch already sealed and revealed; post-completion analysis only
PABP,T-Uniform-96,8,4,480,1.549523361,1.5126345469999998,0.9662230284479166,0.0,1.549523361,-0.036888814000000325,1.549523361,new batch already sealed and revealed; post-completion analysis only
PABP,T-DCG-96,8,1,192,1.289929731,1.528497381,0.8554952737291664,0.23856765000000002,1.528497381,0.23856765000000002,1.528497381,new batch already sealed and revealed; post-completion analysis only
PABP,T-DCG-96,8,2,288,1.528497381,1.549523361,0.6836955758645833,0.02102598000000011,1.549523361,0.02102598000000011,1.549523361,new batch already sealed and revealed; post-completion analysis only
PABP,T-DCG-96,8,3,384,1.549523361,1.4581060540000002,0.9658041507083333,0.0,1.549523361,-0.09141730699999995,1.549523361,new batch already sealed and revealed; post-completion analysis only
PABP,T-DCG-96,8,4,480,1.549523361,1.960901245,0.9491724030520833,0.41137788399999997,1.960901245,0.41137788399999997,1.960901245,new batch already sealed and revealed; post-completion analysis only
PABP,T-DCG-192,8,1,192,1.289929731,1.528497381,0.8554952737291664,0.23856765000000002,1.528497381,0.23856765000000002,1.528497381,new batch already sealed and revealed; post-completion analysis only
PABP,T-DCG-192,8,2,288,1.528497381,1.549523361,0.6849460910104167,0.02102598000000011,1.549523361,0.02102598000000011,1.549523361,new batch already sealed and revealed; post-completion analysis only
PABP,T-DCG-192,8,3,384,1.549523361,1.351513473,0.9154832193125001,0.0,1.549523361,-0.19800988800000008,1.549523361,new batch already sealed and revealed; post-completion analysis only
PABP,T-DCG-192,8,4,480,1.549523361,2.627942865,1.0643392802395832,1.078419504,2.627942865,1.078419504,2.627942865,new batch already sealed and revealed; post-completion analysis only
PABP,G-Rank,9,1,192,1.603434527,1.574281764,0.9344539526666665,0.0,1.603434527,-0.029152763000000137,1.603434527,new batch already sealed and revealed; post-completion analysis only
PABP,G-Rank,9,2,288,1.603434527,1.425835976,0.9550202991874999,0.0,1.603434527,-0.17759855100000022,1.603434527,new batch already sealed and revealed; post-completion analysis only
PABP,G-Rank,9,3,384,1.603434527,1.822900012,0.9550313708020832,0.21946548499999996,1.822900012,0.21946548499999996,1.822900012,new batch already sealed and revealed; post-completion analysis only
PABP,G-Rank,9,4,480,1.822900012,1.719489488,0.9799026345416667,0.0,1.822900012,-0.10341052400000006,1.822900012,new batch already sealed and revealed; post-completion analysis only
PABP,T-Uniform-96,9,1,192,1.603434527,1.574281764,0.9344539526666665,0.0,1.603434527,-0.029152763000000137,1.603434527,new batch already sealed and revealed; post-completion analysis only
PABP,T-Uniform-96,9,2,288,1.603434527,1.425835976,0.9577014621041667,0.0,1.603434527,-0.17759855100000022,1.603434527,new batch already sealed and revealed; post-completion analysis only
PABP,T-Uniform-96,9,3,384,1.603434527,1.822900012,0.9825113913645834,0.21946548499999996,1.822900012,0.21946548499999996,1.822900012,new batch already sealed and revealed; post-completion analysis only
PABP,T-Uniform-96,9,4,480,1.822900012,1.719489488,0.9714241335416666,0.0,1.822900012,-0.10341052400000006,1.822900012,new batch already sealed and revealed; post-completion analysis only
PABP,T-DCG-96,9,1,192,1.603434527,1.574281764,0.9437344220625,0.0,1.603434527,-0.029152763000000137,1.603434527,new batch already sealed and revealed; post-completion analysis only
PABP,T-DCG-96,9,2,288,1.603434527,1.815219561,0.9591902260520833,0.21178503399999982,1.815219561,0.21178503399999982,1.815219561,new batch already sealed and revealed; post-completion analysis only
PABP,T-DCG-96,9,3,384,1.815219561,1.822900012,1.0095929748541665,0.007680451000000144,1.822900012,0.007680451000000144,1.822900012,new batch already sealed and revealed; post-completion analysis only
PABP,T-DCG-96,9,4,480,1.822900012,1.598888707,1.0007357647291666,0.0,1.822900012,-0.2240113050000001,1.822900012,new batch already sealed and revealed; post-completion analysis only
PABP,T-DCG-192,9,1,192,1.603434527,1.574281764,0.9437344220625,0.0,1.603434527,-0.029152763000000137,1.603434527,new batch already sealed and revealed; post-completion analysis only
PABP,T-DCG-192,9,2,288,1.603434527,1.815219561,0.9563464227291667,0.21178503399999982,1.815219561,0.21178503399999982,1.815219561,new batch already sealed and revealed; post-completion analysis only
PABP,T-DCG-192,9,3,384,1.815219561,1.822900012,1.0257103738020834,0.007680451000000144,1.822900012,0.007680451000000144,1.822900012,new batch already sealed and revealed; post-completion analysis only
PABP,T-DCG-192,9,4,480,1.822900012,1.548048301,1.0127779079270833,0.0,1.822900012,-0.27485171100000017,1.822900012,new batch already sealed and revealed; post-completion analysis only
PABP,G-Rank,10,1,192,1.5399898419999998,1.736482904,0.8663942840520834,0.19649306200000027,1.736482904,0.19649306200000027,1.736482904,new batch already sealed and revealed; post-completion analysis only
PABP,G-Rank,10,2,288,1.736482904,1.854210558,0.9301927995937499,0.11772765399999985,1.854210558,0.11772765399999985,1.854210558,new batch already sealed and revealed; post-completion analysis only
PABP,G-Rank,10,3,384,1.854210558,1.964409118,0.9903626798541666,0.11019856000000017,1.964409118,0.11019856000000017,1.964409118,new batch already sealed and revealed; post-completion analysis only
PABP,G-Rank,10,4,480,1.964409118,1.815219561,1.0224705653750001,0.0,1.964409118,-0.14918955700000014,1.964409118,new batch already sealed and revealed; post-completion analysis only
PABP,T-Uniform-96,10,1,192,1.5399898419999998,1.736482904,0.8663942840520834,0.19649306200000027,1.736482904,0.19649306200000027,1.736482904,new batch already sealed and revealed; post-completion analysis only
PABP,T-Uniform-96,10,2,288,1.736482904,1.854210558,0.93394227053125,0.11772765399999985,1.854210558,0.11772765399999985,1.854210558,new batch already sealed and revealed; post-completion analysis only
PABP,T-Uniform-96,10,3,384,1.854210558,1.964409118,1.0071768544166666,0.11019856000000017,1.964409118,0.11019856000000017,1.964409118,new batch already sealed and revealed; post-completion analysis only
PABP,T-Uniform-96,10,4,480,1.964409118,1.680772496,1.0278938966770834,0.0,1.964409118,-0.28363662200000017,1.964409118,new batch already sealed and revealed; post-completion analysis only
PABP,T-DCG-96,10,1,192,1.5399898419999998,1.736482904,0.8673034103020832,0.19649306200000027,1.736482904,0.19649306200000027,1.736482904,new batch already sealed and revealed; post-completion analysis only
PABP,T-DCG-96,10,2,288,1.736482904,1.786856756,0.9336124748333333,0.050373851999999886,1.786856756,0.050373851999999886,1.786856756,new batch already sealed and revealed; post-completion analysis only
PABP,T-DCG-96,10,3,384,1.786856756,1.964409118,1.0703109714375,0.17755236200000013,1.964409118,0.17755236200000013,1.964409118,new batch already sealed and revealed; post-completion analysis only
PABP,T-DCG-96,10,4,480,1.964409118,1.680772496,0.9150743889895834,0.0,1.964409118,-0.28363662200000017,1.964409118,new batch already sealed and revealed; post-completion analysis only
PABP,T-DCG-192,10,1,192,1.5399898419999998,1.736482904,0.8673034103020832,0.19649306200000027,1.736482904,0.19649306200000027,1.736482904,new batch already sealed and revealed; post-completion analysis only
PABP,T-DCG-192,10,2,288,1.736482904,1.786856756,0.9336124748333333,0.050373851999999886,1.786856756,0.050373851999999886,1.786856756,new batch already sealed and revealed; post-completion analysis only
PABP,T-DCG-192,10,3,384,1.786856756,1.964409118,1.0701679396250001,0.17755236200000013,1.964409118,0.17755236200000013,1.964409118,new batch already sealed and revealed; post-completion analysis only
PABP,T-DCG-192,10,4,480,1.964409118,1.680772496,0.9486356937916667,0.0,1.964409118,-0.28363662200000017,1.964409118,new batch already sealed and revealed; post-completion analysis only
PABP,G-Rank,11,1,192,1.191433668,1.763650824,0.9290493177604167,0.572217156,1.763650824,0.572217156,1.763650824,new batch already sealed and revealed; post-completion analysis only
PABP,G-Rank,11,2,288,1.763650824,1.680772496,0.9492005979791666,0.0,1.763650824,-0.08287832800000006,1.763650824,new batch already sealed and revealed; post-completion analysis only
PABP,G-Rank,11,3,384,1.763650824,1.7552123030000002,1.07723344640625,0.0,1.763650824,-0.008438520999999755,1.763650824,new batch already sealed and revealed; post-completion analysis only
PABP,G-Rank,11,4,480,1.763650824,2.868778599,0.9992934317083334,1.1051277750000001,2.868778599,1.1051277750000001,2.868778599,new batch already sealed and revealed; post-completion analysis only
PABP,T-Uniform-96,11,1,192,1.191433668,1.763650824,0.9290493177604167,0.572217156,1.763650824,0.572217156,1.763650824,new batch already sealed and revealed; post-completion analysis only
PABP,T-Uniform-96,11,2,288,1.763650824,1.680772496,0.949706694875,0.0,1.763650824,-0.08287832800000006,1.763650824,new batch already sealed and revealed; post-completion analysis only
PABP,T-Uniform-96,11,3,384,1.763650824,1.736482904,1.0602325504791665,0.0,1.763650824,-0.0271679199999999,1.763650824,new batch already sealed and revealed; post-completion analysis only
PABP,T-Uniform-96,11,4,480,1.763650824,2.868778599,1.03620755909375,1.1051277750000001,2.868778599,1.1051277750000001,2.868778599,new batch already sealed and revealed; post-completion analysis only
PABP,T-DCG-96,11,1,192,1.191433668,1.964409118,0.9279344402083334,0.7729754500000001,1.964409118,0.7729754500000001,1.964409118,new batch already sealed and revealed; post-completion analysis only
PABP,T-DCG-96,11,2,288,1.964409118,1.603434527,0.9544126116041666,0.0,1.964409118,-0.36097459099999996,1.964409118,new batch already sealed and revealed; post-completion analysis only
PABP,T-DCG-96,11,3,384,1.964409118,1.786856756,1.0799302062708334,0.0,1.964409118,-0.17755236200000013,1.964409118,new batch already sealed and revealed; post-completion analysis only
PABP,T-DCG-96,11,4,480,1.964409118,2.868778599,0.9808836083645834,0.904369481,2.868778599,0.904369481,2.868778599,new batch already sealed and revealed; post-completion analysis only
PABP,T-DCG-192,11,1,192,1.191433668,1.964409118,0.9279344402083334,0.7729754500000001,1.964409118,0.7729754500000001,1.964409118,new batch already sealed and revealed; post-completion analysis only
PABP,T-DCG-192,11,2,288,1.964409118,1.603434527,0.9572067431979168,0.0,1.964409118,-0.36097459099999996,1.964409118,new batch already sealed and revealed; post-completion analysis only
PABP,T-DCG-192,11,3,384,1.964409118,1.786856756,1.0433979688645831,0.0,1.964409118,-0.17755236200000013,1.964409118,new batch already sealed and revealed; post-completion analysis only
PABP,T-DCG-192,11,4,480,1.964409118,1.822900012,1.0171613621041666,0.0,1.964409118,-0.141509106,1.964409118,new batch already sealed and revealed; post-completion analysis only
PABP,G-Rank,12,1,192,1.386430995,2.128194918,0.9401299339791667,0.7417639230000002,2.128194918,0.7417639230000002,2.128194918,new batch already sealed and revealed; post-completion analysis only
PABP,G-Rank,12,2,288,2.128194918,1.638962235,0.9901452849479168,0.0,2.128194918,-0.4892326830000002,2.128194918,new batch already sealed and revealed; post-completion analysis only
PABP,G-Rank,12,3,384,2.128194918,1.700263089,0.9659648134062501,0.0,2.128194918,-0.42793182900000026,2.128194918,new batch already sealed and revealed; post-completion analysis only
PABP,G-Rank,12,4,480,2.128194918,1.780527865,1.0009870527291667,0.0,2.128194918,-0.3476670530000001,2.128194918,new batch already sealed and revealed; post-completion analysis only
PABP,T-Uniform-96,12,1,192,1.386430995,2.128194918,0.9401299339791667,0.7417639230000002,2.128194918,0.7417639230000002,2.128194918,new batch already sealed and revealed; post-completion analysis only
PABP,T-Uniform-96,12,2,288,2.128194918,1.638962235,0.9839714419583334,0.0,2.128194918,-0.4892326830000002,2.128194918,new batch already sealed and revealed; post-completion analysis only
PABP,T-Uniform-96,12,3,384,2.128194918,1.700263089,1.0067479185000001,0.0,2.128194918,-0.42793182900000026,2.128194918,new batch already sealed and revealed; post-completion analysis only
PABP,T-Uniform-96,12,4,480,2.128194918,1.687302303,1.00843233596875,0.0,2.128194918,-0.4408926150000001,2.128194918,new batch already sealed and revealed; post-completion analysis only
PABP,T-DCG-96,12,1,192,1.386430995,2.128194918,0.938615229625,0.7417639230000002,2.128194918,0.7417639230000002,2.128194918,new batch already sealed and revealed; post-completion analysis only
PABP,T-DCG-96,12,2,288,2.128194918,1.637675765,0.9717335629791667,0.0,2.128194918,-0.49051915300000015,2.128194918,new batch already sealed and revealed; post-completion analysis only
PABP,T-DCG-96,12,3,384,2.128194918,1.960901245,0.9396082040520833,0.0,2.128194918,-0.1672936730000001,2.128194918,new batch already sealed and revealed; post-completion analysis only
PABP,T-DCG-96,12,4,480,2.128194918,1.6286138609999998,0.9276814942604167,0.0,2.128194918,-0.49958105700000033,2.128194918,new batch already sealed and revealed; post-completion analysis only
PABP,T-DCG-192,12,1,192,1.386430995,2.128194918,0.938615229625,0.7417639230000002,2.128194918,0.7417639230000002,2.128194918,new batch already sealed and revealed; post-completion analysis only
PABP,T-DCG-192,12,2,288,2.128194918,1.637675765,0.9719246975729167,0.0,2.128194918,-0.49051915300000015,2.128194918,new batch already sealed and revealed; post-completion analysis only
PABP,T-DCG-192,12,3,384,2.128194918,1.960901245,0.9415350243229167,0.0,2.128194918,-0.1672936730000001,2.128194918,new batch already sealed and revealed; post-completion analysis only
PABP,T-DCG-192,12,4,480,2.128194918,1.687302303,1.0059472343854166,0.0,2.128194918,-0.4408926150000001,2.128194918,new batch already sealed and revealed; post-completion analysis only
PABP,G-Rank,13,1,192,1.3997818119999998,2.868778599,0.9702487174166666,1.4689967870000002,2.868778599,1.4689967870000002,2.868778599,new batch already sealed and revealed; post-completion analysis only
PABP,G-Rank,13,2,288,2.868778599,1.822900012,0.9468461766250001,0.0,2.868778599,-1.045878587,2.868778599,new batch already sealed and revealed; post-completion analysis only
PABP,G-Rank,13,3,384,2.868778599,1.815219561,1.0407076022500001,0.0,2.868778599,-1.0535590380000002,2.868778599,new batch already sealed and revealed; post-completion analysis only
PABP,G-Rank,13,4,480,2.868778599,1.501027595,1.00028972846875,0.0,2.868778599,-1.367751004,2.868778599,new batch already sealed and revealed; post-completion analysis only
PABP,T-Uniform-96,13,1,192,1.3997818119999998,2.868778599,0.9702487174166666,1.4689967870000002,2.868778599,1.4689967870000002,2.868778599,new batch already sealed and revealed; post-completion analysis only
PABP,T-Uniform-96,13,2,288,2.868778599,1.822900012,0.9480720223229167,0.0,2.868778599,-1.045878587,2.868778599,new batch already sealed and revealed; post-completion analysis only
PABP,T-Uniform-96,13,3,384,2.868778599,1.815219561,1.0732410683541669,0.0,2.868778599,-1.0535590380000002,2.868778599,new batch already sealed and revealed; post-completion analysis only
PABP,T-Uniform-96,13,4,480,2.868778599,1.501027595,0.9866380686770834,0.0,2.868778599,-1.367751004,2.868778599,new batch already sealed and revealed; post-completion analysis only
PABP,T-DCG-96,13,1,192,1.3997818119999998,2.868778599,0.9711420369479166,1.4689967870000002,2.868778599,1.4689967870000002,2.868778599,new batch already sealed and revealed; post-completion analysis only
PABP,T-DCG-96,13,2,288,2.868778599,1.822900012,0.91620562096875,0.0,2.868778599,-1.045878587,2.868778599,new batch already sealed and revealed; post-completion analysis only
PABP,T-DCG-96,13,3,384,2.868778599,1.736482904,1.0054094200104167,0.0,2.868778599,-1.132295695,2.868778599,new batch already sealed and revealed; post-completion analysis only
PABP,T-DCG-96,13,4,480,2.868778599,1.501027595,1.0268177230937499,0.0,2.868778599,-1.367751004,2.868778599,new batch already sealed and revealed; post-completion analysis only
PABP,T-DCG-192,13,1,192,1.3997818119999998,2.868778599,0.9711420369479166,1.4689967870000002,2.868778599,1.4689967870000002,2.868778599,new batch already sealed and revealed; post-completion analysis only
PABP,T-DCG-192,13,2,288,2.868778599,1.822900012,0.9165357974270835,0.0,2.868778599,-1.045878587,2.868778599,new batch already sealed and revealed; post-completion analysis only
PABP,T-DCG-192,13,3,384,2.868778599,1.736482904,1.01282589053125,0.0,2.868778599,-1.132295695,2.868778599,new batch already sealed and revealed; post-completion analysis only
PABP,T-DCG-192,13,4,480,2.868778599,1.827467137,1.03530810990625,0.0,2.868778599,-1.0413114620000001,2.868778599,new batch already sealed and revealed; post-completion analysis only
PABP,G-Rank,14,1,192,1.349217779,1.960901245,0.9507717359791665,0.6116834660000001,1.960901245,0.6116834660000001,1.960901245,new batch already sealed and revealed; post-completion analysis only
PABP,G-Rank,14,2,288,1.960901245,1.581204187,0.8465379968125001,0.0,1.960901245,-0.3796970580000001,1.960901245,new batch already sealed and revealed; post-completion analysis only
PABP,G-Rank,14,3,384,1.960901245,2.627942865,0.9816514222604168,0.66704162,2.627942865,0.66704162,2.627942865,new batch already sealed and revealed; post-completion analysis only
PABP,G-Rank,14,4,480,2.627942865,1.700263089,1.0056094910520832,0.0,2.627942865,-0.9276797760000002,2.627942865,new batch already sealed and revealed; post-completion analysis only
PABP,T-Uniform-96,14,1,192,1.349217779,1.960901245,0.9507717359791665,0.6116834660000001,1.960901245,0.6116834660000001,1.960901245,new batch already sealed and revealed; post-completion analysis only
PABP,T-Uniform-96,14,2,288,1.960901245,1.700263089,0.8656796934791666,0.0,1.960901245,-0.2606381560000002,1.960901245,new batch already sealed and revealed; post-completion analysis only
PABP,T-Uniform-96,14,3,384,1.960901245,2.627942865,1.00018019890625,0.66704162,2.627942865,0.66704162,2.627942865,new batch already sealed and revealed; post-completion analysis only
PABP,T-Uniform-96,14,4,480,2.627942865,1.591828179,0.93754016046875,0.0,2.627942865,-1.0361146860000001,2.627942865,new batch already sealed and revealed; post-completion analysis only
PABP,T-DCG-96,14,1,192,1.349217779,1.960901245,0.9490359990416666,0.6116834660000001,1.960901245,0.6116834660000001,1.960901245,new batch already sealed and revealed; post-completion analysis only
PABP,T-DCG-96,14,2,288,1.960901245,1.913074385,0.90457639271875,0.0,1.960901245,-0.04782686000000003,1.960901245,new batch already sealed and revealed; post-completion analysis only
PABP,T-DCG-96,14,3,384,1.960901245,2.627942865,1.0053396282291667,0.66704162,2.627942865,0.66704162,2.627942865,new batch already sealed and revealed; post-completion analysis only
PABP,T-DCG-96,14,4,480,2.627942865,1.815219561,0.9570346035625,0.0,2.627942865,-0.8127233040000001,2.627942865,new batch already sealed and revealed; post-completion analysis only
PABP,T-DCG-192,14,1,192,1.349217779,1.960901245,0.9490359990416666,0.6116834660000001,1.960901245,0.6116834660000001,1.960901245,new batch already sealed and revealed; post-completion analysis only
PABP,T-DCG-192,14,2,288,1.960901245,1.913074385,0.8958813480416667,0.0,1.960901245,-0.04782686000000003,1.960901245,new batch already sealed and revealed; post-completion analysis only
PABP,T-DCG-192,14,3,384,1.960901245,2.627942865,0.9531255322916666,0.66704162,2.627942865,0.66704162,2.627942865,new batch already sealed and revealed; post-completion analysis only
PABP,T-DCG-192,14,4,480,2.627942865,1.815219561,0.9829210721145832,0.0,2.627942865,-0.8127233040000001,2.627942865,new batch already sealed and revealed; post-completion analysis only
PABP,G-Rank,15,1,192,1.195395567,2.308485747,0.80403644159375,1.1130901800000002,2.308485747,1.1130901800000002,2.308485747,new batch already sealed and revealed; post-completion analysis only
PABP,G-Rank,15,2,288,2.308485747,1.964409118,0.8887173347916665,0.0,2.308485747,-0.34407662900000013,2.308485747,new batch already sealed and revealed; post-completion analysis only
PABP,G-Rank,15,3,384,2.308485747,1.634084371,0.9732288482708333,0.0,2.308485747,-0.6744013760000003,2.308485747,new batch already sealed and revealed; post-completion analysis only
PABP,G-Rank,15,4,480,2.308485747,1.54799974,0.9509549238645834,0.0,2.308485747,-0.7604860070000001,2.308485747,new batch already sealed and revealed; post-completion analysis only
PABP,T-Uniform-96,15,1,192,1.195395567,2.308485747,0.80403644159375,1.1130901800000002,2.308485747,1.1130901800000002,2.308485747,new batch already sealed and revealed; post-completion analysis only
PABP,T-Uniform-96,15,2,288,2.308485747,1.964409118,0.8918647007291667,0.0,2.308485747,-0.34407662900000013,2.308485747,new batch already sealed and revealed; post-completion analysis only
PABP,T-Uniform-96,15,3,384,2.308485747,1.388853131,0.9589250023645833,0.0,2.308485747,-0.9196326160000001,2.308485747,new batch already sealed and revealed; post-completion analysis only
PABP,T-Uniform-96,15,4,480,2.308485747,1.54799974,0.8987773820625001,0.0,2.308485747,-0.7604860070000001,2.308485747,new batch already sealed and revealed; post-completion analysis only
PABP,T-DCG-96,15,1,192,1.195395567,2.308485747,0.8140480644270833,1.1130901800000002,2.308485747,1.1130901800000002,2.308485747,new batch already sealed and revealed; post-completion analysis only
PABP,T-DCG-96,15,2,288,2.308485747,1.634084371,0.8817738597395833,0.0,2.308485747,-0.6744013760000003,2.308485747,new batch already sealed and revealed; post-completion analysis only
PABP,T-DCG-96,15,3,384,2.308485747,1.54799974,0.9565257809583333,0.0,2.308485747,-0.7604860070000001,2.308485747,new batch already sealed and revealed; post-completion analysis only
PABP,T-DCG-96,15,4,480,2.308485747,1.392355914,0.9432096794374999,0.0,2.308485747,-0.9161298330000003,2.308485747,new batch already sealed and revealed; post-completion analysis only
PABP,T-DCG-192,15,1,192,1.195395567,2.308485747,0.8140480644270833,1.1130901800000002,2.308485747,1.1130901800000002,2.308485747,new batch already sealed and revealed; post-completion analysis only
PABP,T-DCG-192,15,2,288,2.308485747,1.497687803,0.8754228741666666,0.0,2.308485747,-0.8107979440000002,2.308485747,new batch already sealed and revealed; post-completion analysis only
PABP,T-DCG-192,15,3,384,2.308485747,1.771550716,0.9764123700729167,0.0,2.308485747,-0.5369350310000003,2.308485747,new batch already sealed and revealed; post-completion analysis only
PABP,T-DCG-192,15,4,480,2.308485747,1.318960408,0.9803629906875,0.0,2.308485747,-0.9895253390000003,2.308485747,new batch already sealed and revealed; post-completion analysis only
PABP,G-Rank,16,1,192,1.4581060540000002,1.7575971030000002,0.9432436431562502,0.299491049,1.7575971030000002,0.299491049,1.7575971030000002,new batch already sealed and revealed; post-completion analysis only
PABP,G-Rank,16,2,288,1.7575971030000002,2.627942865,0.9601183430520833,0.8703457619999999,2.627942865,0.8703457619999999,2.627942865,new batch already sealed and revealed; post-completion analysis only
PABP,G-Rank,16,3,384,2.627942865,1.520558974,0.9663248248124999,0.0,2.627942865,-1.107383891,2.627942865,new batch already sealed and revealed; post-completion analysis only
PABP,G-Rank,16,4,480,2.627942865,2.081572091,0.9940885559583333,0.0,2.627942865,-0.5463707740000001,2.627942865,new batch already sealed and revealed; post-completion analysis only
PABP,T-Uniform-96,16,1,192,1.4581060540000002,1.7575971030000002,0.9432436431562502,0.299491049,1.7575971030000002,0.299491049,1.7575971030000002,new batch already sealed and revealed; post-completion analysis only
PABP,T-Uniform-96,16,2,288,1.7575971030000002,2.627942865,0.9624360215625001,0.8703457619999999,2.627942865,0.8703457619999999,2.627942865,new batch already sealed and revealed; post-completion analysis only
PABP,T-Uniform-96,16,3,384,2.627942865,1.913074385,0.9306527456250001,0.0,2.627942865,-0.71486848,2.627942865,new batch already sealed and revealed; post-completion analysis only
PABP,T-Uniform-96,16,4,480,2.627942865,1.574281764,0.9571517516875,0.0,2.627942865,-1.053661101,2.627942865,new batch already sealed and revealed; post-completion analysis only
PABP,T-DCG-96,16,1,192,1.4581060540000002,1.7575971030000002,0.9378659206770834,0.299491049,1.7575971030000002,0.299491049,1.7575971030000002,new batch already sealed and revealed; post-completion analysis only
PABP,T-DCG-96,16,2,288,1.7575971030000002,1.622132682,0.9791693092708332,0.0,1.7575971030000002,-0.13546442100000022,1.7575971030000002,new batch already sealed and revealed; post-completion analysis only
PABP,T-DCG-96,16,3,384,1.7575971030000002,1.792417538,0.8270287949479167,0.03482043499999987,1.792417538,0.03482043499999987,1.792417538,new batch already sealed and revealed; post-completion analysis only
PABP,T-DCG-96,16,4,480,1.792417538,2.627942865,1.045892444,0.835525327,2.627942865,0.835525327,2.627942865,new batch already sealed and revealed; post-completion analysis only
PABP,T-DCG-192,16,1,192,1.4581060540000002,1.7575971030000002,0.9378659206770834,0.299491049,1.7575971030000002,0.299491049,1.7575971030000002,new batch already sealed and revealed; post-completion analysis only
PABP,T-DCG-192,16,2,288,1.7575971030000002,1.5083855730000002,0.95655564746875,0.0,1.7575971030000002,-0.24921152999999996,1.7575971030000002,new batch already sealed and revealed; post-completion analysis only
PABP,T-DCG-192,16,3,384,1.7575971030000002,1.556019656,0.97039662628125,0.0,1.7575971030000002,-0.20157744700000024,1.7575971030000002,new batch already sealed and revealed; post-completion analysis only
PABP,T-DCG-192,16,4,480,1.7575971030000002,2.627942865,1.0135639441458333,0.8703457619999999,2.627942865,0.8703457619999999,2.627942865,new batch already sealed and revealed; post-completion analysis only
PABP,G-Rank,17,1,192,1.3842420290000002,1.792417538,1.0115688466770834,0.4081755089999999,1.792417538,0.4081755089999999,1.792417538,new batch already sealed and revealed; post-completion analysis only
PABP,G-Rank,17,2,288,1.792417538,1.806536913,1.0061466308958333,0.014119374999999934,1.806536913,0.014119374999999934,1.806536913,new batch already sealed and revealed; post-completion analysis only
PABP,G-Rank,17,3,384,1.806536913,1.603434527,0.9933183776770833,0.0,1.806536913,-0.20310238599999986,1.806536913,new batch already sealed and revealed; post-completion analysis only
PABP,G-Rank,17,4,480,1.806536913,2.868778599,1.0151033385000001,1.0622416860000001,2.868778599,1.0622416860000001,2.868778599,new batch already sealed and revealed; post-completion analysis only
PABP,T-Uniform-96,17,1,192,1.3842420290000002,1.792417538,1.0115688466770834,0.4081755089999999,1.792417538,0.4081755089999999,1.792417538,new batch already sealed and revealed; post-completion analysis only
PABP,T-Uniform-96,17,2,288,1.792417538,1.806536913,1.0156974062604167,0.014119374999999934,1.806536913,0.014119374999999934,1.806536913,new batch already sealed and revealed; post-completion analysis only
PABP,T-Uniform-96,17,3,384,1.806536913,1.451004674,0.9971407691979167,0.0,1.806536913,-0.35553223899999997,1.806536913,new batch already sealed and revealed; post-completion analysis only
PABP,T-Uniform-96,17,4,480,1.806536913,1.603434527,0.9625096612916666,0.0,1.806536913,-0.20310238599999986,1.806536913,new batch already sealed and revealed; post-completion analysis only
PABP,T-DCG-96,17,1,192,1.3842420290000002,1.792417538,1.0012269502395832,0.4081755089999999,1.792417538,0.4081755089999999,1.792417538,new batch already sealed and revealed; post-completion analysis only
PABP,T-DCG-96,17,2,288,1.792417538,1.806536913,0.9837289797291667,0.014119374999999934,1.806536913,0.014119374999999934,1.806536913,new batch already sealed and revealed; post-completion analysis only
PABP,T-DCG-96,17,3,384,1.806536913,1.736482904,1.03108228784375,0.0,1.806536913,-0.07005400899999992,1.806536913,new batch already sealed and revealed; post-completion analysis only
PABP,T-DCG-96,17,4,480,1.806536913,2.868778599,1.0102101387291667,1.0622416860000001,2.868778599,1.0622416860000001,2.868778599,new batch already sealed and revealed; post-completion analysis only
PABP,T-DCG-192,17,1,192,1.3842420290000002,1.792417538,1.0012269502395832,0.4081755089999999,1.792417538,0.4081755089999999,1.792417538,new batch already sealed and revealed; post-completion analysis only
PABP,T-DCG-192,17,2,288,1.792417538,2.868778599,1.02262998284375,1.076361061,2.868778599,1.076361061,2.868778599,new batch already sealed and revealed; post-completion analysis only
PABP,T-DCG-192,17,3,384,2.868778599,1.3171915509999998,0.9701583843333333,0.0,2.868778599,-1.5515870480000002,2.868778599,new batch already sealed and revealed; post-completion analysis only
PABP,T-DCG-192,17,4,480,2.868778599,1.736482904,0.9693414454166668,0.0,2.868778599,-1.132295695,2.868778599,new batch already sealed and revealed; post-completion analysis only
PABP,G-Rank,18,1,192,1.142658116,1.964409118,0.9302906642083334,0.8217510020000001,1.964409118,0.8217510020000001,1.964409118,new batch already sealed and revealed; post-completion analysis only
PABP,G-Rank,18,2,288,1.964409118,1.29290192,0.96943359978125,0.0,1.964409118,-0.671507198,1.964409118,new batch already sealed and revealed; post-completion analysis only
PABP,G-Rank,18,3,384,1.964409118,1.827467137,1.0597596435833332,0.0,1.964409118,-0.1369419810000001,1.964409118,new batch already sealed and revealed; post-completion analysis only
PABP,G-Rank,18,4,480,1.964409118,2.868778599,1.0658286731458333,0.904369481,2.868778599,0.904369481,2.868778599,new batch already sealed and revealed; post-completion analysis only
PABP,T-Uniform-96,18,1,192,1.142658116,1.964409118,0.9302906642083334,0.8217510020000001,1.964409118,0.8217510020000001,1.964409118,new batch already sealed and revealed; post-completion analysis only
PABP,T-Uniform-96,18,2,288,1.964409118,1.29290192,0.9679219789895833,0.0,1.964409118,-0.671507198,1.964409118,new batch already sealed and revealed; post-completion analysis only
PABP,T-Uniform-96,18,3,384,1.964409118,1.827467137,1.0356555165729167,0.0,1.964409118,-0.1369419810000001,1.964409118,new batch already sealed and revealed; post-completion analysis only
PABP,T-Uniform-96,18,4,480,1.964409118,2.627942865,1.01114593259375,0.663533747,2.627942865,0.663533747,2.627942865,new batch already sealed and revealed; post-completion analysis only
PABP,T-DCG-96,18,1,192,1.142658116,1.964409118,0.9219188078437502,0.8217510020000001,1.964409118,0.8217510020000001,1.964409118,new batch already sealed and revealed; post-completion analysis only
PABP,T-DCG-96,18,2,288,1.964409118,1.827467137,0.9870609988958333,0.0,1.964409118,-0.1369419810000001,1.964409118,new batch already sealed and revealed; post-completion analysis only
PABP,T-DCG-96,18,3,384,1.964409118,1.501027595,1.0029717768333333,0.0,1.964409118,-0.463381523,1.964409118,new batch already sealed and revealed; post-completion analysis only
PABP,T-DCG-96,18,4,480,1.964409118,1.822900012,1.0494578983854168,0.0,1.964409118,-0.141509106,1.964409118,new batch already sealed and revealed; post-completion analysis only
PABP,T-DCG-192,18,1,192,1.142658116,1.964409118,0.9219188078437502,0.8217510020000001,1.964409118,0.8217510020000001,1.964409118,new batch already sealed and revealed; post-completion analysis only
PABP,T-DCG-192,18,2,288,1.964409118,1.827467137,0.9949644798125,0.0,1.964409118,-0.1369419810000001,1.964409118,new batch already sealed and revealed; post-completion analysis only
PABP,T-DCG-192,18,3,384,1.964409118,1.501027595,0.9956565725520834,0.0,1.964409118,-0.463381523,1.964409118,new batch already sealed and revealed; post-completion analysis only
PABP,T-DCG-192,18,4,480,1.964409118,1.822900012,1.0626709777395833,0.0,1.964409118,-0.141509106,1.964409118,new batch already sealed and revealed; post-completion analysis only
PABP,G-Rank,19,1,192,1.314229305,1.192162897,0.8481998638124999,0.0,1.314229305,-0.12206640800000002,1.314229305,new batch already sealed and revealed; post-completion analysis only
PABP,G-Rank,19,2,288,1.314229305,1.822900012,0.8779051902708334,0.508670707,1.822900012,0.508670707,1.822900012,new batch already sealed and revealed; post-completion analysis only
PABP,G-Rank,19,3,384,1.822900012,1.815219561,0.9980332595625002,0.0,1.822900012,-0.007680451000000144,1.822900012,new batch already sealed and revealed; post-completion analysis only
PABP,G-Rank,19,4,480,1.822900012,1.548048301,0.97520555146875,0.0,1.822900012,-0.27485171100000017,1.822900012,new batch already sealed and revealed; post-completion analysis only
PABP,T-Uniform-96,19,1,192,1.314229305,1.192162897,0.8481998638124999,0.0,1.314229305,-0.12206640800000002,1.314229305,new batch already sealed and revealed; post-completion analysis only
PABP,T-Uniform-96,19,2,288,1.314229305,1.822900012,0.8902997073750001,0.508670707,1.822900012,0.508670707,1.822900012,new batch already sealed and revealed; post-completion analysis only
PABP,T-Uniform-96,19,3,384,1.822900012,1.821032765,1.05383658428125,0.0,1.822900012,-0.0018672470000000718,1.822900012,new batch already sealed and revealed; post-completion analysis only
PABP,T-Uniform-96,19,4,480,1.822900012,1.786856756,0.96654686409375,0.0,1.822900012,-0.036043256000000135,1.822900012,new batch already sealed and revealed; post-completion analysis only
PABP,T-DCG-96,19,1,192,1.314229305,1.260942546,0.8539156998958334,0.0,1.314229305,-0.053286758999999906,1.314229305,new batch already sealed and revealed; post-completion analysis only
PABP,T-DCG-96,19,2,288,1.314229305,1.822900012,0.9152216838958332,0.508670707,1.822900012,0.508670707,1.822900012,new batch already sealed and revealed; post-completion analysis only
PABP,T-DCG-96,19,3,384,1.822900012,1.815219561,1.0352599150000001,0.0,1.822900012,-0.007680451000000144,1.822900012,new batch already sealed and revealed; post-completion analysis only
PABP,T-DCG-96,19,4,480,1.822900012,1.964409118,0.9633456678229168,0.141509106,1.964409118,0.141509106,1.964409118,new batch already sealed and revealed; post-completion analysis only
PABP,T-DCG-192,19,1,192,1.314229305,1.260942546,0.8539156998958334,0.0,1.314229305,-0.053286758999999906,1.314229305,new batch already sealed and revealed; post-completion analysis only
PABP,T-DCG-192,19,2,288,1.314229305,1.822900012,0.9112839925833334,0.508670707,1.822900012,0.508670707,1.822900012,new batch already sealed and revealed; post-completion analysis only
PABP,T-DCG-192,19,3,384,1.822900012,1.815219561,1.02947878078125,0.0,1.822900012,-0.007680451000000144,1.822900012,new batch already sealed and revealed; post-completion analysis only
PABP,T-DCG-192,19,4,480,1.822900012,1.821032765,0.9829776498020834,0.0,1.822900012,-0.0018672470000000718,1.822900012,new batch already sealed and revealed; post-completion analysis only
PABP,G-Rank,20,1,192,1.614159895,1.598073364,0.848304230625,0.0,1.614159895,-0.016086531000000015,1.614159895,new batch already sealed and revealed; post-completion analysis only
PABP,G-Rank,20,2,288,1.614159895,1.83748788,0.9785694140729166,0.22332798500000006,1.83748788,0.22332798500000006,1.83748788,new batch already sealed and revealed; post-completion analysis only
PABP,G-Rank,20,3,384,1.83748788,1.786856756,1.0193118370833334,0.0,1.83748788,-0.05063112400000014,1.83748788,new batch already sealed and revealed; post-completion analysis only
PABP,G-Rank,20,4,480,1.83748788,1.964409118,1.0140641186250001,0.126921238,1.964409118,0.126921238,1.964409118,new batch already sealed and revealed; post-completion analysis only
PABP,T-Uniform-96,20,1,192,1.614159895,1.598073364,0.848304230625,0.0,1.614159895,-0.016086531000000015,1.614159895,new batch already sealed and revealed; post-completion analysis only
PABP,T-Uniform-96,20,2,288,1.614159895,1.83748788,0.9785694140729166,0.22332798500000006,1.83748788,0.22332798500000006,1.83748788,new batch already sealed and revealed; post-completion analysis only
PABP,T-Uniform-96,20,3,384,1.83748788,1.786856756,1.0270338255520832,0.0,1.83748788,-0.05063112400000014,1.83748788,new batch already sealed and revealed; post-completion analysis only
PABP,T-Uniform-96,20,4,480,1.83748788,1.964409118,1.03598776934375,0.126921238,1.964409118,0.126921238,1.964409118,new batch already sealed and revealed; post-completion analysis only
PABP,T-DCG-96,20,1,192,1.614159895,1.598073364,0.8443868540520834,0.0,1.614159895,-0.016086531000000015,1.614159895,new batch already sealed and revealed; post-completion analysis only
PABP,T-DCG-96,20,2,288,1.614159895,1.680772496,1.0184107123229167,0.06661260099999988,1.680772496,0.06661260099999988,1.680772496,new batch already sealed and revealed; post-completion analysis only
PABP,T-DCG-96,20,3,384,1.680772496,1.6175028269999998,1.03346669134375,0.0,1.680772496,-0.06326966900000008,1.680772496,new batch already sealed and revealed; post-completion analysis only
PABP,T-DCG-96,20,4,480,1.680772496,1.964409118,1.0025635074375001,0.28363662200000017,1.964409118,0.28363662200000017,1.964409118,new batch already sealed and revealed; post-completion analysis only
PABP,T-DCG-192,20,1,192,1.614159895,1.598073364,0.8443868540520834,0.0,1.614159895,-0.016086531000000015,1.614159895,new batch already sealed and revealed; post-completion analysis only
PABP,T-DCG-192,20,2,288,1.614159895,1.680772496,1.0184107123229167,0.06661260099999988,1.680772496,0.06661260099999988,1.680772496,new batch already sealed and revealed; post-completion analysis only
PABP,T-DCG-192,20,3,384,1.680772496,1.6175028269999998,1.0297512910104167,0.0,1.680772496,-0.06326966900000008,1.680772496,new batch already sealed and revealed; post-completion analysis only
PABP,T-DCG-192,20,4,480,1.680772496,1.964409118,0.9932663749166668,0.28363662200000017,1.964409118,0.28363662200000017,1.964409118,new batch already sealed and revealed; post-completion analysis only
PABP,G-Rank,21,1,192,1.253319515,1.83748788,0.8587964084999999,0.584168365,1.83748788,0.584168365,1.83748788,new batch already sealed and revealed; post-completion analysis only
PABP,G-Rank,21,2,288,1.83748788,1.680772496,0.8208548701249999,0.0,1.83748788,-0.15671538400000018,1.83748788,new batch already sealed and revealed; post-completion analysis only
PABP,G-Rank,21,3,384,1.83748788,1.736482904,1.028597540875,0.0,1.83748788,-0.10100497600000002,1.83748788,new batch already sealed and revealed; post-completion analysis only
PABP,G-Rank,21,4,480,1.83748788,2.868778599,0.9883070052812499,1.031290719,2.868778599,1.031290719,2.868778599,new batch already sealed and revealed; post-completion analysis only
PABP,T-Uniform-96,21,1,192,1.253319515,1.83748788,0.8587964084999999,0.584168365,1.83748788,0.584168365,1.83748788,new batch already sealed and revealed; post-completion analysis only
PABP,T-Uniform-96,21,2,288,1.83748788,1.680772496,0.8085036860625001,0.0,1.83748788,-0.15671538400000018,1.83748788,new batch already sealed and revealed; post-completion analysis only
PABP,T-Uniform-96,21,3,384,1.83748788,1.5399417569999998,1.0482476005208332,0.0,1.83748788,-0.2975461230000003,1.83748788,new batch already sealed and revealed; post-completion analysis only
PABP,T-Uniform-96,21,4,480,1.83748788,2.868778599,1.0480834793645835,1.031290719,2.868778599,1.031290719,2.868778599,new batch already sealed and revealed; post-completion analysis only
PABP,T-DCG-96,21,1,192,1.253319515,1.83748788,0.8628109459791666,0.584168365,1.83748788,0.584168365,1.83748788,new batch already sealed and revealed; post-completion analysis only
PABP,T-DCG-96,21,2,288,1.83748788,1.404070827,0.8137836548541667,0.0,1.83748788,-0.4334170530000001,1.83748788,new batch already sealed and revealed; post-completion analysis only
PABP,T-DCG-96,21,3,384,1.83748788,1.736482904,1.0347959754375,0.0,1.83748788,-0.10100497600000002,1.83748788,new batch already sealed and revealed; post-completion analysis only
PABP,T-DCG-96,21,4,480,1.83748788,2.868778599,1.0735078275208334,1.031290719,2.868778599,1.031290719,2.868778599,new batch already sealed and revealed; post-completion analysis only
PABP,T-DCG-192,21,1,192,1.253319515,1.83748788,0.8628109459791666,0.584168365,1.83748788,0.584168365,1.83748788,new batch already sealed and revealed; post-completion analysis only
PABP,T-DCG-192,21,2,288,1.83748788,1.404070827,0.8192965905729167,0.0,1.83748788,-0.4334170530000001,1.83748788,new batch already sealed and revealed; post-completion analysis only
PABP,T-DCG-192,21,3,384,1.83748788,1.7552123030000002,1.0290414242500001,0.0,1.83748788,-0.08227557699999988,1.83748788,new batch already sealed and revealed; post-completion analysis only
PABP,T-DCG-192,21,4,480,1.83748788,2.868778599,1.0144775439895835,1.031290719,2.868778599,1.031290719,2.868778599,new batch already sealed and revealed; post-completion analysis only
PABP,G-Rank,22,1,192,1.3070774040000002,1.318960408,0.7155558697916667,0.011883003999999753,1.318960408,0.011883003999999753,1.318960408,new batch already sealed and revealed; post-completion analysis only
PABP,G-Rank,22,2,288,1.318960408,2.068643072,0.9537723821979167,0.749682664,2.068643072,0.749682664,2.068643072,new batch already sealed and revealed; post-completion analysis only
PABP,G-Rank,22,3,384,2.068643072,2.236825435,0.9430421318958332,0.1681823630000001,2.236825435,0.1681823630000001,2.236825435,new batch already sealed and revealed; post-completion analysis only
PABP,G-Rank,22,4,480,2.236825435,2.868778599,0.9501632591875001,0.631953164,2.868778599,0.631953164,2.868778599,new batch already sealed and revealed; post-completion analysis only
PABP,T-Uniform-96,22,1,192,1.3070774040000002,1.318960408,0.7155558697916667,0.011883003999999753,1.318960408,0.011883003999999753,1.318960408,new batch already sealed and revealed; post-completion analysis only
PABP,T-Uniform-96,22,2,288,1.318960408,2.068643072,0.9607748416458334,0.749682664,2.068643072,0.749682664,2.068643072,new batch already sealed and revealed; post-completion analysis only
PABP,T-Uniform-96,22,3,384,2.068643072,2.236825435,0.9456679536979168,0.1681823630000001,2.236825435,0.1681823630000001,2.236825435,new batch already sealed and revealed; post-completion analysis only
PABP,T-Uniform-96,22,4,480,2.236825435,1.603434527,0.9520648173333334,0.0,2.236825435,-0.633390908,2.236825435,new batch already sealed and revealed; post-completion analysis only
PABP,T-DCG-96,22,1,192,1.3070774040000002,1.346177275,0.6947095722604167,0.0390998709999999,1.346177275,0.0390998709999999,1.346177275,new batch already sealed and revealed; post-completion analysis only
PABP,T-DCG-96,22,2,288,1.346177275,1.771550716,0.9902170235208333,0.42537344099999985,1.771550716,0.42537344099999985,1.771550716,new batch already sealed and revealed; post-completion analysis only
PABP,T-DCG-96,22,3,384,1.771550716,2.068643072,0.9851426085729168,0.29709235600000006,2.068643072,0.29709235600000006,2.068643072,new batch already sealed and revealed; post-completion analysis only
PABP,T-DCG-96,22,4,480,2.068643072,2.868778599,1.0479659053125001,0.8001355270000001,2.868778599,0.8001355270000001,2.868778599,new batch already sealed and revealed; post-completion analysis only
PABP,T-DCG-192,22,1,192,1.3070774040000002,1.346177275,0.6947095722604167,0.0390998709999999,1.346177275,0.0390998709999999,1.346177275,new batch already sealed and revealed; post-completion analysis only
PABP,T-DCG-192,22,2,288,1.346177275,1.771550716,0.9913981033229167,0.42537344099999985,1.771550716,0.42537344099999985,1.771550716,new batch already sealed and revealed; post-completion analysis only
PABP,T-DCG-192,22,3,384,1.771550716,1.489763529,1.00091011740625,0.0,1.771550716,-0.28178718699999994,1.771550716,new batch already sealed and revealed; post-completion analysis only
PABP,T-DCG-192,22,4,480,1.771550716,2.868778599,1.00702583784375,1.0972278830000002,2.868778599,1.0972278830000002,2.868778599,new batch already sealed and revealed; post-completion analysis only
PABP,G-Rank,23,1,192,1.37295852,1.4917367259999998,0.9009215705624999,0.11877820599999978,1.4917367259999998,0.11877820599999978,1.4917367259999998,new batch already sealed and revealed; post-completion analysis only
PABP,G-Rank,23,2,288,1.4917367259999998,1.822900012,1.08241907928125,0.3311632860000002,1.822900012,0.3311632860000002,1.822900012,new batch already sealed and revealed; post-completion analysis only
PABP,G-Rank,23,3,384,1.822900012,1.815219561,0.9405851502083333,0.0,1.822900012,-0.007680451000000144,1.822900012,new batch already sealed and revealed; post-completion analysis only
PABP,G-Rank,23,4,480,1.822900012,1.662220923,1.0182360691979166,0.0,1.822900012,-0.16067908900000005,1.822900012,new batch already sealed and revealed; post-completion analysis only
PABP,T-Uniform-96,23,1,192,1.37295852,1.4917367259999998,0.9009215705624999,0.11877820599999978,1.4917367259999998,0.11877820599999978,1.4917367259999998,new batch already sealed and revealed; post-completion analysis only
PABP,T-Uniform-96,23,2,288,1.4917367259999998,1.822900012,1.0866528852708335,0.3311632860000002,1.822900012,0.3311632860000002,1.822900012,new batch already sealed and revealed; post-completion analysis only
PABP,T-Uniform-96,23,3,384,1.822900012,1.815219561,0.9659374313020833,0.0,1.822900012,-0.007680451000000144,1.822900012,new batch already sealed and revealed; post-completion analysis only
PABP,T-Uniform-96,23,4,480,1.822900012,1.412731854,0.9700113214479167,0.0,1.822900012,-0.41016815800000006,1.822900012,new batch already sealed and revealed; post-completion analysis only
PABP,T-DCG-96,23,1,192,1.37295852,1.4917367259999998,0.9009215705625001,0.11877820599999978,1.4917367259999998,0.11877820599999978,1.4917367259999998,new batch already sealed and revealed; post-completion analysis only
PABP,T-DCG-96,23,2,288,1.4917367259999998,1.822900012,1.0901974915,0.3311632860000002,1.822900012,0.3311632860000002,1.822900012,new batch already sealed and revealed; post-completion analysis only
PABP,T-DCG-96,23,3,384,1.822900012,1.815219561,0.9623325725104165,0.0,1.822900012,-0.007680451000000144,1.822900012,new batch already sealed and revealed; post-completion analysis only
PABP,T-DCG-96,23,4,480,1.822900012,1.662220923,1.0368029610520832,0.0,1.822900012,-0.16067908900000005,1.822900012,new batch already sealed and revealed; post-completion analysis only
PABP,T-DCG-192,23,1,192,1.37295852,1.4917367259999998,0.9009215705625001,0.11877820599999978,1.4917367259999998,0.11877820599999978,1.4917367259999998,new batch already sealed and revealed; post-completion analysis only
PABP,T-DCG-192,23,2,288,1.4917367259999998,1.822900012,1.0833832934895833,0.3311632860000002,1.822900012,0.3311632860000002,1.822900012,new batch already sealed and revealed; post-completion analysis only
PABP,T-DCG-192,23,3,384,1.822900012,1.815219561,0.9367773811354168,0.0,1.822900012,-0.007680451000000144,1.822900012,new batch already sealed and revealed; post-completion analysis only
PABP,T-DCG-192,23,4,480,1.822900012,1.662220923,1.0332978084270834,0.0,1.822900012,-0.16067908900000005,1.822900012,new batch already sealed and revealed; post-completion analysis only
TrpB,G-Rank,0,1,192,0.798137603,0.800478399,0.33733576049999997,0.002340795999999923,0.800478399,0.002340795999999923,0.800478399,new batch already sealed and revealed; post-completion analysis only
TrpB,G-Rank,0,2,288,0.800478399,0.895147379,0.40788900878125006,0.09466898000000001,0.895147379,0.09466898000000001,0.895147379,new batch already sealed and revealed; post-completion analysis only
TrpB,G-Rank,0,3,384,0.895147379,0.922559227,0.4632089686875,0.027411848000000072,0.922559227,0.027411848000000072,0.922559227,new batch already sealed and revealed; post-completion analysis only
TrpB,G-Rank,0,4,480,0.922559227,0.932033526,0.4502818888125,0.009474298999999964,0.932033526,0.009474298999999964,0.932033526,new batch already sealed and revealed; post-completion analysis only
TrpB,T-Uniform-96,0,1,192,0.798137603,0.800478399,0.33733576049999997,0.002340795999999923,0.800478399,0.002340795999999923,0.800478399,new batch already sealed and revealed; post-completion analysis only
TrpB,T-Uniform-96,0,2,288,0.800478399,0.895147379,0.42031792692708336,0.09466898000000001,0.895147379,0.09466898000000001,0.895147379,new batch already sealed and revealed; post-completion analysis only
TrpB,T-Uniform-96,0,3,384,0.895147379,0.845869121,0.4621412190208334,0.0,0.895147379,-0.049278257999999964,0.895147379,new batch already sealed and revealed; post-completion analysis only
TrpB,T-Uniform-96,0,4,480,0.895147379,0.922559227,0.3817091291145833,0.027411848000000072,0.922559227,0.027411848000000072,0.922559227,new batch already sealed and revealed; post-completion analysis only
TrpB,T-DCG-96,0,1,192,0.798137603,0.800478399,0.3379166003958333,0.002340795999999923,0.800478399,0.002340795999999923,0.800478399,new batch already sealed and revealed; post-completion analysis only
TrpB,T-DCG-96,0,2,288,0.800478399,0.895147379,0.40159673509375,0.09466898000000001,0.895147379,0.09466898000000001,0.895147379,new batch already sealed and revealed; post-completion analysis only
TrpB,T-DCG-96,0,3,384,0.895147379,0.922559227,0.44521051671875006,0.027411848000000072,0.922559227,0.027411848000000072,0.922559227,new batch already sealed and revealed; post-completion analysis only
TrpB,T-DCG-96,0,4,480,0.922559227,0.845869121,0.43473505802083334,0.0,0.922559227,-0.07669010600000004,0.922559227,new batch already sealed and revealed; post-completion analysis only
TrpB,T-DCG-192,0,1,192,0.798137603,0.800478399,0.3379166003958333,0.002340795999999923,0.800478399,0.002340795999999923,0.800478399,new batch already sealed and revealed; post-completion analysis only
TrpB,T-DCG-192,0,2,288,0.800478399,0.895147379,0.40743394175,0.09466898000000001,0.895147379,0.09466898000000001,0.895147379,new batch already sealed and revealed; post-completion analysis only
TrpB,T-DCG-192,0,3,384,0.895147379,0.922559227,0.4544217406041667,0.027411848000000072,0.922559227,0.027411848000000072,0.922559227,new batch already sealed and revealed; post-completion analysis only
TrpB,T-DCG-192,0,4,480,0.922559227,0.819070975,0.42381438056250004,0.0,0.922559227,-0.103488252,0.922559227,new batch already sealed and revealed; post-completion analysis only
TrpB,G-Rank,1,1,192,0.062158812,0.740206964,0.35435179762499996,0.678048152,0.740206964,0.678048152,0.740206964,new batch already sealed and revealed; post-completion analysis only
TrpB,G-Rank,1,2,288,0.740206964,0.895147379,0.4218843532395833,0.154940415,0.895147379,0.154940415,0.895147379,new batch already sealed and revealed; post-completion analysis only
TrpB,G-Rank,1,3,384,0.895147379,0.922559227,0.44823298294791664,0.027411848000000072,0.922559227,0.027411848000000072,0.922559227,new batch already sealed and revealed; post-completion analysis only
TrpB,G-Rank,1,4,480,0.922559227,0.932033526,0.4292634175000001,0.009474298999999964,0.932033526,0.009474298999999964,0.932033526,new batch already sealed and revealed; post-completion analysis only
TrpB,T-Uniform-96,1,1,192,0.062158812,0.740206964,0.35435179762499996,0.678048152,0.740206964,0.678048152,0.740206964,new batch already sealed and revealed; post-completion analysis only
TrpB,T-Uniform-96,1,2,288,0.740206964,0.895147379,0.41549418365625,0.154940415,0.895147379,0.154940415,0.895147379,new batch already sealed and revealed; post-completion analysis only
TrpB,T-Uniform-96,1,3,384,0.895147379,0.922559227,0.4719395687291666,0.027411848000000072,0.922559227,0.027411848000000072,0.922559227,new batch already sealed and revealed; post-completion analysis only
TrpB,T-Uniform-96,1,4,480,0.922559227,0.88246645,0.4637289564791667,0.0,0.922559227,-0.040092777000000024,0.922559227,new batch already sealed and revealed; post-completion analysis only
TrpB,T-DCG-96,1,1,192,0.062158812,0.740206964,0.3590779561770832,0.678048152,0.740206964,0.678048152,0.740206964,new batch already sealed and revealed; post-completion analysis only
TrpB,T-DCG-96,1,2,288,0.740206964,0.895147379,0.5005760670416667,0.154940415,0.895147379,0.154940415,0.895147379,new batch already sealed and revealed; post-completion analysis only
TrpB,T-DCG-96,1,3,384,0.895147379,0.922559227,0.36273948953124996,0.027411848000000072,0.922559227,0.027411848000000072,0.922559227,new batch already sealed and revealed; post-completion analysis only
TrpB,T-DCG-96,1,4,480,0.922559227,0.932033526,0.4454282455208333,0.009474298999999964,0.932033526,0.009474298999999964,0.932033526,new batch already sealed and revealed; post-completion analysis only
TrpB,T-DCG-192,1,1,192,0.062158812,0.740206964,0.3590779561770832,0.678048152,0.740206964,0.678048152,0.740206964,new batch already sealed and revealed; post-completion analysis only
TrpB,T-DCG-192,1,2,288,0.740206964,0.895147379,0.50114992240625,0.154940415,0.895147379,0.154940415,0.895147379,new batch already sealed and revealed; post-completion analysis only
TrpB,T-DCG-192,1,3,384,0.895147379,0.922559227,0.3688762546354167,0.027411848000000072,0.922559227,0.027411848000000072,0.922559227,new batch already sealed and revealed; post-completion analysis only
TrpB,T-DCG-192,1,4,480,0.922559227,0.80798726,0.4655133336458333,0.0,0.922559227,-0.11457196700000005,0.922559227,new batch already sealed and revealed; post-completion analysis only
TrpB,G-Rank,2,1,192,0.332162068,0.631451427,0.22355372341666666,0.29928935900000003,0.631451427,0.29928935900000003,0.631451427,new batch already sealed and revealed; post-completion analysis only
TrpB,G-Rank,2,2,288,0.631451427,0.909769373,0.40258253580208336,0.27831794600000004,0.909769373,0.27831794600000004,0.909769373,new batch already sealed and revealed; post-completion analysis only
TrpB,G-Rank,2,3,384,0.909769373,0.895147379,0.5255644839166667,0.0,0.909769373,-0.014621994000000083,0.909769373,new batch already sealed and revealed; post-completion analysis only
TrpB,G-Rank,2,4,480,0.909769373,0.88246645,0.46237625272916666,0.0,0.909769373,-0.027302923000000034,0.909769373,new batch already sealed and revealed; post-completion analysis only
TrpB,T-Uniform-96,2,1,192,0.332162068,0.631451427,0.22355372341666666,0.29928935900000003,0.631451427,0.29928935900000003,0.631451427,new batch already sealed and revealed; post-completion analysis only
TrpB,T-Uniform-96,2,2,288,0.631451427,0.909769373,0.38779583946874996,0.27831794600000004,0.909769373,0.27831794600000004,0.909769373,new batch already sealed and revealed; post-completion analysis only
TrpB,T-Uniform-96,2,3,384,0.909769373,0.895147379,0.4912039836979167,0.0,0.909769373,-0.014621994000000083,0.909769373,new batch already sealed and revealed; post-completion analysis only
TrpB,T-Uniform-96,2,4,480,0.909769373,0.922559227,0.4730127900625,0.01278985399999999,0.922559227,0.01278985399999999,0.922559227,new batch already sealed and revealed; post-completion analysis only
TrpB,T-DCG-96,2,1,192,0.332162068,0.631451427,0.22559319628125,0.29928935900000003,0.631451427,0.29928935900000003,0.631451427,new batch already sealed and revealed; post-completion analysis only
TrpB,T-DCG-96,2,2,288,0.631451427,0.801936097,0.3737631425729167,0.17048467,0.801936097,0.17048467,0.801936097,new batch already sealed and revealed; post-completion analysis only
TrpB,T-DCG-96,2,3,384,0.801936097,0.88246645,0.48320381687499997,0.080530353,0.88246645,0.080530353,0.88246645,new batch already sealed and revealed; post-completion analysis only
TrpB,T-DCG-96,2,4,480,0.88246645,0.922559227,0.5097929595833333,0.040092777000000024,0.922559227,0.040092777000000024,0.922559227,new batch already sealed and revealed; post-completion analysis only
TrpB,T-DCG-192,2,1,192,0.332162068,0.631451427,0.22559319628125,0.29928935900000003,0.631451427,0.29928935900000003,0.631451427,new batch already sealed and revealed; post-completion analysis only
TrpB,T-DCG-192,2,2,288,0.631451427,0.801936097,0.3908493127604166,0.17048467,0.801936097,0.17048467,0.801936097,new batch already sealed and revealed; post-completion analysis only
TrpB,T-DCG-192,2,3,384,0.801936097,0.909769373,0.5048663136979167,0.10783327600000003,0.909769373,0.10783327600000003,0.909769373,new batch already sealed and revealed; post-completion analysis only
TrpB,T-DCG-192,2,4,480,0.909769373,0.922559227,0.5234267185625,0.01278985399999999,0.922559227,0.01278985399999999,0.922559227,new batch already sealed and revealed; post-completion analysis only
TrpB,G-Rank,3,1,192,0.487600192,0.688532469,0.3897744061770833,0.200932277,0.688532469,0.200932277,0.688532469,new batch already sealed and revealed; post-completion analysis only
TrpB,G-Rank,3,2,288,0.688532469,0.752894791,0.4035755887604167,0.06436232200000003,0.752894791,0.06436232200000003,0.752894791,new batch already sealed and revealed; post-completion analysis only
TrpB,G-Rank,3,3,384,0.752894791,0.794515883,0.4692605048333333,0.04162109199999997,0.794515883,0.04162109199999997,0.794515883,new batch already sealed and revealed; post-completion analysis only
TrpB,G-Rank,3,4,480,0.794515883,0.800478399,0.3911548930833333,0.005962515999999973,0.800478399,0.005962515999999973,0.800478399,new batch already sealed and revealed; post-completion analysis only
TrpB,T-Uniform-96,3,1,192,0.487600192,0.688532469,0.3897744061770833,0.200932277,0.688532469,0.200932277,0.688532469,new batch already sealed and revealed; post-completion analysis only
TrpB,T-Uniform-96,3,2,288,0.688532469,0.800478399,0.43125869257291666,0.11194592999999997,0.800478399,0.11194592999999997,0.800478399,new batch already sealed and revealed; post-completion analysis only
TrpB,T-Uniform-96,3,3,384,0.800478399,0.845869121,0.4298859371770833,0.04539072200000005,0.845869121,0.04539072200000005,0.845869121,new batch already sealed and revealed; post-completion analysis only
TrpB,T-Uniform-96,3,4,480,0.845869121,0.726449473,0.4397517111875,0.0,0.845869121,-0.11941964800000004,0.845869121,new batch already sealed and revealed; post-completion analysis only
TrpB,T-DCG-96,3,1,192,0.487600192,0.688532469,0.3897744061770833,0.200932277,0.688532469,0.200932277,0.688532469,new batch already sealed and revealed; post-completion analysis only
TrpB,T-DCG-96,3,2,288,0.688532469,0.800478399,0.4277677098541666,0.11194592999999997,0.800478399,0.11194592999999997,0.800478399,new batch already sealed and revealed; post-completion analysis only
TrpB,T-DCG-96,3,3,384,0.800478399,0.832570233,0.45143674911458337,0.03209183400000004,0.832570233,0.03209183400000004,0.832570233,new batch already sealed and revealed; post-completion analysis only
TrpB,T-DCG-96,3,4,480,0.832570233,0.790325346,0.43528866878125,0.0,0.832570233,-0.04224488699999995,0.832570233,new batch already sealed and revealed; post-completion analysis only
TrpB,T-DCG-192,3,1,192,0.487600192,0.688532469,0.3897744061770833,0.200932277,0.688532469,0.200932277,0.688532469,new batch already sealed and revealed; post-completion analysis only
TrpB,T-DCG-192,3,2,288,0.688532469,0.800478399,0.41068091790625005,0.11194592999999997,0.800478399,0.11194592999999997,0.800478399,new batch already sealed and revealed; post-completion analysis only
TrpB,T-DCG-192,3,3,384,0.800478399,0.832570233,0.5112979046354167,0.03209183400000004,0.832570233,0.03209183400000004,0.832570233,new batch already sealed and revealed; post-completion analysis only
TrpB,T-DCG-192,3,4,480,0.832570233,0.798137603,0.39714766302083343,0.0,0.832570233,-0.034432629999999964,0.832570233,new batch already sealed and revealed; post-completion analysis only
TrpB,G-Rank,4,1,192,0.453085474,0.732172556,0.28715869246875,0.279087082,0.732172556,0.279087082,0.732172556,new batch already sealed and revealed; post-completion analysis only
TrpB,G-Rank,4,2,288,0.732172556,0.761709608,0.4199060918229167,0.029537052000000008,0.761709608,0.029537052000000008,0.761709608,new batch already sealed and revealed; post-completion analysis only
TrpB,G-Rank,4,3,384,0.761709608,0.688532469,0.29936516313541667,0.0,0.761709608,-0.073177139,0.761709608,new batch already sealed and revealed; post-completion analysis only
TrpB,G-Rank,4,4,480,0.761709608,0.895147379,0.48766294544791666,0.13343777099999998,0.895147379,0.13343777099999998,0.895147379,new batch already sealed and revealed; post-completion analysis only
TrpB,T-Uniform-96,4,1,192,0.453085474,0.732172556,0.28715869246875,0.279087082,0.732172556,0.279087082,0.732172556,new batch already sealed and revealed; post-completion analysis only
TrpB,T-Uniform-96,4,2,288,0.732172556,0.761709608,0.42242904421875,0.029537052000000008,0.761709608,0.029537052000000008,0.761709608,new batch already sealed and revealed; post-completion analysis only
TrpB,T-Uniform-96,4,3,384,0.761709608,0.832570233,0.27376592387500004,0.07086062500000001,0.832570233,0.07086062500000001,0.832570233,new batch already sealed and revealed; post-completion analysis only
TrpB,T-Uniform-96,4,4,480,0.832570233,0.895147379,0.46547330578125007,0.06257714599999997,0.895147379,0.06257714599999997,0.895147379,new batch already sealed and revealed; post-completion analysis only
TrpB,T-DCG-96,4,1,192,0.453085474,0.732172556,0.28512690107291666,0.279087082,0.732172556,0.279087082,0.732172556,new batch already sealed and revealed; post-completion analysis only
TrpB,T-DCG-96,4,2,288,0.732172556,0.800478399,0.4187828806145834,0.06830584299999998,0.800478399,0.06830584299999998,0.800478399,new batch already sealed and revealed; post-completion analysis only
TrpB,T-DCG-96,4,3,384,0.800478399,0.832570233,0.4692850043020833,0.03209183400000004,0.832570233,0.03209183400000004,0.832570233,new batch already sealed and revealed; post-completion analysis only
TrpB,T-DCG-96,4,4,480,0.832570233,0.895147379,0.39777252497916665,0.06257714599999997,0.895147379,0.06257714599999997,0.895147379,new batch already sealed and revealed; post-completion analysis only
TrpB,T-DCG-192,4,1,192,0.453085474,0.732172556,0.28512690107291666,0.279087082,0.732172556,0.279087082,0.732172556,new batch already sealed and revealed; post-completion analysis only
TrpB,T-DCG-192,4,2,288,0.732172556,0.800478399,0.42237783616666674,0.06830584299999998,0.800478399,0.06830584299999998,0.800478399,new batch already sealed and revealed; post-completion analysis only
TrpB,T-DCG-192,4,3,384,0.800478399,0.832570233,0.43362058666666664,0.03209183400000004,0.832570233,0.03209183400000004,0.832570233,new batch already sealed and revealed; post-completion analysis only
TrpB,T-DCG-192,4,4,480,0.832570233,0.895147379,0.4937168973229166,0.06257714599999997,0.895147379,0.06257714599999997,0.895147379,new batch already sealed and revealed; post-completion analysis only
TrpB,G-Rank,5,1,192,0.620392949,0.895147379,0.3536241995104166,0.27475443,0.895147379,0.27475443,0.895147379,new batch already sealed and revealed; post-completion analysis only
TrpB,G-Rank,5,2,288,0.895147379,0.845869121,0.42093912197916666,0.0,0.895147379,-0.049278257999999964,0.895147379,new batch already sealed and revealed; post-completion analysis only
TrpB,G-Rank,5,3,384,0.895147379,0.922559227,0.48939640530208334,0.027411848000000072,0.922559227,0.027411848000000072,0.922559227,new batch already sealed and revealed; post-completion analysis only
TrpB,G-Rank,5,4,480,0.922559227,0.719569339,0.42623943108333334,0.0,0.922559227,-0.20298988800000006,0.922559227,new batch already sealed and revealed; post-completion analysis only
TrpB,T-Uniform-96,5,1,192,0.620392949,0.895147379,0.3536241995104166,0.27475443,0.895147379,0.27475443,0.895147379,new batch already sealed and revealed; post-completion analysis only
TrpB,T-Uniform-96,5,2,288,0.895147379,0.845869121,0.41104611730208335,0.0,0.895147379,-0.049278257999999964,0.895147379,new batch already sealed and revealed; post-completion analysis only
TrpB,T-Uniform-96,5,3,384,0.895147379,0.922559227,0.42724603196875005,0.027411848000000072,0.922559227,0.027411848000000072,0.922559227,new batch already sealed and revealed; post-completion analysis only
TrpB,T-Uniform-96,5,4,480,0.922559227,0.932033526,0.43664513515625,0.009474298999999964,0.932033526,0.009474298999999964,0.932033526,new batch already sealed and revealed; post-completion analysis only
TrpB,T-DCG-96,5,1,192,0.620392949,0.895147379,0.3459586320416667,0.27475443,0.895147379,0.27475443,0.895147379,new batch already sealed and revealed; post-completion analysis only
TrpB,T-DCG-96,5,2,288,0.895147379,0.922559227,0.4585581109895833,0.027411848000000072,0.922559227,0.027411848000000072,0.922559227,new batch already sealed and revealed; post-completion analysis only
TrpB,T-DCG-96,5,3,384,0.922559227,0.932033526,0.45316554936458336,0.009474298999999964,0.932033526,0.009474298999999964,0.932033526,new batch already sealed and revealed; post-completion analysis only
TrpB,T-DCG-96,5,4,480,0.932033526,0.916559381,0.3764490082083333,0.0,0.932033526,-0.015474144999999995,0.932033526,new batch already sealed and revealed; post-completion analysis only
TrpB,T-DCG-192,5,1,192,0.620392949,0.895147379,0.3459586320416667,0.27475443,0.895147379,0.27475443,0.895147379,new batch already sealed and revealed; post-completion analysis only
TrpB,T-DCG-192,5,2,288,0.895147379,0.922559227,0.4706091887083333,0.027411848000000072,0.922559227,0.027411848000000072,0.922559227,new batch already sealed and revealed; post-completion analysis only
TrpB,T-DCG-192,5,3,384,0.922559227,0.845869121,0.43513394461458327,0.0,0.922559227,-0.07669010600000004,0.922559227,new batch already sealed and revealed; post-completion analysis only
TrpB,T-DCG-192,5,4,480,0.922559227,0.932033526,0.44604919883333327,0.009474298999999964,0.932033526,0.009474298999999964,0.932033526,new batch already sealed and revealed; post-completion analysis only
TrpB,G-Rank,6,1,192,0.16152114,0.673526097,0.2990538151354167,0.512004957,0.673526097,0.512004957,0.673526097,new batch already sealed and revealed; post-completion analysis only
TrpB,G-Rank,6,2,288,0.673526097,0.932033526,0.4349430043229167,0.258507429,0.932033526,0.258507429,0.932033526,new batch already sealed and revealed; post-completion analysis only
TrpB,G-Rank,6,3,384,0.932033526,0.845869121,0.39989287757291664,0.0,0.932033526,-0.086164405,0.932033526,new batch already sealed and revealed; post-completion analysis only
TrpB,G-Rank,6,4,480,0.932033526,0.88246645,0.50177018378125,0.0,0.932033526,-0.04956707599999999,0.932033526,new batch already sealed and revealed; post-completion analysis only
TrpB,T-Uniform-96,6,1,192,0.16152114,0.673526097,0.2990538151354167,0.512004957,0.673526097,0.512004957,0.673526097,new batch already sealed and revealed; post-completion analysis only
TrpB,T-Uniform-96,6,2,288,0.673526097,0.932033526,0.43045745035416666,0.258507429,0.932033526,0.258507429,0.932033526,new batch already sealed and revealed; post-completion analysis only
TrpB,T-Uniform-96,6,3,384,0.932033526,0.845869121,0.3906023087604167,0.0,0.932033526,-0.086164405,0.932033526,new batch already sealed and revealed; post-completion analysis only
TrpB,T-Uniform-96,6,4,480,0.932033526,0.832570233,0.5367803535000001,0.0,0.932033526,-0.09946329300000001,0.932033526,new batch already sealed and revealed; post-completion analysis only
TrpB,T-DCG-96,6,1,192,0.16152114,0.6541842,0.2982625755104167,0.49266306,0.6541842,0.49266306,0.6541842,new batch already sealed and revealed; post-completion analysis only
TrpB,T-DCG-96,6,2,288,0.6541842,0.932033526,0.407419679625,0.277849326,0.932033526,0.277849326,0.932033526,new batch already sealed and revealed; post-completion analysis only
TrpB,T-DCG-96,6,3,384,0.932033526,0.922559227,0.4810465086979166,0.0,0.932033526,-0.009474298999999964,0.932033526,new batch already sealed and revealed; post-completion analysis only
TrpB,T-DCG-96,6,4,480,0.932033526,1.0,0.47656082060416666,0.067966474,1.0,0.067966474,1.0,new batch already sealed and revealed; post-completion analysis only
TrpB,T-DCG-192,6,1,192,0.16152114,0.6541842,0.2982625755104167,0.49266306,0.6541842,0.49266306,0.6541842,new batch already sealed and revealed; post-completion analysis only
TrpB,T-DCG-192,6,2,288,0.6541842,0.932033526,0.4124874517708334,0.277849326,0.932033526,0.277849326,0.932033526,new batch already sealed and revealed; post-completion analysis only
TrpB,T-DCG-192,6,3,384,0.932033526,0.922559227,0.4742273499895833,0.0,0.932033526,-0.009474298999999964,0.932033526,new batch already sealed and revealed; post-completion analysis only
TrpB,T-DCG-192,6,4,480,0.932033526,1.0,0.44650913861458336,0.067966474,1.0,0.067966474,1.0,new batch already sealed and revealed; post-completion analysis only
TrpB,G-Rank,7,1,192,0.104013031,0.610040627,0.26953897147916667,0.5060275959999999,0.610040627,0.5060275959999999,0.610040627,new batch already sealed and revealed; post-completion analysis only
TrpB,G-Rank,7,2,288,0.610040627,0.740206964,0.40024999071875,0.13016633700000002,0.740206964,0.13016633700000002,0.740206964,new batch already sealed and revealed; post-completion analysis only
TrpB,G-Rank,7,3,384,0.740206964,0.895147379,0.41042706017708336,0.154940415,0.895147379,0.154940415,0.895147379,new batch already sealed and revealed; post-completion analysis only
TrpB,G-Rank,7,4,480,0.895147379,0.922559227,0.34182246394791677,0.027411848000000072,0.922559227,0.027411848000000072,0.922559227,new batch already sealed and revealed; post-completion analysis only
TrpB,T-Uniform-96,7,1,192,0.104013031,0.610040627,0.26953897147916667,0.5060275959999999,0.610040627,0.5060275959999999,0.610040627,new batch already sealed and revealed; post-completion analysis only
TrpB,T-Uniform-96,7,2,288,0.610040627,0.740206964,0.40024999071875,0.13016633700000002,0.740206964,0.13016633700000002,0.740206964,new batch already sealed and revealed; post-completion analysis only
TrpB,T-Uniform-96,7,3,384,0.740206964,0.895147379,0.38780506784374996,0.154940415,0.895147379,0.154940415,0.895147379,new batch already sealed and revealed; post-completion analysis only
TrpB,T-Uniform-96,7,4,480,0.895147379,0.922559227,0.31200205073958337,0.027411848000000072,0.922559227,0.027411848000000072,0.922559227,new batch already sealed and revealed; post-completion analysis only
TrpB,T-DCG-96,7,1,192,0.104013031,0.610040627,0.2667818880104167,0.5060275959999999,0.610040627,0.5060275959999999,0.610040627,new batch already sealed and revealed; post-completion analysis only
TrpB,T-DCG-96,7,2,288,0.610040627,0.715912054,0.4137822951666667,0.10587142700000007,0.715912054,0.10587142700000007,0.715912054,new batch already sealed and revealed; post-completion analysis only
TrpB,T-DCG-96,7,3,384,0.715912054,0.895147379,0.4588110893125,0.17923532499999995,0.895147379,0.17923532499999995,0.895147379,new batch already sealed and revealed; post-completion analysis only
TrpB,T-DCG-96,7,4,480,0.895147379,0.922559227,0.30805098127083336,0.027411848000000072,0.922559227,0.027411848000000072,0.922559227,new batch already sealed and revealed; post-completion analysis only
TrpB,T-DCG-192,7,1,192,0.104013031,0.610040627,0.2667818880104167,0.5060275959999999,0.610040627,0.5060275959999999,0.610040627,new batch already sealed and revealed; post-completion analysis only
TrpB,T-DCG-192,7,2,288,0.610040627,0.715912054,0.41525332448958335,0.10587142700000007,0.715912054,0.10587142700000007,0.715912054,new batch already sealed and revealed; post-completion analysis only
TrpB,T-DCG-192,7,3,384,0.715912054,0.895147379,0.45933235240625,0.17923532499999995,0.895147379,0.17923532499999995,0.895147379,new batch already sealed and revealed; post-completion analysis only
TrpB,T-DCG-192,7,4,480,0.895147379,0.922559227,0.4259548498541666,0.027411848000000072,0.922559227,0.027411848000000072,0.922559227,new batch already sealed and revealed; post-completion analysis only
TrpB,G-Rank,8,1,192,0.314968618,0.432909877,0.10559854334375,0.11794125900000002,0.432909877,0.11794125900000002,0.432909877,new batch already sealed and revealed; post-completion analysis only
TrpB,G-Rank,8,2,288,0.432909877,0.735562591,0.3771072059895833,0.302652714,0.735562591,0.302652714,0.735562591,new batch already sealed and revealed; post-completion analysis only
TrpB,G-Rank,8,3,384,0.735562591,0.800478399,0.449235857875,0.06491580799999996,0.800478399,0.06491580799999996,0.800478399,new batch already sealed and revealed; post-completion analysis only
TrpB,G-Rank,8,4,480,0.800478399,0.761650485,0.45920808614583336,0.0,0.800478399,-0.03882791399999996,0.800478399,new batch already sealed and revealed; post-completion analysis only
TrpB,T-Uniform-96,8,1,192,0.314968618,0.432909877,0.10559854334375,0.11794125900000002,0.432909877,0.11794125900000002,0.432909877,new batch already sealed and revealed; post-completion analysis only
TrpB,T-Uniform-96,8,2,288,0.432909877,0.735562591,0.37232265069791665,0.302652714,0.735562591,0.302652714,0.735562591,new batch already sealed and revealed; post-completion analysis only
TrpB,T-Uniform-96,8,3,384,0.735562591,0.800478399,0.44990463553125,0.06491580799999996,0.800478399,0.06491580799999996,0.800478399,new batch already sealed and revealed; post-completion analysis only
TrpB,T-Uniform-96,8,4,480,0.800478399,0.756122223,0.46168367095833335,0.0,0.800478399,-0.04435617599999997,0.800478399,new batch already sealed and revealed; post-completion analysis only
TrpB,T-DCG-96,8,1,192,0.314968618,0.432909877,0.10795289734374998,0.11794125900000002,0.432909877,0.11794125900000002,0.432909877,new batch already sealed and revealed; post-completion analysis only
TrpB,T-DCG-96,8,2,288,0.432909877,0.711604508,0.3556153831875,0.27869463099999997,0.711604508,0.27869463099999997,0.711604508,new batch already sealed and revealed; post-completion analysis only
TrpB,T-DCG-96,8,3,384,0.711604508,0.932033526,0.4996718569375,0.22042901800000003,0.932033526,0.22042901800000003,0.932033526,new batch already sealed and revealed; post-completion analysis only
TrpB,T-DCG-96,8,4,480,0.932033526,0.845869121,0.4174849582083333,0.0,0.932033526,-0.086164405,0.932033526,new batch already sealed and revealed; post-completion analysis only
TrpB,T-DCG-192,8,1,192,0.314968618,0.432909877,0.10795289734374998,0.11794125900000002,0.432909877,0.11794125900000002,0.432909877,new batch already sealed and revealed; post-completion analysis only
TrpB,T-DCG-192,8,2,288,0.432909877,0.711604508,0.34750931523958334,0.27869463099999997,0.711604508,0.27869463099999997,0.711604508,new batch already sealed and revealed; post-completion analysis only
TrpB,T-DCG-192,8,3,384,0.711604508,0.800478399,0.48673973033333334,0.08887389099999998,0.800478399,0.08887389099999998,0.800478399,new batch already sealed and revealed; post-completion analysis only
TrpB,T-DCG-192,8,4,480,0.800478399,0.845869121,0.46857327743749994,0.04539072200000005,0.845869121,0.04539072200000005,0.845869121,new batch already sealed and revealed; post-completion analysis only
TrpB,G-Rank,9,1,192,0.238159744,0.631451427,0.24491786034375,0.393291683,0.631451427,0.393291683,0.631451427,new batch already sealed and revealed; post-completion analysis only
TrpB,G-Rank,9,2,288,0.631451427,0.909769373,0.3871760484479167,0.27831794600000004,0.909769373,0.27831794600000004,0.909769373,new batch already sealed and revealed; post-completion analysis only
TrpB,G-Rank,9,3,384,0.909769373,0.895147379,0.41004140822916674,0.0,0.909769373,-0.014621994000000083,0.909769373,new batch already sealed and revealed; post-completion analysis only
TrpB,G-Rank,9,4,480,0.909769373,0.922559227,0.49222246078125,0.01278985399999999,0.922559227,0.01278985399999999,0.922559227,new batch already sealed and revealed; post-completion analysis only
TrpB,T-Uniform-96,9,1,192,0.238159744,0.631451427,0.24491786034375,0.393291683,0.631451427,0.393291683,0.631451427,new batch already sealed and revealed; post-completion analysis only
TrpB,T-Uniform-96,9,2,288,0.631451427,0.909769373,0.40329543857291666,0.27831794600000004,0.909769373,0.27831794600000004,0.909769373,new batch already sealed and revealed; post-completion analysis only
TrpB,T-Uniform-96,9,3,384,0.909769373,0.922559227,0.40655549151041664,0.01278985399999999,0.922559227,0.01278985399999999,0.922559227,new batch already sealed and revealed; post-completion analysis only
TrpB,T-Uniform-96,9,4,480,0.922559227,0.756122223,0.42116591916666674,0.0,0.922559227,-0.16643700400000006,0.922559227,new batch already sealed and revealed; post-completion analysis only
TrpB,T-DCG-96,9,1,192,0.238159744,0.631451427,0.2462569710104167,0.393291683,0.631451427,0.393291683,0.631451427,new batch already sealed and revealed; post-completion analysis only
TrpB,T-DCG-96,9,2,288,0.631451427,0.909769373,0.4022771985625,0.27831794600000004,0.909769373,0.27831794600000004,0.909769373,new batch already sealed and revealed; post-completion analysis only
TrpB,T-DCG-96,9,3,384,0.909769373,0.922559227,0.4515213346666666,0.01278985399999999,0.922559227,0.01278985399999999,0.922559227,new batch already sealed and revealed; post-completion analysis only
TrpB,T-DCG-96,9,4,480,0.922559227,0.819070975,0.32685363254166666,0.0,0.922559227,-0.103488252,0.922559227,new batch already sealed and revealed; post-completion analysis only
TrpB,T-DCG-192,9,1,192,0.238159744,0.631451427,0.2462569710104167,0.393291683,0.631451427,0.393291683,0.631451427,new batch already sealed and revealed; post-completion analysis only
TrpB,T-DCG-192,9,2,288,0.631451427,0.909769373,0.4102958605833334,0.27831794600000004,0.909769373,0.27831794600000004,0.909769373,new batch already sealed and revealed; post-completion analysis only
TrpB,T-DCG-192,9,3,384,0.909769373,0.922559227,0.4317014359270834,0.01278985399999999,0.922559227,0.01278985399999999,0.922559227,new batch already sealed and revealed; post-completion analysis only
TrpB,T-DCG-192,9,4,480,0.922559227,0.932033526,0.43359514554166667,0.009474298999999964,0.932033526,0.009474298999999964,0.932033526,new batch already sealed and revealed; post-completion analysis only
TrpB,G-Rank,10,1,192,0.480931118,0.620392949,0.27645128025000004,0.13946183099999998,0.620392949,0.13946183099999998,0.620392949,new batch already sealed and revealed; post-completion analysis only
TrpB,G-Rank,10,2,288,0.620392949,0.800478399,0.4383683315208334,0.18008544999999998,0.800478399,0.18008544999999998,0.800478399,new batch already sealed and revealed; post-completion analysis only
TrpB,G-Rank,10,3,384,0.800478399,0.895147379,0.4425298580833333,0.09466898000000001,0.895147379,0.09466898000000001,0.895147379,new batch already sealed and revealed; post-completion analysis only
TrpB,G-Rank,10,4,480,0.895147379,0.88246645,0.4129787674895833,0.0,0.895147379,-0.012680928999999952,0.895147379,new batch already sealed and revealed; post-completion analysis only
TrpB,T-Uniform-96,10,1,192,0.480931118,0.620392949,0.27645128025000004,0.13946183099999998,0.620392949,0.13946183099999998,0.620392949,new batch already sealed and revealed; post-completion analysis only
TrpB,T-Uniform-96,10,2,288,0.620392949,0.800478399,0.4473048722395833,0.18008544999999998,0.800478399,0.18008544999999998,0.800478399,new batch already sealed and revealed; post-completion analysis only
TrpB,T-Uniform-96,10,3,384,0.800478399,0.806522842,0.4085940570729167,0.006044443000000066,0.806522842,0.006044443000000066,0.806522842,new batch already sealed and revealed; post-completion analysis only
TrpB,T-Uniform-96,10,4,480,0.806522842,0.922559227,0.47132621455208334,0.11603638500000002,0.922559227,0.11603638500000002,0.922559227,new batch already sealed and revealed; post-completion analysis only
TrpB,T-DCG-96,10,1,192,0.480931118,0.620392949,0.2700317072395833,0.13946183099999998,0.620392949,0.13946183099999998,0.620392949,new batch already sealed and revealed; post-completion analysis only
TrpB,T-DCG-96,10,2,288,0.620392949,0.800478399,0.4557039669270833,0.18008544999999998,0.800478399,0.18008544999999998,0.800478399,new batch already sealed and revealed; post-completion analysis only
TrpB,T-DCG-96,10,3,384,0.800478399,0.895147379,0.34143993715625,0.09466898000000001,0.895147379,0.09466898000000001,0.895147379,new batch already sealed and revealed; post-completion analysis only
TrpB,T-DCG-96,10,4,480,0.895147379,0.922559227,0.42744710046874995,0.027411848000000072,0.922559227,0.027411848000000072,0.922559227,new batch already sealed and revealed; post-completion analysis only
TrpB,T-DCG-192,10,1,192,0.480931118,0.620392949,0.2700317072395833,0.13946183099999998,0.620392949,0.13946183099999998,0.620392949,new batch already sealed and revealed; post-completion analysis only
TrpB,T-DCG-192,10,2,288,0.620392949,0.800478399,0.44429700633333336,0.18008544999999998,0.800478399,0.18008544999999998,0.800478399,new batch already sealed and revealed; post-completion analysis only
TrpB,T-DCG-192,10,3,384,0.800478399,0.922559227,0.39877326365625,0.12208082800000009,0.922559227,0.12208082800000009,0.922559227,new batch already sealed and revealed; post-completion analysis only
TrpB,T-DCG-192,10,4,480,0.922559227,0.845869121,0.3974197191458333,0.0,0.922559227,-0.07669010600000004,0.922559227,new batch already sealed and revealed; post-completion analysis only
TrpB,G-Rank,11,1,192,0.449137449,0.714255346,0.34387548139583335,0.26511789699999994,0.714255346,0.26511789699999994,0.714255346,new batch already sealed and revealed; post-completion analysis only
TrpB,G-Rank,11,2,288,0.714255346,0.909769373,0.4913580077291666,0.1955140270000001,0.909769373,0.1955140270000001,0.909769373,new batch already sealed and revealed; post-completion analysis only
TrpB,G-Rank,11,3,384,0.909769373,0.922559227,0.48008836953125006,0.01278985399999999,0.922559227,0.01278985399999999,0.922559227,new batch already sealed and revealed; post-completion analysis only
TrpB,G-Rank,11,4,480,0.922559227,0.932033526,0.502208890875,0.009474298999999964,0.932033526,0.009474298999999964,0.932033526,new batch already sealed and revealed; post-completion analysis only
TrpB,T-Uniform-96,11,1,192,0.449137449,0.714255346,0.34387548139583335,0.26511789699999994,0.714255346,0.26511789699999994,0.714255346,new batch already sealed and revealed; post-completion analysis only
TrpB,T-Uniform-96,11,2,288,0.714255346,0.909769373,0.4913580077291666,0.1955140270000001,0.909769373,0.1955140270000001,0.909769373,new batch already sealed and revealed; post-completion analysis only
TrpB,T-Uniform-96,11,3,384,0.909769373,0.922559227,0.48422547171875,0.01278985399999999,0.922559227,0.01278985399999999,0.922559227,new batch already sealed and revealed; post-completion analysis only
TrpB,T-Uniform-96,11,4,480,0.922559227,0.932033526,0.4782005949791667,0.009474298999999964,0.932033526,0.009474298999999964,0.932033526,new batch already sealed and revealed; post-completion analysis only
TrpB,T-DCG-96,11,1,192,0.449137449,0.714255346,0.3566923076875,0.26511789699999994,0.714255346,0.26511789699999994,0.714255346,new batch already sealed and revealed; post-completion analysis only
TrpB,T-DCG-96,11,2,288,0.714255346,0.832570233,0.45953569676041667,0.11831488700000004,0.832570233,0.11831488700000004,0.832570233,new batch already sealed and revealed; post-completion analysis only
TrpB,T-DCG-96,11,3,384,0.832570233,0.922559227,0.48314347672916663,0.08998899400000004,0.922559227,0.08998899400000004,0.922559227,new batch already sealed and revealed; post-completion analysis only
TrpB,T-DCG-96,11,4,480,0.922559227,0.895147379,0.4673984313020833,0.0,0.922559227,-0.027411848000000072,0.922559227,new batch already sealed and revealed; post-completion analysis only
TrpB,T-DCG-192,11,1,192,0.449137449,0.714255346,0.3566923076875,0.26511789699999994,0.714255346,0.26511789699999994,0.714255346,new batch already sealed and revealed; post-completion analysis only
TrpB,T-DCG-192,11,2,288,0.714255346,0.832570233,0.4613063117708333,0.11831488700000004,0.832570233,0.11831488700000004,0.832570233,new batch already sealed and revealed; post-completion analysis only
TrpB,T-DCG-192,11,3,384,0.832570233,0.895147379,0.4979370991666667,0.06257714599999997,0.895147379,0.06257714599999997,0.895147379,new batch already sealed and revealed; post-completion analysis only
TrpB,T-DCG-192,11,4,480,0.895147379,0.782724725,0.5258473152916666,0.0,0.895147379,-0.11242265399999996,0.895147379,new batch already sealed and revealed; post-completion analysis only
TrpB,G-Rank,12,1,192,0.559460466,0.742180293,0.2075909950520833,0.182719827,0.742180293,0.182719827,0.742180293,new batch already sealed and revealed; post-completion analysis only
TrpB,G-Rank,12,2,288,0.742180293,0.922559227,0.45753925468749995,0.18037893400000005,0.922559227,0.18037893400000005,0.922559227,new batch already sealed and revealed; post-completion analysis only
TrpB,G-Rank,12,3,384,0.922559227,0.932033526,0.4277777539166667,0.009474298999999964,0.932033526,0.009474298999999964,0.932033526,new batch already sealed and revealed; post-completion analysis only
TrpB,G-Rank,12,4,480,0.932033526,0.756122223,0.4227932737083333,0.0,0.932033526,-0.17591130300000002,0.932033526,new batch already sealed and revealed; post-completion analysis only
TrpB,T-Uniform-96,12,1,192,0.559460466,0.742180293,0.2075909950520833,0.182719827,0.742180293,0.182719827,0.742180293,new batch already sealed and revealed; post-completion analysis only
TrpB,T-Uniform-96,12,2,288,0.742180293,0.922559227,0.44587095437499996,0.18037893400000005,0.922559227,0.18037893400000005,0.922559227,new batch already sealed and revealed; post-completion analysis only
TrpB,T-Uniform-96,12,3,384,0.922559227,0.845869121,0.4049026147083334,0.0,0.922559227,-0.07669010600000004,0.922559227,new batch already sealed and revealed; post-completion analysis only
TrpB,T-Uniform-96,12,4,480,0.922559227,0.932033526,0.46312392815625003,0.009474298999999964,0.932033526,0.009474298999999964,0.932033526,new batch already sealed and revealed; post-completion analysis only
TrpB,T-DCG-96,12,1,192,0.559460466,0.742180293,0.19644090516666668,0.182719827,0.742180293,0.182719827,0.742180293,new batch already sealed and revealed; post-completion analysis only
TrpB,T-DCG-96,12,2,288,0.742180293,0.909769373,0.4920070708958333,0.16758908000000006,0.909769373,0.16758908000000006,0.909769373,new batch already sealed and revealed; post-completion analysis only
TrpB,T-DCG-96,12,3,384,0.909769373,0.932033526,0.38239590762500003,0.022264152999999953,0.932033526,0.022264152999999953,0.932033526,new batch already sealed and revealed; post-completion analysis only
TrpB,T-DCG-96,12,4,480,0.932033526,1.0,0.42464444471875,0.067966474,1.0,0.067966474,1.0,new batch already sealed and revealed; post-completion analysis only
TrpB,T-DCG-192,12,1,192,0.559460466,0.742180293,0.19644090516666668,0.182719827,0.742180293,0.182719827,0.742180293,new batch already sealed and revealed; post-completion analysis only
TrpB,T-DCG-192,12,2,288,0.742180293,0.909769373,0.49462386551041665,0.16758908000000006,0.909769373,0.16758908000000006,0.909769373,new batch already sealed and revealed; post-completion analysis only
TrpB,T-DCG-192,12,3,384,0.909769373,0.932033526,0.34831935733333336,0.022264152999999953,0.932033526,0.022264152999999953,0.932033526,new batch already sealed and revealed; post-completion analysis only
TrpB,T-DCG-192,12,4,480,0.932033526,0.916559381,0.4507641052708333,0.0,0.932033526,-0.015474144999999995,0.932033526,new batch already sealed and revealed; post-completion analysis only
TrpB,G-Rank,13,1,192,0.080545064,0.619894431,0.1782961431145833,0.539349367,0.619894431,0.539349367,0.619894431,new batch already sealed and revealed; post-completion analysis only
TrpB,G-Rank,13,2,288,0.619894431,0.732172556,0.3870231961875,0.112278125,0.732172556,0.112278125,0.732172556,new batch already sealed and revealed; post-completion analysis only
TrpB,G-Rank,13,3,384,0.732172556,0.932033526,0.40375000778125,0.19986097000000003,0.932033526,0.19986097000000003,0.932033526,new batch already sealed and revealed; post-completion analysis only
TrpB,G-Rank,13,4,480,0.932033526,0.798137603,0.47864674885416675,0.0,0.932033526,-0.13389592299999997,0.932033526,new batch already sealed and revealed; post-completion analysis only
TrpB,T-Uniform-96,13,1,192,0.080545064,0.619894431,0.1782961431145833,0.539349367,0.619894431,0.539349367,0.619894431,new batch already sealed and revealed; post-completion analysis only
TrpB,T-Uniform-96,13,2,288,0.619894431,0.732172556,0.39301748197916675,0.112278125,0.732172556,0.112278125,0.732172556,new batch already sealed and revealed; post-completion analysis only
TrpB,T-Uniform-96,13,3,384,0.732172556,0.932033526,0.4363255072916666,0.19986097000000003,0.932033526,0.19986097000000003,0.932033526,new batch already sealed and revealed; post-completion analysis only
TrpB,T-Uniform-96,13,4,480,0.932033526,0.922559227,0.51712123284375,0.0,0.932033526,-0.009474298999999964,0.932033526,new batch already sealed and revealed; post-completion analysis only
TrpB,T-DCG-96,13,1,192,0.080545064,0.619894431,0.18196382838541666,0.539349367,0.619894431,0.539349367,0.619894431,new batch already sealed and revealed; post-completion analysis only
TrpB,T-DCG-96,13,2,288,0.619894431,0.732172556,0.39333782065625006,0.112278125,0.732172556,0.112278125,0.732172556,new batch already sealed and revealed; post-completion analysis only
TrpB,T-DCG-96,13,3,384,0.732172556,0.932033526,0.3839124767395834,0.19986097000000003,0.932033526,0.19986097000000003,0.932033526,new batch already sealed and revealed; post-completion analysis only
TrpB,T-DCG-96,13,4,480,0.932033526,1.0,0.5143284616145833,0.067966474,1.0,0.067966474,1.0,new batch already sealed and revealed; post-completion analysis only
TrpB,T-DCG-192,13,1,192,0.080545064,0.619894431,0.18196382838541666,0.539349367,0.619894431,0.539349367,0.619894431,new batch already sealed and revealed; post-completion analysis only
TrpB,T-DCG-192,13,2,288,0.619894431,0.732172556,0.3920016914062499,0.112278125,0.732172556,0.112278125,0.732172556,new batch already sealed and revealed; post-completion analysis only
TrpB,T-DCG-192,13,3,384,0.732172556,0.932033526,0.39510924565625,0.19986097000000003,0.932033526,0.19986097000000003,0.932033526,new batch already sealed and revealed; post-completion analysis only
TrpB,T-DCG-192,13,4,480,0.932033526,0.922559227,0.500726456875,0.0,0.932033526,-0.009474298999999964,0.932033526,new batch already sealed and revealed; post-completion analysis only
TrpB,G-Rank,14,1,192,0.414671216,0.715912054,0.3473937116458334,0.301240838,0.715912054,0.301240838,0.715912054,new batch already sealed and revealed; post-completion analysis only
TrpB,G-Rank,14,2,288,0.715912054,0.84140035,0.47851826730208336,0.125488296,0.84140035,0.125488296,0.84140035,new batch already sealed and revealed; post-completion analysis only
TrpB,G-Rank,14,3,384,0.84140035,0.895147379,0.47469774158333333,0.053747028999999946,0.895147379,0.053747028999999946,0.895147379,new batch already sealed and revealed; post-completion analysis only
TrpB,G-Rank,14,4,480,0.895147379,0.922559227,0.4318851309895833,0.027411848000000072,0.922559227,0.027411848000000072,0.922559227,new batch already sealed and revealed; post-completion analysis only
TrpB,T-Uniform-96,14,1,192,0.414671216,0.715912054,0.3473937116458334,0.301240838,0.715912054,0.301240838,0.715912054,new batch already sealed and revealed; post-completion analysis only
TrpB,T-Uniform-96,14,2,288,0.715912054,0.806522842,0.4792108369583333,0.090610788,0.806522842,0.090610788,0.806522842,new batch already sealed and revealed; post-completion analysis only
TrpB,T-Uniform-96,14,3,384,0.806522842,0.922559227,0.4650799017916667,0.11603638500000002,0.922559227,0.11603638500000002,0.922559227,new batch already sealed and revealed; post-completion analysis only
TrpB,T-Uniform-96,14,4,480,0.922559227,0.719569339,0.4199746071354166,0.0,0.922559227,-0.20298988800000006,0.922559227,new batch already sealed and revealed; post-completion analysis only
TrpB,T-DCG-96,14,1,192,0.414671216,0.711604508,0.3457099027500001,0.29693329199999996,0.711604508,0.29693329199999996,0.711604508,new batch already sealed and revealed; post-completion analysis only
TrpB,T-DCG-96,14,2,288,0.711604508,0.909769373,0.4933577786875,0.19816486500000008,0.909769373,0.19816486500000008,0.909769373,new batch already sealed and revealed; post-completion analysis only
TrpB,T-DCG-96,14,3,384,0.909769373,0.932033526,0.458333100875,0.022264152999999953,0.932033526,0.022264152999999953,0.932033526,new batch already sealed and revealed; post-completion analysis only
TrpB,T-DCG-96,14,4,480,0.932033526,0.761709608,0.329159381625,0.0,0.932033526,-0.17032391800000002,0.932033526,new batch already sealed and revealed; post-completion analysis only
TrpB,T-DCG-192,14,1,192,0.414671216,0.711604508,0.3457099027500001,0.29693329199999996,0.711604508,0.29693329199999996,0.711604508,new batch already sealed and revealed; post-completion analysis only
TrpB,T-DCG-192,14,2,288,0.711604508,0.909769373,0.48754414419791664,0.19816486500000008,0.909769373,0.19816486500000008,0.909769373,new batch already sealed and revealed; post-completion analysis only
TrpB,T-DCG-192,14,3,384,0.909769373,0.932033526,0.4760335582708333,0.022264152999999953,0.932033526,0.022264152999999953,0.932033526,new batch already sealed and revealed; post-completion analysis only
TrpB,T-DCG-192,14,4,480,0.932033526,0.725466102,0.3627282098645834,0.0,0.932033526,-0.20656742400000005,0.932033526,new batch already sealed and revealed; post-completion analysis only
TrpB,G-Rank,15,1,192,0.311333829,0.6541842,0.28105522847916664,0.342850371,0.6541842,0.342850371,0.6541842,new batch already sealed and revealed; post-completion analysis only
TrpB,G-Rank,15,2,288,0.6541842,0.895147379,0.4305017935625,0.24096317899999997,0.895147379,0.24096317899999997,0.895147379,new batch already sealed and revealed; post-completion analysis only
TrpB,G-Rank,15,3,384,0.895147379,0.909769373,0.46288586110416663,0.014621994000000083,0.909769373,0.014621994000000083,0.909769373,new batch already sealed and revealed; post-completion analysis only
TrpB,G-Rank,15,4,480,0.909769373,0.932033526,0.5006761956458333,0.022264152999999953,0.932033526,0.022264152999999953,0.932033526,new batch already sealed and revealed; post-completion analysis only
TrpB,T-Uniform-96,15,1,192,0.311333829,0.6541842,0.28105522847916664,0.342850371,0.6541842,0.342850371,0.6541842,new batch already sealed and revealed; post-completion analysis only
TrpB,T-Uniform-96,15,2,288,0.6541842,0.895147379,0.4323744529791667,0.24096317899999997,0.895147379,0.24096317899999997,0.895147379,new batch already sealed and revealed; post-completion analysis only
TrpB,T-Uniform-96,15,3,384,0.895147379,0.88246645,0.45663827276041663,0.0,0.895147379,-0.012680928999999952,0.895147379,new batch already sealed and revealed; post-completion analysis only
TrpB,T-Uniform-96,15,4,480,0.895147379,0.932033526,0.54831545675,0.036886147000000036,0.932033526,0.036886147000000036,0.932033526,new batch already sealed and revealed; post-completion analysis only
TrpB,T-DCG-96,15,1,192,0.311333829,0.6541842,0.28299383761458335,0.342850371,0.6541842,0.342850371,0.6541842,new batch already sealed and revealed; post-completion analysis only
TrpB,T-DCG-96,15,2,288,0.6541842,0.909769373,0.4243866138541667,0.25558517300000005,0.909769373,0.25558517300000005,0.909769373,new batch already sealed and revealed; post-completion analysis only
TrpB,T-DCG-96,15,3,384,0.909769373,0.88246645,0.44468184121875004,0.0,0.909769373,-0.027302923000000034,0.909769373,new batch already sealed and revealed; post-completion analysis only
TrpB,T-DCG-96,15,4,480,0.909769373,0.922559227,0.4896926359375,0.01278985399999999,0.922559227,0.01278985399999999,0.922559227,new batch already sealed and revealed; post-completion analysis only
TrpB,T-DCG-192,15,1,192,0.311333829,0.6541842,0.28299383761458335,0.342850371,0.6541842,0.342850371,0.6541842,new batch already sealed and revealed; post-completion analysis only
TrpB,T-DCG-192,15,2,288,0.6541842,0.909769373,0.426137116375,0.25558517300000005,0.909769373,0.25558517300000005,0.909769373,new batch already sealed and revealed; post-completion analysis only
TrpB,T-DCG-192,15,3,384,0.909769373,0.88246645,0.4960658848645833,0.0,0.909769373,-0.027302923000000034,0.909769373,new batch already sealed and revealed; post-completion analysis only
TrpB,T-DCG-192,15,4,480,0.909769373,0.922559227,0.47908740874999994,0.01278985399999999,0.922559227,0.01278985399999999,0.922559227,new batch already sealed and revealed; post-completion analysis only
TrpB,G-Rank,16,1,192,0.42932399,0.621589895,0.2946578578333333,0.19226590499999996,0.621589895,0.19226590499999996,0.621589895,new batch already sealed and revealed; post-completion analysis only
TrpB,G-Rank,16,2,288,0.621589895,0.794515883,0.4515039654583333,0.17292598800000003,0.794515883,0.17292598800000003,0.794515883,new batch already sealed and revealed; post-completion analysis only
TrpB,G-Rank,16,3,384,0.794515883,0.922559227,0.5220261535104167,0.12804334400000006,0.922559227,0.12804334400000006,0.922559227,new batch already sealed and revealed; post-completion analysis only
TrpB,G-Rank,16,4,480,0.922559227,0.932033526,0.34368727354166667,0.009474298999999964,0.932033526,0.009474298999999964,0.932033526,new batch already sealed and revealed; post-completion analysis only
TrpB,T-Uniform-96,16,1,192,0.42932399,0.621589895,0.2946578578333333,0.19226590499999996,0.621589895,0.19226590499999996,0.621589895,new batch already sealed and revealed; post-completion analysis only
TrpB,T-Uniform-96,16,2,288,0.621589895,0.794515883,0.4483224106666667,0.17292598800000003,0.794515883,0.17292598800000003,0.794515883,new batch already sealed and revealed; post-completion analysis only
TrpB,T-Uniform-96,16,3,384,0.794515883,0.845869121,0.5062465569166666,0.05135323800000002,0.845869121,0.05135323800000002,0.845869121,new batch already sealed and revealed; post-completion analysis only
TrpB,T-Uniform-96,16,4,480,0.845869121,0.922559227,0.3826060221770833,0.07669010600000004,0.922559227,0.07669010600000004,0.922559227,new batch already sealed and revealed; post-completion analysis only
TrpB,T-DCG-96,16,1,192,0.42932399,0.621589895,0.30120290379166664,0.19226590499999996,0.621589895,0.19226590499999996,0.621589895,new batch already sealed and revealed; post-completion analysis only
TrpB,T-DCG-96,16,2,288,0.621589895,0.800478399,0.46929754349999997,0.178888504,0.800478399,0.178888504,0.800478399,new batch already sealed and revealed; post-completion analysis only
TrpB,T-DCG-96,16,3,384,0.800478399,0.895147379,0.45003910744791664,0.09466898000000001,0.895147379,0.09466898000000001,0.895147379,new batch already sealed and revealed; post-completion analysis only
TrpB,T-DCG-96,16,4,480,0.895147379,0.922559227,0.51751448975,0.027411848000000072,0.922559227,0.027411848000000072,0.922559227,new batch already sealed and revealed; post-completion analysis only
TrpB,T-DCG-192,16,1,192,0.42932399,0.621589895,0.30120290379166664,0.19226590499999996,0.621589895,0.19226590499999996,0.621589895,new batch already sealed and revealed; post-completion analysis only
TrpB,T-DCG-192,16,2,288,0.621589895,0.800478399,0.46963476931250003,0.178888504,0.800478399,0.178888504,0.800478399,new batch already sealed and revealed; post-completion analysis only
TrpB,T-DCG-192,16,3,384,0.800478399,0.922559227,0.4649466860104166,0.12208082800000009,0.922559227,0.12208082800000009,0.922559227,new batch already sealed and revealed; post-completion analysis only
TrpB,T-DCG-192,16,4,480,0.922559227,0.932033526,0.49853823112499995,0.009474298999999964,0.932033526,0.009474298999999964,0.932033526,new batch already sealed and revealed; post-completion analysis only
TrpB,G-Rank,17,1,192,0.295662706,0.895147379,0.38520038175000004,0.599484673,0.895147379,0.599484673,0.895147379,new batch already sealed and revealed; post-completion analysis only
TrpB,G-Rank,17,2,288,0.895147379,0.88246645,0.4321584379166666,0.0,0.895147379,-0.012680928999999952,0.895147379,new batch already sealed and revealed; post-completion analysis only
TrpB,G-Rank,17,3,384,0.895147379,0.922559227,0.3555206627083333,0.027411848000000072,0.922559227,0.027411848000000072,0.922559227,new batch already sealed and revealed; post-completion analysis only
TrpB,G-Rank,17,4,480,0.922559227,0.832570233,0.4093650211666667,0.0,0.922559227,-0.08998899400000004,0.922559227,new batch already sealed and revealed; post-completion analysis only
TrpB,T-Uniform-96,17,1,192,0.295662706,0.895147379,0.38520038175000004,0.599484673,0.895147379,0.599484673,0.895147379,new batch already sealed and revealed; post-completion analysis only
TrpB,T-Uniform-96,17,2,288,0.895147379,0.88246645,0.43669416834375,0.0,0.895147379,-0.012680928999999952,0.895147379,new batch already sealed and revealed; post-completion analysis only
TrpB,T-Uniform-96,17,3,384,0.895147379,0.922559227,0.41604205591666665,0.027411848000000072,0.922559227,0.027411848000000072,0.922559227,new batch already sealed and revealed; post-completion analysis only
TrpB,T-Uniform-96,17,4,480,0.922559227,0.752894791,0.39566442622916664,0.0,0.922559227,-0.16966443600000003,0.922559227,new batch already sealed and revealed; post-completion analysis only
TrpB,T-DCG-96,17,1,192,0.295662706,0.895147379,0.38931751635416667,0.599484673,0.895147379,0.599484673,0.895147379,new batch already sealed and revealed; post-completion analysis only
TrpB,T-DCG-96,17,2,288,0.895147379,0.88246645,0.4324075411770833,0.0,0.895147379,-0.012680928999999952,0.895147379,new batch already sealed and revealed; post-completion analysis only
TrpB,T-DCG-96,17,3,384,0.895147379,0.922559227,0.41670222543749996,0.027411848000000072,0.922559227,0.027411848000000072,0.922559227,new batch already sealed and revealed; post-completion analysis only
TrpB,T-DCG-96,17,4,480,0.922559227,0.806522842,0.4202339197916667,0.0,0.922559227,-0.11603638500000002,0.922559227,new batch already sealed and revealed; post-completion analysis only
TrpB,T-DCG-192,17,1,192,0.295662706,0.895147379,0.38931751635416667,0.599484673,0.895147379,0.599484673,0.895147379,new batch already sealed and revealed; post-completion analysis only
TrpB,T-DCG-192,17,2,288,0.895147379,0.88246645,0.42984020654166666,0.0,0.895147379,-0.012680928999999952,0.895147379,new batch already sealed and revealed; post-completion analysis only
TrpB,T-DCG-192,17,3,384,0.895147379,0.922559227,0.41563981745833334,0.027411848000000072,0.922559227,0.027411848000000072,0.922559227,new batch already sealed and revealed; post-completion analysis only
TrpB,T-DCG-192,17,4,480,0.922559227,0.756122223,0.38169304855208336,0.0,0.922559227,-0.16643700400000006,0.922559227,new batch already sealed and revealed; post-completion analysis only
TrpB,G-Rank,18,1,192,0.491056851,0.72526836,0.2916317448958333,0.23421150899999993,0.72526836,0.23421150899999993,0.72526836,new batch already sealed and revealed; post-completion analysis only
TrpB,G-Rank,18,2,288,0.72526836,0.752894791,0.4552889406770833,0.027626431000000062,0.752894791,0.027626431000000062,0.752894791,new batch already sealed and revealed; post-completion analysis only
TrpB,G-Rank,18,3,384,0.752894791,0.73943435,0.37874512408333333,0.0,0.752894791,-0.01346044099999999,0.752894791,new batch already sealed and revealed; post-completion analysis only
TrpB,G-Rank,18,4,480,0.752894791,0.715912054,0.44963282347916667,0.0,0.752894791,-0.03698273699999999,0.752894791,new batch already sealed and revealed; post-completion analysis only
TrpB,T-Uniform-96,18,1,192,0.491056851,0.72526836,0.2916317448958333,0.23421150899999993,0.72526836,0.23421150899999993,0.72526836,new batch already sealed and revealed; post-completion analysis only
TrpB,T-Uniform-96,18,2,288,0.72526836,0.752894791,0.4520751544895833,0.027626431000000062,0.752894791,0.027626431000000062,0.752894791,new batch already sealed and revealed; post-completion analysis only
TrpB,T-Uniform-96,18,3,384,0.752894791,0.922559227,0.38393717308333325,0.16966443600000003,0.922559227,0.16966443600000003,0.922559227,new batch already sealed and revealed; post-completion analysis only
TrpB,T-Uniform-96,18,4,480,0.922559227,0.794515883,0.44581262201041666,0.0,0.922559227,-0.12804334400000006,0.922559227,new batch already sealed and revealed; post-completion analysis only
TrpB,T-DCG-96,18,1,192,0.491056851,0.72526836,0.2916165164479167,0.23421150899999993,0.72526836,0.23421150899999993,0.72526836,new batch already sealed and revealed; post-completion analysis only
TrpB,T-DCG-96,18,2,288,0.72526836,0.800478399,0.4962846877395833,0.075210039,0.800478399,0.075210039,0.800478399,new batch already sealed and revealed; post-completion analysis only
TrpB,T-DCG-96,18,3,384,0.800478399,0.932033526,0.4690353620416667,0.13155512700000005,0.932033526,0.13155512700000005,0.932033526,new batch already sealed and revealed; post-completion analysis only
TrpB,T-DCG-96,18,4,480,0.932033526,0.909769373,0.42971773640625005,0.0,0.932033526,-0.022264152999999953,0.932033526,new batch already sealed and revealed; post-completion analysis only
TrpB,T-DCG-192,18,1,192,0.491056851,0.72526836,0.2916165164479167,0.23421150899999993,0.72526836,0.23421150899999993,0.72526836,new batch already sealed and revealed; post-completion analysis only
TrpB,T-DCG-192,18,2,288,0.72526836,0.800478399,0.49473913458333335,0.075210039,0.800478399,0.075210039,0.800478399,new batch already sealed and revealed; post-completion analysis only
TrpB,T-DCG-192,18,3,384,0.800478399,0.932033526,0.37793770646874997,0.13155512700000005,0.932033526,0.13155512700000005,0.932033526,new batch already sealed and revealed; post-completion analysis only
TrpB,T-DCG-192,18,4,480,0.932033526,0.895147379,0.49135913455208335,0.0,0.932033526,-0.036886147000000036,0.932033526,new batch already sealed and revealed; post-completion analysis only
TrpB,G-Rank,19,1,192,0.560805815,0.719569339,0.25875743565625003,0.15876352399999993,0.719569339,0.15876352399999993,0.719569339,new batch already sealed and revealed; post-completion analysis only
TrpB,G-Rank,19,2,288,0.719569339,0.800478399,0.49611316048958326,0.08090905999999998,0.800478399,0.08090905999999998,0.800478399,new batch already sealed and revealed; post-completion analysis only
TrpB,G-Rank,19,3,384,0.800478399,0.922559227,0.5113631767604166,0.12208082800000009,0.922559227,0.12208082800000009,0.922559227,new batch already sealed and revealed; post-completion analysis only
TrpB,G-Rank,19,4,480,0.922559227,0.895147379,0.41231672353125,0.0,0.922559227,-0.027411848000000072,0.922559227,new batch already sealed and revealed; post-completion analysis only
TrpB,T-Uniform-96,19,1,192,0.560805815,0.719569339,0.25875743565625003,0.15876352399999993,0.719569339,0.15876352399999993,0.719569339,new batch already sealed and revealed; post-completion analysis only
TrpB,T-Uniform-96,19,2,288,0.719569339,0.800478399,0.48647802652083333,0.08090905999999998,0.800478399,0.08090905999999998,0.800478399,new batch already sealed and revealed; post-completion analysis only
TrpB,T-Uniform-96,19,3,384,0.800478399,0.922559227,0.45023881993750003,0.12208082800000009,0.922559227,0.12208082800000009,0.922559227,new batch already sealed and revealed; post-completion analysis only
TrpB,T-Uniform-96,19,4,480,0.922559227,0.895147379,0.43328145254166667,0.0,0.922559227,-0.027411848000000072,0.922559227,new batch already sealed and revealed; post-completion analysis only
TrpB,T-DCG-96,19,1,192,0.560805815,0.719569339,0.260498866125,0.15876352399999993,0.719569339,0.15876352399999993,0.719569339,new batch already sealed and revealed; post-completion analysis only
TrpB,T-DCG-96,19,2,288,0.719569339,0.800478399,0.5035051783854166,0.08090905999999998,0.800478399,0.08090905999999998,0.800478399,new batch already sealed and revealed; post-completion analysis only
TrpB,T-DCG-96,19,3,384,0.800478399,0.819070975,0.47995599273958334,0.018592576000000083,0.819070975,0.018592576000000083,0.819070975,new batch already sealed and revealed; post-completion analysis only
TrpB,T-DCG-96,19,4,480,0.819070975,0.932033526,0.4742710915833334,0.11296255099999997,0.932033526,0.11296255099999997,0.932033526,new batch already sealed and revealed; post-completion analysis only
TrpB,T-DCG-192,19,1,192,0.560805815,0.719569339,0.260498866125,0.15876352399999993,0.719569339,0.15876352399999993,0.719569339,new batch already sealed and revealed; post-completion analysis only
TrpB,T-DCG-192,19,2,288,0.719569339,0.800478399,0.4994777586770834,0.08090905999999998,0.800478399,0.08090905999999998,0.800478399,new batch already sealed and revealed; post-completion analysis only
TrpB,T-DCG-192,19,3,384,0.800478399,0.922559227,0.48139878421875,0.12208082800000009,0.922559227,0.12208082800000009,0.922559227,new batch already sealed and revealed; post-completion analysis only
TrpB,T-DCG-192,19,4,480,0.922559227,0.932033526,0.48278491267708334,0.009474298999999964,0.932033526,0.009474298999999964,0.932033526,new batch already sealed and revealed; post-completion analysis only
TrpB,G-Rank,20,1,192,0.352359083,0.724265211,0.29602326901041665,0.37190612799999995,0.724265211,0.37190612799999995,0.724265211,new batch already sealed and revealed; post-completion analysis only
TrpB,G-Rank,20,2,288,0.724265211,0.88246645,0.4359298955208333,0.15820123900000005,0.88246645,0.15820123900000005,0.88246645,new batch already sealed and revealed; post-completion analysis only
TrpB,G-Rank,20,3,384,0.88246645,0.922559227,0.48564494659374996,0.040092777000000024,0.922559227,0.040092777000000024,0.922559227,new batch already sealed and revealed; post-completion analysis only
TrpB,G-Rank,20,4,480,0.922559227,0.756122223,0.39115780171875003,0.0,0.922559227,-0.16643700400000006,0.922559227,new batch already sealed and revealed; post-completion analysis only
TrpB,T-Uniform-96,20,1,192,0.352359083,0.724265211,0.29602326901041665,0.37190612799999995,0.724265211,0.37190612799999995,0.724265211,new batch already sealed and revealed; post-completion analysis only
TrpB,T-Uniform-96,20,2,288,0.724265211,0.922559227,0.45956601367708333,0.19829401600000007,0.922559227,0.19829401600000007,0.922559227,new batch already sealed and revealed; post-completion analysis only
TrpB,T-Uniform-96,20,3,384,0.922559227,0.932033526,0.45441103525,0.009474298999999964,0.932033526,0.009474298999999964,0.932033526,new batch already sealed and revealed; post-completion analysis only
TrpB,T-Uniform-96,20,4,480,0.932033526,1.0,0.40895484440625,0.067966474,1.0,0.067966474,1.0,new batch already sealed and revealed; post-completion analysis only
TrpB,T-DCG-96,20,1,192,0.352359083,0.724265211,0.29421511220833335,0.37190612799999995,0.724265211,0.37190612799999995,0.724265211,new batch already sealed and revealed; post-completion analysis only
TrpB,T-DCG-96,20,2,288,0.724265211,0.88246645,0.4514628064270833,0.15820123900000005,0.88246645,0.15820123900000005,0.88246645,new batch already sealed and revealed; post-completion analysis only
TrpB,T-DCG-96,20,3,384,0.88246645,0.922559227,0.5012621455312499,0.040092777000000024,0.922559227,0.040092777000000024,0.922559227,new batch already sealed and revealed; post-completion analysis only
TrpB,T-DCG-96,20,4,480,0.922559227,0.932033526,0.4116952043333333,0.009474298999999964,0.932033526,0.009474298999999964,0.932033526,new batch already sealed and revealed; post-completion analysis only
TrpB,T-DCG-192,20,1,192,0.352359083,0.724265211,0.29421511220833335,0.37190612799999995,0.724265211,0.37190612799999995,0.724265211,new batch already sealed and revealed; post-completion analysis only
TrpB,T-DCG-192,20,2,288,0.724265211,0.88246645,0.4253299035104166,0.15820123900000005,0.88246645,0.15820123900000005,0.88246645,new batch already sealed and revealed; post-completion analysis only
TrpB,T-DCG-192,20,3,384,0.88246645,0.895147379,0.5179708572604167,0.012680928999999952,0.895147379,0.012680928999999952,0.895147379,new batch already sealed and revealed; post-completion analysis only
TrpB,T-DCG-192,20,4,480,0.895147379,0.922559227,0.35131919284375,0.027411848000000072,0.922559227,0.027411848000000072,0.922559227,new batch already sealed and revealed; post-completion analysis only
TrpB,G-Rank,21,1,192,0.488141893,0.800478399,0.38085797269791666,0.31233650599999996,0.800478399,0.31233650599999996,0.800478399,new batch already sealed and revealed; post-completion analysis only
TrpB,G-Rank,21,2,288,0.800478399,0.895147379,0.42440645640624997,0.09466898000000001,0.895147379,0.09466898000000001,0.895147379,new batch already sealed and revealed; post-completion analysis only
TrpB,G-Rank,21,3,384,0.895147379,0.922559227,0.48516422163541667,0.027411848000000072,0.922559227,0.027411848000000072,0.922559227,new batch already sealed and revealed; post-completion analysis only
TrpB,G-Rank,21,4,480,0.922559227,0.725466102,0.38444018696874993,0.0,0.922559227,-0.1970931250000001,0.922559227,new batch already sealed and revealed; post-completion analysis only
TrpB,T-Uniform-96,21,1,192,0.488141893,0.800478399,0.38085797269791666,0.31233650599999996,0.800478399,0.31233650599999996,0.800478399,new batch already sealed and revealed; post-completion analysis only
TrpB,T-Uniform-96,21,2,288,0.800478399,0.895147379,0.41722570581249996,0.09466898000000001,0.895147379,0.09466898000000001,0.895147379,new batch already sealed and revealed; post-completion analysis only
TrpB,T-Uniform-96,21,3,384,0.895147379,0.922559227,0.4770279275208333,0.027411848000000072,0.922559227,0.027411848000000072,0.922559227,new batch already sealed and revealed; post-completion analysis only
TrpB,T-Uniform-96,21,4,480,0.922559227,0.932033526,0.44642027772916676,0.009474298999999964,0.932033526,0.009474298999999964,0.932033526,new batch already sealed and revealed; post-completion analysis only
TrpB,T-DCG-96,21,1,192,0.488141893,0.800478399,0.38278554839583334,0.31233650599999996,0.800478399,0.31233650599999996,0.800478399,new batch already sealed and revealed; post-completion analysis only
TrpB,T-DCG-96,21,2,288,0.800478399,0.895147379,0.42736093710416667,0.09466898000000001,0.895147379,0.09466898000000001,0.895147379,new batch already sealed and revealed; post-completion analysis only
TrpB,T-DCG-96,21,3,384,0.895147379,0.922559227,0.47800116804166665,0.027411848000000072,0.922559227,0.027411848000000072,0.922559227,new batch already sealed and revealed; post-completion analysis only
TrpB,T-DCG-96,21,4,480,0.922559227,0.841000643,0.43615581905208334,0.0,0.922559227,-0.08155858400000005,0.922559227,new batch already sealed and revealed; post-completion analysis only
TrpB,T-DCG-192,21,1,192,0.488141893,0.800478399,0.38278554839583334,0.31233650599999996,0.800478399,0.31233650599999996,0.800478399,new batch already sealed and revealed; post-completion analysis only
TrpB,T-DCG-192,21,2,288,0.800478399,0.895147379,0.42054813928124996,0.09466898000000001,0.895147379,0.09466898000000001,0.895147379,new batch already sealed and revealed; post-completion analysis only
TrpB,T-DCG-192,21,3,384,0.895147379,0.922559227,0.51914437675,0.027411848000000072,0.922559227,0.027411848000000072,0.922559227,new batch already sealed and revealed; post-completion analysis only
TrpB,T-DCG-192,21,4,480,0.922559227,0.711712807,0.4185363464270833,0.0,0.922559227,-0.2108464200000001,0.922559227,new batch already sealed and revealed; post-completion analysis only
TrpB,G-Rank,22,1,192,0.365963521,0.742180293,0.2516784296770833,0.376216772,0.742180293,0.376216772,0.742180293,new batch already sealed and revealed; post-completion analysis only
TrpB,G-Rank,22,2,288,0.742180293,0.800478399,0.46467142560416663,0.05829810599999996,0.800478399,0.05829810599999996,0.800478399,new batch already sealed and revealed; post-completion analysis only
TrpB,G-Rank,22,3,384,0.800478399,0.895147379,0.4764016966770834,0.09466898000000001,0.895147379,0.09466898000000001,0.895147379,new batch already sealed and revealed; post-completion analysis only
TrpB,G-Rank,22,4,480,0.895147379,0.845869121,0.4810450719479167,0.0,0.895147379,-0.049278257999999964,0.895147379,new batch already sealed and revealed; post-completion analysis only
TrpB,T-Uniform-96,22,1,192,0.365963521,0.742180293,0.2516784296770833,0.376216772,0.742180293,0.376216772,0.742180293,new batch already sealed and revealed; post-completion analysis only
TrpB,T-Uniform-96,22,2,288,0.742180293,0.800478399,0.46762517957291666,0.05829810599999996,0.800478399,0.05829810599999996,0.800478399,new batch already sealed and revealed; post-completion analysis only
TrpB,T-Uniform-96,22,3,384,0.800478399,0.895147379,0.4924430079791667,0.09466898000000001,0.895147379,0.09466898000000001,0.895147379,new batch already sealed and revealed; post-completion analysis only
TrpB,T-Uniform-96,22,4,480,0.895147379,0.922559227,0.42710509969791666,0.027411848000000072,0.922559227,0.027411848000000072,0.922559227,new batch already sealed and revealed; post-completion analysis only
TrpB,T-DCG-96,22,1,192,0.365963521,0.742180293,0.2548363670104167,0.376216772,0.742180293,0.376216772,0.742180293,new batch already sealed and revealed; post-completion analysis only
TrpB,T-DCG-96,22,2,288,0.742180293,0.800478399,0.46929003169791667,0.05829810599999996,0.800478399,0.05829810599999996,0.800478399,new batch already sealed and revealed; post-completion analysis only
TrpB,T-DCG-96,22,3,384,0.800478399,0.806522842,0.4428799718333334,0.006044443000000066,0.806522842,0.006044443000000066,0.806522842,new batch already sealed and revealed; post-completion analysis only
TrpB,T-DCG-96,22,4,480,0.806522842,0.922559227,0.4282923396770833,0.11603638500000002,0.922559227,0.11603638500000002,0.922559227,new batch already sealed and revealed; post-completion analysis only
TrpB,T-DCG-192,22,1,192,0.365963521,0.742180293,0.2548363670104167,0.376216772,0.742180293,0.376216772,0.742180293,new batch already sealed and revealed; post-completion analysis only
TrpB,T-DCG-192,22,2,288,0.742180293,0.800478399,0.47222429394791665,0.05829810599999996,0.800478399,0.05829810599999996,0.800478399,new batch already sealed and revealed; post-completion analysis only
TrpB,T-DCG-192,22,3,384,0.800478399,0.895147379,0.4737292211666666,0.09466898000000001,0.895147379,0.09466898000000001,0.895147379,new batch already sealed and revealed; post-completion analysis only
TrpB,T-DCG-192,22,4,480,0.895147379,0.845869121,0.4694721773958333,0.0,0.895147379,-0.049278257999999964,0.895147379,new batch already sealed and revealed; post-completion analysis only
TrpB,G-Rank,23,1,192,0.428569444,0.648378602,0.324613822875,0.21980915799999995,0.648378602,0.21980915799999995,0.648378602,new batch already sealed and revealed; post-completion analysis only
TrpB,G-Rank,23,2,288,0.648378602,0.845869121,0.38266726640625,0.19749051900000003,0.845869121,0.19749051900000003,0.845869121,new batch already sealed and revealed; post-completion analysis only
TrpB,G-Rank,23,3,384,0.845869121,0.922559227,0.5089741738020833,0.07669010600000004,0.922559227,0.07669010600000004,0.922559227,new batch already sealed and revealed; post-completion analysis only
TrpB,G-Rank,23,4,480,0.922559227,0.88246645,0.42260823296874994,0.0,0.922559227,-0.040092777000000024,0.922559227,new batch already sealed and revealed; post-completion analysis only
TrpB,T-Uniform-96,23,1,192,0.428569444,0.648378602,0.324613822875,0.21980915799999995,0.648378602,0.21980915799999995,0.648378602,new batch already sealed and revealed; post-completion analysis only
TrpB,T-Uniform-96,23,2,288,0.648378602,0.845869121,0.38700623611458335,0.19749051900000003,0.845869121,0.19749051900000003,0.845869121,new batch already sealed and revealed; post-completion analysis only
TrpB,T-Uniform-96,23,3,384,0.845869121,0.922559227,0.5071737483645832,0.07669010600000004,0.922559227,0.07669010600000004,0.922559227,new batch already sealed and revealed; post-completion analysis only
TrpB,T-Uniform-96,23,4,480,0.922559227,0.88246645,0.3912352587395833,0.0,0.922559227,-0.040092777000000024,0.922559227,new batch already sealed and revealed; post-completion analysis only
TrpB,T-DCG-96,23,1,192,0.428569444,0.648378602,0.32164634343750004,0.21980915799999995,0.648378602,0.21980915799999995,0.648378602,new batch already sealed and revealed; post-completion analysis only
TrpB,T-DCG-96,23,2,288,0.648378602,0.800478399,0.38158470578125003,0.15209979699999998,0.800478399,0.15209979699999998,0.800478399,new batch already sealed and revealed; post-completion analysis only
TrpB,T-DCG-96,23,3,384,0.800478399,0.922559227,0.4454014901875,0.12208082800000009,0.922559227,0.12208082800000009,0.922559227,new batch already sealed and revealed; post-completion analysis only
TrpB,T-DCG-96,23,4,480,0.922559227,0.88246645,0.4229199921458333,0.0,0.922559227,-0.040092777000000024,0.922559227,new batch already sealed and revealed; post-completion analysis only
TrpB,T-DCG-192,23,1,192,0.428569444,0.648378602,0.32164634343750004,0.21980915799999995,0.648378602,0.21980915799999995,0.648378602,new batch already sealed and revealed; post-completion analysis only
TrpB,T-DCG-192,23,2,288,0.648378602,0.800478399,0.38185057988541665,0.15209979699999998,0.800478399,0.15209979699999998,0.800478399,new batch already sealed and revealed; post-completion analysis only
TrpB,T-DCG-192,23,3,384,0.800478399,0.922559227,0.4605448810625001,0.12208082800000009,0.922559227,0.12208082800000009,0.922559227,new batch already sealed and revealed; post-completion analysis only
TrpB,T-DCG-192,23,4,480,0.922559227,0.895147379,0.4220630062708333,0.0,0.922559227,-0.027411848000000072,0.922559227,new batch already sealed and revealed; post-completion analysis only
