benchmark,arm,group,queries,best_fitness
GB1,evolvepro650,0,96,0.10510829340780974
GB1,evolvepro650,0,192,0.5037557032624828
GB1,evolvepro650,0,288,0.6723293504313184
GB1,evolvepro650,0,384,0.7077333663997645
GB1,evolvepro650,0,480,0.7077333663997645
GB1,evolvepro650,1,96,0.3810598537000246
GB1,evolvepro650,1,192,0.5449108151583013
GB1,evolvepro650,1,288,0.5449108151583013
GB1,evolvepro650,1,384,0.6209353905963313
GB1,evolvepro650,1,480,0.6209353905963313
GB1,evolvepro650,2,96,0.17286886532849932
GB1,evolvepro650,2,192,0.4540489302506803
GB1,evolvepro650,2,288,0.6548964936960946
GB1,evolvepro650,2,384,0.6548964936960946
GB1,evolvepro650,2,480,0.9181903148057718
GB1,evolvepro650,3,96,0.15079328416395246
GB1,evolvepro650,3,192,0.6209353905963313
GB1,evolvepro650,3,288,0.6587599672965438
GB1,evolvepro650,3,384,0.6587599672965438
GB1,evolvepro650,3,480,0.6587599672965438
GB1,evolvepro650,4,96,0.15680382975014026
GB1,evolvepro650,4,192,0.7077333663997645
GB1,evolvepro650,4,288,0.7077333663997645
GB1,evolvepro650,4,384,0.7077333663997645
GB1,evolvepro650,4,480,0.7077333663997645
GB1,evolvepro650,5,96,0.5288956730647107
GB1,evolvepro650,5,192,0.6054323835847731
GB1,evolvepro650,5,288,0.6260269025642482
GB1,evolvepro650,5,384,0.8345908537078612
GB1,evolvepro650,5,480,0.8345908537078612
GB1,evolvepro650,6,96,0.16967748224189114
GB1,evolvepro650,6,192,0.4940164610250329
GB1,evolvepro650,6,288,0.6723293504313184
GB1,evolvepro650,6,384,0.6723293504313184
GB1,evolvepro650,6,480,0.7077333663997645
GB1,evolvepro650,7,96,0.31959416607418856
GB1,evolvepro650,7,192,0.5183026506033135
GB1,evolvepro650,7,288,0.5409736566079962
GB1,evolvepro650,7,384,0.6698481442895078
GB1,evolvepro650,7,480,0.6698481442895078
GB1,evolvepro650,8,96,0.08445878847895819
GB1,evolvepro650,8,192,0.08445878847895819
GB1,evolvepro650,8,288,0.43213011710531185
GB1,evolvepro650,8,384,0.6209327621906854
GB1,evolvepro650,8,480,0.7907195088416814
GB1,evolvepro650,9,96,0.39448148676925154
GB1,evolvepro650,9,192,0.8311300290264457
GB1,evolvepro650,9,288,0.8622110018003477
GB1,evolvepro650,9,384,1.0
GB1,evolvepro650,9,480,1.0
GB1,evolvepro650,10,96,0.3307623982770836
GB1,evolvepro650,10,192,0.4983068520715051
GB1,evolvepro650,10,288,0.5183026506033135
GB1,evolvepro650,10,384,0.6209353905963313
GB1,evolvepro650,10,480,0.6209353905963313
GB1,evolvepro650,11,96,0.2327546040543394
GB1,evolvepro650,11,192,0.5119570088623046
GB1,evolvepro650,11,288,0.6271281750844608
GB1,evolvepro650,11,384,0.6587599672965438
GB1,evolvepro650,11,480,0.6587599672965438
GB1,evolvepro650,12,96,0.2994041708213699
GB1,evolvepro650,12,192,0.5846835551668591
GB1,evolvepro650,12,288,0.6209327621906854
GB1,evolvepro650,12,384,0.8345908537078612
GB1,evolvepro650,12,480,0.8345908537078612
GB1,evolvepro650,13,96,0.3837405675857171
GB1,evolvepro650,13,192,0.4967547739723759
GB1,evolvepro650,13,288,0.723981093746483
GB1,evolvepro650,13,384,0.723981093746483
GB1,evolvepro650,13,480,0.8311300290264457
GB1,evolvepro650,14,96,0.21876703073897555
GB1,evolvepro650,14,192,0.3244681831243188
GB1,evolvepro650,14,288,0.6723293504313184
GB1,evolvepro650,14,384,0.6723293504313184
GB1,evolvepro650,14,480,0.6723293504313184
GB1,evolvepro650,15,96,0.4100104149050091
GB1,evolvepro650,15,192,0.6260269025642482
GB1,evolvepro650,15,288,0.6723293504313184
GB1,evolvepro650,15,384,0.7352767757755749
GB1,evolvepro650,15,480,0.7352767757755749
GB1,evolvepro650,16,96,0.07127973043038827
GB1,evolvepro650,16,192,0.1821660144156128
GB1,evolvepro650,16,288,0.42440752566218465
GB1,evolvepro650,16,384,0.6723293504313184
GB1,evolvepro650,16,480,0.6723293504313184
GB1,evolvepro650,17,96,0.17224300987376526
GB1,evolvepro650,17,192,0.5246839375422451
GB1,evolvepro650,17,288,0.5246839375422451
GB1,evolvepro650,17,384,0.5246839375422451
GB1,evolvepro650,17,480,0.8311300290264457
GB1,evolvepro650,18,96,0.3684210526195653
GB1,evolvepro650,18,192,0.43625605430015174
GB1,evolvepro650,18,288,0.5449108151583013
GB1,evolvepro650,18,384,0.5792421057396576
GB1,evolvepro650,18,480,0.6209353905963313
GB1,evolvepro650,19,96,0.5009111858358557
GB1,evolvepro650,19,192,0.782648947420161
GB1,evolvepro650,19,288,0.7849778591964844
GB1,evolvepro650,19,384,0.7849778591964844
GB1,evolvepro650,19,480,0.7849778591964844
GB1,evolvepro650,20,96,0.26520839309712996
GB1,evolvepro650,20,192,0.5006859628576477
GB1,evolvepro650,20,288,0.5006859628576477
GB1,evolvepro650,20,384,0.7077333663997645
GB1,evolvepro650,20,480,0.7352767757755749
GB1,evolvepro650,21,96,0.17573497151813078
GB1,evolvepro650,21,192,0.40726879060024473
GB1,evolvepro650,21,288,0.5119570088623046
GB1,evolvepro650,21,384,0.6587599672965438
GB1,evolvepro650,21,480,0.6587599672965438
GB1,evolvepro650,22,96,0.2532274081079781
GB1,evolvepro650,22,192,0.7077333663997645
GB1,evolvepro650,22,288,0.7077333663997645
GB1,evolvepro650,22,384,0.8624627606050047
GB1,evolvepro650,22,480,0.8624627606050047
GB1,evolvepro650,23,96,0.3214112421305296
GB1,evolvepro650,23,192,0.532093817533676
GB1,evolvepro650,23,288,0.8311300290264457
GB1,evolvepro650,23,384,0.8345908537078612
GB1,evolvepro650,23,480,0.8345908537078612
GB1,evolvepro650,24,96,0.3700822185692439
GB1,evolvepro650,24,192,0.5504934558488072
GB1,evolvepro650,24,288,0.5504934558488072
GB1,evolvepro650,24,384,0.6466066646951943
GB1,evolvepro650,24,480,0.7907195088416814
GB1,evolvepro650,25,96,0.3763631951401021
GB1,evolvepro650,25,192,0.3763631951401021
GB1,evolvepro650,25,288,0.6723293504313184
GB1,evolvepro650,25,384,0.687915107481905
GB1,evolvepro650,25,480,0.687915107481905
GB1,evolvepro650,26,96,0.2359580061335041
GB1,evolvepro650,26,192,0.5449108151583013
GB1,evolvepro650,26,288,0.6209353905963313
GB1,evolvepro650,26,384,0.6209353905963313
GB1,evolvepro650,26,480,0.6587599672965438
GB1,evolvepro650,27,96,0.5009111858358557
GB1,evolvepro650,27,192,0.5009111858358557
GB1,evolvepro650,27,288,0.782648947420161
GB1,evolvepro650,27,384,0.8311300290264457
GB1,evolvepro650,27,480,0.8311300290264457
GB1,evolvepro650,28,96,0.2687811088813517
GB1,evolvepro650,28,192,0.6698481442895078
GB1,evolvepro650,28,288,0.6698481442895078
GB1,evolvepro650,28,384,0.6698481442895078
GB1,evolvepro650,28,480,0.6723293504313184
GB1,evolvepro650,29,96,0.1519697935688873
GB1,evolvepro650,29,192,0.4540489302506803
GB1,evolvepro650,29,288,0.5449108151583013
GB1,evolvepro650,29,384,0.6209353905963313
GB1,evolvepro650,29,480,0.6587599672965438
GB1,evolvepro650,30,96,0.220797039152421
GB1,evolvepro650,30,192,0.4983068520715051
GB1,evolvepro650,30,288,0.4983068520715051
GB1,evolvepro650,30,384,0.5119570088623046
GB1,evolvepro650,30,480,0.6209353905963313
GB1,evolvepro650,31,96,0.2408013902171817
GB1,evolvepro650,31,192,0.5183026506033135
GB1,evolvepro650,31,288,0.6271281750844608
GB1,evolvepro650,31,384,0.6271281750844608
GB1,evolvepro650,31,480,0.6271281750844608
GB1,evolvepro650,32,96,0.10833423951507898
GB1,evolvepro650,32,192,0.4540489302506803
GB1,evolvepro650,32,288,0.5183026506033135
GB1,evolvepro650,32,384,0.6466066646951943
GB1,evolvepro650,32,480,0.6466066646951943
GB1,evolvepro650,33,96,0.16330539164122013
GB1,evolvepro650,33,192,0.5183026506033135
GB1,evolvepro650,33,288,0.6698481442895078
GB1,evolvepro650,33,384,0.7077333663997645
GB1,evolvepro650,33,480,0.7077333663997645
GB1,evolvepro650,34,96,0.26996849780850135
GB1,evolvepro650,34,192,0.782648947420161
GB1,evolvepro650,34,288,0.782648947420161
GB1,evolvepro650,34,384,0.8311300290264457
GB1,evolvepro650,34,480,0.8311300290264457
GB1,rf_onehot,0,96,0.10510829340780974
GB1,rf_onehot,0,192,0.5457370834049752
GB1,rf_onehot,0,288,0.5610956100510879
GB1,rf_onehot,0,384,0.7849778591964844
GB1,rf_onehot,0,480,0.8311300290264457
GB1,rf_onehot,1,96,0.3810598537000246
GB1,rf_onehot,1,192,0.4339240699256172
GB1,rf_onehot,1,288,0.6260269025642482
GB1,rf_onehot,1,384,0.723981093746483
GB1,rf_onehot,1,480,0.723981093746483
GB1,rf_onehot,2,96,0.17286886532849932
GB1,rf_onehot,2,192,0.5480552796633789
GB1,rf_onehot,2,288,0.6856482976381117
GB1,rf_onehot,2,384,0.6895801554372128
GB1,rf_onehot,2,480,1.0
GB1,rf_onehot,3,96,0.15079328416395246
GB1,rf_onehot,3,192,0.9181903148057718
GB1,rf_onehot,3,288,1.0
GB1,rf_onehot,3,384,1.0
GB1,rf_onehot,3,480,1.0
GB1,rf_onehot,4,96,0.15680382975014026
GB1,rf_onehot,4,192,0.5119570088623046
GB1,rf_onehot,4,288,0.5119570088623046
GB1,rf_onehot,4,384,0.6271281750844608
GB1,rf_onehot,4,480,0.6587599672965438
GB1,rf_onehot,5,96,0.5288956730647107
GB1,rf_onehot,5,192,0.601167088048673
GB1,rf_onehot,5,288,0.6240408728668955
GB1,rf_onehot,5,384,0.8624627606050047
GB1,rf_onehot,5,480,0.8624627606050047
GB1,rf_onehot,6,96,0.16967748224189114
GB1,rf_onehot,6,192,0.6818925132294539
GB1,rf_onehot,6,288,0.796777075497818
GB1,rf_onehot,6,384,1.0
GB1,rf_onehot,6,480,1.0
GB1,rf_onehot,7,96,0.31959416607418856
GB1,rf_onehot,7,192,0.5183026506033135
GB1,rf_onehot,7,288,0.6209353905963313
GB1,rf_onehot,7,384,0.6271281750844608
GB1,rf_onehot,7,480,0.6271281750844608
GB1,rf_onehot,8,96,0.08445878847895819
GB1,rf_onehot,8,192,0.3010799404575982
GB1,rf_onehot,8,288,0.7849778591964844
GB1,rf_onehot,8,384,0.825004381071726
GB1,rf_onehot,8,480,0.8624627606050047
GB1,rf_onehot,9,96,0.39448148676925154
GB1,rf_onehot,9,192,0.39448148676925154
GB1,rf_onehot,9,288,0.6587599672965438
GB1,rf_onehot,9,384,0.6587599672965438
GB1,rf_onehot,9,480,0.6587599672965438
GB1,rf_onehot,10,96,0.3307623982770836
GB1,rf_onehot,10,192,0.6587599672965438
GB1,rf_onehot,10,288,0.6587599672965438
GB1,rf_onehot,10,384,0.6587599672965438
GB1,rf_onehot,10,480,0.6587599672965438
GB1,rf_onehot,11,96,0.2327546040543394
GB1,rf_onehot,11,192,0.6117409918548989
GB1,rf_onehot,11,288,0.7413604766359518
GB1,rf_onehot,11,384,0.9181903148057718
GB1,rf_onehot,11,480,1.0
GB1,rf_onehot,12,96,0.2994041708213699
GB1,rf_onehot,12,192,0.5457370834049752
GB1,rf_onehot,12,288,0.8345908537078612
GB1,rf_onehot,12,384,0.8345908537078612
GB1,rf_onehot,12,480,0.8345908537078612
GB1,rf_onehot,13,96,0.3837405675857171
GB1,rf_onehot,13,192,0.5359128768993203
GB1,rf_onehot,13,288,0.7849778591964844
GB1,rf_onehot,13,384,0.8345908537078612
GB1,rf_onehot,13,480,0.8345908537078612
GB1,rf_onehot,14,96,0.21876703073897555
GB1,rf_onehot,14,192,0.47388020690958993
GB1,rf_onehot,14,288,0.8345908537078612
GB1,rf_onehot,14,384,0.8345908537078612
GB1,rf_onehot,14,480,0.8345908537078612
GB1,rf_onehot,15,96,0.4100104149050091
GB1,rf_onehot,15,192,0.723981093746483
GB1,rf_onehot,15,288,0.7849778591964844
GB1,rf_onehot,15,384,0.8345908537078612
GB1,rf_onehot,15,480,0.8345908537078612
GB1,rf_onehot,16,96,0.07127973043038827
GB1,rf_onehot,16,192,0.27055349393850675
GB1,rf_onehot,16,288,0.5125497662644571
GB1,rf_onehot,16,384,0.5568023833395405
GB1,rf_onehot,16,480,0.723981093746483
GB1,rf_onehot,17,96,0.17224300987376526
GB1,rf_onehot,17,192,0.5477805895887433
GB1,rf_onehot,17,288,0.723981093746483
GB1,rf_onehot,17,384,0.7849778591964844
GB1,rf_onehot,17,480,0.8345908537078612
GB1,rf_onehot,18,96,0.3684210526195653
GB1,rf_onehot,18,192,0.5449108151583013
GB1,rf_onehot,18,288,0.5449108151583013
GB1,rf_onehot,18,384,0.6054323835847731
GB1,rf_onehot,18,480,0.8345908537078612
GB1,rf_onehot,19,96,0.5009111858358557
GB1,rf_onehot,19,192,0.782648947420161
GB1,rf_onehot,19,288,0.7849778591964844
GB1,rf_onehot,19,384,0.8345908537078612
GB1,rf_onehot,19,480,0.8345908537078612
GB1,rf_onehot,20,96,0.26520839309712996
GB1,rf_onehot,20,192,0.5288956730647107
GB1,rf_onehot,20,288,0.7849778591964844
GB1,rf_onehot,20,384,0.8345908537078612
GB1,rf_onehot,20,480,0.8345908537078612
GB1,rf_onehot,21,96,0.17573497151813078
GB1,rf_onehot,21,192,0.3941021947096297
GB1,rf_onehot,21,288,0.825004381071726
GB1,rf_onehot,21,384,0.8624627606050047
GB1,rf_onehot,21,480,0.8624627606050047
GB1,rf_onehot,22,96,0.2532274081079781
GB1,rf_onehot,22,192,0.796777075497818
GB1,rf_onehot,22,288,0.796777075497818
GB1,rf_onehot,22,384,0.796777075497818
GB1,rf_onehot,22,480,0.8624627606050047
GB1,rf_onehot,23,96,0.3214112421305296
GB1,rf_onehot,23,192,0.5572928974740096
GB1,rf_onehot,23,288,0.8345908537078612
GB1,rf_onehot,23,384,0.8345908537078612
GB1,rf_onehot,23,480,0.8345908537078612
GB1,rf_onehot,24,96,0.3700822185692439
GB1,rf_onehot,24,192,0.6295026540332288
GB1,rf_onehot,24,288,0.6295026540332288
GB1,rf_onehot,24,384,0.6295026540332288
GB1,rf_onehot,24,480,0.8345908537078612
GB1,rf_onehot,25,96,0.3763631951401021
GB1,rf_onehot,25,192,0.4815331918256038
GB1,rf_onehot,25,288,0.7849778591964844
GB1,rf_onehot,25,384,0.8345908537078612
GB1,rf_onehot,25,480,0.8345908537078612
GB1,rf_onehot,26,96,0.2359580061335041
GB1,rf_onehot,26,192,0.40435335004695894
GB1,rf_onehot,26,288,0.5449108151583013
GB1,rf_onehot,26,384,0.6587599672965438
GB1,rf_onehot,26,480,0.6587599672965438
GB1,rf_onehot,27,96,0.5009111858358557
GB1,rf_onehot,27,192,0.782648947420161
GB1,rf_onehot,27,288,0.8345908537078612
GB1,rf_onehot,27,384,0.8345908537078612
GB1,rf_onehot,27,480,0.8345908537078612
GB1,rf_onehot,28,96,0.2687811088813517
GB1,rf_onehot,28,192,0.5015103313023075
GB1,rf_onehot,28,288,0.7849778591964844
GB1,rf_onehot,28,384,0.8345908537078612
GB1,rf_onehot,28,480,0.8345908537078612
GB1,rf_onehot,29,96,0.1519697935688873
GB1,rf_onehot,29,192,0.5449108151583013
GB1,rf_onehot,29,288,0.5792421057396576
GB1,rf_onehot,29,384,0.6271281750844608
GB1,rf_onehot,29,480,0.6587599672965438
GB1,rf_onehot,30,96,0.220797039152421
GB1,rf_onehot,30,192,0.5594705880458658
GB1,rf_onehot,30,288,0.8311300290264457
GB1,rf_onehot,30,384,0.8622110018003477
GB1,rf_onehot,30,480,0.8624627606050047
GB1,rf_onehot,31,96,0.2408013902171817
GB1,rf_onehot,31,192,0.5037557032624828
GB1,rf_onehot,31,288,1.0
GB1,rf_onehot,31,384,1.0
GB1,rf_onehot,31,480,1.0
GB1,rf_onehot,32,96,0.10833423951507898
GB1,rf_onehot,32,192,0.6818925132294539
GB1,rf_onehot,32,288,0.796777075497818
GB1,rf_onehot,32,384,1.0
GB1,rf_onehot,32,480,1.0
GB1,rf_onehot,33,96,0.16330539164122013
GB1,rf_onehot,33,192,0.5916040189509733
GB1,rf_onehot,33,288,0.8345908537078612
GB1,rf_onehot,33,384,0.8345908537078612
GB1,rf_onehot,33,480,0.8345908537078612
GB1,rf_onehot,34,96,0.26996849780850135
GB1,rf_onehot,34,192,0.601167088048673
GB1,rf_onehot,34,288,0.7849778591964844
GB1,rf_onehot,34,384,0.8311300290264457
GB1,rf_onehot,34,480,0.8311300290264457
GRB2,alde,0,96,0.403554979800317
GRB2,alde,0,192,0.403554979800317
GRB2,alde,0,288,0.4854411683473079
GRB2,alde,0,384,0.637179766130976
GRB2,alde,0,480,0.637179766130976
GRB2,alde,1,96,0.31910735562887
GRB2,alde,1,192,0.45073812102196
GRB2,alde,1,288,0.45073812102196
GRB2,alde,1,384,0.7329993807693149
GRB2,alde,1,480,0.7329993807693149
GRB2,alde,2,96,0.269346324307788
GRB2,alde,2,192,0.415889228078651
GRB2,alde,2,288,0.7329993807693149
GRB2,alde,2,384,0.7329993807693149
GRB2,alde,2,480,0.7329993807693149
GRB2,alde,3,96,0.18695204764397
GRB2,alde,3,192,0.637179766130976
GRB2,alde,3,288,0.637179766130976
GRB2,alde,3,384,0.637179766130976
GRB2,alde,3,480,0.637179766130976
GRB2,alde,4,96,0.250244143048449
GRB2,alde,4,192,0.5776957887608349
GRB2,alde,4,288,0.7329993807693149
GRB2,alde,4,384,0.7329993807693149
GRB2,alde,4,480,0.7329993807693149
GRB2,alde,5,96,0.4854411683473079
GRB2,alde,5,192,0.4854411683473079
GRB2,alde,5,288,0.4854411683473079
GRB2,alde,5,384,0.4854411683473079
GRB2,alde,5,480,0.4860910571525379
GRB2,alde,6,96,0.214698843005085
GRB2,alde,6,192,0.429438010038705
GRB2,alde,6,288,0.474855601530753
GRB2,alde,6,384,0.485374759199856
GRB2,alde,6,480,0.485374759199856
GRB2,alde,7,96,0.269999980915816
GRB2,alde,7,192,0.3987479691829539
GRB2,alde,7,288,0.433354864420156
GRB2,alde,7,384,0.474855601530753
GRB2,alde,7,480,0.474855601530753
GRB2,alde,8,96,0.304513002754419
GRB2,alde,8,192,0.4786800696543309
GRB2,alde,8,288,0.605466965313054
GRB2,alde,8,384,0.605466965313054
GRB2,alde,8,480,0.605466965313054
GRB2,alde,9,96,0.315485350924254
GRB2,alde,9,192,0.5382011940300949
GRB2,alde,9,288,0.5382011940300949
GRB2,alde,9,384,0.781913860115971
GRB2,alde,9,480,0.781913860115971
GRB2,alde,10,96,0.355144014019039
GRB2,alde,10,192,0.426866742770951
GRB2,alde,10,288,0.5467042490670371
GRB2,alde,10,384,0.5467042490670371
GRB2,alde,10,480,0.5467042490670371
GRB2,alde,11,96,0.28397397536563
GRB2,alde,11,192,0.382186559733491
GRB2,alde,11,288,0.382186559733491
GRB2,alde,11,384,0.384486089655951
GRB2,alde,11,480,0.3987479691829539
GRB2,alde,12,96,0.27273834530642
GRB2,alde,12,192,0.37369923196279
GRB2,alde,12,288,0.4139227736359579
GRB2,alde,12,384,0.4139227736359579
GRB2,alde,12,480,0.637179766130976
GRB2,alde,13,96,0.357555482067739
GRB2,alde,13,192,0.363513486896247
GRB2,alde,13,288,0.384486089655951
GRB2,alde,13,384,0.384486089655951
GRB2,alde,13,480,0.448354655296801
GRB2,alde,14,96,0.390528545136771
GRB2,alde,14,192,0.390528545136771
GRB2,alde,14,288,0.390528545136771
GRB2,alde,14,384,0.637179766130976
GRB2,alde,14,480,0.637179766130976
GRB2,alde,15,96,0.318644919109018
GRB2,alde,15,192,0.416461624291382
GRB2,alde,15,288,0.4357690906244361
GRB2,alde,15,384,0.4357690906244361
GRB2,alde,15,480,0.4357690906244361
GRB2,alde,16,96,0.268638502574905
GRB2,alde,16,192,0.4854411683473079
GRB2,alde,16,288,0.4854411683473079
GRB2,alde,16,384,0.4854411683473079
GRB2,alde,16,480,0.4854411683473079
GRB2,alde,17,96,0.23016428237908
GRB2,alde,17,192,0.599009747623177
GRB2,alde,17,288,0.599009747623177
GRB2,alde,17,384,0.599009747623177
GRB2,alde,17,480,0.599009747623177
GRB2,alde,18,96,0.3683493838773379
GRB2,alde,18,192,0.457860147715299
GRB2,alde,18,288,0.457860147715299
GRB2,alde,18,384,0.457860147715299
GRB2,alde,18,480,0.457860147715299
GRB2,alde,19,96,0.410149498932005
GRB2,alde,19,192,0.410149498932005
GRB2,alde,19,288,0.410149498932005
GRB2,alde,19,384,0.433354864420156
GRB2,alde,19,480,0.5382011940300949
GRB2,alde,20,96,0.186919813698388
GRB2,alde,20,192,0.410149498932005
GRB2,alde,20,288,0.410149498932005
GRB2,alde,20,384,0.507916168064911
GRB2,alde,20,480,0.637179766130976
GRB2,alde,21,96,0.3472779706022429
GRB2,alde,21,192,0.383037897213264
GRB2,alde,21,288,0.383037897213264
GRB2,alde,21,384,0.387339350056189
GRB2,alde,21,480,0.645458239195416
GRB2,alde,22,96,0.297876981086771
GRB2,alde,22,192,0.4270657985702979
GRB2,alde,22,288,0.433354864420156
GRB2,alde,22,384,0.433354864420156
GRB2,alde,22,480,0.605466965313054
GRB2,alde,23,96,0.267172169305126
GRB2,alde,23,192,0.352461579308902
GRB2,alde,23,288,0.4270937691769289
GRB2,alde,23,384,0.474855601530753
GRB2,alde,23,480,0.605466965313054
GRB2,rf_onehot,0,96,0.403554979800317
GRB2,rf_onehot,0,192,0.407994303587598
GRB2,rf_onehot,0,288,0.407994303587598
GRB2,rf_onehot,0,384,0.544064178618847
GRB2,rf_onehot,0,480,0.544064178618847
GRB2,rf_onehot,1,96,0.31910735562887
GRB2,rf_onehot,1,192,0.372119103573084
GRB2,rf_onehot,1,288,0.4187277850703321
GRB2,rf_onehot,1,384,0.457860147715299
GRB2,rf_onehot,1,480,0.457860147715299
GRB2,rf_onehot,2,96,0.269346324307788
GRB2,rf_onehot,2,192,0.415889228078651
GRB2,rf_onehot,2,288,0.415889228078651
GRB2,rf_onehot,2,384,0.415889228078651
GRB2,rf_onehot,2,480,0.415889228078651
GRB2,rf_onehot,3,96,0.18695204764397
GRB2,rf_onehot,3,192,0.637179766130976
GRB2,rf_onehot,3,288,0.651440709660567
GRB2,rf_onehot,3,384,0.651440709660567
GRB2,rf_onehot,3,480,0.651440709660567
GRB2,rf_onehot,4,96,0.250244143048449
GRB2,rf_onehot,4,192,0.3762190420274739
GRB2,rf_onehot,4,288,0.497596391206305
GRB2,rf_onehot,4,384,0.5776957887608349
GRB2,rf_onehot,4,480,0.5776957887608349
GRB2,rf_onehot,5,96,0.4854411683473079
GRB2,rf_onehot,5,192,0.4854411683473079
GRB2,rf_onehot,5,288,0.4854411683473079
GRB2,rf_onehot,5,384,0.4854411683473079
GRB2,rf_onehot,5,480,0.645458239195416
GRB2,rf_onehot,6,96,0.214698843005085
GRB2,rf_onehot,6,192,0.543825742980795
GRB2,rf_onehot,6,288,0.543825742980795
GRB2,rf_onehot,6,384,0.543825742980795
GRB2,rf_onehot,6,480,0.543825742980795
GRB2,rf_onehot,7,96,0.269999980915816
GRB2,rf_onehot,7,192,0.407994303587598
GRB2,rf_onehot,7,288,0.407994303587598
GRB2,rf_onehot,7,384,0.407994303587598
GRB2,rf_onehot,7,480,0.448354655296801
GRB2,rf_onehot,8,96,0.304513002754419
GRB2,rf_onehot,8,192,0.448354655296801
GRB2,rf_onehot,8,288,0.605466965313054
GRB2,rf_onehot,8,384,0.605466965313054
GRB2,rf_onehot,8,480,0.605466965313054
GRB2,rf_onehot,9,96,0.315485350924254
GRB2,rf_onehot,9,192,0.372400719703821
GRB2,rf_onehot,9,288,0.5759848402475279
GRB2,rf_onehot,9,384,0.7329993807693149
GRB2,rf_onehot,9,480,0.7329993807693149
GRB2,rf_onehot,10,96,0.355144014019039
GRB2,rf_onehot,10,192,0.355144014019039
GRB2,rf_onehot,10,288,0.360485417837799
GRB2,rf_onehot,10,384,0.3726586088203761
GRB2,rf_onehot,10,480,0.544064178618847
GRB2,rf_onehot,11,96,0.28397397536563
GRB2,rf_onehot,11,192,0.4668136526772601
GRB2,rf_onehot,11,288,0.4668136526772601
GRB2,rf_onehot,11,384,0.4668136526772601
GRB2,rf_onehot,11,480,0.4668136526772601
GRB2,rf_onehot,12,96,0.27273834530642
GRB2,rf_onehot,12,192,0.362641225001376
GRB2,rf_onehot,12,288,0.4241472592822949
GRB2,rf_onehot,12,384,0.637179766130976
GRB2,rf_onehot,12,480,0.637179766130976
GRB2,rf_onehot,13,96,0.357555482067739
GRB2,rf_onehot,13,192,0.3987479691829539
GRB2,rf_onehot,13,288,0.3987479691829539
GRB2,rf_onehot,13,384,0.486196809150384
GRB2,rf_onehot,13,480,0.486196809150384
GRB2,rf_onehot,14,96,0.390528545136771
GRB2,rf_onehot,14,192,0.390528545136771
GRB2,rf_onehot,14,288,0.448354655296801
GRB2,rf_onehot,14,384,0.448354655296801
GRB2,rf_onehot,14,480,0.448354655296801
GRB2,rf_onehot,15,96,0.318644919109018
GRB2,rf_onehot,15,192,0.33136409119154
GRB2,rf_onehot,15,288,0.33136409119154
GRB2,rf_onehot,15,384,0.645458239195416
GRB2,rf_onehot,15,480,0.645458239195416
GRB2,rf_onehot,16,96,0.268638502574905
GRB2,rf_onehot,16,192,0.4854411683473079
GRB2,rf_onehot,16,288,0.651051239793396
GRB2,rf_onehot,16,384,0.651051239793396
GRB2,rf_onehot,16,480,0.651051239793396
GRB2,rf_onehot,17,96,0.23016428237908
GRB2,rf_onehot,17,192,0.599009747623177
GRB2,rf_onehot,17,288,0.599009747623177
GRB2,rf_onehot,17,384,0.599009747623177
GRB2,rf_onehot,17,480,0.599009747623177
GRB2,rf_onehot,18,96,0.3683493838773379
GRB2,rf_onehot,18,192,0.493121459168448
GRB2,rf_onehot,18,288,0.493121459168448
GRB2,rf_onehot,18,384,0.493121459168448
GRB2,rf_onehot,18,480,0.493121459168448
GRB2,rf_onehot,19,96,0.410149498932005
GRB2,rf_onehot,19,192,0.410149498932005
GRB2,rf_onehot,19,288,0.433354864420156
GRB2,rf_onehot,19,384,0.433354864420156
GRB2,rf_onehot,19,480,0.605466965313054
GRB2,rf_onehot,20,96,0.186919813698388
GRB2,rf_onehot,20,192,0.514020919000246
GRB2,rf_onehot,20,288,0.514020919000246
GRB2,rf_onehot,20,384,0.514020919000246
GRB2,rf_onehot,20,480,0.514020919000246
GRB2,rf_onehot,21,96,0.3472779706022429
GRB2,rf_onehot,21,192,0.41825487965126
GRB2,rf_onehot,21,288,0.515113592525106
GRB2,rf_onehot,21,384,0.544064178618847
GRB2,rf_onehot,21,480,0.544064178618847
GRB2,rf_onehot,22,96,0.297876981086771
GRB2,rf_onehot,22,192,0.4270657985702979
GRB2,rf_onehot,22,288,0.4270657985702979
GRB2,rf_onehot,22,384,0.4270657985702979
GRB2,rf_onehot,22,480,0.605466965313054
GRB2,rf_onehot,23,96,0.267172169305126
GRB2,rf_onehot,23,192,0.304854635926811
GRB2,rf_onehot,23,288,0.352595517013572
GRB2,rf_onehot,23,384,0.352595517013572
GRB2,rf_onehot,23,480,0.433354864420156
HIS7,alde,0,96,1.1739938443
HIS7,alde,0,192,1.22741259875
HIS7,alde,0,288,1.22741259875
HIS7,alde,0,384,1.22741259875
HIS7,alde,0,480,1.31072081507
HIS7,alde,1,96,1.22075703386
HIS7,alde,1,192,1.33326980592
HIS7,alde,1,288,1.33326980592
HIS7,alde,1,384,1.33326980592
HIS7,alde,1,480,1.33326980592
HIS7,alde,2,96,1.24365406533
HIS7,alde,2,192,1.24365406533
HIS7,alde,2,288,1.41502521208
HIS7,alde,2,384,1.41502521208
HIS7,alde,2,480,1.41502521208
HIS7,alde,3,96,1.52873480326
HIS7,alde,3,192,1.52873480326
HIS7,alde,3,288,1.52873480326
HIS7,alde,3,384,1.52873480326
HIS7,alde,3,480,1.52873480326
HIS7,alde,4,96,1.14214579034
HIS7,alde,4,192,1.39504369785
HIS7,alde,4,288,1.39504369785
HIS7,alde,4,384,1.39504369785
HIS7,alde,4,480,1.39504369785
HIS7,alde,5,96,1.22563684699
HIS7,alde,5,192,1.22563684699
HIS7,alde,5,288,1.22563684699
HIS7,alde,5,384,1.22563684699
HIS7,alde,5,480,1.22563684699
HIS7,alde,6,96,1.0971648803299998
HIS7,alde,6,192,1.22855566344
HIS7,alde,6,288,1.22855566344
HIS7,alde,6,384,1.22855566344
HIS7,alde,6,480,1.22855566344
HIS7,alde,7,96,1.15938886371
HIS7,alde,7,192,1.15938886371
HIS7,alde,7,288,1.2405758476
HIS7,alde,7,384,1.30478231909
HIS7,alde,7,480,1.30478231909
HIS7,alde,8,96,1.14914934948
HIS7,alde,8,192,1.16356575441
HIS7,alde,8,288,1.16356575441
HIS7,alde,8,384,1.19510809981
HIS7,alde,8,480,1.21275492714
HIS7,alde,9,96,1.07199102405
HIS7,alde,9,192,1.16377877284
HIS7,alde,9,288,1.200626856
HIS7,alde,9,384,1.200626856
HIS7,alde,9,480,1.200626856
HIS7,alde,10,96,1.09577727479
HIS7,alde,10,192,1.1434590021
HIS7,alde,10,288,1.3591002580000002
HIS7,alde,10,384,1.3591002580000002
HIS7,alde,10,480,1.3591002580000002
HIS7,alde,11,96,1.15434885483
HIS7,alde,11,192,1.15434885483
HIS7,alde,11,288,1.1997630106
HIS7,alde,11,384,1.23032139346
HIS7,alde,11,480,1.23032139346
HIS7,alde,12,96,1.18035505212
HIS7,alde,12,192,1.18035505212
HIS7,alde,12,288,1.18035505212
HIS7,alde,12,384,1.18035505212
HIS7,alde,12,480,1.18035505212
HIS7,alde,13,96,1.09831040847
HIS7,alde,13,192,1.1092156218200002
HIS7,alde,13,288,1.17764683207
HIS7,alde,13,384,1.17764683207
HIS7,alde,13,480,1.23101821822
HIS7,alde,14,96,1.18584813283
HIS7,alde,14,192,1.18584813283
HIS7,alde,14,288,1.18584813283
HIS7,alde,14,384,1.18584813283
HIS7,alde,14,480,1.23280708268
HIS7,alde,15,96,1.11665524233
HIS7,alde,15,192,1.11665524233
HIS7,alde,15,288,1.19201325857
HIS7,alde,15,384,1.19201325857
HIS7,alde,15,480,1.3719119533000002
HIS7,alde,16,96,1.18462347001
HIS7,alde,16,192,1.18462347001
HIS7,alde,16,288,1.2037714482
HIS7,alde,16,384,1.28769601999
HIS7,alde,16,480,1.28769601999
HIS7,alde,17,96,1.28752903528
HIS7,alde,17,192,1.30085794602
HIS7,alde,17,288,1.30085794602
HIS7,alde,17,384,1.30085794602
HIS7,alde,17,480,1.3754398095299998
HIS7,alde,18,96,1.13402315488
HIS7,alde,18,192,1.31948217641
HIS7,alde,18,288,1.31948217641
HIS7,alde,18,384,1.31948217641
HIS7,alde,18,480,1.31948217641
HIS7,alde,19,96,1.1657180390100002
HIS7,alde,19,192,1.30638372901
HIS7,alde,19,288,1.30638372901
HIS7,alde,19,384,1.30638372901
HIS7,alde,19,480,1.30638372901
HIS7,alde,20,96,1.19539086196
HIS7,alde,20,192,1.3678312485
HIS7,alde,20,288,1.3678312485
HIS7,alde,20,384,1.45345754103
HIS7,alde,20,480,1.45345754103
HIS7,alde,21,96,1.17655703127
HIS7,alde,21,192,1.48086545072
HIS7,alde,21,288,1.48086545072
HIS7,alde,21,384,1.48086545072
HIS7,alde,21,480,1.48086545072
HIS7,alde,22,96,1.21535777857
HIS7,alde,22,192,1.21535777857
HIS7,alde,22,288,1.21535777857
HIS7,alde,22,384,1.21535777857
HIS7,alde,22,480,1.21535777857
HIS7,alde,23,96,1.08432812097
HIS7,alde,23,192,1.16550175363
HIS7,alde,23,288,1.28890967401
HIS7,alde,23,384,1.28890967401
HIS7,alde,23,480,1.6200672344
HIS7,evolvepro650,0,96,1.1739938443
HIS7,evolvepro650,0,192,1.1739938443
HIS7,evolvepro650,0,288,1.28138356969
HIS7,evolvepro650,0,384,1.55290862292
HIS7,evolvepro650,0,480,1.55290862292
HIS7,evolvepro650,1,96,1.22075703386
HIS7,evolvepro650,1,192,1.25209641606
HIS7,evolvepro650,1,288,1.25209641606
HIS7,evolvepro650,1,384,1.27058025487
HIS7,evolvepro650,1,480,1.27058025487
HIS7,evolvepro650,2,96,1.24365406533
HIS7,evolvepro650,2,192,1.24365406533
HIS7,evolvepro650,2,288,1.48086545072
HIS7,evolvepro650,2,384,1.48086545072
HIS7,evolvepro650,2,480,1.48086545072
HIS7,evolvepro650,3,96,1.52873480326
HIS7,evolvepro650,3,192,1.52873480326
HIS7,evolvepro650,3,288,1.52873480326
HIS7,evolvepro650,3,384,1.52873480326
HIS7,evolvepro650,3,480,1.52873480326
HIS7,evolvepro650,4,96,1.14214579034
HIS7,evolvepro650,4,192,1.2922665588200002
HIS7,evolvepro650,4,288,1.2922665588200002
HIS7,evolvepro650,4,384,1.2922665588200002
HIS7,evolvepro650,4,480,1.2922665588200002
HIS7,evolvepro650,5,96,1.22563684699
HIS7,evolvepro650,5,192,1.22563684699
HIS7,evolvepro650,5,288,1.32907625369
HIS7,evolvepro650,5,384,1.32907625369
HIS7,evolvepro650,5,480,1.35428408416
HIS7,evolvepro650,6,96,1.0971648803299998
HIS7,evolvepro650,6,192,1.34012362621
HIS7,evolvepro650,6,288,1.59618996716
HIS7,evolvepro650,6,384,1.59618996716
HIS7,evolvepro650,6,480,1.59618996716
HIS7,evolvepro650,7,96,1.15938886371
HIS7,evolvepro650,7,192,1.20147168557
HIS7,evolvepro650,7,288,1.26532098203
HIS7,evolvepro650,7,384,1.26532098203
HIS7,evolvepro650,7,480,1.26532098203
HIS7,evolvepro650,8,96,1.14914934948
HIS7,evolvepro650,8,192,1.21904902926
HIS7,evolvepro650,8,288,1.3006425761
HIS7,evolvepro650,8,384,1.3006425761
HIS7,evolvepro650,8,480,1.3006425761
HIS7,evolvepro650,9,96,1.07199102405
HIS7,evolvepro650,9,192,1.2259017624600002
HIS7,evolvepro650,9,288,1.2259017624600002
HIS7,evolvepro650,9,384,1.2259017624600002
HIS7,evolvepro650,9,480,1.25657216499
HIS7,evolvepro650,10,96,1.09577727479
HIS7,evolvepro650,10,192,1.21916824174
HIS7,evolvepro650,10,288,1.23331025832
HIS7,evolvepro650,10,384,1.23331025832
HIS7,evolvepro650,10,480,1.3632837643200002
HIS7,evolvepro650,11,96,1.15434885483
HIS7,evolvepro650,11,192,1.30983576229
HIS7,evolvepro650,11,288,1.31004985235
HIS7,evolvepro650,11,384,1.31004985235
HIS7,evolvepro650,11,480,1.31004985235
HIS7,evolvepro650,12,96,1.18035505212
HIS7,evolvepro650,12,192,1.18814665125
HIS7,evolvepro650,12,288,1.30089475521
HIS7,evolvepro650,12,384,1.50473828046
HIS7,evolvepro650,12,480,1.50473828046
HIS7,evolvepro650,13,96,1.09831040847
HIS7,evolvepro650,13,192,1.43795038333
HIS7,evolvepro650,13,288,1.43795038333
HIS7,evolvepro650,13,384,1.43795038333
HIS7,evolvepro650,13,480,1.43795038333
HIS7,evolvepro650,14,96,1.18584813283
HIS7,evolvepro650,14,192,1.18748877375
HIS7,evolvepro650,14,288,1.18748877375
HIS7,evolvepro650,14,384,1.55180615142
HIS7,evolvepro650,14,480,1.55180615142
HIS7,evolvepro650,15,96,1.11665524233
HIS7,evolvepro650,15,192,1.16413203896
HIS7,evolvepro650,15,288,1.22271759811
HIS7,evolvepro650,15,384,1.2791405542
HIS7,evolvepro650,15,480,1.29969927452
HIS7,evolvepro650,16,96,1.18462347001
HIS7,evolvepro650,16,192,1.29650774049
HIS7,evolvepro650,16,288,1.3107420453799998
HIS7,evolvepro650,16,384,1.3107420453799998
HIS7,evolvepro650,16,480,1.3107420453799998
HIS7,evolvepro650,17,96,1.28752903528
HIS7,evolvepro650,17,192,1.28752903528
HIS7,evolvepro650,17,288,1.3799263216600002
HIS7,evolvepro650,17,384,1.3799263216600002
HIS7,evolvepro650,17,480,1.43210452539
HIS7,evolvepro650,18,96,1.13402315488
HIS7,evolvepro650,18,192,1.18687316861
HIS7,evolvepro650,18,288,1.29254107832
HIS7,evolvepro650,18,384,1.29254107832
HIS7,evolvepro650,18,480,1.29254107832
HIS7,evolvepro650,19,96,1.1657180390100002
HIS7,evolvepro650,19,192,1.25657216499
HIS7,evolvepro650,19,288,1.25736027201
HIS7,evolvepro650,19,384,1.25736027201
HIS7,evolvepro650,19,480,1.4347118548500002
HIS7,evolvepro650,20,96,1.19539086196
HIS7,evolvepro650,20,192,1.23360592414
HIS7,evolvepro650,20,288,1.29254107832
HIS7,evolvepro650,20,384,1.29254107832
HIS7,evolvepro650,20,480,1.29254107832
HIS7,evolvepro650,21,96,1.17655703127
HIS7,evolvepro650,21,192,1.31204211692
HIS7,evolvepro650,21,288,1.31592214105
HIS7,evolvepro650,21,384,1.31592214105
HIS7,evolvepro650,21,480,1.31592214105
HIS7,evolvepro650,22,96,1.21535777857
HIS7,evolvepro650,22,192,1.21535777857
HIS7,evolvepro650,22,288,1.2386804835
HIS7,evolvepro650,22,384,1.33880064673
HIS7,evolvepro650,22,480,1.33880064673
HIS7,evolvepro650,23,96,1.08432812097
HIS7,evolvepro650,23,192,1.27547494236
HIS7,evolvepro650,23,288,1.62104468296
HIS7,evolvepro650,23,384,1.62104468296
HIS7,evolvepro650,23,480,1.62104468296
PABP,alde,0,96,1.7575971030000002
PABP,alde,0,192,1.7575971030000002
PABP,alde,0,288,1.7575971030000002
PABP,alde,0,384,1.822900012
PABP,alde,0,480,1.822900012
PABP,alde,1,96,1.233927446
PABP,alde,1,192,1.436557689
PABP,alde,1,288,1.822900012
PABP,alde,1,384,1.822900012
PABP,alde,1,480,2.236825435
PABP,alde,2,96,1.369776664
PABP,alde,2,192,1.446207847
PABP,alde,2,288,1.815219561
PABP,alde,2,384,1.815219561
PABP,alde,2,480,1.815219561
PABP,alde,3,96,1.528497381
PABP,alde,3,192,1.528497381
PABP,alde,3,288,1.528497381
PABP,alde,3,384,1.528497381
PABP,alde,3,480,1.566603964
PABP,alde,4,96,1.436566816
PABP,alde,4,192,1.436566816
PABP,alde,4,288,1.53284588
PABP,alde,4,384,1.53284588
PABP,alde,4,480,1.53284588
PABP,alde,5,96,1.629056419
PABP,alde,5,192,1.629056419
PABP,alde,5,288,1.629056419
PABP,alde,5,384,1.629056419
PABP,alde,5,480,1.787716235
PABP,alde,6,96,1.265130243
PABP,alde,6,192,1.349217779
PABP,alde,6,288,1.562974765
PABP,alde,6,384,1.822900012
PABP,alde,6,480,1.822900012
PABP,alde,7,96,1.285719131
PABP,alde,7,192,1.437203333
PABP,alde,7,288,1.437203333
PABP,alde,7,384,1.719489488
PABP,alde,7,480,1.719489488
PABP,alde,8,96,1.289929731
PABP,alde,8,192,1.629056419
PABP,alde,8,288,1.930733534
PABP,alde,8,384,1.930733534
PABP,alde,8,480,1.930733534
PABP,alde,9,96,1.603434527
PABP,alde,9,192,1.603434527
PABP,alde,9,288,1.822900012
PABP,alde,9,384,1.822900012
PABP,alde,9,480,1.822900012
PABP,alde,10,96,1.5399898419999998
PABP,alde,10,192,1.5399898419999998
PABP,alde,10,288,1.59066115
PABP,alde,10,384,1.59066115
PABP,alde,10,480,1.83326862
PABP,alde,11,96,1.191433668
PABP,alde,11,192,1.59066115
PABP,alde,11,288,1.59066115
PABP,alde,11,384,1.59066115
PABP,alde,11,480,1.591828179
PABP,alde,12,96,1.386430995
PABP,alde,12,192,1.687302303
PABP,alde,12,288,1.687302303
PABP,alde,12,384,1.83326862
PABP,alde,12,480,1.83326862
PABP,alde,13,96,1.3997818119999998
PABP,alde,13,192,1.634084371
PABP,alde,13,288,1.817332016
PABP,alde,13,384,1.817332016
PABP,alde,13,480,1.817332016
PABP,alde,14,96,1.349217779
PABP,alde,14,192,1.349217779
PABP,alde,14,288,1.7925741590000002
PABP,alde,14,384,1.83326862
PABP,alde,14,480,1.83326862
PABP,alde,15,96,1.195395567
PABP,alde,15,192,1.340142567
PABP,alde,15,288,1.340142567
PABP,alde,15,384,1.379095381
PABP,alde,15,480,2.042122007
PABP,alde,16,96,1.4581060540000002
PABP,alde,16,192,1.7925741590000002
PABP,alde,16,288,1.7925741590000002
PABP,alde,16,384,1.7925741590000002
PABP,alde,16,480,2.236825435
PABP,alde,17,96,1.3842420290000002
PABP,alde,17,192,1.453245031
PABP,alde,17,288,1.453245031
PABP,alde,17,384,1.59066115
PABP,alde,17,480,1.59066115
PABP,alde,18,96,1.142658116
PABP,alde,18,192,2.0996727180000003
PABP,alde,18,288,2.0996727180000003
PABP,alde,18,384,2.0996727180000003
PABP,alde,18,480,2.0996727180000003
PABP,alde,19,96,1.314229305
PABP,alde,19,192,1.520558974
PABP,alde,19,288,1.520558974
PABP,alde,19,384,1.520558974
PABP,alde,19,480,2.042122007
PABP,alde,20,96,1.614159895
PABP,alde,20,192,1.614159895
PABP,alde,20,288,1.614159895
PABP,alde,20,384,1.614159895
PABP,alde,20,480,1.817332016
PABP,alde,21,96,1.253319515
PABP,alde,21,192,1.5399417569999998
PABP,alde,21,288,1.548048301
PABP,alde,21,384,1.548048301
PABP,alde,21,480,1.787716235
PABP,alde,22,96,1.3070774040000002
PABP,alde,22,192,1.498329669
PABP,alde,22,288,1.498329669
PABP,alde,22,384,1.498329669
PABP,alde,22,480,1.498329669
PABP,alde,23,96,1.37295852
PABP,alde,23,192,1.390032491
PABP,alde,23,288,1.817332016
PABP,alde,23,384,1.817332016
PABP,alde,23,480,1.817332016
PABP,alde,24,96,1.455336031
PABP,alde,24,192,1.974613841
PABP,alde,24,288,2.0996727180000003
PABP,alde,24,384,2.0996727180000003
PABP,alde,24,480,2.0996727180000003
PABP,alde,25,96,1.33581568
PABP,alde,25,192,1.403619044
PABP,alde,25,288,1.680772496
PABP,alde,25,384,1.705131517
PABP,alde,25,480,1.705131517
PABP,alde,26,96,1.478330393
PABP,alde,26,192,1.520558974
PABP,alde,26,288,1.524170095
PABP,alde,26,384,1.524170095
PABP,alde,26,480,1.524170095
PABP,alde,27,96,1.780527865
PABP,alde,27,192,1.780527865
PABP,alde,27,288,1.822900012
PABP,alde,27,384,1.822900012
PABP,alde,27,480,1.822900012
PABP,alde,28,96,1.465288842
PABP,alde,28,192,1.723869226
PABP,alde,28,288,1.795697111
PABP,alde,28,384,1.83326862
PABP,alde,28,480,1.83326862
PABP,alde,29,96,1.6455115340000002
PABP,alde,29,192,1.850286303
PABP,alde,29,288,1.850286303
PABP,alde,29,384,1.850286303
PABP,alde,29,480,1.850286303
PABP,alde,30,96,1.317852659
PABP,alde,30,192,1.7925741590000002
PABP,alde,30,288,1.7925741590000002
PABP,alde,30,384,1.7925741590000002
PABP,alde,30,480,1.7925741590000002
PABP,alde,31,96,1.477602194
PABP,alde,31,192,1.562974765
PABP,alde,31,288,1.639885854
PABP,alde,31,384,1.639885854
PABP,alde,31,480,1.639885854
PABP,alde,32,96,1.797225364
PABP,alde,32,192,1.797225364
PABP,alde,32,288,1.797225364
PABP,alde,32,384,1.797225364
PABP,alde,32,480,1.797225364
PABP,alde,33,96,1.556019656
PABP,alde,33,192,1.572788553
PABP,alde,33,288,1.572788553
PABP,alde,33,384,1.572788553
PABP,alde,33,480,1.822900012
PABP,alde,34,96,1.379095381
PABP,alde,34,192,1.430533414
PABP,alde,34,288,1.854210558
PABP,alde,34,384,1.854210558
PABP,alde,34,480,1.854210558
PABP,rf_onehot,0,96,1.7575971030000002
PABP,rf_onehot,0,192,1.7575971030000002
PABP,rf_onehot,0,288,2.128194918
PABP,rf_onehot,0,384,2.128194918
PABP,rf_onehot,0,480,2.128194918
PABP,rf_onehot,1,96,1.233927446
PABP,rf_onehot,1,192,1.960901245
PABP,rf_onehot,1,288,1.960901245
PABP,rf_onehot,1,384,2.627942865
PABP,rf_onehot,1,480,2.627942865
PABP,rf_onehot,2,96,1.369776664
PABP,rf_onehot,2,192,1.815219561
PABP,rf_onehot,2,288,1.822900012
PABP,rf_onehot,2,384,1.822900012
PABP,rf_onehot,2,480,2.236825435
PABP,rf_onehot,3,96,1.528497381
PABP,rf_onehot,3,192,1.785928519
PABP,rf_onehot,3,288,1.785928519
PABP,rf_onehot,3,384,1.817332016
PABP,rf_onehot,3,480,1.817332016
PABP,rf_onehot,4,96,1.436566816
PABP,rf_onehot,4,192,1.719489488
PABP,rf_onehot,4,288,1.822900012
PABP,rf_onehot,4,384,1.822900012
PABP,rf_onehot,4,480,1.822900012
PABP,rf_onehot,5,96,1.629056419
PABP,rf_onehot,5,192,1.930733534
PABP,rf_onehot,5,288,1.930733534
PABP,rf_onehot,5,384,1.930733534
PABP,rf_onehot,5,480,1.930733534
PABP,rf_onehot,6,96,1.265130243
PABP,rf_onehot,6,192,1.562974765
PABP,rf_onehot,6,288,1.562974765
PABP,rf_onehot,6,384,1.598073364
PABP,rf_onehot,6,480,1.598073364
PABP,rf_onehot,7,96,1.285719131
PABP,rf_onehot,7,192,1.974613841
PABP,rf_onehot,7,288,2.0996727180000003
PABP,rf_onehot,7,384,2.0996727180000003
PABP,rf_onehot,7,480,2.0996727180000003
PABP,rf_onehot,8,96,1.289929731
PABP,rf_onehot,8,192,1.581204187
PABP,rf_onehot,8,288,1.581204187
PABP,rf_onehot,8,384,1.581204187
PABP,rf_onehot,8,480,1.7552123030000002
PABP,rf_onehot,9,96,1.603434527
PABP,rf_onehot,9,192,1.603434527
PABP,rf_onehot,9,288,1.806536913
PABP,rf_onehot,9,384,1.806536913
PABP,rf_onehot,9,480,1.806536913
PABP,rf_onehot,10,96,1.5399898419999998
PABP,rf_onehot,10,192,1.697572916
PABP,rf_onehot,10,288,2.0996727180000003
PABP,rf_onehot,10,384,2.0996727180000003
PABP,rf_onehot,10,480,2.0996727180000003
PABP,rf_onehot,11,96,1.191433668
PABP,rf_onehot,11,192,2.081572091
PABP,rf_onehot,11,288,2.081572091
PABP,rf_onehot,11,384,2.081572091
PABP,rf_onehot,11,480,2.081572091
PABP,rf_onehot,12,96,1.386430995
PABP,rf_onehot,12,192,1.687302303
PABP,rf_onehot,12,288,1.7925741590000002
PABP,rf_onehot,12,384,1.795697111
PABP,rf_onehot,12,480,1.795697111
PABP,rf_onehot,13,96,1.3997818119999998
PABP,rf_onehot,13,192,1.5030929919999998
PABP,rf_onehot,13,288,1.5030929919999998
PABP,rf_onehot,13,384,2.236825435
PABP,rf_onehot,13,480,2.236825435
PABP,rf_onehot,14,96,1.349217779
PABP,rf_onehot,14,192,2.128194918
PABP,rf_onehot,14,288,2.627942865
PABP,rf_onehot,14,384,2.627942865
PABP,rf_onehot,14,480,2.627942865
PABP,rf_onehot,15,96,1.195395567
PABP,rf_onehot,15,192,1.465288842
PABP,rf_onehot,15,288,1.964409118
PABP,rf_onehot,15,384,1.964409118
PABP,rf_onehot,15,480,1.964409118
PABP,rf_onehot,16,96,1.4581060540000002
PABP,rf_onehot,16,192,1.581204187
PABP,rf_onehot,16,288,1.6175028269999998
PABP,rf_onehot,16,384,2.081572091
PABP,rf_onehot,16,480,2.081572091
PABP,rf_onehot,17,96,1.3842420290000002
PABP,rf_onehot,17,192,1.792417538
PABP,rf_onehot,17,288,1.792417538
PABP,rf_onehot,17,384,1.792417538
PABP,rf_onehot,17,480,1.792417538
PABP,rf_onehot,18,96,1.142658116
PABP,rf_onehot,18,192,1.792141275
PABP,rf_onehot,18,288,2.081572091
PABP,rf_onehot,18,384,2.081572091
PABP,rf_onehot,18,480,2.081572091
PABP,rf_onehot,19,96,1.314229305
PABP,rf_onehot,19,192,1.827467137
PABP,rf_onehot,19,288,1.827467137
PABP,rf_onehot,19,384,1.854210558
PABP,rf_onehot,19,480,1.854210558
PABP,rf_onehot,20,96,1.614159895
PABP,rf_onehot,20,192,1.614159895
PABP,rf_onehot,20,288,1.614159895
PABP,rf_onehot,20,384,1.614159895
PABP,rf_onehot,20,480,1.614159895
PABP,rf_onehot,21,96,1.253319515
PABP,rf_onehot,21,192,2.236825435
PABP,rf_onehot,21,288,2.236825435
PABP,rf_onehot,21,384,2.236825435
PABP,rf_onehot,21,480,2.236825435
PABP,rf_onehot,22,96,1.3070774040000002
PABP,rf_onehot,22,192,1.333575118
PABP,rf_onehot,22,288,2.236825435
PABP,rf_onehot,22,384,2.236825435
PABP,rf_onehot,22,480,2.236825435
PABP,rf_onehot,23,96,1.37295852
PABP,rf_onehot,23,192,1.817332016
PABP,rf_onehot,23,288,1.817332016
PABP,rf_onehot,23,384,1.822900012
PABP,rf_onehot,23,480,1.822900012
PABP,rf_onehot,24,96,1.455336031
PABP,rf_onehot,24,192,1.974613841
PABP,rf_onehot,24,288,2.0996727180000003
PABP,rf_onehot,24,384,2.0996727180000003
PABP,rf_onehot,24,480,2.0996727180000003
PABP,rf_onehot,25,96,1.33581568
PABP,rf_onehot,25,192,1.598073364
PABP,rf_onehot,25,288,1.598073364
PABP,rf_onehot,25,384,1.598073364
PABP,rf_onehot,25,480,1.622132682
PABP,rf_onehot,26,96,1.478330393
PABP,rf_onehot,26,192,1.524170095
PABP,rf_onehot,26,288,1.827467137
PABP,rf_onehot,26,384,1.827467137
PABP,rf_onehot,26,480,1.827467137
PABP,rf_onehot,27,96,1.780527865
PABP,rf_onehot,27,192,1.780527865
PABP,rf_onehot,27,288,1.780527865
PABP,rf_onehot,27,384,1.822900012
PABP,rf_onehot,27,480,2.236825435
PABP,rf_onehot,28,96,1.465288842
PABP,rf_onehot,28,192,1.46697891
PABP,rf_onehot,28,288,1.723869226
PABP,rf_onehot,28,384,1.723869226
PABP,rf_onehot,28,480,1.723869226
PABP,rf_onehot,29,96,1.6455115340000002
PABP,rf_onehot,29,192,1.850286303
PABP,rf_onehot,29,288,1.850286303
PABP,rf_onehot,29,384,1.850286303
PABP,rf_onehot,29,480,1.850286303
PABP,rf_onehot,30,96,1.317852659
PABP,rf_onehot,30,192,1.637675765
PABP,rf_onehot,30,288,1.637675765
PABP,rf_onehot,30,384,1.821032765
PABP,rf_onehot,30,480,1.821032765
PABP,rf_onehot,31,96,1.477602194
PABP,rf_onehot,31,192,1.477602194
PABP,rf_onehot,31,288,1.827467137
PABP,rf_onehot,31,384,2.081572091
PABP,rf_onehot,31,480,2.081572091
PABP,rf_onehot,32,96,1.797225364
PABP,rf_onehot,32,192,1.797225364
PABP,rf_onehot,32,288,1.797225364
PABP,rf_onehot,32,384,1.797225364
PABP,rf_onehot,32,480,1.797225364
PABP,rf_onehot,33,96,1.556019656
PABP,rf_onehot,33,192,1.582128868
PABP,rf_onehot,33,288,1.822900012
PABP,rf_onehot,33,384,1.822900012
PABP,rf_onehot,33,480,1.822900012
PABP,rf_onehot,34,96,1.379095381
PABP,rf_onehot,34,192,1.548048301
PABP,rf_onehot,34,288,2.236825435
PABP,rf_onehot,34,384,2.236825435
PABP,rf_onehot,34,480,2.236825435
TrpB,evolvepro650,0,96,0.798137603
TrpB,evolvepro650,0,192,0.798137603
TrpB,evolvepro650,0,288,0.800478399
TrpB,evolvepro650,0,384,0.88246645
TrpB,evolvepro650,0,480,1.0
TrpB,evolvepro650,1,96,0.062158812
TrpB,evolvepro650,1,192,0.798137603
TrpB,evolvepro650,1,288,0.798137603
TrpB,evolvepro650,1,384,0.922559227
TrpB,evolvepro650,1,480,1.0
TrpB,evolvepro650,2,96,0.332162068
TrpB,evolvepro650,2,192,0.622208554
TrpB,evolvepro650,2,288,0.732172556
TrpB,evolvepro650,2,384,0.798137603
TrpB,evolvepro650,2,480,0.798137603
TrpB,evolvepro650,3,96,0.487600192
TrpB,evolvepro650,3,192,0.620392949
TrpB,evolvepro650,3,288,0.725715551
TrpB,evolvepro650,3,384,0.794515883
TrpB,evolvepro650,3,480,0.794515883
TrpB,evolvepro650,4,96,0.453085474
TrpB,evolvepro650,4,192,0.622208554
TrpB,evolvepro650,4,288,0.697135774
TrpB,evolvepro650,4,384,0.800478399
TrpB,evolvepro650,4,480,0.800478399
TrpB,evolvepro650,5,96,0.620392949
TrpB,evolvepro650,5,192,0.895147379
TrpB,evolvepro650,5,288,0.922559227
TrpB,evolvepro650,5,384,0.932033526
TrpB,evolvepro650,5,480,1.0
TrpB,evolvepro650,6,96,0.16152114
TrpB,evolvepro650,6,192,0.610653656
TrpB,evolvepro650,6,288,0.801936097
TrpB,evolvepro650,6,384,0.932033526
TrpB,evolvepro650,6,480,0.932033526
TrpB,evolvepro650,7,96,0.104013031
TrpB,evolvepro650,7,192,0.547995866
TrpB,evolvepro650,7,288,0.700465041
TrpB,evolvepro650,7,384,0.800478399
TrpB,evolvepro650,7,480,0.800478399
TrpB,evolvepro650,8,96,0.314968618
TrpB,evolvepro650,8,192,0.555346236
TrpB,evolvepro650,8,288,0.801936097
TrpB,evolvepro650,8,384,0.801936097
TrpB,evolvepro650,8,480,0.84792436
TrpB,evolvepro650,9,96,0.238159744
TrpB,evolvepro650,9,192,0.610653656
TrpB,evolvepro650,9,288,0.801936097
TrpB,evolvepro650,9,384,0.801936097
TrpB,evolvepro650,9,480,0.895147379
TrpB,evolvepro650,10,96,0.480931118
TrpB,evolvepro650,10,192,0.610653656
TrpB,evolvepro650,10,288,0.801936097
TrpB,evolvepro650,10,384,0.909769373
TrpB,evolvepro650,10,480,0.922559227
TrpB,evolvepro650,11,96,0.449137449
TrpB,evolvepro650,11,192,0.672539825
TrpB,evolvepro650,11,288,0.732172556
TrpB,evolvepro650,11,384,0.733449976
TrpB,evolvepro650,11,480,0.932033526
TrpB,evolvepro650,12,96,0.559460466
TrpB,evolvepro650,12,192,0.801936097
TrpB,evolvepro650,12,288,0.909769373
TrpB,evolvepro650,12,384,0.932033526
TrpB,evolvepro650,12,480,0.932033526
TrpB,evolvepro650,13,96,0.080545064
TrpB,evolvepro650,13,192,0.694692262
TrpB,evolvepro650,13,288,0.694692262
TrpB,evolvepro650,13,384,0.732172556
TrpB,evolvepro650,13,480,0.749107106
TrpB,evolvepro650,14,96,0.414671216
TrpB,evolvepro650,14,192,0.6541842
TrpB,evolvepro650,14,288,0.798137603
TrpB,evolvepro650,14,384,0.832570233
TrpB,evolvepro650,14,480,0.832570233
TrpB,evolvepro650,15,96,0.311333829
TrpB,evolvepro650,15,192,0.691731032
TrpB,evolvepro650,15,288,0.909769373
TrpB,evolvepro650,15,384,0.932033526
TrpB,evolvepro650,15,480,0.932033526
TrpB,evolvepro650,16,96,0.42932399
TrpB,evolvepro650,16,192,0.622208554
TrpB,evolvepro650,16,288,0.622208554
TrpB,evolvepro650,16,384,0.746142028
TrpB,evolvepro650,16,480,0.746142028
TrpB,evolvepro650,17,96,0.295662706
TrpB,evolvepro650,17,192,0.654623679
TrpB,evolvepro650,17,288,0.798137603
TrpB,evolvepro650,17,384,0.819070975
TrpB,evolvepro650,17,480,0.909769373
TrpB,evolvepro650,18,96,0.491056851
TrpB,evolvepro650,18,192,0.622208554
TrpB,evolvepro650,18,288,0.732172556
TrpB,evolvepro650,18,384,0.746142028
TrpB,evolvepro650,18,480,0.752894791
TrpB,evolvepro650,19,96,0.560805815
TrpB,evolvepro650,19,192,0.700465041
TrpB,evolvepro650,19,288,0.800478399
TrpB,evolvepro650,19,384,0.801936097
TrpB,evolvepro650,19,480,0.895147379
TrpB,evolvepro650,20,96,0.352359083
TrpB,evolvepro650,20,192,0.610653656
TrpB,evolvepro650,20,288,0.909769373
TrpB,evolvepro650,20,384,0.932033526
TrpB,evolvepro650,20,480,0.932033526
TrpB,evolvepro650,21,96,0.488141893
TrpB,evolvepro650,21,192,0.800478399
TrpB,evolvepro650,21,288,0.909769373
TrpB,evolvepro650,21,384,0.932033526
TrpB,evolvepro650,21,480,0.932033526
TrpB,evolvepro650,22,96,0.365963521
TrpB,evolvepro650,22,192,0.932033526
TrpB,evolvepro650,22,288,0.932033526
TrpB,evolvepro650,22,384,0.932033526
TrpB,evolvepro650,22,480,0.932033526
TrpB,evolvepro650,23,96,0.428569444
TrpB,evolvepro650,23,192,0.801936097
TrpB,evolvepro650,23,288,0.932033526
TrpB,evolvepro650,23,384,0.932033526
TrpB,evolvepro650,23,480,0.932033526
TrpB,evolvepro650,24,96,0.486320462
TrpB,evolvepro650,24,192,0.697135774
TrpB,evolvepro650,24,288,0.798137603
TrpB,evolvepro650,24,384,0.909769373
TrpB,evolvepro650,24,480,0.932033526
TrpB,evolvepro650,25,96,0.53471255
TrpB,evolvepro650,25,192,0.801936097
TrpB,evolvepro650,25,288,0.909769373
TrpB,evolvepro650,25,384,0.932033526
TrpB,evolvepro650,25,480,0.932033526
TrpB,evolvepro650,26,96,0.562311996
TrpB,evolvepro650,26,192,0.726449473
TrpB,evolvepro650,26,288,0.73943435
TrpB,evolvepro650,26,384,0.746142028
TrpB,evolvepro650,26,480,0.752894791
TrpB,evolvepro650,27,96,0.428228797
TrpB,evolvepro650,27,192,0.610653656
TrpB,evolvepro650,27,288,0.691731032
TrpB,evolvepro650,27,384,0.800478399
TrpB,evolvepro650,27,480,0.800478399
TrpB,evolvepro650,28,96,0.600156874
TrpB,evolvepro650,28,192,0.801936097
TrpB,evolvepro650,28,288,0.909769373
TrpB,evolvepro650,28,384,1.0
TrpB,evolvepro650,28,480,1.0
TrpB,evolvepro650,29,96,0.223389948
TrpB,evolvepro650,29,192,0.732172556
TrpB,evolvepro650,29,288,0.740206964
TrpB,evolvepro650,29,384,0.800478399
TrpB,evolvepro650,29,480,0.909769373
TrpB,evolvepro650,30,96,0.707449613
TrpB,evolvepro650,30,192,0.806522842
TrpB,evolvepro650,30,288,1.0
TrpB,evolvepro650,30,384,1.0
TrpB,evolvepro650,30,480,1.0
TrpB,evolvepro650,31,96,0.1449305
TrpB,evolvepro650,31,192,0.53084397
TrpB,evolvepro650,31,288,0.691731032
TrpB,evolvepro650,31,384,0.895147379
TrpB,evolvepro650,31,480,0.909769373
TrpB,evolvepro650,32,96,0.512049231
TrpB,evolvepro650,32,192,0.616945233
TrpB,evolvepro650,32,288,0.841000643
TrpB,evolvepro650,32,384,1.0
TrpB,evolvepro650,32,480,1.0
TrpB,evolvepro650,33,96,0.446803231
TrpB,evolvepro650,33,192,0.800478399
TrpB,evolvepro650,33,288,0.909769373
TrpB,evolvepro650,33,384,0.932033526
TrpB,evolvepro650,33,480,1.0
TrpB,evolvepro650,34,96,0.124681106
TrpB,evolvepro650,34,192,0.932033526
TrpB,evolvepro650,34,288,0.932033526
TrpB,evolvepro650,34,384,0.932033526
TrpB,evolvepro650,34,480,1.0
TrpB,rf_onehot,0,96,0.798137603
TrpB,rf_onehot,0,192,0.798137603
TrpB,rf_onehot,0,288,0.800478399
TrpB,rf_onehot,0,384,0.922559227
TrpB,rf_onehot,0,480,1.0
TrpB,rf_onehot,1,96,0.062158812
TrpB,rf_onehot,1,192,0.6541842
TrpB,rf_onehot,1,288,0.932033526
TrpB,rf_onehot,1,384,1.0
TrpB,rf_onehot,1,480,1.0
TrpB,rf_onehot,2,96,0.332162068
TrpB,rf_onehot,2,192,0.724265211
TrpB,rf_onehot,2,288,0.819070975
TrpB,rf_onehot,2,384,1.0
TrpB,rf_onehot,2,480,1.0
TrpB,rf_onehot,3,96,0.487600192
TrpB,rf_onehot,3,192,0.672976073
TrpB,rf_onehot,3,288,0.746142028
TrpB,rf_onehot,3,384,0.752894791
TrpB,rf_onehot,3,480,0.752894791
TrpB,rf_onehot,4,96,0.453085474
TrpB,rf_onehot,4,192,0.558590018
TrpB,rf_onehot,4,288,0.658552096
TrpB,rf_onehot,4,384,0.672539825
TrpB,rf_onehot,4,480,0.672539825
TrpB,rf_onehot,5,96,0.620392949
TrpB,rf_onehot,5,192,0.895147379
TrpB,rf_onehot,5,288,0.895147379
TrpB,rf_onehot,5,384,1.0
TrpB,rf_onehot,5,480,1.0
TrpB,rf_onehot,6,96,0.16152114
TrpB,rf_onehot,6,192,0.446446958
TrpB,rf_onehot,6,288,0.932033526
TrpB,rf_onehot,6,384,1.0
TrpB,rf_onehot,6,480,1.0
TrpB,rf_onehot,7,96,0.104013031
TrpB,rf_onehot,7,192,0.58968693
TrpB,rf_onehot,7,288,0.694692262
TrpB,rf_onehot,7,384,0.73943435
TrpB,rf_onehot,7,480,0.749107106
TrpB,rf_onehot,8,96,0.314968618
TrpB,rf_onehot,8,192,0.493879144
TrpB,rf_onehot,8,288,0.672539825
TrpB,rf_onehot,8,384,0.672539825
TrpB,rf_onehot,8,480,0.672539825
TrpB,rf_onehot,9,96,0.238159744
TrpB,rf_onehot,9,192,0.533983353
TrpB,rf_onehot,9,288,0.631451427
TrpB,rf_onehot,9,384,0.631451427
TrpB,rf_onehot,9,480,0.752894791
TrpB,rf_onehot,10,96,0.480931118
TrpB,rf_onehot,10,192,0.523568193
TrpB,rf_onehot,10,288,0.672539825
TrpB,rf_onehot,10,384,0.672539825
TrpB,rf_onehot,10,480,0.672539825
TrpB,rf_onehot,11,96,0.449137449
TrpB,rf_onehot,11,192,0.756122223
TrpB,rf_onehot,11,288,0.932033526
TrpB,rf_onehot,11,384,0.932033526
TrpB,rf_onehot,11,480,1.0
TrpB,rf_onehot,12,96,0.559460466
TrpB,rf_onehot,12,192,0.697730085
TrpB,rf_onehot,12,288,0.932033526
TrpB,rf_onehot,12,384,1.0
TrpB,rf_onehot,12,480,1.0
TrpB,rf_onehot,13,96,0.080545064
TrpB,rf_onehot,13,192,0.636889902
TrpB,rf_onehot,13,288,0.671380616
TrpB,rf_onehot,13,384,0.752894791
TrpB,rf_onehot,13,480,0.752894791
TrpB,rf_onehot,14,96,0.414671216
TrpB,rf_onehot,14,192,0.741590256
TrpB,rf_onehot,14,288,0.932033526
TrpB,rf_onehot,14,384,1.0
TrpB,rf_onehot,14,480,1.0
TrpB,rf_onehot,15,96,0.311333829
TrpB,rf_onehot,15,192,0.527403889
TrpB,rf_onehot,15,288,0.84140035
TrpB,rf_onehot,15,384,0.84792436
TrpB,rf_onehot,15,480,0.84792436
TrpB,rf_onehot,16,96,0.42932399
TrpB,rf_onehot,16,192,0.583777431
TrpB,rf_onehot,16,288,0.703611953
TrpB,rf_onehot,16,384,0.780117499
TrpB,rf_onehot,16,480,1.0
TrpB,rf_onehot,17,96,0.295662706
TrpB,rf_onehot,17,192,0.524594226
TrpB,rf_onehot,17,288,1.0
TrpB,rf_onehot,17,384,1.0
TrpB,rf_onehot,17,480,1.0
TrpB,rf_onehot,18,96,0.491056851
TrpB,rf_onehot,18,192,0.558590018
TrpB,rf_onehot,18,288,0.582667974
TrpB,rf_onehot,18,384,0.752894791
TrpB,rf_onehot,18,480,0.752894791
TrpB,rf_onehot,19,96,0.560805815
TrpB,rf_onehot,19,192,0.581262767
TrpB,rf_onehot,19,288,0.756122223
TrpB,rf_onehot,19,384,0.932033526
TrpB,rf_onehot,19,480,0.932033526
TrpB,rf_onehot,20,96,0.352359083
TrpB,rf_onehot,20,192,0.56430706
TrpB,rf_onehot,20,288,0.932033526
TrpB,rf_onehot,20,384,1.0
TrpB,rf_onehot,20,480,1.0
TrpB,rf_onehot,21,96,0.488141893
TrpB,rf_onehot,21,192,0.672976073
TrpB,rf_onehot,21,288,0.746142028
TrpB,rf_onehot,21,384,0.746142028
TrpB,rf_onehot,21,480,0.88246645
TrpB,rf_onehot,22,96,0.365963521
TrpB,rf_onehot,22,192,0.543796422
TrpB,rf_onehot,22,288,0.742180293
TrpB,rf_onehot,22,384,0.922559227
TrpB,rf_onehot,22,480,0.922559227
TrpB,rf_onehot,23,96,0.428569444
TrpB,rf_onehot,23,192,0.715912054
TrpB,rf_onehot,23,288,0.895147379
TrpB,rf_onehot,23,384,0.895147379
TrpB,rf_onehot,23,480,0.895147379
TrpB,rf_onehot,24,96,0.486320462
TrpB,rf_onehot,24,192,0.841000643
TrpB,rf_onehot,24,288,1.0
TrpB,rf_onehot,24,384,1.0
TrpB,rf_onehot,24,480,1.0
TrpB,rf_onehot,25,96,0.53471255
TrpB,rf_onehot,25,192,0.733449976
TrpB,rf_onehot,25,288,0.73943435
TrpB,rf_onehot,25,384,0.73943435
TrpB,rf_onehot,25,480,0.742180293
TrpB,rf_onehot,26,96,0.562311996
TrpB,rf_onehot,26,192,0.746142028
TrpB,rf_onehot,26,288,0.746142028
TrpB,rf_onehot,26,384,0.746142028
TrpB,rf_onehot,26,480,0.752894791
TrpB,rf_onehot,27,96,0.428228797
TrpB,rf_onehot,27,192,0.691731032
TrpB,rf_onehot,27,288,0.800478399
TrpB,rf_onehot,27,384,0.800478399
TrpB,rf_onehot,27,480,0.922559227
TrpB,rf_onehot,28,96,0.600156874
TrpB,rf_onehot,28,192,0.841000643
TrpB,rf_onehot,28,288,1.0
TrpB,rf_onehot,28,384,1.0
TrpB,rf_onehot,28,480,1.0
TrpB,rf_onehot,29,96,0.223389948
TrpB,rf_onehot,29,192,0.613063852
TrpB,rf_onehot,29,288,0.66472738
TrpB,rf_onehot,29,384,0.819070975
TrpB,rf_onehot,29,480,0.841000643
TrpB,rf_onehot,30,96,0.707449613
TrpB,rf_onehot,30,192,0.922559227
TrpB,rf_onehot,30,288,0.922559227
TrpB,rf_onehot,30,384,1.0
TrpB,rf_onehot,30,480,1.0
TrpB,rf_onehot,31,96,0.1449305
TrpB,rf_onehot,31,192,0.541713707
TrpB,rf_onehot,31,288,0.541713707
TrpB,rf_onehot,31,384,0.687774419
TrpB,rf_onehot,31,480,1.0
TrpB,rf_onehot,32,96,0.512049231
TrpB,rf_onehot,32,192,0.63139401
TrpB,rf_onehot,32,288,1.0
TrpB,rf_onehot,32,384,1.0
TrpB,rf_onehot,32,480,1.0
TrpB,rf_onehot,33,96,0.446803231
TrpB,rf_onehot,33,192,0.746142028
TrpB,rf_onehot,33,288,0.752894791
TrpB,rf_onehot,33,384,0.752894791
TrpB,rf_onehot,33,480,0.752894791
TrpB,rf_onehot,34,96,0.124681106
TrpB,rf_onehot,34,192,0.922559227
TrpB,rf_onehot,34,288,0.932033526
TrpB,rf_onehot,34,384,1.0
TrpB,rf_onehot,34,480,1.0
HIS7,bata,0,96,1.1739938443
HIS7,bata,0,192,1.21398491193
HIS7,bata,0,288,1.2267650448899998
HIS7,bata,0,384,1.2267650448899998
HIS7,bata,0,480,1.2267650448899998
HIS7,bata,1,96,1.22075703386
HIS7,bata,1,192,1.22075703386
HIS7,bata,1,288,1.26684258452
HIS7,bata,1,384,1.26684258452
HIS7,bata,1,480,1.26686431718
HIS7,bata,2,96,1.24365406533
HIS7,bata,2,192,1.24365406533
HIS7,bata,2,288,1.24365406533
HIS7,bata,2,384,1.36443738796
HIS7,bata,2,480,1.36443738796
HIS7,bata,3,96,1.52873480326
HIS7,bata,3,192,1.52873480326
HIS7,bata,3,288,1.52873480326
HIS7,bata,3,384,1.52873480326
HIS7,bata,3,480,1.52873480326
HIS7,bata,4,96,1.14214579034
HIS7,bata,4,192,1.1919778314899998
HIS7,bata,4,288,1.41502521208
HIS7,bata,4,384,1.41502521208
HIS7,bata,4,480,1.5156151211500002
HIS7,bata,5,96,1.22563684699
HIS7,bata,5,192,1.3002003892899998
HIS7,bata,5,288,1.3002003892899998
HIS7,bata,5,384,1.3002003892899998
HIS7,bata,5,480,1.3102758223
HIS7,bata,6,96,1.0971648803299998
HIS7,bata,6,192,1.21790052506
HIS7,bata,6,288,1.7037970650799998
HIS7,bata,6,384,1.7037970650799998
HIS7,bata,6,480,1.7037970650799998
HIS7,bata,7,96,1.15938886371
HIS7,bata,7,192,1.27241107015
HIS7,bata,7,288,1.27241107015
HIS7,bata,7,384,1.27241107015
HIS7,bata,7,480,1.27241107015
HIS7,bata,8,96,1.14914934948
HIS7,bata,8,192,1.35972648724
HIS7,bata,8,288,1.35972648724
HIS7,bata,8,384,1.35972648724
HIS7,bata,8,480,1.35972648724
HIS7,bata,9,96,1.07199102405
HIS7,bata,9,192,1.20047725704
HIS7,bata,9,288,1.20047725704
HIS7,bata,9,384,1.20047725704
HIS7,bata,9,480,1.20047725704
HIS7,bata,10,96,1.09577727479
HIS7,bata,10,192,1.27310765615
HIS7,bata,10,288,1.27788782759
HIS7,bata,10,384,1.2974376116600002
HIS7,bata,10,480,1.3496649966799998
HIS7,bata,11,96,1.15434885483
HIS7,bata,11,192,1.1897481567
HIS7,bata,11,288,1.22589877585
HIS7,bata,11,384,1.22589877585
HIS7,bata,11,480,1.22589877585
HIS7,bata,12,96,1.18035505212
HIS7,bata,12,192,1.23542104381
HIS7,bata,12,288,1.29447842251
HIS7,bata,12,384,1.29447842251
HIS7,bata,12,480,1.344824494
HIS7,bata,13,96,1.09831040847
HIS7,bata,13,192,1.24290905781
HIS7,bata,13,288,1.3172528020999998
HIS7,bata,13,384,1.3172528020999998
HIS7,bata,13,480,1.3172528020999998
HIS7,bata,14,96,1.18584813283
HIS7,bata,14,192,1.25808150099
HIS7,bata,14,288,1.26028881193
HIS7,bata,14,384,1.29447842251
HIS7,bata,14,480,1.29447842251
HIS7,bata,15,96,1.11665524233
HIS7,bata,15,192,1.1962031614
HIS7,bata,15,288,1.23487363148
HIS7,bata,15,384,1.33590443118
HIS7,bata,15,480,1.33590443118
HIS7,bata,16,96,1.18462347001
HIS7,bata,16,192,1.20460964991
HIS7,bata,16,288,1.20460964991
HIS7,bata,16,384,1.20460964991
HIS7,bata,16,480,1.26686431718
HIS7,bata,17,96,1.28752903528
HIS7,bata,17,192,1.33590443118
HIS7,bata,17,288,1.33590443118
HIS7,bata,17,384,1.33590443118
HIS7,bata,17,480,1.33590443118
HIS7,bata,18,96,1.13402315488
HIS7,bata,18,192,1.27310765615
HIS7,bata,18,288,1.27310765615
HIS7,bata,18,384,1.27310765615
HIS7,bata,18,480,1.27310765615
HIS7,bata,19,96,1.1657180390100002
HIS7,bata,19,192,1.1657180390100002
HIS7,bata,19,288,1.1657180390100002
HIS7,bata,19,384,1.27310765615
HIS7,bata,19,480,1.27310765615
HIS7,bata,20,96,1.19539086196
HIS7,bata,20,192,1.55180615142
HIS7,bata,20,288,1.55180615142
HIS7,bata,20,384,1.55180615142
HIS7,bata,20,480,1.55180615142
HIS7,bata,21,96,1.17655703127
HIS7,bata,21,192,1.17655703127
HIS7,bata,21,288,1.23230220186
HIS7,bata,21,384,1.27547494236
HIS7,bata,21,480,1.31039787955
HIS7,bata,22,96,1.21535777857
HIS7,bata,22,192,1.62104468296
HIS7,bata,22,288,1.62104468296
HIS7,bata,22,384,1.62104468296
HIS7,bata,22,480,1.62104468296
HIS7,bata,23,96,1.08432812097
HIS7,bata,23,192,1.21790052506
HIS7,bata,23,288,1.29447842251
HIS7,bata,23,384,1.33590443118
HIS7,bata,23,480,1.33590443118
HIS7,reap100,0,96,1.1739938443
HIS7,reap100,0,192,1.3172528020999998
HIS7,reap100,0,288,1.3172528020999998
HIS7,reap100,0,384,1.3172528020999998
HIS7,reap100,0,480,1.3172528020999998
HIS7,reap100,1,96,1.22075703386
HIS7,reap100,1,192,1.35972648724
HIS7,reap100,1,288,1.35972648724
HIS7,reap100,1,384,1.35972648724
HIS7,reap100,1,480,1.35972648724
HIS7,reap100,2,96,1.24365406533
HIS7,reap100,2,192,1.24365406533
HIS7,reap100,2,288,1.36301904343
HIS7,reap100,2,384,1.36301904343
HIS7,reap100,2,480,1.36301904343
HIS7,reap100,3,96,1.52873480326
HIS7,reap100,3,192,1.52873480326
HIS7,reap100,3,288,1.52873480326
HIS7,reap100,3,384,1.52873480326
HIS7,reap100,3,480,1.52873480326
HIS7,reap100,4,96,1.14214579034
HIS7,reap100,4,192,1.16130971442
HIS7,reap100,4,288,1.19914856646
HIS7,reap100,4,384,1.19914856646
HIS7,reap100,4,480,1.28506748792
HIS7,reap100,5,96,1.22563684699
HIS7,reap100,5,192,1.3002003892899998
HIS7,reap100,5,288,1.3002003892899998
HIS7,reap100,5,384,1.3002003892899998
HIS7,reap100,5,480,1.3002003892899998
HIS7,reap100,6,96,1.0971648803299998
HIS7,reap100,6,192,1.22018965276
HIS7,reap100,6,288,1.2992911341
HIS7,reap100,6,384,1.2992911341
HIS7,reap100,6,480,1.2992911341
HIS7,reap100,7,96,1.15938886371
HIS7,reap100,7,192,1.15938886371
HIS7,reap100,7,288,1.26963420195
HIS7,reap100,7,384,1.26963420195
HIS7,reap100,7,480,1.26963420195
HIS7,reap100,8,96,1.14914934948
HIS7,reap100,8,192,1.2949433089700002
HIS7,reap100,8,288,1.2949433089700002
HIS7,reap100,8,384,1.2974376116600002
HIS7,reap100,8,480,1.2974376116600002
HIS7,reap100,9,96,1.07199102405
HIS7,reap100,9,192,1.24968760638
HIS7,reap100,9,288,1.51399567574
HIS7,reap100,9,384,1.51399567574
HIS7,reap100,9,480,1.51399567574
HIS7,reap100,10,96,1.09577727479
HIS7,reap100,10,192,1.22018965276
HIS7,reap100,10,288,1.22018965276
HIS7,reap100,10,384,1.22018965276
HIS7,reap100,10,480,1.22018965276
HIS7,reap100,11,96,1.15434885483
HIS7,reap100,11,192,1.28840866164
HIS7,reap100,11,288,1.28840866164
HIS7,reap100,11,384,1.28840866164
HIS7,reap100,11,480,1.35972648724
HIS7,reap100,12,96,1.18035505212
HIS7,reap100,12,192,1.3172528020999998
HIS7,reap100,12,288,1.3172528020999998
HIS7,reap100,12,384,1.3172528020999998
HIS7,reap100,12,480,1.3172528020999998
HIS7,reap100,13,96,1.09831040847
HIS7,reap100,13,192,1.35972648724
HIS7,reap100,13,288,1.35972648724
HIS7,reap100,13,384,1.35972648724
HIS7,reap100,13,480,1.35972648724
HIS7,reap100,14,96,1.18584813283
HIS7,reap100,14,192,1.3172528020999998
HIS7,reap100,14,288,1.3172528020999998
HIS7,reap100,14,384,1.3172528020999998
HIS7,reap100,14,480,1.3172528020999998
HIS7,reap100,15,96,1.11665524233
HIS7,reap100,15,192,1.11975353159
HIS7,reap100,15,288,1.35972648724
HIS7,reap100,15,384,1.35972648724
HIS7,reap100,15,480,1.35972648724
HIS7,reap100,16,96,1.18462347001
HIS7,reap100,16,192,1.2949433089700002
HIS7,reap100,16,288,1.2949433089700002
HIS7,reap100,16,384,1.35364431372
HIS7,reap100,16,480,1.35364431372
HIS7,reap100,17,96,1.28752903528
HIS7,reap100,17,192,1.28752903528
HIS7,reap100,17,288,1.28752903528
HIS7,reap100,17,384,1.28752903528
HIS7,reap100,17,480,1.28752903528
HIS7,reap100,18,96,1.13402315488
HIS7,reap100,18,192,1.25044679906
HIS7,reap100,18,288,1.25044679906
HIS7,reap100,18,384,1.31320635504
HIS7,reap100,18,480,1.38237332394
HIS7,reap100,19,96,1.1657180390100002
HIS7,reap100,19,192,1.3525815155899998
HIS7,reap100,19,288,1.3525815155899998
HIS7,reap100,19,384,1.5363910425299998
HIS7,reap100,19,480,1.5363910425299998
HIS7,reap100,20,96,1.19539086196
HIS7,reap100,20,192,1.2376215674
HIS7,reap100,20,288,1.3172528020999998
HIS7,reap100,20,384,1.3172528020999998
HIS7,reap100,20,480,1.3172528020999998
HIS7,reap100,21,96,1.17655703127
HIS7,reap100,21,192,1.17655703127
HIS7,reap100,21,288,1.17730439239
HIS7,reap100,21,384,1.5363910425299998
HIS7,reap100,21,480,1.5363910425299998
HIS7,reap100,22,96,1.21535777857
HIS7,reap100,22,192,1.21535777857
HIS7,reap100,22,288,1.21535777857
HIS7,reap100,22,384,1.3301677747799998
HIS7,reap100,22,480,1.3301677747799998
HIS7,reap100,23,96,1.08432812097
HIS7,reap100,23,192,1.2856923452
HIS7,reap100,23,288,1.2856923452
HIS7,reap100,23,384,1.2856923452
HIS7,reap100,23,480,1.29447842251
HIS7,rf_onehot,0,96,1.1739938443
HIS7,rf_onehot,0,192,1.1925945959100002
HIS7,rf_onehot,0,288,1.30089475521
HIS7,rf_onehot,0,384,1.30089475521
HIS7,rf_onehot,0,480,1.30089475521
HIS7,rf_onehot,1,96,1.22075703386
HIS7,rf_onehot,1,192,1.22075703386
HIS7,rf_onehot,1,288,1.26684258452
HIS7,rf_onehot,1,384,1.26684258452
HIS7,rf_onehot,1,480,1.6470591173
HIS7,rf_onehot,2,96,1.24365406533
HIS7,rf_onehot,2,192,1.27925643862
HIS7,rf_onehot,2,288,1.27925643862
HIS7,rf_onehot,2,384,1.39441801285
HIS7,rf_onehot,2,480,1.39441801285
HIS7,rf_onehot,3,96,1.52873480326
HIS7,rf_onehot,3,192,1.52873480326
HIS7,rf_onehot,3,288,1.52873480326
HIS7,rf_onehot,3,384,1.52873480326
HIS7,rf_onehot,3,480,1.52873480326
HIS7,rf_onehot,4,96,1.14214579034
HIS7,rf_onehot,4,192,1.20687586596
HIS7,rf_onehot,4,288,1.20687586596
HIS7,rf_onehot,4,384,1.20687586596
HIS7,rf_onehot,4,480,1.2541575887
HIS7,rf_onehot,5,96,1.22563684699
HIS7,rf_onehot,5,192,1.22563684699
HIS7,rf_onehot,5,288,1.23562598713
HIS7,rf_onehot,5,384,1.28432374873
HIS7,rf_onehot,5,480,1.28432374873
HIS7,rf_onehot,6,96,1.0971648803299998
HIS7,rf_onehot,6,192,1.25389355465
HIS7,rf_onehot,6,288,1.27664264794
HIS7,rf_onehot,6,384,1.27664264794
HIS7,rf_onehot,6,480,1.29689068376
HIS7,rf_onehot,7,96,1.15938886371
HIS7,rf_onehot,7,192,1.15938886371
HIS7,rf_onehot,7,288,1.25808150099
HIS7,rf_onehot,7,384,1.27787309927
HIS7,rf_onehot,7,480,1.27787309927
HIS7,rf_onehot,8,96,1.14914934948
HIS7,rf_onehot,8,192,1.2281536352700002
HIS7,rf_onehot,8,288,1.23350878929
HIS7,rf_onehot,8,384,1.23350878929
HIS7,rf_onehot,8,480,1.67518246956
HIS7,rf_onehot,9,96,1.07199102405
HIS7,rf_onehot,9,192,1.09128762093
HIS7,rf_onehot,9,288,1.11272706737
HIS7,rf_onehot,9,384,1.16161232904
HIS7,rf_onehot,9,480,1.16161232904
HIS7,rf_onehot,10,96,1.09577727479
HIS7,rf_onehot,10,192,1.14969146816
HIS7,rf_onehot,10,288,1.21656654411
HIS7,rf_onehot,10,384,1.4928093346
HIS7,rf_onehot,10,480,1.4928093346
HIS7,rf_onehot,11,96,1.15434885483
HIS7,rf_onehot,11,192,1.23247854907
HIS7,rf_onehot,11,288,1.29396353244
HIS7,rf_onehot,11,384,1.29396353244
HIS7,rf_onehot,11,480,1.29396353244
HIS7,rf_onehot,12,96,1.18035505212
HIS7,rf_onehot,12,192,1.18035505212
HIS7,rf_onehot,12,288,1.43795038333
HIS7,rf_onehot,12,384,1.43795038333
HIS7,rf_onehot,12,480,1.43795038333
HIS7,rf_onehot,13,96,1.09831040847
HIS7,rf_onehot,13,192,1.23201697403
HIS7,rf_onehot,13,288,1.34460653777
HIS7,rf_onehot,13,384,1.34460653777
HIS7,rf_onehot,13,480,1.34460653777
HIS7,rf_onehot,14,96,1.18584813283
HIS7,rf_onehot,14,192,1.18584813283
HIS7,rf_onehot,14,288,1.18584813283
HIS7,rf_onehot,14,384,1.19983331738
HIS7,rf_onehot,14,480,1.19983331738
HIS7,rf_onehot,15,96,1.11665524233
HIS7,rf_onehot,15,192,1.1962031614
HIS7,rf_onehot,15,288,1.25731161729
HIS7,rf_onehot,15,384,1.62104468296
HIS7,rf_onehot,15,480,1.62104468296
HIS7,rf_onehot,16,96,1.18462347001
HIS7,rf_onehot,16,192,1.29817347434
HIS7,rf_onehot,16,288,1.29817347434
HIS7,rf_onehot,16,384,1.51399567574
HIS7,rf_onehot,16,480,1.7341178162200002
HIS7,rf_onehot,17,96,1.28752903528
HIS7,rf_onehot,17,192,1.28752903528
HIS7,rf_onehot,17,288,1.41502521208
HIS7,rf_onehot,17,384,1.5156151211500002
HIS7,rf_onehot,17,480,1.5156151211500002
HIS7,rf_onehot,18,96,1.13402315488
HIS7,rf_onehot,18,192,1.14222102044
HIS7,rf_onehot,18,288,1.28973280768
HIS7,rf_onehot,18,384,1.28973280768
HIS7,rf_onehot,18,480,1.28973280768
HIS7,rf_onehot,19,96,1.1657180390100002
HIS7,rf_onehot,19,192,1.32921487091
HIS7,rf_onehot,19,288,1.35666251849
HIS7,rf_onehot,19,384,1.35666251849
HIS7,rf_onehot,19,480,1.35666251849
HIS7,rf_onehot,20,96,1.19539086196
HIS7,rf_onehot,20,192,1.2069235820200002
HIS7,rf_onehot,20,288,1.20923982522
HIS7,rf_onehot,20,384,1.30816858475
HIS7,rf_onehot,20,480,1.30816858475
HIS7,rf_onehot,21,96,1.17655703127
HIS7,rf_onehot,21,192,1.31204211692
HIS7,rf_onehot,21,288,1.31204211692
HIS7,rf_onehot,21,384,1.31204211692
HIS7,rf_onehot,21,480,1.31204211692
HIS7,rf_onehot,22,96,1.21535777857
HIS7,rf_onehot,22,192,1.21535777857
HIS7,rf_onehot,22,288,1.24870517358
HIS7,rf_onehot,22,384,1.39937449714
HIS7,rf_onehot,22,480,1.39937449714
HIS7,rf_onehot,23,96,1.08432812097
HIS7,rf_onehot,23,192,1.25736027201
HIS7,rf_onehot,23,288,1.5391580821700002
HIS7,rf_onehot,23,384,1.5391580821700002
HIS7,rf_onehot,23,480,1.5391580821700002
GB1,alde,0,96,0.10510829340780974
GB1,alde,0,192,0.5457370834049752
GB1,alde,0,288,0.8345908537078612
GB1,alde,0,384,1.0
GB1,alde,0,480,1.0
GB1,alde,1,96,0.3810598537000246
GB1,alde,1,192,0.5449108151583013
GB1,alde,1,288,0.6989076464601929
GB1,alde,1,384,1.0
GB1,alde,1,480,1.0
GB1,alde,2,96,0.17286886532849932
GB1,alde,2,192,0.5480552796633789
GB1,alde,2,288,1.0
GB1,alde,2,384,1.0
GB1,alde,2,480,1.0
GB1,alde,3,96,0.15079328416395246
GB1,alde,3,192,0.6271281750844608
GB1,alde,3,288,0.6271281750844608
GB1,alde,3,384,1.0
GB1,alde,3,480,1.0
GB1,alde,4,96,0.15680382975014026
GB1,alde,4,192,0.5125497662644571
GB1,alde,4,288,0.5449108151583013
GB1,alde,4,384,0.5783003395511142
GB1,alde,4,480,0.8345908537078612
GB1,alde,5,96,0.5288956730647107
GB1,alde,5,192,0.7849778591964844
GB1,alde,5,288,0.8345908537078612
GB1,alde,5,384,0.8345908537078612
GB1,alde,5,480,0.8622110018003477
GB1,alde,6,96,0.16967748224189114
GB1,alde,6,192,0.6818925132294539
GB1,alde,6,288,0.8622110018003477
GB1,alde,6,384,1.0
GB1,alde,6,480,1.0
GB1,alde,7,96,0.31959416607418856
GB1,alde,7,192,0.48381330678888484
GB1,alde,7,288,0.8345908537078612
GB1,alde,7,384,0.8345908537078612
GB1,alde,7,480,1.0
GB1,alde,8,96,0.08445878847895819
GB1,alde,8,192,0.42697409689550153
GB1,alde,8,288,0.8345908537078612
GB1,alde,8,384,0.8345908537078612
GB1,alde,8,480,0.8345908537078612
GB1,alde,9,96,0.39448148676925154
GB1,alde,9,192,0.5829596053600419
GB1,alde,9,288,0.8345908537078612
GB1,alde,9,384,1.0
GB1,alde,9,480,1.0
GB1,alde,10,96,0.3307623982770836
GB1,alde,10,192,0.6587599672965438
GB1,alde,10,288,0.6587599672965438
GB1,alde,10,384,1.0
GB1,alde,10,480,1.0
GB1,alde,11,96,0.2327546040543394
GB1,alde,11,192,0.6003990279735468
GB1,alde,11,288,0.8622110018003477
GB1,alde,11,384,1.0
GB1,alde,11,480,1.0
GB1,alde,12,96,0.2994041708213699
GB1,alde,12,192,0.5457370834049752
GB1,alde,12,288,0.8345908537078612
GB1,alde,12,384,0.8622110018003477
GB1,alde,12,480,0.8624627606050047
GB1,alde,13,96,0.3837405675857171
GB1,alde,13,192,0.5783003395511142
GB1,alde,13,288,0.7849778591964844
GB1,alde,13,384,0.8345908537078612
GB1,alde,13,480,0.8622110018003477
GB1,alde,14,96,0.21876703073897555
GB1,alde,14,192,0.47388020690958993
GB1,alde,14,288,0.8345908537078612
GB1,alde,14,384,1.0
GB1,alde,14,480,1.0
GB1,alde,15,96,0.4100104149050091
GB1,alde,15,192,0.723981093746483
GB1,alde,15,288,0.7849778591964844
GB1,alde,15,384,0.8345908537078612
GB1,alde,15,480,0.8622110018003477
GB1,alde,16,96,0.07127973043038827
GB1,alde,16,192,0.35332949723216767
GB1,alde,16,288,0.6140509583389767
GB1,alde,16,384,0.8345908537078612
GB1,alde,16,480,1.0
GB1,alde,17,96,0.17224300987376526
GB1,alde,17,192,0.5477805895887433
GB1,alde,17,288,0.8345908537078612
GB1,alde,17,384,0.8345908537078612
GB1,alde,17,480,0.8345908537078612
GB1,alde,18,96,0.3684210526195653
GB1,alde,18,192,0.5449108151583013
GB1,alde,18,288,0.6535915260154497
GB1,alde,18,384,0.6723293504313184
GB1,alde,18,480,0.8622110018003477
GB1,alde,19,96,0.5009111858358557
GB1,alde,19,192,0.5120383430089994
GB1,alde,19,288,0.6054323835847731
GB1,alde,19,384,0.6383703659200922
GB1,alde,19,480,0.7352767757755749
GB1,bata,0,96,0.10510829340780974
GB1,bata,0,192,0.7352767757755749
GB1,bata,0,288,0.7352767757755749
GB1,bata,0,384,0.7849778591964844
GB1,bata,0,480,0.7849778591964844
GB1,bata,1,96,0.3810598537000246
GB1,bata,1,192,0.5568023833395405
GB1,bata,1,288,0.5882232195775227
GB1,bata,1,384,0.7352767757755749
GB1,bata,1,480,0.8345908537078612
GB1,bata,2,96,0.17286886532849932
GB1,bata,2,192,0.5449108151583013
GB1,bata,2,288,0.6162714928358993
GB1,bata,2,384,0.687915107481905
GB1,bata,2,480,1.0
GB1,bata,3,96,0.15079328416395246
GB1,bata,3,192,0.6209353905963313
GB1,bata,3,288,0.8345908537078612
GB1,bata,3,384,0.8345908537078612
GB1,bata,3,480,0.8345908537078612
GB1,bata,4,96,0.15680382975014026
GB1,bata,4,192,0.48381330678888484
GB1,bata,4,288,0.6895801554372128
GB1,bata,4,384,0.6895801554372128
GB1,bata,4,480,1.0
GB1,bata,5,96,0.5288956730647107
GB1,bata,5,192,0.7849778591964844
GB1,bata,5,288,0.8345908537078612
GB1,bata,5,384,0.8345908537078612
GB1,bata,5,480,0.8345908537078612
GB1,bata,6,96,0.16967748224189114
GB1,bata,6,192,0.6535915260154497
GB1,bata,6,288,0.8624627606050047
GB1,bata,6,384,0.8624627606050047
GB1,bata,6,480,0.8624627606050047
GB1,bata,7,96,0.31959416607418856
GB1,bata,7,192,0.48381330678888484
GB1,bata,7,288,0.5792421057396576
GB1,bata,7,384,0.6587599672965438
GB1,bata,7,480,0.6587599672965438
GB1,bata,8,96,0.08445878847895819
GB1,bata,8,192,0.5867706908300168
GB1,bata,8,288,0.6856482976381117
GB1,bata,8,384,0.825004381071726
GB1,bata,8,480,1.0
GB1,bata,9,96,0.39448148676925154
GB1,bata,9,192,0.39448148676925154
GB1,bata,9,288,0.7352767757755749
GB1,bata,9,384,0.7352767757755749
GB1,bata,9,480,1.0
GB1,bata,10,96,0.3307623982770836
GB1,bata,10,192,0.5007717973643698
GB1,bata,10,288,0.6895801554372128
GB1,bata,10,384,0.6895801554372128
GB1,bata,10,480,0.6895801554372128
GB1,bata,11,96,0.2327546040543394
GB1,bata,11,192,0.5792421057396576
GB1,bata,11,288,0.5792421057396576
GB1,bata,11,384,0.6209353905963313
GB1,bata,11,480,0.6209353905963313
GB1,bata,12,96,0.2994041708213699
GB1,bata,12,192,0.7352767757755749
GB1,bata,12,288,0.7352767757755749
GB1,bata,12,384,0.7849778591964844
GB1,bata,12,480,0.8345908537078612
GB1,bata,13,96,0.3837405675857171
GB1,bata,13,192,0.5783003395511142
GB1,bata,13,288,0.7849778591964844
GB1,bata,13,384,0.8345908537078612
GB1,bata,13,480,0.8345908537078612
GB1,bata,14,96,0.21876703073897555
GB1,bata,14,192,0.532093817533676
GB1,bata,14,288,0.7352767757755749
GB1,bata,14,384,0.8345908537078612
GB1,bata,14,480,0.8345908537078612
GB1,bata,15,96,0.4100104149050091
GB1,bata,15,192,0.5568023833395405
GB1,bata,15,288,0.8345908537078612
GB1,bata,15,384,0.8345908537078612
GB1,bata,15,480,0.8345908537078612
GB1,bata,16,96,0.07127973043038827
GB1,bata,16,192,0.2230014895872128
GB1,bata,16,288,0.5792421057396576
GB1,bata,16,384,0.7352767757755749
GB1,bata,16,480,0.7352767757755749
GB1,bata,17,96,0.17224300987376526
GB1,bata,17,192,0.7352767757755749
GB1,bata,17,288,0.8345908537078612
GB1,bata,17,384,0.8345908537078612
GB1,bata,17,480,0.8345908537078612
GB1,bata,18,96,0.3684210526195653
GB1,bata,18,192,0.5449108151583013
GB1,bata,18,288,0.5504934558488072
GB1,bata,18,384,0.7077333663997645
GB1,bata,18,480,1.0
GB1,bata,19,96,0.5009111858358557
GB1,bata,19,192,0.6157348388264443
GB1,bata,19,288,0.8345908537078612
GB1,bata,19,384,0.8345908537078612
GB1,bata,19,480,0.8345908537078612
GB1,reap100,0,96,0.10510829340780974
GB1,reap100,0,192,0.49601839754118304
GB1,reap100,0,288,0.7352767757755749
GB1,reap100,0,384,0.8345908537078612
GB1,reap100,0,480,0.8622110018003477
GB1,reap100,1,96,0.3810598537000246
GB1,reap100,1,192,0.5832736305580425
GB1,reap100,1,288,0.7077333663997645
GB1,reap100,1,384,1.0
GB1,reap100,1,480,1.0
GB1,reap100,2,96,0.17286886532849932
GB1,reap100,2,192,0.5119570088623046
GB1,reap100,2,288,0.825004381071726
GB1,reap100,2,384,1.0
GB1,reap100,2,480,1.0
GB1,reap100,3,96,0.15079328416395246
GB1,reap100,3,192,0.7907195088416814
GB1,reap100,3,288,1.0
GB1,reap100,3,384,1.0
GB1,reap100,3,480,1.0
GB1,reap100,4,96,0.15680382975014026
GB1,reap100,4,192,0.5125497662644571
GB1,reap100,4,288,0.5125497662644571
GB1,reap100,4,384,0.6209353905963313
GB1,reap100,4,480,0.7352767757755749
GB1,reap100,5,96,0.5288956730647107
GB1,reap100,5,192,0.7849778591964844
GB1,reap100,5,288,0.8345908537078612
GB1,reap100,5,384,0.8345908537078612
GB1,reap100,5,480,0.8622110018003477
GB1,reap100,6,96,0.16967748224189114
GB1,reap100,6,192,0.6548964936960946
GB1,reap100,6,288,0.6723293504313184
GB1,reap100,6,384,0.7077333663997645
GB1,reap100,6,480,0.9181903148057718
GB1,reap100,7,96,0.31959416607418856
GB1,reap100,7,192,0.5183026506033135
GB1,reap100,7,288,0.7077333663997645
GB1,reap100,7,384,0.7077333663997645
GB1,reap100,7,480,0.9181903148057718
GB1,reap100,8,96,0.08445878847895819
GB1,reap100,8,192,0.23842967651549993
GB1,reap100,8,288,0.5306570424429886
GB1,reap100,8,384,0.7849778591964844
GB1,reap100,8,480,0.8345908537078612
GB1,reap100,9,96,0.39448148676925154
GB1,reap100,9,192,0.49820766827712387
GB1,reap100,9,288,0.6271281750844608
GB1,reap100,9,384,1.0
GB1,reap100,9,480,1.0
GB1,reap100,10,96,0.3307623982770836
GB1,reap100,10,192,0.6587599672965438
GB1,reap100,10,288,0.6587599672965438
GB1,reap100,10,384,0.6587599672965438
GB1,reap100,10,480,1.0
GB1,reap100,11,96,0.2327546040543394
GB1,reap100,11,192,0.6003990279735468
GB1,reap100,11,288,0.825004381071726
GB1,reap100,11,384,1.0
GB1,reap100,11,480,1.0
GB1,reap100,12,96,0.2994041708213699
GB1,reap100,12,192,0.532093817533676
GB1,reap100,12,288,0.5990525960810729
GB1,reap100,12,384,0.7849778591964844
GB1,reap100,12,480,0.8345908537078612
GB1,reap100,13,96,0.3837405675857171
GB1,reap100,13,192,0.5783003395511142
GB1,reap100,13,288,0.8311300290264457
GB1,reap100,13,384,0.8622110018003477
GB1,reap100,13,480,0.8622110018003477
GB1,reap100,14,96,0.21876703073897555
GB1,reap100,14,192,0.4023166461039596
GB1,reap100,14,288,0.7352767757755749
GB1,reap100,14,384,0.8345908537078612
GB1,reap100,14,480,0.8345908537078612
GB1,reap100,15,96,0.4100104149050091
GB1,reap100,15,192,0.723981093746483
GB1,reap100,15,288,0.8345908537078612
GB1,reap100,15,384,0.8345908537078612
GB1,reap100,15,480,0.8345908537078612
GB1,reap100,16,96,0.07127973043038827
GB1,reap100,16,192,0.3589689248377944
GB1,reap100,16,288,0.5306570424429886
GB1,reap100,16,384,0.6381330684823219
GB1,reap100,16,480,0.7352767757755749
GB1,reap100,17,96,0.17224300987376526
GB1,reap100,17,192,0.5246839375422451
GB1,reap100,17,288,0.7849778591964844
GB1,reap100,17,384,0.8345908537078612
GB1,reap100,17,480,0.8345908537078612
GB1,reap100,18,96,0.3684210526195653
GB1,reap100,18,192,0.5449108151583013
GB1,reap100,18,288,0.5832736305580425
GB1,reap100,18,384,0.6723293504313184
GB1,reap100,18,480,0.7077333663997645
GB1,reap100,19,96,0.5009111858358557
GB1,reap100,19,192,0.782648947420161
GB1,reap100,19,288,0.8345908537078612
GB1,reap100,19,384,0.8345908537078612
GB1,reap100,19,480,0.8622110018003477
PABP,bata,0,96,1.7575971030000002
PABP,bata,0,192,1.7575971030000002
PABP,bata,0,288,1.786856756
PABP,bata,0,384,1.974613841
PABP,bata,0,480,2.868778599
PABP,bata,1,96,1.233927446
PABP,bata,1,192,2.868778599
PABP,bata,1,288,2.868778599
PABP,bata,1,384,2.868778599
PABP,bata,1,480,2.868778599
PABP,bata,2,96,1.369776664
PABP,bata,2,192,1.822900012
PABP,bata,2,288,1.822900012
PABP,bata,2,384,2.868778599
PABP,bata,2,480,2.868778599
PABP,bata,3,96,1.528497381
PABP,bata,3,192,1.572788553
PABP,bata,3,288,1.69328445
PABP,bata,3,384,1.827467137
PABP,bata,3,480,1.854210558
PABP,bata,4,96,1.436566816
PABP,bata,4,192,1.822900012
PABP,bata,4,288,2.868778599
PABP,bata,4,384,2.868778599
PABP,bata,4,480,2.868778599
PABP,bata,5,96,1.629056419
PABP,bata,5,192,1.763650824
PABP,bata,5,288,1.763650824
PABP,bata,5,384,2.0996727180000003
PABP,bata,5,480,2.0996727180000003
PABP,bata,6,96,1.265130243
PABP,bata,6,192,1.815219561
PABP,bata,6,288,1.822900012
PABP,bata,6,384,1.822900012
PABP,bata,6,480,2.868778599
PABP,bata,7,96,1.285719131
PABP,bata,7,192,1.7575971030000002
PABP,bata,7,288,1.974613841
PABP,bata,7,384,1.974613841
PABP,bata,7,480,1.974613841
PABP,bata,8,96,1.289929731
PABP,bata,8,192,1.528497381
PABP,bata,8,288,1.549523361
PABP,bata,8,384,1.549523361
PABP,bata,8,480,1.960901245
PABP,bata,9,96,1.603434527
PABP,bata,9,192,1.603434527
PABP,bata,9,288,1.815219561
PABP,bata,9,384,1.822900012
PABP,bata,9,480,1.822900012
PABP,bata,10,96,1.5399898419999998
PABP,bata,10,192,1.736482904
PABP,bata,10,288,1.786856756
PABP,bata,10,384,1.964409118
PABP,bata,10,480,1.964409118
PABP,bata,11,96,1.191433668
PABP,bata,11,192,1.964409118
PABP,bata,11,288,1.964409118
PABP,bata,11,384,1.964409118
PABP,bata,11,480,2.868778599
PABP,bata,12,96,1.386430995
PABP,bata,12,192,2.128194918
PABP,bata,12,288,2.128194918
PABP,bata,12,384,2.128194918
PABP,bata,12,480,2.128194918
PABP,bata,13,96,1.3997818119999998
PABP,bata,13,192,2.868778599
PABP,bata,13,288,2.868778599
PABP,bata,13,384,2.868778599
PABP,bata,13,480,2.868778599
PABP,bata,14,96,1.349217779
PABP,bata,14,192,1.960901245
PABP,bata,14,288,1.960901245
PABP,bata,14,384,2.627942865
PABP,bata,14,480,2.627942865
PABP,bata,15,96,1.195395567
PABP,bata,15,192,2.308485747
PABP,bata,15,288,2.308485747
PABP,bata,15,384,2.308485747
PABP,bata,15,480,2.308485747
PABP,bata,16,96,1.4581060540000002
PABP,bata,16,192,1.7575971030000002
PABP,bata,16,288,1.7575971030000002
PABP,bata,16,384,1.792417538
PABP,bata,16,480,2.627942865
PABP,bata,17,96,1.3842420290000002
PABP,bata,17,192,1.792417538
PABP,bata,17,288,1.806536913
PABP,bata,17,384,1.806536913
PABP,bata,17,480,2.868778599
PABP,bata,18,96,1.142658116
PABP,bata,18,192,1.964409118
PABP,bata,18,288,1.964409118
PABP,bata,18,384,1.964409118
PABP,bata,18,480,1.964409118
PABP,bata,19,96,1.314229305
PABP,bata,19,192,1.314229305
PABP,bata,19,288,1.822900012
PABP,bata,19,384,1.822900012
PABP,bata,19,480,1.964409118
PABP,evolvepro650,0,96,1.7575971030000002
PABP,evolvepro650,0,192,1.7575971030000002
PABP,evolvepro650,0,288,2.868778599
PABP,evolvepro650,0,384,2.868778599
PABP,evolvepro650,0,480,2.868778599
PABP,evolvepro650,1,96,1.233927446
PABP,evolvepro650,1,192,1.822900012
PABP,evolvepro650,1,288,2.868778599
PABP,evolvepro650,1,384,2.868778599
PABP,evolvepro650,1,480,2.868778599
PABP,evolvepro650,2,96,1.369776664
PABP,evolvepro650,2,192,2.868778599
PABP,evolvepro650,2,288,2.868778599
PABP,evolvepro650,2,384,2.868778599
PABP,evolvepro650,2,480,2.868778599
PABP,evolvepro650,3,96,1.528497381
PABP,evolvepro650,3,192,2.081572091
PABP,evolvepro650,3,288,2.081572091
PABP,evolvepro650,3,384,2.081572091
PABP,evolvepro650,3,480,2.868778599
PABP,evolvepro650,4,96,1.436566816
PABP,evolvepro650,4,192,1.822900012
PABP,evolvepro650,4,288,2.868778599
PABP,evolvepro650,4,384,2.868778599
PABP,evolvepro650,4,480,2.868778599
PABP,evolvepro650,5,96,1.629056419
PABP,evolvepro650,5,192,1.634084371
PABP,evolvepro650,5,288,2.0996727180000003
PABP,evolvepro650,5,384,2.0996727180000003
PABP,evolvepro650,5,480,2.0996727180000003
PABP,evolvepro650,6,96,1.265130243
PABP,evolvepro650,6,192,2.868778599
PABP,evolvepro650,6,288,2.868778599
PABP,evolvepro650,6,384,2.868778599
PABP,evolvepro650,6,480,2.868778599
PABP,evolvepro650,7,96,1.285719131
PABP,evolvepro650,7,192,1.7575971030000002
PABP,evolvepro650,7,288,1.7575971030000002
PABP,evolvepro650,7,384,1.765268704
PABP,evolvepro650,7,480,1.974613841
PABP,evolvepro650,8,96,1.289929731
PABP,evolvepro650,8,192,1.447067076
PABP,evolvepro650,8,288,1.765268704
PABP,evolvepro650,8,384,1.765268704
PABP,evolvepro650,8,480,2.042122007
PABP,evolvepro650,9,96,1.603434527
PABP,evolvepro650,9,192,1.603434527
PABP,evolvepro650,9,288,1.7552123030000002
PABP,evolvepro650,9,384,2.868778599
PABP,evolvepro650,9,480,2.868778599
PABP,evolvepro650,10,96,1.5399898419999998
PABP,evolvepro650,10,192,1.736482904
PABP,evolvepro650,10,288,1.736482904
PABP,evolvepro650,10,384,1.736482904
PABP,evolvepro650,10,480,1.822900012
PABP,evolvepro650,11,96,1.191433668
PABP,evolvepro650,11,192,2.081572091
PABP,evolvepro650,11,288,2.081572091
PABP,evolvepro650,11,384,2.081572091
PABP,evolvepro650,11,480,2.081572091
PABP,evolvepro650,12,96,1.386430995
PABP,evolvepro650,12,192,1.765268704
PABP,evolvepro650,12,288,1.765268704
PABP,evolvepro650,12,384,1.765268704
PABP,evolvepro650,12,480,1.765268704
PABP,evolvepro650,13,96,1.3997818119999998
PABP,evolvepro650,13,192,1.662220923
PABP,evolvepro650,13,288,1.822900012
PABP,evolvepro650,13,384,1.822900012
PABP,evolvepro650,13,480,1.822900012
PABP,evolvepro650,14,96,1.349217779
PABP,evolvepro650,14,192,1.574281764
PABP,evolvepro650,14,288,1.806536913
PABP,evolvepro650,14,384,2.128194918
PABP,evolvepro650,14,480,2.627942865
PABP,evolvepro650,15,96,1.195395567
PABP,evolvepro650,15,192,1.827467137
PABP,evolvepro650,15,288,1.827467137
PABP,evolvepro650,15,384,1.827467137
PABP,evolvepro650,15,480,1.83326862
PABP,evolvepro650,16,96,1.4581060540000002
PABP,evolvepro650,16,192,1.792417538
PABP,evolvepro650,16,288,1.792417538
PABP,evolvepro650,16,384,2.081572091
PABP,evolvepro650,16,480,2.081572091
PABP,evolvepro650,17,96,1.3842420290000002
PABP,evolvepro650,17,192,1.3842420290000002
PABP,evolvepro650,17,288,1.392355914
PABP,evolvepro650,17,384,1.806536913
PABP,evolvepro650,17,480,1.870398111
PABP,evolvepro650,18,96,1.142658116
PABP,evolvepro650,18,192,1.964409118
PABP,evolvepro650,18,288,2.868778599
PABP,evolvepro650,18,384,2.868778599
PABP,evolvepro650,18,480,2.868778599
PABP,evolvepro650,19,96,1.314229305
PABP,evolvepro650,19,192,1.598888707
PABP,evolvepro650,19,288,2.868778599
PABP,evolvepro650,19,384,2.868778599
PABP,evolvepro650,19,480,2.868778599
PABP,reap100,0,96,1.7575971030000002
PABP,reap100,0,192,1.817332016
PABP,reap100,0,288,1.817332016
PABP,reap100,0,384,1.822900012
PABP,reap100,0,480,2.081572091
PABP,reap100,1,96,1.233927446
PABP,reap100,1,192,1.568704598
PABP,reap100,1,288,1.822900012
PABP,reap100,1,384,2.128194918
PABP,reap100,1,480,2.128194918
PABP,reap100,2,96,1.369776664
PABP,reap100,2,192,1.815219561
PABP,reap100,2,288,1.815219561
PABP,reap100,2,384,1.822900012
PABP,reap100,2,480,1.960901245
PABP,reap100,3,96,1.528497381
PABP,reap100,3,192,1.528497381
PABP,reap100,3,288,1.817332016
PABP,reap100,3,384,2.081572091
PABP,reap100,3,480,2.627942865
PABP,reap100,4,96,1.436566816
PABP,reap100,4,192,1.436566816
PABP,reap100,4,288,1.436566816
PABP,reap100,4,384,1.436566816
PABP,reap100,4,480,1.817332016
PABP,reap100,5,96,1.629056419
PABP,reap100,5,192,2.0996727180000003
PABP,reap100,5,288,2.0996727180000003
PABP,reap100,5,384,2.0996727180000003
PABP,reap100,5,480,2.0996727180000003
PABP,reap100,6,96,1.265130243
PABP,reap100,6,192,1.815219561
PABP,reap100,6,288,1.822900012
PABP,reap100,6,384,2.868778599
PABP,reap100,6,480,2.868778599
PABP,reap100,7,96,1.285719131
PABP,reap100,7,192,1.765268704
PABP,reap100,7,288,1.765268704
PABP,reap100,7,384,1.765268704
PABP,reap100,7,480,1.822900012
PABP,reap100,8,96,1.289929731
PABP,reap100,8,192,1.815219561
PABP,reap100,8,288,1.822900012
PABP,reap100,8,384,1.822900012
PABP,reap100,8,480,1.822900012
PABP,reap100,9,96,1.603434527
PABP,reap100,9,192,1.603434527
PABP,reap100,9,288,1.822900012
PABP,reap100,9,384,1.822900012
PABP,reap100,9,480,2.081572091
PABP,reap100,10,96,1.5399898419999998
PABP,reap100,10,192,1.5399898419999998
PABP,reap100,10,288,1.7745712619999998
PABP,reap100,10,384,1.7745712619999998
PABP,reap100,10,480,1.822900012
PABP,reap100,11,96,1.191433668
PABP,reap100,11,192,1.7552123030000002
PABP,reap100,11,288,1.7552123030000002
PABP,reap100,11,384,2.081572091
PABP,reap100,11,480,2.081572091
PABP,reap100,12,96,1.386430995
PABP,reap100,12,192,2.042122007
PABP,reap100,12,288,2.081572091
PABP,reap100,12,384,2.081572091
PABP,reap100,12,480,2.081572091
PABP,reap100,13,96,1.3997818119999998
PABP,reap100,13,192,1.622132682
PABP,reap100,13,288,1.822900012
PABP,reap100,13,384,1.822900012
PABP,reap100,13,480,1.960901245
PABP,reap100,14,96,1.349217779
PABP,reap100,14,192,1.672936727
PABP,reap100,14,288,2.042122007
PABP,reap100,14,384,2.128194918
PABP,reap100,14,480,2.128194918
PABP,reap100,15,96,1.195395567
PABP,reap100,15,192,1.4701448119999998
PABP,reap100,15,288,1.548048301
PABP,reap100,15,384,1.822900012
PABP,reap100,15,480,1.822900012
PABP,reap100,16,96,1.4581060540000002
PABP,reap100,16,192,1.4581060540000002
PABP,reap100,16,288,2.081572091
PABP,reap100,16,384,2.081572091
PABP,reap100,16,480,2.081572091
PABP,reap100,17,96,1.3842420290000002
PABP,reap100,17,192,1.447067076
PABP,reap100,17,288,1.785928519
PABP,reap100,17,384,2.128194918
PABP,reap100,17,480,2.128194918
PABP,reap100,18,96,1.142658116
PABP,reap100,18,192,2.0996727180000003
PABP,reap100,18,288,2.0996727180000003
PABP,reap100,18,384,2.0996727180000003
PABP,reap100,18,480,2.0996727180000003
PABP,reap100,19,96,1.314229305
PABP,reap100,19,192,1.598888707
PABP,reap100,19,288,1.680772496
PABP,reap100,19,384,1.822900012
PABP,reap100,19,480,1.822900012
TrpB,alde,0,96,0.798137603
TrpB,alde,0,192,0.806522842
TrpB,alde,0,288,1.0
TrpB,alde,0,384,1.0
TrpB,alde,0,480,1.0
TrpB,alde,1,96,0.062158812
TrpB,alde,1,192,0.6541842
TrpB,alde,1,288,0.909769373
TrpB,alde,1,384,1.0
TrpB,alde,1,480,1.0
TrpB,alde,2,96,0.332162068
TrpB,alde,2,192,0.654390149
TrpB,alde,2,288,0.746142028
TrpB,alde,2,384,0.800478399
TrpB,alde,2,480,0.800478399
TrpB,alde,3,96,0.487600192
TrpB,alde,3,192,0.672976073
TrpB,alde,3,288,0.73943435
TrpB,alde,3,384,0.749107106
TrpB,alde,3,480,0.794515883
TrpB,alde,4,96,0.453085474
TrpB,alde,4,192,0.658552096
TrpB,alde,4,288,0.749107106
TrpB,alde,4,384,0.752894791
TrpB,alde,4,480,0.752894791
TrpB,alde,5,96,0.620392949
TrpB,alde,5,192,0.895147379
TrpB,alde,5,288,0.922559227
TrpB,alde,5,384,0.922559227
TrpB,alde,5,480,1.0
TrpB,alde,6,96,0.16152114
TrpB,alde,6,192,0.590917339
TrpB,alde,6,288,1.0
TrpB,alde,6,384,1.0
TrpB,alde,6,480,1.0
TrpB,alde,7,96,0.104013031
TrpB,alde,7,192,0.794515883
TrpB,alde,7,288,0.932033526
TrpB,alde,7,384,0.932033526
TrpB,alde,7,480,0.932033526
TrpB,alde,8,96,0.314968618
TrpB,alde,8,192,0.493879144
TrpB,alde,8,288,0.703611953
TrpB,alde,8,384,0.746142028
TrpB,alde,8,480,0.746142028
TrpB,alde,9,96,0.238159744
TrpB,alde,9,192,0.669958767
TrpB,alde,9,288,0.742180293
TrpB,alde,9,384,0.752894791
TrpB,alde,9,480,0.752894791
TrpB,alde,10,96,0.480931118
TrpB,alde,10,192,0.672539825
TrpB,alde,10,288,0.672539825
TrpB,alde,10,384,0.672539825
TrpB,alde,10,480,0.742180293
TrpB,alde,11,96,0.449137449
TrpB,alde,11,192,0.756122223
TrpB,alde,11,288,0.756122223
TrpB,alde,11,384,0.782724725
TrpB,alde,11,480,0.782724725
TrpB,alde,12,96,0.559460466
TrpB,alde,12,192,0.697730085
TrpB,alde,12,288,1.0
TrpB,alde,12,384,1.0
TrpB,alde,12,480,1.0
TrpB,alde,13,96,0.080545064
TrpB,alde,13,192,0.636889902
TrpB,alde,13,288,0.671380616
TrpB,alde,13,384,0.709650427
TrpB,alde,13,480,0.749107106
TrpB,alde,14,96,0.414671216
TrpB,alde,14,192,0.741590256
TrpB,alde,14,288,0.932033526
TrpB,alde,14,384,1.0
TrpB,alde,14,480,1.0
TrpB,alde,15,96,0.311333829
TrpB,alde,15,192,0.72526836
TrpB,alde,15,288,0.73943435
TrpB,alde,15,384,0.752894791
TrpB,alde,15,480,0.752894791
TrpB,alde,16,96,0.42932399
TrpB,alde,16,192,0.583777431
TrpB,alde,16,288,0.669958767
TrpB,alde,16,384,0.794515883
TrpB,alde,16,480,0.922559227
TrpB,alde,17,96,0.295662706
TrpB,alde,17,192,0.671380616
TrpB,alde,17,288,0.746142028
TrpB,alde,17,384,0.832570233
TrpB,alde,17,480,0.832570233
TrpB,alde,18,96,0.491056851
TrpB,alde,18,192,0.73943435
TrpB,alde,18,288,0.756122223
TrpB,alde,18,384,0.798137603
TrpB,alde,18,480,0.798137603
TrpB,alde,19,96,0.560805815
TrpB,alde,19,192,0.756122223
TrpB,alde,19,288,0.845869121
TrpB,alde,19,384,1.0
TrpB,alde,19,480,1.0
TrpB,bata,0,96,0.798137603
TrpB,bata,0,192,0.800478399
TrpB,bata,0,288,0.895147379
TrpB,bata,0,384,0.922559227
TrpB,bata,0,480,0.922559227
TrpB,bata,1,96,0.062158812
TrpB,bata,1,192,0.740206964
TrpB,bata,1,288,0.895147379
TrpB,bata,1,384,0.922559227
TrpB,bata,1,480,0.932033526
TrpB,bata,2,96,0.332162068
TrpB,bata,2,192,0.631451427
TrpB,bata,2,288,0.801936097
TrpB,bata,2,384,0.88246645
TrpB,bata,2,480,0.922559227
TrpB,bata,3,96,0.487600192
TrpB,bata,3,192,0.688532469
TrpB,bata,3,288,0.800478399
TrpB,bata,3,384,0.832570233
TrpB,bata,3,480,0.832570233
TrpB,bata,4,96,0.453085474
TrpB,bata,4,192,0.732172556
TrpB,bata,4,288,0.800478399
TrpB,bata,4,384,0.832570233
TrpB,bata,4,480,0.895147379
TrpB,bata,5,96,0.620392949
TrpB,bata,5,192,0.895147379
TrpB,bata,5,288,0.922559227
TrpB,bata,5,384,0.932033526
TrpB,bata,5,480,0.932033526
TrpB,bata,6,96,0.16152114
TrpB,bata,6,192,0.6541842
TrpB,bata,6,288,0.932033526
TrpB,bata,6,384,0.932033526
TrpB,bata,6,480,1.0
TrpB,bata,7,96,0.104013031
TrpB,bata,7,192,0.610040627
TrpB,bata,7,288,0.715912054
TrpB,bata,7,384,0.895147379
TrpB,bata,7,480,0.922559227
TrpB,bata,8,96,0.314968618
TrpB,bata,8,192,0.432909877
TrpB,bata,8,288,0.711604508
TrpB,bata,8,384,0.932033526
TrpB,bata,8,480,0.932033526
TrpB,bata,9,96,0.238159744
TrpB,bata,9,192,0.631451427
TrpB,bata,9,288,0.909769373
TrpB,bata,9,384,0.922559227
TrpB,bata,9,480,0.922559227
TrpB,bata,10,96,0.480931118
TrpB,bata,10,192,0.620392949
TrpB,bata,10,288,0.800478399
TrpB,bata,10,384,0.895147379
TrpB,bata,10,480,0.922559227
TrpB,bata,11,96,0.449137449
TrpB,bata,11,192,0.714255346
TrpB,bata,11,288,0.832570233
TrpB,bata,11,384,0.922559227
TrpB,bata,11,480,0.922559227
TrpB,bata,12,96,0.559460466
TrpB,bata,12,192,0.742180293
TrpB,bata,12,288,0.909769373
TrpB,bata,12,384,0.932033526
TrpB,bata,12,480,1.0
TrpB,bata,13,96,0.080545064
TrpB,bata,13,192,0.619894431
TrpB,bata,13,288,0.732172556
TrpB,bata,13,384,0.932033526
TrpB,bata,13,480,1.0
TrpB,bata,14,96,0.414671216
TrpB,bata,14,192,0.711604508
TrpB,bata,14,288,0.909769373
TrpB,bata,14,384,0.932033526
TrpB,bata,14,480,0.932033526
TrpB,bata,15,96,0.311333829
TrpB,bata,15,192,0.6541842
TrpB,bata,15,288,0.909769373
TrpB,bata,15,384,0.909769373
TrpB,bata,15,480,0.922559227
TrpB,bata,16,96,0.42932399
TrpB,bata,16,192,0.621589895
TrpB,bata,16,288,0.800478399
TrpB,bata,16,384,0.895147379
TrpB,bata,16,480,0.922559227
TrpB,bata,17,96,0.295662706
TrpB,bata,17,192,0.895147379
TrpB,bata,17,288,0.895147379
TrpB,bata,17,384,0.922559227
TrpB,bata,17,480,0.922559227
TrpB,bata,18,96,0.491056851
TrpB,bata,18,192,0.72526836
TrpB,bata,18,288,0.800478399
TrpB,bata,18,384,0.932033526
TrpB,bata,18,480,0.932033526
TrpB,bata,19,96,0.560805815
TrpB,bata,19,192,0.719569339
TrpB,bata,19,288,0.800478399
TrpB,bata,19,384,0.819070975
TrpB,bata,19,480,0.932033526
TrpB,reap100,0,96,0.798137603
TrpB,reap100,0,192,0.806522842
TrpB,reap100,0,288,0.932033526
TrpB,reap100,0,384,1.0
TrpB,reap100,0,480,1.0
TrpB,reap100,1,96,0.062158812
TrpB,reap100,1,192,0.798137603
TrpB,reap100,1,288,0.909769373
TrpB,reap100,1,384,1.0
TrpB,reap100,1,480,1.0
TrpB,reap100,2,96,0.332162068
TrpB,reap100,2,192,0.627490928
TrpB,reap100,2,288,0.749107106
TrpB,reap100,2,384,0.752894791
TrpB,reap100,2,480,0.752894791
TrpB,reap100,3,96,0.487600192
TrpB,reap100,3,192,0.688532469
TrpB,reap100,3,288,0.752894791
TrpB,reap100,3,384,0.761709608
TrpB,reap100,3,480,0.832570233
TrpB,reap100,4,96,0.453085474
TrpB,reap100,4,192,0.582667974
TrpB,reap100,4,288,0.598536316
TrpB,reap100,4,384,0.72526836
TrpB,reap100,4,480,0.732172556
TrpB,reap100,5,96,0.620392949
TrpB,reap100,5,192,0.895147379
TrpB,reap100,5,288,1.0
TrpB,reap100,5,384,1.0
TrpB,reap100,5,480,1.0
TrpB,reap100,6,96,0.16152114
TrpB,reap100,6,192,0.475532354
TrpB,reap100,6,288,0.801936097
TrpB,reap100,6,384,0.932033526
TrpB,reap100,6,480,1.0
TrpB,reap100,7,96,0.104013031
TrpB,reap100,7,192,0.648378602
TrpB,reap100,7,288,0.800478399
TrpB,reap100,7,384,0.800478399
TrpB,reap100,7,480,0.922559227
TrpB,reap100,8,96,0.314968618
TrpB,reap100,8,192,0.493879144
TrpB,reap100,8,288,0.672539825
TrpB,reap100,8,384,0.672539825
TrpB,reap100,8,480,0.72526836
TrpB,reap100,9,96,0.238159744
TrpB,reap100,9,192,0.6541842
TrpB,reap100,9,288,0.800478399
TrpB,reap100,9,384,0.922559227
TrpB,reap100,9,480,1.0
TrpB,reap100,10,96,0.480931118
TrpB,reap100,10,192,0.66472738
TrpB,reap100,10,288,0.691731032
TrpB,reap100,10,384,0.800478399
TrpB,reap100,10,480,0.800478399
TrpB,reap100,11,96,0.449137449
TrpB,reap100,11,192,0.672539825
TrpB,reap100,11,288,0.801936097
TrpB,reap100,11,384,0.816907171
TrpB,reap100,11,480,0.932033526
TrpB,reap100,12,96,0.559460466
TrpB,reap100,12,192,0.798137603
TrpB,reap100,12,288,0.909769373
TrpB,reap100,12,384,1.0
TrpB,reap100,12,480,1.0
TrpB,reap100,13,96,0.080545064
TrpB,reap100,13,192,0.235082092
TrpB,reap100,13,288,0.662229604
TrpB,reap100,13,384,0.73943435
TrpB,reap100,13,480,0.73943435
TrpB,reap100,14,96,0.414671216
TrpB,reap100,14,192,0.741590256
TrpB,reap100,14,288,0.801936097
TrpB,reap100,14,384,0.932033526
TrpB,reap100,14,480,1.0
TrpB,reap100,15,96,0.311333829
TrpB,reap100,15,192,0.598536316
TrpB,reap100,15,288,0.732172556
TrpB,reap100,15,384,0.752894791
TrpB,reap100,15,480,0.752894791
TrpB,reap100,16,96,0.42932399
TrpB,reap100,16,192,0.575171227
TrpB,reap100,16,288,0.585973814
TrpB,reap100,16,384,0.733449976
TrpB,reap100,16,480,0.752894791
TrpB,reap100,17,96,0.295662706
TrpB,reap100,17,192,0.688532469
TrpB,reap100,17,288,0.922559227
TrpB,reap100,17,384,0.932033526
TrpB,reap100,17,480,1.0
TrpB,reap100,18,96,0.491056851
TrpB,reap100,18,192,0.582667974
TrpB,reap100,18,288,0.746142028
TrpB,reap100,18,384,0.752894791
TrpB,reap100,18,480,0.752894791
TrpB,reap100,19,96,0.560805815
TrpB,reap100,19,192,0.700465041
TrpB,reap100,19,288,0.801936097
TrpB,reap100,19,384,0.932033526
TrpB,reap100,19,480,1.0
GRB2,bata,1,96,0.31910735562887
GRB2,bata,1,192,0.544064178618847
GRB2,bata,1,288,0.544064178618847
GRB2,bata,1,384,0.651440709660567
GRB2,bata,1,480,0.651440709660567
GRB2,bata,2,96,0.269346324307788
GRB2,bata,2,192,0.39316614424552
GRB2,bata,2,288,0.544064178618847
GRB2,bata,2,384,0.544064178618847
GRB2,bata,2,480,0.544064178618847
GRB2,bata,3,96,0.18695204764397
GRB2,bata,3,192,0.544064178618847
GRB2,bata,3,288,0.5467042490670371
GRB2,bata,3,384,0.5467042490670371
GRB2,bata,3,480,0.651440709660567
GRB2,bata,4,96,0.250244143048449
GRB2,bata,4,192,0.651440709660567
GRB2,bata,4,288,0.651440709660567
GRB2,bata,4,384,0.651440709660567
GRB2,bata,4,480,0.651440709660567
GRB2,bata,5,96,0.4854411683473079
GRB2,bata,5,192,0.651440709660567
GRB2,bata,5,288,0.651440709660567
GRB2,bata,5,384,0.651440709660567
GRB2,bata,5,480,0.651440709660567
GRB2,bata,6,96,0.214698843005085
GRB2,bata,6,192,0.5467042490670371
GRB2,bata,6,288,0.5467042490670371
GRB2,bata,6,384,0.5467042490670371
GRB2,bata,6,480,0.5467042490670371
GRB2,bata,7,96,0.269999980915816
GRB2,bata,7,192,0.410718539054396
GRB2,bata,7,288,0.5467042490670371
GRB2,bata,7,384,0.651440709660567
GRB2,bata,7,480,0.651440709660567
GRB2,bata,8,96,0.304513002754419
GRB2,bata,8,192,0.448354655296801
GRB2,bata,8,288,0.448354655296801
GRB2,bata,8,384,0.544064178618847
GRB2,bata,8,480,0.5467042490670371
GRB2,bata,9,96,0.315485350924254
GRB2,bata,9,192,0.3969451534550289
GRB2,bata,9,288,0.544064178618847
GRB2,bata,9,384,0.5467042490670371
GRB2,bata,9,480,0.5467042490670371
GRB2,bata,10,96,0.355144014019039
GRB2,bata,10,192,0.4241472592822949
GRB2,bata,10,288,0.4241472592822949
GRB2,bata,10,384,0.651440709660567
GRB2,bata,10,480,0.651440709660567
GRB2,bata,11,96,0.28397397536563
GRB2,bata,11,192,0.35765089922057
GRB2,bata,11,288,0.544064178618847
GRB2,bata,11,384,0.544064178618847
GRB2,bata,11,480,0.5467042490670371
GRB2,bata,12,96,0.27273834530642
GRB2,bata,12,192,0.651440709660567
GRB2,bata,12,288,0.651440709660567
GRB2,bata,12,384,0.651440709660567
GRB2,bata,12,480,0.651440709660567
GRB2,bata,13,96,0.357555482067739
GRB2,bata,13,192,0.534046072538856
GRB2,bata,13,288,0.651440709660567
GRB2,bata,13,384,0.651440709660567
GRB2,bata,13,480,0.651440709660567
GRB2,bata,14,96,0.390528545136771
GRB2,bata,14,192,0.651440709660567
GRB2,bata,14,288,0.651440709660567
GRB2,bata,14,384,0.651440709660567
GRB2,bata,14,480,0.651440709660567
GRB2,bata,15,96,0.318644919109018
GRB2,bata,15,192,0.518300775727539
GRB2,bata,15,288,0.518300775727539
GRB2,bata,15,384,0.651440709660567
GRB2,bata,15,480,0.651440709660567
GRB2,bata,16,96,0.268638502574905
GRB2,bata,16,192,0.4153644843164169
GRB2,bata,16,288,0.4153644843164169
GRB2,bata,16,384,0.651440709660567
GRB2,bata,16,480,0.651440709660567
GRB2,bata,17,96,0.23016428237908
GRB2,bata,17,192,0.494985605608996
GRB2,bata,17,288,0.494985605608996
GRB2,bata,17,384,0.494985605608996
GRB2,bata,17,480,0.494985605608996
GRB2,bata,18,96,0.3683493838773379
GRB2,bata,18,192,0.5467042490670371
GRB2,bata,18,288,0.5467042490670371
GRB2,bata,18,384,0.5467042490670371
GRB2,bata,18,480,0.5467042490670371
GRB2,bata,19,96,0.410149498932005
GRB2,bata,19,192,0.410149498932005
GRB2,bata,19,288,0.5467042490670371
GRB2,bata,19,384,0.5467042490670371
GRB2,bata,19,480,0.651440709660567
GRB2,bata,20,96,0.186919813698388
GRB2,bata,20,192,0.651440709660567
GRB2,bata,20,288,0.651440709660567
GRB2,bata,20,384,0.651440709660567
GRB2,bata,20,480,0.651440709660567
GRB2,bata,21,96,0.3472779706022429
GRB2,bata,21,192,0.651440709660567
GRB2,bata,21,288,0.651440709660567
GRB2,bata,21,384,0.651440709660567
GRB2,bata,21,480,0.651440709660567
GRB2,bata,22,96,0.297876981086771
GRB2,bata,22,192,0.3969451534550289
GRB2,bata,22,288,0.5467042490670371
GRB2,bata,22,384,0.651440709660567
GRB2,bata,22,480,0.651440709660567
GRB2,bata,23,96,0.267172169305126
GRB2,bata,23,192,0.544064178618847
GRB2,bata,23,288,0.651440709660567
GRB2,bata,23,384,0.651440709660567
GRB2,bata,23,480,0.651440709660567
GRB2,evolvepro650,0,96,0.403554979800317
GRB2,evolvepro650,0,192,0.422938235498091
GRB2,evolvepro650,0,288,0.4724639563238729
GRB2,evolvepro650,0,384,0.4724639563238729
GRB2,evolvepro650,0,480,0.544064178618847
GRB2,evolvepro650,1,96,0.31910735562887
GRB2,evolvepro650,1,192,0.4270657985702979
GRB2,evolvepro650,1,288,0.544064178618847
GRB2,evolvepro650,1,384,0.544064178618847
GRB2,evolvepro650,1,480,0.544064178618847
GRB2,evolvepro650,2,96,0.269346324307788
GRB2,evolvepro650,2,192,0.38108999817371
GRB2,evolvepro650,2,288,0.7329993807693149
GRB2,evolvepro650,2,384,0.7329993807693149
GRB2,evolvepro650,2,480,0.7329993807693149
GRB2,evolvepro650,3,96,0.18695204764397
GRB2,evolvepro650,3,192,0.544064178618847
GRB2,evolvepro650,3,288,0.544064178618847
GRB2,evolvepro650,3,384,0.5467042490670371
GRB2,evolvepro650,3,480,0.651440709660567
GRB2,evolvepro650,4,96,0.250244143048449
GRB2,evolvepro650,4,192,0.4724639563238729
GRB2,evolvepro650,4,288,0.518300775727539
GRB2,evolvepro650,4,384,0.651440709660567
GRB2,evolvepro650,4,480,0.651440709660567
GRB2,evolvepro650,5,96,0.4854411683473079
GRB2,evolvepro650,5,192,0.5467042490670371
GRB2,evolvepro650,5,288,0.5467042490670371
GRB2,evolvepro650,5,384,0.5759848402475279
GRB2,evolvepro650,5,480,0.5759848402475279
GRB2,evolvepro650,6,96,0.214698843005085
GRB2,evolvepro650,6,192,0.400896888936524
GRB2,evolvepro650,6,288,0.518300775727539
GRB2,evolvepro650,6,384,0.518300775727539
GRB2,evolvepro650,6,480,0.544064178618847
GRB2,evolvepro650,7,96,0.269999980915816
GRB2,evolvepro650,7,192,0.651440709660567
GRB2,evolvepro650,7,288,0.651440709660567
GRB2,evolvepro650,7,384,0.651440709660567
GRB2,evolvepro650,7,480,0.651440709660567
GRB2,evolvepro650,8,96,0.304513002754419
GRB2,evolvepro650,8,192,0.448354655296801
GRB2,evolvepro650,8,288,0.4860910571525379
GRB2,evolvepro650,8,384,0.4860910571525379
GRB2,evolvepro650,8,480,0.4860910571525379
GRB2,evolvepro650,9,96,0.315485350924254
GRB2,evolvepro650,9,192,0.5759848402475279
GRB2,evolvepro650,9,288,0.7329993807693149
GRB2,evolvepro650,9,384,0.7329993807693149
GRB2,evolvepro650,9,480,0.7329993807693149
GRB2,evolvepro650,10,96,0.355144014019039
GRB2,evolvepro650,10,192,0.4854411683473079
GRB2,evolvepro650,10,288,0.4854411683473079
GRB2,evolvepro650,10,384,0.4860910571525379
GRB2,evolvepro650,10,480,0.544064178618847
GRB2,evolvepro650,11,96,0.28397397536563
GRB2,evolvepro650,11,192,0.384486089655951
GRB2,evolvepro650,11,288,0.5467042490670371
GRB2,evolvepro650,11,384,0.5467042490670371
GRB2,evolvepro650,11,480,0.5467042490670371
GRB2,evolvepro650,12,96,0.27273834530642
GRB2,evolvepro650,12,192,0.544064178618847
GRB2,evolvepro650,12,288,0.544064178618847
GRB2,evolvepro650,12,384,0.651440709660567
GRB2,evolvepro650,12,480,0.651440709660567
GRB2,evolvepro650,13,96,0.357555482067739
GRB2,evolvepro650,13,192,0.651440709660567
GRB2,evolvepro650,13,288,0.651440709660567
GRB2,evolvepro650,13,384,0.651440709660567
GRB2,evolvepro650,13,480,0.651440709660567
GRB2,evolvepro650,14,96,0.390528545136771
GRB2,evolvepro650,14,192,0.410718539054396
GRB2,evolvepro650,14,288,0.4860910571525379
GRB2,evolvepro650,14,384,0.4860910571525379
GRB2,evolvepro650,14,480,0.544064178618847
GRB2,evolvepro650,15,96,0.318644919109018
GRB2,evolvepro650,15,192,0.4357690906244361
GRB2,evolvepro650,15,288,0.4860910571525379
GRB2,evolvepro650,15,384,0.544064178618847
GRB2,evolvepro650,15,480,0.544064178618847
GRB2,evolvepro650,16,96,0.268638502574905
GRB2,evolvepro650,16,192,0.400896888936524
GRB2,evolvepro650,16,288,0.485374759199856
GRB2,evolvepro650,16,384,0.544064178618847
GRB2,evolvepro650,16,480,0.544064178618847
GRB2,evolvepro650,17,96,0.23016428237908
GRB2,evolvepro650,17,192,0.494985605608996
GRB2,evolvepro650,17,288,0.494985605608996
GRB2,evolvepro650,17,384,0.651440709660567
GRB2,evolvepro650,17,480,0.651440709660567
GRB2,evolvepro650,18,96,0.3683493838773379
GRB2,evolvepro650,18,192,0.387339350056189
GRB2,evolvepro650,18,288,0.534046072538856
GRB2,evolvepro650,18,384,0.534046072538856
GRB2,evolvepro650,18,480,0.544064178618847
GRB2,evolvepro650,19,96,0.410149498932005
GRB2,evolvepro650,19,192,0.474855601530753
GRB2,evolvepro650,19,288,0.532987825519794
GRB2,evolvepro650,19,384,0.532987825519794
GRB2,evolvepro650,19,480,0.532987825519794
GRB2,evolvepro650,20,96,0.186919813698388
GRB2,evolvepro650,20,192,0.3969451534550289
GRB2,evolvepro650,20,288,0.425584071453752
GRB2,evolvepro650,20,384,0.5467042490670371
GRB2,evolvepro650,20,480,0.5467042490670371
GRB2,evolvepro650,21,96,0.3472779706022429
GRB2,evolvepro650,21,192,0.544064178618847
GRB2,evolvepro650,21,288,0.544064178618847
GRB2,evolvepro650,21,384,0.544064178618847
GRB2,evolvepro650,21,480,0.544064178618847
GRB2,evolvepro650,22,96,0.297876981086771
GRB2,evolvepro650,22,192,0.534046072538856
GRB2,evolvepro650,22,288,0.534046072538856
GRB2,evolvepro650,22,384,0.544064178618847
GRB2,evolvepro650,22,480,0.651440709660567
GRB2,evolvepro650,23,96,0.267172169305126
GRB2,evolvepro650,23,192,0.428758065949394
GRB2,evolvepro650,23,288,0.544064178618847
GRB2,evolvepro650,23,384,0.544064178618847
GRB2,evolvepro650,23,480,0.544064178618847
GRB2,reap100,0,96,0.403554979800317
GRB2,reap100,0,192,0.544064178618847
GRB2,reap100,0,288,0.651440709660567
GRB2,reap100,0,384,0.651440709660567
GRB2,reap100,0,480,0.651440709660567
GRB2,reap100,1,96,0.31910735562887
GRB2,reap100,1,192,0.422938235498091
GRB2,reap100,1,288,0.544064178618847
GRB2,reap100,1,384,0.651440709660567
GRB2,reap100,1,480,0.651440709660567
GRB2,reap100,2,96,0.269346324307788
GRB2,reap100,2,192,0.7329993807693149
GRB2,reap100,2,288,0.7329993807693149
GRB2,reap100,2,384,0.7329993807693149
GRB2,reap100,2,480,0.7329993807693149
GRB2,reap100,3,96,0.18695204764397
GRB2,reap100,3,192,0.4153644843164169
GRB2,reap100,3,288,0.651440709660567
GRB2,reap100,3,384,0.651440709660567
GRB2,reap100,3,480,0.651440709660567
GRB2,reap100,4,96,0.250244143048449
GRB2,reap100,4,192,0.518300775727539
GRB2,reap100,4,288,0.651440709660567
GRB2,reap100,4,384,0.651440709660567
GRB2,reap100,4,480,0.651440709660567
GRB2,reap100,5,96,0.4854411683473079
GRB2,reap100,5,192,0.5467042490670371
GRB2,reap100,5,288,0.651440709660567
GRB2,reap100,5,384,0.651440709660567
GRB2,reap100,5,480,0.651440709660567
GRB2,reap100,6,96,0.214698843005085
GRB2,reap100,6,192,0.518300775727539
GRB2,reap100,6,288,0.518300775727539
GRB2,reap100,6,384,0.5759848402475279
GRB2,reap100,6,480,0.5759848402475279
GRB2,reap100,7,96,0.269999980915816
GRB2,reap100,7,192,0.651440709660567
GRB2,reap100,7,288,0.651440709660567
GRB2,reap100,7,384,0.651440709660567
GRB2,reap100,7,480,0.651440709660567
GRB2,reap100,8,96,0.304513002754419
GRB2,reap100,8,192,0.518300775727539
GRB2,reap100,8,288,0.518300775727539
GRB2,reap100,8,384,0.651440709660567
GRB2,reap100,8,480,0.651440709660567
GRB2,reap100,9,96,0.315485350924254
GRB2,reap100,9,192,0.518300775727539
GRB2,reap100,9,288,0.5759848402475279
GRB2,reap100,9,384,0.5759848402475279
GRB2,reap100,9,480,0.5759848402475279
GRB2,reap100,10,96,0.355144014019039
GRB2,reap100,10,192,0.518300775727539
GRB2,reap100,10,288,0.651440709660567
GRB2,reap100,10,384,0.651440709660567
GRB2,reap100,10,480,0.651440709660567
GRB2,reap100,11,96,0.28397397536563
GRB2,reap100,11,192,0.405132566720895
GRB2,reap100,11,288,0.480748296676014
GRB2,reap100,11,384,0.651440709660567
GRB2,reap100,11,480,0.651440709660567
GRB2,reap100,12,96,0.27273834530642
GRB2,reap100,12,192,0.5846273100296321
GRB2,reap100,12,288,0.651440709660567
GRB2,reap100,12,384,0.651440709660567
GRB2,reap100,12,480,0.651440709660567
GRB2,reap100,13,96,0.357555482067739
GRB2,reap100,13,192,0.651440709660567
GRB2,reap100,13,288,0.651440709660567
GRB2,reap100,13,384,0.651440709660567
GRB2,reap100,13,480,0.651440709660567
GRB2,reap100,14,96,0.390528545136771
GRB2,reap100,14,192,0.405132566720895
GRB2,reap100,14,288,0.4860910571525379
GRB2,reap100,14,384,0.544064178618847
GRB2,reap100,14,480,0.544064178618847
GRB2,reap100,15,96,0.318644919109018
GRB2,reap100,15,192,0.518300775727539
GRB2,reap100,15,288,0.518300775727539
GRB2,reap100,15,384,0.544064178618847
GRB2,reap100,15,480,0.7329993807693149
GRB2,reap100,16,96,0.268638502574905
GRB2,reap100,16,192,0.4703237823884029
GRB2,reap100,16,288,0.4724639563238729
GRB2,reap100,16,384,0.544064178618847
GRB2,reap100,16,480,0.544064178618847
GRB2,reap100,17,96,0.23016428237908
GRB2,reap100,17,192,0.480748296676014
GRB2,reap100,17,288,0.5846273100296321
GRB2,reap100,17,384,0.651440709660567
GRB2,reap100,17,480,0.651440709660567
GRB2,reap100,18,96,0.3683493838773379
GRB2,reap100,18,192,0.405132566720895
GRB2,reap100,18,288,0.410718539054396
GRB2,reap100,18,384,0.518300775727539
GRB2,reap100,18,480,0.544064178618847
GRB2,reap100,19,96,0.410149498932005
GRB2,reap100,19,192,0.448354655296801
GRB2,reap100,19,288,0.448354655296801
GRB2,reap100,19,384,0.544064178618847
GRB2,reap100,19,480,0.544064178618847
GRB2,reap100,20,96,0.186919813698388
GRB2,reap100,20,192,0.405132566720895
GRB2,reap100,20,288,0.5776957887608349
GRB2,reap100,20,384,0.651440709660567
GRB2,reap100,20,480,0.651440709660567
GRB2,reap100,21,96,0.3472779706022429
GRB2,reap100,21,192,0.422938235498091
GRB2,reap100,21,288,0.4270657985702979
GRB2,reap100,21,384,0.651440709660567
GRB2,reap100,21,480,0.651440709660567
GRB2,reap100,22,96,0.297876981086771
GRB2,reap100,22,192,0.4187277850703321
GRB2,reap100,22,288,0.651440709660567
GRB2,reap100,22,384,0.651440709660567
GRB2,reap100,22,480,0.7329993807693149
GRB2,reap100,23,96,0.267172169305126
GRB2,reap100,23,192,0.415889228078651
GRB2,reap100,23,288,0.4860910571525379
GRB2,reap100,23,384,0.518300775727539
GRB2,reap100,23,480,0.518300775727539
GRB2,bata,0,96,0.403554979800317
GRB2,bata,0,192,0.544064178618847
GRB2,bata,0,288,0.544064178618847
GRB2,bata,0,384,0.544064178618847
GRB2,bata,0,480,0.544064178618847
GB1,alde,20,96,0.26520839309712996
GB1,alde,20,192,0.5288956730647107
GB1,alde,20,288,0.8311300290264457
GB1,alde,20,384,0.8622110018003477
GB1,alde,20,480,1.0
GB1,alde,21,96,0.17573497151813078
GB1,alde,21,192,0.5688708452750868
GB1,alde,21,288,0.825004381071726
GB1,alde,21,384,1.0
GB1,alde,21,480,1.0
GB1,alde,22,96,0.2532274081079781
GB1,alde,22,192,0.7077333663997645
GB1,alde,22,288,0.8622110018003477
GB1,alde,22,384,1.0
GB1,alde,22,480,1.0
GB1,alde,23,96,0.3214112421305296
GB1,alde,23,192,0.5572928974740096
GB1,alde,23,288,0.8345908537078612
GB1,alde,23,384,1.0
GB1,alde,23,480,1.0
GB1,alde,24,96,0.3700822185692439
GB1,alde,24,192,0.5504934558488072
GB1,alde,24,288,0.6898266190830183
GB1,alde,24,384,0.9181903148057718
GB1,alde,24,480,0.9181903148057718
GB1,alde,25,96,0.3763631951401021
GB1,alde,25,192,0.4815331918256038
GB1,alde,25,288,0.7849778591964844
GB1,alde,25,384,0.8345908537078612
GB1,alde,25,480,0.8622110018003477
GB1,alde,26,96,0.2359580061335041
GB1,alde,26,192,0.46295928496618166
GB1,alde,26,288,0.5968120066093991
GB1,alde,26,384,0.6895801554372128
GB1,alde,26,480,1.0
GB1,alde,27,96,0.5009111858358557
GB1,alde,27,192,0.782648947420161
GB1,alde,27,288,0.8345908537078612
GB1,alde,27,384,1.0
GB1,alde,27,480,1.0
GB1,alde,28,96,0.2687811088813517
GB1,alde,28,192,0.6426946203725226
GB1,alde,28,288,0.8345908537078612
GB1,alde,28,384,0.8345908537078612
GB1,alde,28,480,0.8622110018003477
GB1,alde,29,96,0.1519697935688873
GB1,alde,29,192,0.5449108151583013
GB1,alde,29,288,0.5968120066093991
GB1,alde,29,384,0.6587599672965438
GB1,alde,29,480,0.6587599672965438
GB1,alde,30,96,0.220797039152421
GB1,alde,30,192,0.6152423688523073
GB1,alde,30,288,0.8311300290264457
GB1,alde,30,384,1.0
GB1,alde,30,480,1.0
GB1,alde,31,96,0.2408013902171817
GB1,alde,31,192,0.38334416167220825
GB1,alde,31,288,0.825004381071726
GB1,alde,31,384,1.0
GB1,alde,31,480,1.0
GB1,alde,32,96,0.10833423951507898
GB1,alde,32,192,0.6392301283633336
GB1,alde,32,288,0.7907195088416814
GB1,alde,32,384,1.0
GB1,alde,32,480,1.0
GB1,alde,33,96,0.16330539164122013
GB1,alde,33,192,0.5916040189509733
GB1,alde,33,288,1.0
GB1,alde,33,384,1.0
GB1,alde,33,480,1.0
GB1,alde,34,96,0.26996849780850135
GB1,alde,34,192,0.601167088048673
GB1,alde,34,288,0.8345908537078612
GB1,alde,34,384,0.8345908537078612
GB1,alde,34,480,0.8622110018003477
GB1,bata,20,96,0.26520839309712996
GB1,bata,20,192,0.5882232195775227
GB1,bata,20,288,0.825004381071726
GB1,bata,20,384,0.825004381071726
GB1,bata,20,480,0.8311300290264457
GB1,bata,21,96,0.17573497151813078
GB1,bata,21,192,0.825004381071726
GB1,bata,21,288,0.8624627606050047
GB1,bata,21,384,0.8624627606050047
GB1,bata,21,480,0.8624627606050047
GB1,bata,22,96,0.2532274081079781
GB1,bata,22,192,0.6162714928358993
GB1,bata,22,288,0.7077333663997645
GB1,bata,22,384,1.0
GB1,bata,22,480,1.0
GB1,bata,23,96,0.3214112421305296
GB1,bata,23,192,0.532093817533676
GB1,bata,23,288,0.7849778591964844
GB1,bata,23,384,0.8345908537078612
GB1,bata,23,480,0.8345908537078612
GB1,bata,24,96,0.3700822185692439
GB1,bata,24,192,0.5504934558488072
GB1,bata,24,288,0.7352767757755749
GB1,bata,24,384,0.825004381071726
GB1,bata,24,480,0.825004381071726
GB1,bata,25,96,0.3763631951401021
GB1,bata,25,192,0.49448890877962604
GB1,bata,25,288,0.7849778591964844
GB1,bata,25,384,0.8345908537078612
GB1,bata,25,480,0.8345908537078612
GB1,bata,26,96,0.2359580061335041
GB1,bata,26,192,0.31999651095185716
GB1,bata,26,288,0.6466066646951943
GB1,bata,26,384,0.6989076464601929
GB1,bata,26,480,1.0
GB1,bata,27,96,0.5009111858358557
GB1,bata,27,192,0.5395707555373236
GB1,bata,27,288,0.7352767757755749
GB1,bata,27,384,0.8345908537078612
GB1,bata,27,480,0.8345908537078612
GB1,bata,28,96,0.2687811088813517
GB1,bata,28,192,0.49448890877962604
GB1,bata,28,288,0.825004381071726
GB1,bata,28,384,0.8622110018003477
GB1,bata,28,480,0.8622110018003477
GB1,bata,29,96,0.1519697935688873
GB1,bata,29,192,0.5449108151583013
GB1,bata,29,288,0.5792421057396576
GB1,bata,29,384,0.6587599672965438
GB1,bata,29,480,0.8622110018003477
GB1,bata,30,96,0.220797039152421
GB1,bata,30,192,0.6152423688523073
GB1,bata,30,288,0.6895801554372128
GB1,bata,30,384,0.6895801554372128
GB1,bata,30,480,0.6989076464601929
GB1,bata,31,96,0.2408013902171817
GB1,bata,31,192,0.5792421057396576
GB1,bata,31,288,0.7352767757755749
GB1,bata,31,384,0.825004381071726
GB1,bata,31,480,0.825004381071726
GB1,bata,32,96,0.10833423951507898
GB1,bata,32,192,0.6989076464601929
GB1,bata,32,288,1.0
GB1,bata,32,384,1.0
GB1,bata,32,480,1.0
GB1,bata,33,96,0.16330539164122013
GB1,bata,33,192,0.687915107481905
GB1,bata,33,288,0.825004381071726
GB1,bata,33,384,0.825004381071726
GB1,bata,33,480,1.0
GB1,bata,34,96,0.26996849780850135
GB1,bata,34,192,0.5792421057396576
GB1,bata,34,288,0.5792421057396576
GB1,bata,34,384,0.6587599672965438
GB1,bata,34,480,0.6587599672965438
GB1,reap100,20,96,0.26520839309712996
GB1,reap100,20,192,0.5146123774078395
GB1,reap100,20,288,0.6019033672414112
GB1,reap100,20,384,0.8345908537078612
GB1,reap100,20,480,0.8345908537078612
GB1,reap100,21,96,0.17573497151813078
GB1,reap100,21,192,0.5688708452750868
GB1,reap100,21,288,0.7907195088416814
GB1,reap100,21,384,1.0
GB1,reap100,21,480,1.0
GB1,reap100,22,96,0.2532274081079781
GB1,reap100,22,192,0.7077333663997645
GB1,reap100,22,288,0.7077333663997645
GB1,reap100,22,384,0.7077333663997645
GB1,reap100,22,480,0.8624627606050047
GB1,reap100,23,96,0.3214112421305296
GB1,reap100,23,192,0.5846835551668591
GB1,reap100,23,288,0.6260269025642482
GB1,reap100,23,384,0.7849778591964844
GB1,reap100,23,480,0.8345908537078612
GB1,reap100,24,96,0.3700822185692439
GB1,reap100,24,192,0.6295026540332288
GB1,reap100,24,288,0.825004381071726
GB1,reap100,24,384,1.0
GB1,reap100,24,480,1.0
GB1,reap100,25,96,0.3763631951401021
GB1,reap100,25,192,0.6258506630010466
GB1,reap100,25,288,0.6548964936960946
GB1,reap100,25,384,0.7077333663997645
GB1,reap100,25,480,0.7077333663997645
GB1,reap100,26,96,0.2359580061335041
GB1,reap100,26,192,0.5449108151583013
GB1,reap100,26,288,0.5449108151583013
GB1,reap100,26,384,0.7907195088416814
GB1,reap100,26,480,1.0
GB1,reap100,27,96,0.5009111858358557
GB1,reap100,27,192,0.5836978432456892
GB1,reap100,27,288,0.7849778591964844
GB1,reap100,27,384,0.8345908537078612
GB1,reap100,27,480,0.8345908537078612
GB1,reap100,28,96,0.2687811088813517
GB1,reap100,28,192,0.6209327621906854
GB1,reap100,28,288,0.7849778591964844
GB1,reap100,28,384,0.8345908537078612
GB1,reap100,28,480,0.8622110018003477
GB1,reap100,29,96,0.1519697935688873
GB1,reap100,29,192,0.5449108151583013
GB1,reap100,29,288,0.6209353905963313
GB1,reap100,29,384,0.9181903148057718
GB1,reap100,29,480,1.0
GB1,reap100,30,96,0.220797039152421
GB1,reap100,30,192,0.3522516298482054
GB1,reap100,30,288,0.5449108151583013
GB1,reap100,30,384,0.6271281750844608
GB1,reap100,30,480,1.0
GB1,reap100,31,96,0.2408013902171817
GB1,reap100,31,192,0.6271281750844608
GB1,reap100,31,288,0.7077333663997645
GB1,reap100,31,384,0.9181903148057718
GB1,reap100,31,480,1.0
GB1,reap100,32,96,0.10833423951507898
GB1,reap100,32,192,0.6273102417647733
GB1,reap100,32,288,0.6723293504313184
GB1,reap100,32,384,0.9181903148057718
GB1,reap100,32,480,1.0
GB1,reap100,33,96,0.16330539164122013
GB1,reap100,33,192,0.4789613409550667
GB1,reap100,33,288,0.7077333663997645
GB1,reap100,33,384,0.7077333663997645
GB1,reap100,33,480,0.9181903148057718
GB1,reap100,34,96,0.26996849780850135
GB1,reap100,34,192,0.782648947420161
GB1,reap100,34,288,0.8311300290264457
GB1,reap100,34,384,0.8622110018003477
GB1,reap100,34,480,0.8622110018003477
PABP,bata,20,96,1.614159895
PABP,bata,20,192,1.614159895
PABP,bata,20,288,1.680772496
PABP,bata,20,384,1.680772496
PABP,bata,20,480,1.964409118
PABP,bata,21,96,1.253319515
PABP,bata,21,192,1.83748788
PABP,bata,21,288,1.83748788
PABP,bata,21,384,1.83748788
PABP,bata,21,480,2.868778599
PABP,bata,22,96,1.3070774040000002
PABP,bata,22,192,1.346177275
PABP,bata,22,288,1.771550716
PABP,bata,22,384,2.068643072
PABP,bata,22,480,2.868778599
PABP,bata,23,96,1.37295852
PABP,bata,23,192,1.4917367259999998
PABP,bata,23,288,1.822900012
PABP,bata,23,384,1.822900012
PABP,bata,23,480,1.822900012
PABP,bata,24,96,1.455336031
PABP,bata,24,192,1.758346611
PABP,bata,24,288,2.627942865
PABP,bata,24,384,2.627942865
PABP,bata,24,480,2.627942865
PABP,bata,25,96,1.33581568
PABP,bata,25,192,1.5030929919999998
PABP,bata,25,288,2.308485747
PABP,bata,25,384,2.308485747
PABP,bata,25,480,2.308485747
PABP,bata,26,96,1.478330393
PABP,bata,26,192,1.598888707
PABP,bata,26,288,1.822900012
PABP,bata,26,384,1.822900012
PABP,bata,26,480,1.964409118
PABP,bata,27,96,1.780527865
PABP,bata,27,192,1.786856756
PABP,bata,27,288,1.822900012
PABP,bata,27,384,2.868778599
PABP,bata,27,480,2.868778599
PABP,bata,28,96,1.465288842
PABP,bata,28,192,1.465288842
PABP,bata,28,288,2.042122007
PABP,bata,28,384,2.042122007
PABP,bata,28,480,2.042122007
PABP,bata,29,96,1.6455115340000002
PABP,bata,29,192,1.6455115340000002
PABP,bata,29,288,1.6455115340000002
PABP,bata,29,384,1.6455115340000002
PABP,bata,29,480,2.868778599
PABP,bata,30,96,1.317852659
PABP,bata,30,192,1.637675765
PABP,bata,30,288,1.637675765
PABP,bata,30,384,1.637675765
PABP,bata,30,480,2.128194918
PABP,bata,31,96,1.477602194
PABP,bata,31,192,2.308485747
PABP,bata,31,288,2.308485747
PABP,bata,31,384,2.308485747
PABP,bata,31,480,2.308485747
PABP,bata,32,96,1.797225364
PABP,bata,32,192,1.797225364
PABP,bata,32,288,1.797225364
PABP,bata,32,384,1.797225364
PABP,bata,32,480,2.868778599
PABP,bata,33,96,1.556019656
PABP,bata,33,192,1.822900012
PABP,bata,33,288,1.822900012
PABP,bata,33,384,1.822900012
PABP,bata,33,480,2.868778599
PABP,bata,34,96,1.379095381
PABP,bata,34,192,1.964409118
PABP,bata,34,288,1.964409118
PABP,bata,34,384,1.964409118
PABP,bata,34,480,1.964409118
PABP,evolvepro650,20,96,1.614159895
PABP,evolvepro650,20,192,1.614159895
PABP,evolvepro650,20,288,1.765268704
PABP,evolvepro650,20,384,1.854210558
PABP,evolvepro650,20,480,1.854210558
PABP,evolvepro650,21,96,1.253319515
PABP,evolvepro650,21,192,1.253319515
PABP,evolvepro650,21,288,1.598073364
PABP,evolvepro650,21,384,2.128194918
PABP,evolvepro650,21,480,2.128194918
PABP,evolvepro650,22,96,1.3070774040000002
PABP,evolvepro650,22,192,1.5399417569999998
PABP,evolvepro650,22,288,2.868778599
PABP,evolvepro650,22,384,2.868778599
PABP,evolvepro650,22,480,2.868778599
PABP,evolvepro650,23,96,1.37295852
PABP,evolvepro650,23,192,1.37295852
PABP,evolvepro650,23,288,1.958715179
PABP,evolvepro650,23,384,2.372511545
PABP,evolvepro650,23,480,2.372511545
PABP,evolvepro650,24,96,1.455336031
PABP,evolvepro650,24,192,1.719489488
PABP,evolvepro650,24,288,1.719489488
PABP,evolvepro650,24,384,1.736482904
PABP,evolvepro650,24,480,1.822900012
PABP,evolvepro650,25,96,1.33581568
PABP,evolvepro650,25,192,1.411235316
PABP,evolvepro650,25,288,2.868778599
PABP,evolvepro650,25,384,2.868778599
PABP,evolvepro650,25,480,2.868778599
PABP,evolvepro650,26,96,1.478330393
PABP,evolvepro650,26,192,1.478330393
PABP,evolvepro650,26,288,1.478330393
PABP,evolvepro650,26,384,1.765268704
PABP,evolvepro650,26,480,2.081572091
PABP,evolvepro650,27,96,1.780527865
PABP,evolvepro650,27,192,1.780527865
PABP,evolvepro650,27,288,1.780527865
PABP,evolvepro650,27,384,1.822900012
PABP,evolvepro650,27,480,2.868778599
PABP,evolvepro650,28,96,1.465288842
PABP,evolvepro650,28,192,1.549523361
PABP,evolvepro650,28,288,1.7552123030000002
PABP,evolvepro650,28,384,1.7552123030000002
PABP,evolvepro650,28,480,2.081572091
PABP,evolvepro650,29,96,1.6455115340000002
PABP,evolvepro650,29,192,1.6455115340000002
PABP,evolvepro650,29,288,1.6455115340000002
PABP,evolvepro650,29,384,2.868778599
PABP,evolvepro650,29,480,2.868778599
PABP,evolvepro650,30,96,1.317852659
PABP,evolvepro650,30,192,1.637675765
PABP,evolvepro650,30,288,1.7745712619999998
PABP,evolvepro650,30,384,2.128194918
PABP,evolvepro650,30,480,2.128194918
PABP,evolvepro650,31,96,1.477602194
PABP,evolvepro650,31,192,1.785928519
PABP,evolvepro650,31,288,1.785928519
PABP,evolvepro650,31,384,1.785928519
PABP,evolvepro650,31,480,1.785928519
PABP,evolvepro650,32,96,1.797225364
PABP,evolvepro650,32,192,1.797225364
PABP,evolvepro650,32,288,2.868778599
PABP,evolvepro650,32,384,2.868778599
PABP,evolvepro650,32,480,2.868778599
PABP,evolvepro650,33,96,1.556019656
PABP,evolvepro650,33,192,1.556019656
PABP,evolvepro650,33,288,1.556019656
PABP,evolvepro650,33,384,1.556019656
PABP,evolvepro650,33,480,1.556019656
PABP,evolvepro650,34,96,1.379095381
PABP,evolvepro650,34,192,2.868778599
PABP,evolvepro650,34,288,2.868778599
PABP,evolvepro650,34,384,2.868778599
PABP,evolvepro650,34,480,2.868778599
PABP,reap100,20,96,1.614159895
PABP,reap100,20,192,1.765268704
PABP,reap100,20,288,1.765268704
PABP,reap100,20,384,1.765268704
PABP,reap100,20,480,2.068643072
PABP,reap100,21,96,1.253319515
PABP,reap100,21,192,1.373151004
PABP,reap100,21,288,1.680772496
PABP,reap100,21,384,1.680772496
PABP,reap100,21,480,1.822900012
PABP,reap100,22,96,1.3070774040000002
PABP,reap100,22,192,1.3881270419999998
PABP,reap100,22,288,1.771550716
PABP,reap100,22,384,1.771550716
PABP,reap100,22,480,1.7745712619999998
PABP,reap100,23,96,1.37295852
PABP,reap100,23,192,1.822900012
PABP,reap100,23,288,1.822900012
PABP,reap100,23,384,1.822900012
PABP,reap100,23,480,1.960901245
PABP,reap100,24,96,1.455336031
PABP,reap100,24,192,1.815219561
PABP,reap100,24,288,1.822900012
PABP,reap100,24,384,1.822900012
PABP,reap100,24,480,1.822900012
PABP,reap100,25,96,1.33581568
PABP,reap100,25,192,1.622132682
PABP,reap100,25,288,1.622132682
PABP,reap100,25,384,1.822900012
PABP,reap100,25,480,1.822900012
PABP,reap100,26,96,1.478330393
PABP,reap100,26,192,1.5083855730000002
PABP,reap100,26,288,1.771550716
PABP,reap100,26,384,1.822900012
PABP,reap100,26,480,1.822900012
PABP,reap100,27,96,1.780527865
PABP,reap100,27,192,1.780527865
PABP,reap100,27,288,1.822900012
PABP,reap100,27,384,1.822900012
PABP,reap100,27,480,1.822900012
PABP,reap100,28,96,1.465288842
PABP,reap100,28,192,1.489129587
PABP,reap100,28,288,1.5052755
PABP,reap100,28,384,1.639885854
PABP,reap100,28,480,2.128194918
PABP,reap100,29,96,1.6455115340000002
PABP,reap100,29,192,1.870398111
PABP,reap100,29,288,1.870398111
PABP,reap100,29,384,1.870398111
PABP,reap100,29,480,1.870398111
PABP,reap100,30,96,1.317852659
PABP,reap100,30,192,1.568704598
PABP,reap100,30,288,1.680772496
PABP,reap100,30,384,1.822900012
PABP,reap100,30,480,1.822900012
PABP,reap100,31,96,1.477602194
PABP,reap100,31,192,1.477602194
PABP,reap100,31,288,2.308485747
PABP,reap100,31,384,2.308485747
PABP,reap100,31,480,2.308485747
PABP,reap100,32,96,1.797225364
PABP,reap100,32,192,1.797225364
PABP,reap100,32,288,1.822900012
PABP,reap100,32,384,1.822900012
PABP,reap100,32,480,1.822900012
PABP,reap100,33,96,1.556019656
PABP,reap100,33,192,1.817332016
PABP,reap100,33,288,1.817332016
PABP,reap100,33,384,1.822900012
PABP,reap100,33,480,1.822900012
PABP,reap100,34,96,1.379095381
PABP,reap100,34,192,1.7552123030000002
PABP,reap100,34,288,1.822900012
PABP,reap100,34,384,1.822900012
PABP,reap100,34,480,1.822900012
TrpB,alde,20,96,0.352359083
TrpB,alde,20,192,0.56430706
TrpB,alde,20,288,0.932033526
TrpB,alde,20,384,0.932033526
TrpB,alde,20,480,1.0
TrpB,alde,21,96,0.488141893
TrpB,alde,21,192,0.672976073
TrpB,alde,21,288,0.746142028
TrpB,alde,21,384,0.800478399
TrpB,alde,21,480,0.800478399
TrpB,alde,22,96,0.365963521
TrpB,alde,22,192,0.742180293
TrpB,alde,22,288,0.794515883
TrpB,alde,22,384,0.832570233
TrpB,alde,22,480,0.832570233
TrpB,alde,23,96,0.428569444
TrpB,alde,23,192,0.715912054
TrpB,alde,23,288,0.761709608
TrpB,alde,23,384,0.761709608
TrpB,alde,23,480,0.761709608
TrpB,alde,24,96,0.486320462
TrpB,alde,24,192,0.721372481
TrpB,alde,24,288,1.0
TrpB,alde,24,384,1.0
TrpB,alde,24,480,1.0
TrpB,alde,25,96,0.53471255
TrpB,alde,25,192,0.733449976
TrpB,alde,25,288,0.932033526
TrpB,alde,25,384,0.932033526
TrpB,alde,25,480,1.0
TrpB,alde,26,96,0.562311996
TrpB,alde,26,192,0.73943435
TrpB,alde,26,288,0.73943435
TrpB,alde,26,384,0.794515883
TrpB,alde,26,480,0.798137603
TrpB,alde,27,96,0.428228797
TrpB,alde,27,192,0.688876392
TrpB,alde,27,288,1.0
TrpB,alde,27,384,1.0
TrpB,alde,27,480,1.0
TrpB,alde,28,96,0.600156874
TrpB,alde,28,192,0.841000643
TrpB,alde,28,288,1.0
TrpB,alde,28,384,1.0
TrpB,alde,28,480,1.0
TrpB,alde,29,96,0.223389948
TrpB,alde,29,192,0.678145978
TrpB,alde,29,288,0.819070975
TrpB,alde,29,384,0.895147379
TrpB,alde,29,480,1.0
TrpB,alde,30,96,0.707449613
TrpB,alde,30,192,0.922559227
TrpB,alde,30,288,0.922559227
TrpB,alde,30,384,0.932033526
TrpB,alde,30,480,1.0
TrpB,alde,31,96,0.1449305
TrpB,alde,31,192,0.509690373
TrpB,alde,31,288,0.916559381
TrpB,alde,31,384,1.0
TrpB,alde,31,480,1.0
TrpB,alde,32,96,0.512049231
TrpB,alde,32,192,0.841000643
TrpB,alde,32,288,1.0
TrpB,alde,32,384,1.0
TrpB,alde,32,480,1.0
TrpB,alde,33,96,0.446803231
TrpB,alde,33,192,0.714255346
TrpB,alde,33,288,0.746142028
TrpB,alde,33,384,0.746142028
TrpB,alde,33,480,0.800478399
TrpB,alde,34,96,0.124681106
TrpB,alde,34,192,0.819070975
TrpB,alde,34,288,1.0
TrpB,alde,34,384,1.0
TrpB,alde,34,480,1.0
TrpB,bata,20,96,0.352359083
TrpB,bata,20,192,0.724265211
TrpB,bata,20,288,0.88246645
TrpB,bata,20,384,0.922559227
TrpB,bata,20,480,0.932033526
TrpB,bata,21,96,0.488141893
TrpB,bata,21,192,0.800478399
TrpB,bata,21,288,0.895147379
TrpB,bata,21,384,0.922559227
TrpB,bata,21,480,0.922559227
TrpB,bata,22,96,0.365963521
TrpB,bata,22,192,0.742180293
TrpB,bata,22,288,0.800478399
TrpB,bata,22,384,0.806522842
TrpB,bata,22,480,0.922559227
TrpB,bata,23,96,0.428569444
TrpB,bata,23,192,0.648378602
TrpB,bata,23,288,0.800478399
TrpB,bata,23,384,0.922559227
TrpB,bata,23,480,0.922559227
TrpB,bata,24,96,0.486320462
TrpB,bata,24,192,0.798137603
TrpB,bata,24,288,0.88246645
TrpB,bata,24,384,0.922559227
TrpB,bata,24,480,0.922559227
TrpB,bata,25,96,0.53471255
TrpB,bata,25,192,0.581585581
TrpB,bata,25,288,0.735562591
TrpB,bata,25,384,0.922559227
TrpB,bata,25,480,0.922559227
TrpB,bata,26,96,0.562311996
TrpB,bata,26,192,0.746142028
TrpB,bata,26,288,0.752894791
TrpB,bata,26,384,0.752894791
TrpB,bata,26,480,0.752894791
TrpB,bata,27,96,0.428228797
TrpB,bata,27,192,0.72526836
TrpB,bata,27,288,0.909769373
TrpB,bata,27,384,0.909769373
TrpB,bata,27,480,0.932033526
TrpB,bata,28,96,0.600156874
TrpB,bata,28,192,0.806522842
TrpB,bata,28,288,0.932033526
TrpB,bata,28,384,0.932033526
TrpB,bata,28,480,0.932033526
TrpB,bata,29,96,0.223389948
TrpB,bata,29,192,0.61644109
TrpB,bata,29,288,0.895147379
TrpB,bata,29,384,0.895147379
TrpB,bata,29,480,0.932033526
TrpB,bata,30,96,0.707449613
TrpB,bata,30,192,0.88246645
TrpB,bata,30,288,0.922559227
TrpB,bata,30,384,0.922559227
TrpB,bata,30,480,0.932033526
TrpB,bata,31,96,0.1449305
TrpB,bata,31,192,0.508219132
TrpB,bata,31,288,0.798137603
TrpB,bata,31,384,0.801936097
TrpB,bata,31,480,0.88246645
TrpB,bata,32,96,0.512049231
TrpB,bata,32,192,0.735562591
TrpB,bata,32,288,0.88246645
TrpB,bata,32,384,0.895147379
TrpB,bata,32,480,0.895147379
TrpB,bata,33,96,0.446803231
TrpB,bata,33,192,0.800478399
TrpB,bata,33,288,0.88246645
TrpB,bata,33,384,0.88246645
TrpB,bata,33,480,0.88246645
TrpB,bata,34,96,0.124681106
TrpB,bata,34,192,0.819070975
TrpB,bata,34,288,0.895147379
TrpB,bata,34,384,0.895147379
TrpB,bata,34,480,0.922559227
TrpB,reap100,20,96,0.352359083
TrpB,reap100,20,192,0.56430706
TrpB,reap100,20,288,0.798137603
TrpB,reap100,20,384,0.922559227
TrpB,reap100,20,480,1.0
TrpB,reap100,21,96,0.488141893
TrpB,reap100,21,192,0.800478399
TrpB,reap100,21,288,0.922559227
TrpB,reap100,21,384,1.0
TrpB,reap100,21,480,1.0
TrpB,reap100,22,96,0.365963521
TrpB,reap100,22,192,0.733449976
TrpB,reap100,22,288,0.752894791
TrpB,reap100,22,384,0.752894791
TrpB,reap100,22,480,0.752894791
TrpB,reap100,23,96,0.428569444
TrpB,reap100,23,192,0.648378602
TrpB,reap100,23,288,0.800478399
TrpB,reap100,23,384,0.800478399
TrpB,reap100,23,480,0.832570233
TrpB,reap100,24,96,0.486320462
TrpB,reap100,24,192,0.780117499
TrpB,reap100,24,288,0.932033526
TrpB,reap100,24,384,1.0
TrpB,reap100,24,480,1.0
TrpB,reap100,25,96,0.53471255
TrpB,reap100,25,192,0.691731032
TrpB,reap100,25,288,0.800478399
TrpB,reap100,25,384,0.922559227
TrpB,reap100,25,480,1.0
TrpB,reap100,26,96,0.562311996
TrpB,reap100,26,192,0.562311996
TrpB,reap100,26,288,0.676871066
TrpB,reap100,26,384,0.73943435
TrpB,reap100,26,480,0.73943435
TrpB,reap100,27,96,0.428228797
TrpB,reap100,27,192,0.610653656
TrpB,reap100,27,288,0.700465041
TrpB,reap100,27,384,0.801936097
TrpB,reap100,27,480,0.932033526
TrpB,reap100,28,96,0.600156874
TrpB,reap100,28,192,0.841000643
TrpB,reap100,28,288,1.0
TrpB,reap100,28,384,1.0
TrpB,reap100,28,480,1.0
TrpB,reap100,29,96,0.223389948
TrpB,reap100,29,192,0.622208554
TrpB,reap100,29,288,0.752894791
TrpB,reap100,29,384,0.752894791
TrpB,reap100,29,480,0.752894791
TrpB,reap100,30,96,0.707449613
TrpB,reap100,30,192,0.88246645
TrpB,reap100,30,288,1.0
TrpB,reap100,30,384,1.0
TrpB,reap100,30,480,1.0
TrpB,reap100,31,96,0.1449305
TrpB,reap100,31,192,0.541713707
TrpB,reap100,31,288,0.676871066
TrpB,reap100,31,384,0.733449976
TrpB,reap100,31,480,0.73943435
TrpB,reap100,32,96,0.512049231
TrpB,reap100,32,192,0.581262767
TrpB,reap100,32,288,0.798137603
TrpB,reap100,32,384,0.800478399
TrpB,reap100,32,480,0.800478399
TrpB,reap100,33,96,0.446803231
TrpB,reap100,33,192,0.746142028
TrpB,reap100,33,288,0.752894791
TrpB,reap100,33,384,0.752894791
TrpB,reap100,33,480,0.756122223
TrpB,reap100,34,96,0.124681106
TrpB,reap100,34,192,0.922559227
TrpB,reap100,34,288,1.0
TrpB,reap100,34,384,1.0
TrpB,reap100,34,480,1.0
