benchmark,arm,group,cohort,initial_sha256,manifest_sha256,algorithm_seed,d0_seed,run_arm,source_split,Final,Query_AUC,round,prior_weight,fit_sha256
GB1,bata,0,original_main35,c9b8773d4ab7798f831f9df56e5a208810dde0b6ad9e155d8c9cb37eac8ceb5d,1e917fd1817b0b4d3b6ec92d6329fdabc547aa964e717fe12b9b734b30ed0197,2391947363,3014323829,c22_bata,final22,0.7849778591964844,0.6751436217624454,1,0.27639565734130356,62bda1b2a04e1bf2622a67b2a56f83654a44dfd9d64a1eaba8e048c5b3b11779
GB1,bata,0,original_main35,c9b8773d4ab7798f831f9df56e5a208810dde0b6ad9e155d8c9cb37eac8ceb5d,1e917fd1817b0b4d3b6ec92d6329fdabc547aa964e717fe12b9b734b30ed0197,2391947363,3014323829,c22_bata,final22,0.7849778591964844,0.6751436217624454,2,0.5371832706001995,6d74c36d498fd1136b27d5dd731922e56eef82b962731879ea009ca490657888
GB1,bata,0,original_main35,c9b8773d4ab7798f831f9df56e5a208810dde0b6ad9e155d8c9cb37eac8ceb5d,1e917fd1817b0b4d3b6ec92d6329fdabc547aa964e717fe12b9b734b30ed0197,2391947363,3014323829,c22_bata,final22,0.7849778591964844,0.6751436217624454,3,0.07731330754309487,2ab3b984a7a3f10aa3df24f6f480ad459f9f1cbb55f26cb9ce62167a6193eb45
GB1,bata,0,original_main35,c9b8773d4ab7798f831f9df56e5a208810dde0b6ad9e155d8c9cb37eac8ceb5d,1e917fd1817b0b4d3b6ec92d6329fdabc547aa964e717fe12b9b734b30ed0197,2391947363,3014323829,c22_bata,final22,0.7849778591964844,0.6751436217624454,4,0.18200664106964617,75cac5c71304385fa8c3b7e8193e945ad9f9e5c35ca20e8f921026d6b3facc74
GB1,bata,1,original_main35,12b702b7179ec0c4dbf69af01c12a2ef40c4812be2590dfbb2d7836695bad36e,507edde1cdbfaba997ca78539312402939965f63de56fa85c84069c235213a9d,3909839147,334270505,c22_bata,final22,0.8345908537078612,0.6220319330991453,1,0.3447562275692509,e705d4d7328893b5009bbe443b80a1304c41ca7aa201b19ef27dbeb0d9c87feb
GB1,bata,1,original_main35,12b702b7179ec0c4dbf69af01c12a2ef40c4812be2590dfbb2d7836695bad36e,507edde1cdbfaba997ca78539312402939965f63de56fa85c84069c235213a9d,3909839147,334270505,c22_bata,final22,0.8345908537078612,0.6220319330991453,2,0.5377500013772966,8f8d18de0034701d9cc2be07d0936b35e265cc5b970e10c0a94e72bb522c9126
GB1,bata,1,original_main35,12b702b7179ec0c4dbf69af01c12a2ef40c4812be2590dfbb2d7836695bad36e,507edde1cdbfaba997ca78539312402939965f63de56fa85c84069c235213a9d,3909839147,334270505,c22_bata,final22,0.8345908537078612,0.6220319330991453,3,0.4460340146496173,ca5838645dd74264f6d918959a97676f8b0fd9f2ed3a4704b3a42c980b005e62
GB1,bata,1,original_main35,12b702b7179ec0c4dbf69af01c12a2ef40c4812be2590dfbb2d7836695bad36e,507edde1cdbfaba997ca78539312402939965f63de56fa85c84069c235213a9d,3909839147,334270505,c22_bata,final22,0.8345908537078612,0.6220319330991453,4,0.45775443587108877,2a61efbe8a7ca379bce8531ca984a953577de31c9cb457aee01bfef24f70ecd1
GB1,bata,2,original_main35,aff155824189a9eef0abdef23e8303962f9fd39536d50bb020ce9fdfaf6ae632,58875f0f5397c1f8d0f9a54fc9f4ddfcfa2a7bb9159f744a2913b523770ccea9,3532526178,2026858604,c22_bata,final22,1.0,0.6088829620350888,1,0.40658265893941814,571befea251d1f51ce75a3670deab985d390313c2a7d551d1f0cc327908e3dcb
GB1,bata,2,original_main35,aff155824189a9eef0abdef23e8303962f9fd39536d50bb020ce9fdfaf6ae632,58875f0f5397c1f8d0f9a54fc9f4ddfcfa2a7bb9159f744a2913b523770ccea9,3532526178,2026858604,c22_bata,final22,1.0,0.6088829620350888,2,0.5671693125825373,36df9b6a1cbea3174813d9c4cbadfba8dd8310dc5b4d3b7d8282322dafbca4b1
GB1,bata,2,original_main35,aff155824189a9eef0abdef23e8303962f9fd39536d50bb020ce9fdfaf6ae632,58875f0f5397c1f8d0f9a54fc9f4ddfcfa2a7bb9159f744a2913b523770ccea9,3532526178,2026858604,c22_bata,final22,1.0,0.6088829620350888,3,0.3043132785605546,ac36847f325f16b646d3517dd2a176f9cc4eb963c2b6c54c1e1abb036f9e814d
GB1,bata,2,original_main35,aff155824189a9eef0abdef23e8303962f9fd39536d50bb020ce9fdfaf6ae632,58875f0f5397c1f8d0f9a54fc9f4ddfcfa2a7bb9159f744a2913b523770ccea9,3532526178,2026858604,c22_bata,final22,1.0,0.6088829620350888,4,0.1258573091226701,cd31279287889783f6f97393b81d637f268f3ea7903cc094437ee658238cd900
GB1,bata,3,original_main35,8d7c89be4dc91e34d600f21187a1963e9cdb9e005135944a39c844d61d2de16a,a2b150dad09a72e4803a55db9a4f75e1ea26db6a819301da6d6949f9b5045065,971754746,1591158563,c22_bata,final22,0.8345908537078612,0.6957022917369902,1,0.4713823061899268,e5e5c9f7a55f455965f95dae95433cdb67b6f1379d79dc2223a0917e4e400d51
GB1,bata,3,original_main35,8d7c89be4dc91e34d600f21187a1963e9cdb9e005135944a39c844d61d2de16a,a2b150dad09a72e4803a55db9a4f75e1ea26db6a819301da6d6949f9b5045065,971754746,1591158563,c22_bata,final22,0.8345908537078612,0.6957022917369902,2,0.18039466851795188,0d955d372e736b6a2fa4b15b06a0200e7ddc98422cc368e302ec2c120b4b647c
GB1,bata,3,original_main35,8d7c89be4dc91e34d600f21187a1963e9cdb9e005135944a39c844d61d2de16a,a2b150dad09a72e4803a55db9a4f75e1ea26db6a819301da6d6949f9b5045065,971754746,1591158563,c22_bata,final22,0.8345908537078612,0.6957022917369902,3,0.05139751548788813,3f577c8626dbdbcf8053a31afaa2aa2c0386bdb297d1ef345915829ec9dc884d
GB1,bata,3,original_main35,8d7c89be4dc91e34d600f21187a1963e9cdb9e005135944a39c844d61d2de16a,a2b150dad09a72e4803a55db9a4f75e1ea26db6a819301da6d6949f9b5045065,971754746,1591158563,c22_bata,final22,0.8345908537078612,0.6957022917369902,4,0.13925686968298703,4fba8a6a50103df23f7f535905a4100ed23d7244044a150fbd481cfdece69a70
GB1,bata,4,original_main35,ae9f6b41fe285e5aa7e9132fccaecd2bd9bfeed131d4eb7c754290a842ac3543,c0edbd4a8355dae34b977c3afcf0f47f4696cd1890101b786a77137045f90c0c,2674163887,3287185275,c22_bata,final22,1.0,0.6103438831345951,1,0.6836986464868485,edd9b393f3b4e783e549ecd3bb86e89fe1871a81a3bfcf182794caa86c794ddf
GB1,bata,4,original_main35,ae9f6b41fe285e5aa7e9132fccaecd2bd9bfeed131d4eb7c754290a842ac3543,c0edbd4a8355dae34b977c3afcf0f47f4696cd1890101b786a77137045f90c0c,2674163887,3287185275,c22_bata,final22,1.0,0.6103438831345951,2,0.7006600494740146,96ac3fd2b9343b1de594031d2e883904d1dfe14c1e59f767f65e5240482d73af
GB1,bata,4,original_main35,ae9f6b41fe285e5aa7e9132fccaecd2bd9bfeed131d4eb7c754290a842ac3543,c0edbd4a8355dae34b977c3afcf0f47f4696cd1890101b786a77137045f90c0c,2674163887,3287185275,c22_bata,final22,1.0,0.6103438831345951,3,0.17484822201435427,b1f39cdb3e4635c68ed7b3bb8fb42173c90c2e380434ad04c91baed31751003f
GB1,bata,4,original_main35,ae9f6b41fe285e5aa7e9132fccaecd2bd9bfeed131d4eb7c754290a842ac3543,c0edbd4a8355dae34b977c3afcf0f47f4696cd1890101b786a77137045f90c0c,2674163887,3287185275,c22_bata,final22,1.0,0.6103438831345951,4,0.25166207549725805,3f9acbceb2dea7f9ae1569741dd8f1d3ee1321ac2c8012c81dbb4fe9657c8775
GB1,bata,5,original_main35,25929c333183ec0af7c342f45614e5f33a35418285e76421f578f2f566f65d45,a699aea95586d25036e684e5a619b05b1d7af44841d64bf94a93bc3c745f9a22,2142772039,2544143934,c22_bata,final22,0.8345908537078612,0.7839757074996232,1,0.5927172267993406,4bb23eeec3d02d1e82c6d64ed8fe0196329c0f9a85dfaa1653cd8959e376a38c
GB1,bata,5,original_main35,25929c333183ec0af7c342f45614e5f33a35418285e76421f578f2f566f65d45,a699aea95586d25036e684e5a619b05b1d7af44841d64bf94a93bc3c745f9a22,2142772039,2544143934,c22_bata,final22,0.8345908537078612,0.7839757074996232,2,0.19394958591181827,21199cb249356ee75041c4b7107849860f42edfdf935fd13a5fc15d841ce8f14
GB1,bata,5,original_main35,25929c333183ec0af7c342f45614e5f33a35418285e76421f578f2f566f65d45,a699aea95586d25036e684e5a619b05b1d7af44841d64bf94a93bc3c745f9a22,2142772039,2544143934,c22_bata,final22,0.8345908537078612,0.7839757074996232,3,0.20276255813637517,2ae9cac72de41a260af4cfac398c29c26d36f594997f47384ec6733e021699cc
GB1,bata,5,original_main35,25929c333183ec0af7c342f45614e5f33a35418285e76421f578f2f566f65d45,a699aea95586d25036e684e5a619b05b1d7af44841d64bf94a93bc3c745f9a22,2142772039,2544143934,c22_bata,final22,0.8345908537078612,0.7839757074996232,4,0.016064663311201776,ffe99e77acc192b196f4885f4f3547b56bac04bd07b5213def178991099405e3
GB1,bata,6,original_main35,b422829b197c4ec1ab67001d7ea9b8e490a7bac86f5f70c1c89a40907ae1b56f,0fa758bcfc79f98bfb8d2339a60ec2fb14a1deb7385187bc4bc9a951600fb088,1273479957,2952976131,c22_bata,final22,0.8624627606050047,0.7236467921622267,1,0.2487535919176006,599e177c6e7ef750bd01a29f7841ee6157f0c75df68b9eefe8101e633c0c41de
GB1,bata,6,original_main35,b422829b197c4ec1ab67001d7ea9b8e490a7bac86f5f70c1c89a40907ae1b56f,0fa758bcfc79f98bfb8d2339a60ec2fb14a1deb7385187bc4bc9a951600fb088,1273479957,2952976131,c22_bata,final22,0.8624627606050047,0.7236467921622267,2,0.022147128184039327,dc4c40c1bf77f347bb26dad6813ebf3cd066377ac636f755487a7453472036e7
GB1,bata,6,original_main35,b422829b197c4ec1ab67001d7ea9b8e490a7bac86f5f70c1c89a40907ae1b56f,0fa758bcfc79f98bfb8d2339a60ec2fb14a1deb7385187bc4bc9a951600fb088,1273479957,2952976131,c22_bata,final22,0.8624627606050047,0.7236467921622267,3,0.13725632651164968,33613d86061832eb521ee8ee54ccaa2a17cd743c25823fb3798a4c1f5d9946c2
GB1,bata,6,original_main35,b422829b197c4ec1ab67001d7ea9b8e490a7bac86f5f70c1c89a40907ae1b56f,0fa758bcfc79f98bfb8d2339a60ec2fb14a1deb7385187bc4bc9a951600fb088,1273479957,2952976131,c22_bata,final22,0.8624627606050047,0.7236467921622267,4,0.0,54db11a6fb1f09eb417649f020a7d85c476fe0bc860830960f0bfc548354edbe
GB1,bata,7,original_main35,58ee0d8bf8ae4269f33a464cbf3ad46c33027e164d9f631f00930ad66e95a820,547ba20f16adac47546069c956ca958afb3b847da1dfa41012a7dc1a36fccfc6,474569769,1542916314,c22_bata,final22,0.6587599672965438,0.5527481116276132,1,0.5300079001083632,f266b8ba6a99bfeec8c57f11509abf5d921631a32b21bd6605166206f0169a1b
GB1,bata,7,original_main35,58ee0d8bf8ae4269f33a464cbf3ad46c33027e164d9f631f00930ad66e95a820,547ba20f16adac47546069c956ca958afb3b847da1dfa41012a7dc1a36fccfc6,474569769,1542916314,c22_bata,final22,0.6587599672965438,0.5527481116276132,2,0.2860457777932135,a9def3c8c7518f9022a42ce219d013995ab64f81124c9fe92de6cf6b4ca95e56
GB1,bata,7,original_main35,58ee0d8bf8ae4269f33a464cbf3ad46c33027e164d9f631f00930ad66e95a820,547ba20f16adac47546069c956ca958afb3b847da1dfa41012a7dc1a36fccfc6,474569769,1542916314,c22_bata,final22,0.6587599672965438,0.5527481116276132,3,0.09546452368829114,057b59a2c47f84ceccf41665d4df8abf3b235eecd41e097971cef55f39d647f3
GB1,bata,7,original_main35,58ee0d8bf8ae4269f33a464cbf3ad46c33027e164d9f631f00930ad66e95a820,547ba20f16adac47546069c956ca958afb3b847da1dfa41012a7dc1a36fccfc6,474569769,1542916314,c22_bata,final22,0.6587599672965438,0.5527481116276132,4,0.0,39d65da29adf82ba3884fdfb5c38a86aa5b3e73ed5e390cc66a93fd24c350a06
GB1,bata,8,original_main35,1fbde579fd3bd8f779d9444c8f44ec1f5b634459444283eff23854d8e390da46,210710995f6a16bcb13c3f84367f4c81ad397c3949cfb2f7f9d58868f291c601,299468468,2876926170,c22_bata,final22,1.0,0.6599131909448335,1,0.600643495569742,4ed4c1462fba9ebdf34097db99f6607abb6ae2852032e5f767ec4fc05a6711cc
GB1,bata,8,original_main35,1fbde579fd3bd8f779d9444c8f44ec1f5b634459444283eff23854d8e390da46,210710995f6a16bcb13c3f84367f4c81ad397c3949cfb2f7f9d58868f291c601,299468468,2876926170,c22_bata,final22,1.0,0.6599131909448335,2,0.3696630241348941,33284a40f08a30ae8818c9fee5dfdccfdd3bc6d3bdaef1d1280b93769800037e
GB1,bata,8,original_main35,1fbde579fd3bd8f779d9444c8f44ec1f5b634459444283eff23854d8e390da46,210710995f6a16bcb13c3f84367f4c81ad397c3949cfb2f7f9d58868f291c601,299468468,2876926170,c22_bata,final22,1.0,0.6599131909448335,3,0.10344683338684073,3251c54bbe023fd92b538f83e494715d177f59ea66927cc7036ddc4439778330
GB1,bata,8,original_main35,1fbde579fd3bd8f779d9444c8f44ec1f5b634459444283eff23854d8e390da46,210710995f6a16bcb13c3f84367f4c81ad397c3949cfb2f7f9d58868f291c601,299468468,2876926170,c22_bata,final22,1.0,0.6599131909448335,4,0.0547723899410298,64e574654bf79af96b73749f41e85ce2e8327b585263d9551bcab38ba1440fd2
GB1,bata,9,original_main35,a658912f6f0fbfccb530477ab93c63cf789113f6ab2b1cca9598db6ccaf29ff2,6c0246f2e928df8f5b4b5821fbce61abd1b3571011b8480a81a1bd03a4398d44,1373054385,2575071077,c22_bata,final22,1.0,0.6405689454262569,1,0.3862839941216964,0d24c9b4e3208fa38ef56ba0cba27f37a1899e876e95b16959805d1ead0e2a4d
GB1,bata,9,original_main35,a658912f6f0fbfccb530477ab93c63cf789113f6ab2b1cca9598db6ccaf29ff2,6c0246f2e928df8f5b4b5821fbce61abd1b3571011b8480a81a1bd03a4398d44,1373054385,2575071077,c22_bata,final22,1.0,0.6405689454262569,2,0.3094793881132445,5c41590d2f2d6b326fecd4a6fed044c5fefcdf9eb10b182045b677e306900cb0
GB1,bata,9,original_main35,a658912f6f0fbfccb530477ab93c63cf789113f6ab2b1cca9598db6ccaf29ff2,6c0246f2e928df8f5b4b5821fbce61abd1b3571011b8480a81a1bd03a4398d44,1373054385,2575071077,c22_bata,final22,1.0,0.6405689454262569,3,0.21139456994935418,c2c67c7a3c007cc5f35f1e0912679b394e41d5042bcf4ea3239eb37084cc309d
GB1,bata,9,original_main35,a658912f6f0fbfccb530477ab93c63cf789113f6ab2b1cca9598db6ccaf29ff2,6c0246f2e928df8f5b4b5821fbce61abd1b3571011b8480a81a1bd03a4398d44,1373054385,2575071077,c22_bata,final22,1.0,0.6405689454262569,4,0.024720082033881388,beb1626fe3804a39358c99e85dac7dba4bb7dd56f447eca1e6968b1abecabcb0
GB1,bata,10,original_main35,4d92482f640bfa703a09d8a4fdc9d2d2f8ad71b3d3a9ea0feed4bd4d067a81fe,9cbade95e130d95bd27bfa001eef7c6296b795ba7a8b485d5937ae9c16163665,3601534543,486185267,c22_bata,final22,0.6895801554372128,0.5975258462739859,1,0.5426136948852205,5dccac6cee6a198e825401594d5b90e36f58ca67c4e906712d1e456bece620a0
GB1,bata,10,original_main35,4d92482f640bfa703a09d8a4fdc9d2d2f8ad71b3d3a9ea0feed4bd4d067a81fe,9cbade95e130d95bd27bfa001eef7c6296b795ba7a8b485d5937ae9c16163665,3601534543,486185267,c22_bata,final22,0.6895801554372128,0.5975258462739859,2,0.018921883901171645,35a75d1c5b3cbe69cd3f6de5d4e62fab24c837280656651e15c025bd04e24ad4
GB1,bata,10,original_main35,4d92482f640bfa703a09d8a4fdc9d2d2f8ad71b3d3a9ea0feed4bd4d067a81fe,9cbade95e130d95bd27bfa001eef7c6296b795ba7a8b485d5937ae9c16163665,3601534543,486185267,c22_bata,final22,0.6895801554372128,0.5975258462739859,3,0.21484456363646373,ced7fadf859f70442bcb23b174b2794f68b4897c76131868247d8f0f04c540db
GB1,bata,10,original_main35,4d92482f640bfa703a09d8a4fdc9d2d2f8ad71b3d3a9ea0feed4bd4d067a81fe,9cbade95e130d95bd27bfa001eef7c6296b795ba7a8b485d5937ae9c16163665,3601534543,486185267,c22_bata,final22,0.6895801554372128,0.5975258462739859,4,0.04852158438136063,fe495d47a2c29e4b86d68e727af9c94eb1978c6be1664d05d96ef8d9381a3e21
GB1,bata,11,original_main35,bb7832e3828a00662e015f8f9f4425676935a5f53465df5cbfaf1c838c0e0fd7,1ce89eeb2f09bf49236ebce30abce8aa36aeca9f127547a60a522bafd7e6ec51,816293389,214141844,c22_bata,final22,0.6209353905963313,0.5515661498502454,1,0.7275897620633295,d346c0e38c2c9e6d984d5ccce1a202183fc379857ad67921c341f50c6d55f057
GB1,bata,11,original_main35,bb7832e3828a00662e015f8f9f4425676935a5f53465df5cbfaf1c838c0e0fd7,1ce89eeb2f09bf49236ebce30abce8aa36aeca9f127547a60a522bafd7e6ec51,816293389,214141844,c22_bata,final22,0.6209353905963313,0.5515661498502454,2,0.34468901653013073,d00822b935ad3de368a5d5c238d218d78d40738e2af651968c889a7e0c4db945
GB1,bata,11,original_main35,bb7832e3828a00662e015f8f9f4425676935a5f53465df5cbfaf1c838c0e0fd7,1ce89eeb2f09bf49236ebce30abce8aa36aeca9f127547a60a522bafd7e6ec51,816293389,214141844,c22_bata,final22,0.6209353905963313,0.5515661498502454,3,0.1590009439836181,1800be1231b1da6c6aed33fe9df82325bbb0b65dc1fe640128a28759090c92dd
GB1,bata,11,original_main35,bb7832e3828a00662e015f8f9f4425676935a5f53465df5cbfaf1c838c0e0fd7,1ce89eeb2f09bf49236ebce30abce8aa36aeca9f127547a60a522bafd7e6ec51,816293389,214141844,c22_bata,final22,0.6209353905963313,0.5515661498502454,4,0.19268551942039552,aef8907f93d665d35bc73bc0f0e09335a61a6fff4698004568b906264244aaed
GB1,bata,12,original_main35,375913a9beef6237e17ce541baeb756438b1cafe568c3ae6201dd933a7775767,f58658122d86f3f1bb899216bf6e3920310ed06bd705b2a75340961b43851745,3425208170,580254746,c22_bata,final22,0.8345908537078612,0.7056322307530625,1,0.44982512823632304,7f4dcb9a936a39bc92a3f2942e15cdc688ca5c4123396ad59f7cc929264d7593
GB1,bata,12,original_main35,375913a9beef6237e17ce541baeb756438b1cafe568c3ae6201dd933a7775767,f58658122d86f3f1bb899216bf6e3920310ed06bd705b2a75340961b43851745,3425208170,580254746,c22_bata,final22,0.8345908537078612,0.7056322307530625,2,0.2665638759982585,0b76f93e513022e1f89d4fb6e97c28b036cb0eafb60e3b659a2e596a7d4c86fd
GB1,bata,12,original_main35,375913a9beef6237e17ce541baeb756438b1cafe568c3ae6201dd933a7775767,f58658122d86f3f1bb899216bf6e3920310ed06bd705b2a75340961b43851745,3425208170,580254746,c22_bata,final22,0.8345908537078612,0.7056322307530625,3,0.10305566817632121,cb90e0b13e8be4f555fcf0e9185de2ada453ca55f89410e092b9aa6d9b87ec30
GB1,bata,12,original_main35,375913a9beef6237e17ce541baeb756438b1cafe568c3ae6201dd933a7775767,f58658122d86f3f1bb899216bf6e3920310ed06bd705b2a75340961b43851745,3425208170,580254746,c22_bata,final22,0.8345908537078612,0.7056322307530625,4,0.13885966756156656,3bbad20a0b57f34518cf3d35748c4691b30c16c34c0036b6110a84139add83cb
GB1,bata,13,original_main35,508e5775817f43b9ed28e8425494724b1000a5784ebe86ae0e959fe70c418d33,602420729d850ea6163188cc989a15c2953cc551047c6124a4e507eea111929e,2939679286,1583917130,c22_bata,final22,0.8345908537078612,0.7017586907755623,1,0.18758151247483065,a09f8a08a658bd5ed4f9a7b524e457c10b6c1002e056a3bc310dfcf88152b2b9
GB1,bata,13,original_main35,508e5775817f43b9ed28e8425494724b1000a5784ebe86ae0e959fe70c418d33,602420729d850ea6163188cc989a15c2953cc551047c6124a4e507eea111929e,2939679286,1583917130,c22_bata,final22,0.8345908537078612,0.7017586907755623,2,0.1297468230206539,117ca1369e7166c37a63fb1213af6cd7f6eda57d62a3f715643da476f0943e1c
GB1,bata,13,original_main35,508e5775817f43b9ed28e8425494724b1000a5784ebe86ae0e959fe70c418d33,602420729d850ea6163188cc989a15c2953cc551047c6124a4e507eea111929e,2939679286,1583917130,c22_bata,final22,0.8345908537078612,0.7017586907755623,3,0.0,00d47e4a639274417d044e8dd6f02e618366982c50694f8245f318dd5db472a9
GB1,bata,13,original_main35,508e5775817f43b9ed28e8425494724b1000a5784ebe86ae0e959fe70c418d33,602420729d850ea6163188cc989a15c2953cc551047c6124a4e507eea111929e,2939679286,1583917130,c22_bata,final22,0.8345908537078612,0.7017586907755623,4,0.0,2c2a2ff87f1c90e6cf569287c54787b6efcf2e969d7eddceb61aa7d6d539766f
GB1,bata,14,original_main35,6a5dbdf75d8db759d8cd18beedafdab13684a3ed349b04204facae1132de97ba,9cbdbe642d2e85db53e370de9aa3d149addf68e07c5ef6eba3d0a24979b2d8b4,523594604,1845574567,c22_bata,final22,0.8345908537078612,0.6571600973101327,1,0.5062777472163329,765c3cc434aba2a9fb845f9a7af129742d9364cd46adb3ab0df206e95c1eb653
GB1,bata,14,original_main35,6a5dbdf75d8db759d8cd18beedafdab13684a3ed349b04204facae1132de97ba,9cbdbe642d2e85db53e370de9aa3d149addf68e07c5ef6eba3d0a24979b2d8b4,523594604,1845574567,c22_bata,final22,0.8345908537078612,0.6571600973101327,2,0.7195922152436124,2572e80cad8d46229b50cdfce43bf92b0afc964fd3841d7f55f6492054be5a7b
GB1,bata,14,original_main35,6a5dbdf75d8db759d8cd18beedafdab13684a3ed349b04204facae1132de97ba,9cbdbe642d2e85db53e370de9aa3d149addf68e07c5ef6eba3d0a24979b2d8b4,523594604,1845574567,c22_bata,final22,0.8345908537078612,0.6571600973101327,3,0.2436040112198357,adab94572d24a5643cff351c3759cfd557804ea59333c37a7c5fe2cc7d9cd3c2
GB1,bata,14,original_main35,6a5dbdf75d8db759d8cd18beedafdab13684a3ed349b04204facae1132de97ba,9cbdbe642d2e85db53e370de9aa3d149addf68e07c5ef6eba3d0a24979b2d8b4,523594604,1845574567,c22_bata,final22,0.8345908537078612,0.6571600973101327,4,0.07567506980481577,592d25bac0b1d42a74628f9503b7ab9d458ba8cbd9eb2a30c33492e1ca746658
GB1,bata,15,original_main35,bb305ad18ef752e5641960bcdceeaddc1a7a6c9b20781d9a5f060e0f3a02e243,3a3ff68ccbef0c514f16018e8c9cd23a0ba7c307066327b956c1edaa0a4b450d,1169110308,1009629075,c22_bata,final22,0.8345908537078612,0.7120711812654245,1,0.5166549077319667,f771118f874c99598380a1d1ebf6a1b6244405cf6fed651112dbe825469dae8f
GB1,bata,15,original_main35,bb305ad18ef752e5641960bcdceeaddc1a7a6c9b20781d9a5f060e0f3a02e243,3a3ff68ccbef0c514f16018e8c9cd23a0ba7c307066327b956c1edaa0a4b450d,1169110308,1009629075,c22_bata,final22,0.8345908537078612,0.7120711812654245,2,0.21171488033175306,43d7c80600177a2f5682c5f31fd626c597e1820239051911816444b59c5c9249
GB1,bata,15,original_main35,bb305ad18ef752e5641960bcdceeaddc1a7a6c9b20781d9a5f060e0f3a02e243,3a3ff68ccbef0c514f16018e8c9cd23a0ba7c307066327b956c1edaa0a4b450d,1169110308,1009629075,c22_bata,final22,0.8345908537078612,0.7120711812654245,3,0.0,61864879eb09c7979eb78ea0525910873671a5e7af4213599cb6f138ba5348b1
GB1,bata,15,original_main35,bb305ad18ef752e5641960bcdceeaddc1a7a6c9b20781d9a5f060e0f3a02e243,3a3ff68ccbef0c514f16018e8c9cd23a0ba7c307066327b956c1edaa0a4b450d,1169110308,1009629075,c22_bata,final22,0.8345908537078612,0.7120711812654245,4,0.0,c054d17ed7c81a57ad8429205408ada96e8ff7e35a05aaded53fc6f1ddeaa714
GB1,bata,16,original_main35,9f8b9ed746130802bc4606c1ce71399c7a7c3952130db34fbefa9b82e4da1e93,206227654fee7e13bf2f6f1ef68a2a956d971a574e9640cb524bb2f817bfcb6d,3682000027,2452843052,c22_bata,final22,0.7352767757755749,0.48519965605135673,1,0.38125214796187085,40ba65f95f995b708fb42459d2a6a55a4c2897338e5e417190fb8d5d3237908e
GB1,bata,16,original_main35,9f8b9ed746130802bc4606c1ce71399c7a7c3952130db34fbefa9b82e4da1e93,206227654fee7e13bf2f6f1ef68a2a956d971a574e9640cb524bb2f817bfcb6d,3682000027,2452843052,c22_bata,final22,0.7352767757755749,0.48519965605135673,2,0.10598605084659947,4d3fcea89d69dbdf03832466beb30715d1a80483313f5775cade1c65a12f4a48
GB1,bata,16,original_main35,9f8b9ed746130802bc4606c1ce71399c7a7c3952130db34fbefa9b82e4da1e93,206227654fee7e13bf2f6f1ef68a2a956d971a574e9640cb524bb2f817bfcb6d,3682000027,2452843052,c22_bata,final22,0.7352767757755749,0.48519965605135673,3,0.4003842942279936,29d832e7e07719044d080f0fadd27c22522c1b5d3b88d786aac30fd7ebb05dff
GB1,bata,16,original_main35,9f8b9ed746130802bc4606c1ce71399c7a7c3952130db34fbefa9b82e4da1e93,206227654fee7e13bf2f6f1ef68a2a956d971a574e9640cb524bb2f817bfcb6d,3682000027,2452843052,c22_bata,final22,0.7352767757755749,0.48519965605135673,4,0.4716010991283576,bb9e55d52ea5312a88b02fd4d43b90b9a53541bf7a09616e0ef3319a6036d3e6
GB1,bata,17,original_main35,97538faac2cfe3d76d8a5b202b65b850a269025f8d8f2983e5ff83758f195352,e11ebd0dabcc3f35a7703e7359e10aca3ae0d31053fd2ed7a3a6c0396078a6df,3259503095,16684266,c22_bata,final22,0.8345908537078612,0.7269688537455277,1,0.8338117925560491,e0cd3e2dc10906198d5db6783fe135822ba73b11100726ac503dfd8339e3f9e9
GB1,bata,17,original_main35,97538faac2cfe3d76d8a5b202b65b850a269025f8d8f2983e5ff83758f195352,e11ebd0dabcc3f35a7703e7359e10aca3ae0d31053fd2ed7a3a6c0396078a6df,3259503095,16684266,c22_bata,final22,0.8345908537078612,0.7269688537455277,2,0.3607476097933755,a4e2a8bb1155ef7e29d407609372e7320cf3f0a32c82ba966d6127fdb46be405
GB1,bata,17,original_main35,97538faac2cfe3d76d8a5b202b65b850a269025f8d8f2983e5ff83758f195352,e11ebd0dabcc3f35a7703e7359e10aca3ae0d31053fd2ed7a3a6c0396078a6df,3259503095,16684266,c22_bata,final22,0.8345908537078612,0.7269688537455277,3,0.07701824304045517,3b5647279f79454c308bf4b843b497389f300bb9068503d351dd2c711a1aac53
GB1,bata,17,original_main35,97538faac2cfe3d76d8a5b202b65b850a269025f8d8f2983e5ff83758f195352,e11ebd0dabcc3f35a7703e7359e10aca3ae0d31053fd2ed7a3a6c0396078a6df,3259503095,16684266,c22_bata,final22,0.8345908537078612,0.7269688537455277,4,0.11878199009548675,f36e84779b0cdd856175dd4f3b23ef772b33710d3a905138aef315a927f4ec94
GB1,bata,18,original_main35,604be52f00980eca72def27d219b7ba71efaacb65311923609073195b21ac9c5,097b54b057e528baf472ed2cc8e5494e115684f8244bc211ea765b4b8103061d,137747144,3050966282,c22_bata,final22,1.0,0.6218370409291639,1,0.40276568605778035,a28f68f580dc99ab7d24994288a422b7f0182ff0aa7316e53a6f7e4cf828c2a0
GB1,bata,18,original_main35,604be52f00980eca72def27d219b7ba71efaacb65311923609073195b21ac9c5,097b54b057e528baf472ed2cc8e5494e115684f8244bc211ea765b4b8103061d,137747144,3050966282,c22_bata,final22,1.0,0.6218370409291639,2,0.5395318564392289,f6b76dc76293a7c7c640f5afa25d5c03dd44d5ee543e459a00091db3532cc257
GB1,bata,18,original_main35,604be52f00980eca72def27d219b7ba71efaacb65311923609073195b21ac9c5,097b54b057e528baf472ed2cc8e5494e115684f8244bc211ea765b4b8103061d,137747144,3050966282,c22_bata,final22,1.0,0.6218370409291639,3,0.34661843838806417,ae1d3e83c39826ff1805bd4757e51d5f25f53b46e737a8a89bbce47cb7a78286
GB1,bata,18,original_main35,604be52f00980eca72def27d219b7ba71efaacb65311923609073195b21ac9c5,097b54b057e528baf472ed2cc8e5494e115684f8244bc211ea765b4b8103061d,137747144,3050966282,c22_bata,final22,1.0,0.6218370409291639,4,0.0,7a2126d54638c3397fdda6b384f3ffcf3a6dd6b82770726c0c61e40b63054542
GB1,bata,19,original_main35,18f7669cc9a72fdf5a639cf2085120e6c7d3176c03868410c1237984e976cf85,f7789355ed70c4449889da076a726512fcf4d36a2fbd06eb6cef523e0147c0e5,3264117936,2265632201,c22_bata,final22,0.8345908537078612,0.7381668915035063,1,0.43966977093463755,9737ea56e10e984b6e9c26e063ff529bfcdeb6fc0cad9bdfd1b0165389ae6539
GB1,bata,19,original_main35,18f7669cc9a72fdf5a639cf2085120e6c7d3176c03868410c1237984e976cf85,f7789355ed70c4449889da076a726512fcf4d36a2fbd06eb6cef523e0147c0e5,3264117936,2265632201,c22_bata,final22,0.8345908537078612,0.7381668915035063,2,0.38219424293066884,7fad1dcf2f23501e5a0e0696c1ee88761030f2bdfc15994c4f9a76af85165d9b
GB1,bata,19,original_main35,18f7669cc9a72fdf5a639cf2085120e6c7d3176c03868410c1237984e976cf85,f7789355ed70c4449889da076a726512fcf4d36a2fbd06eb6cef523e0147c0e5,3264117936,2265632201,c22_bata,final22,0.8345908537078612,0.7381668915035063,3,0.03546219413188954,c3132281f4f1b3fb095b82b4250684f9d3b7511c0fff9d0233b99f6952abe220
GB1,bata,19,original_main35,18f7669cc9a72fdf5a639cf2085120e6c7d3176c03868410c1237984e976cf85,f7789355ed70c4449889da076a726512fcf4d36a2fbd06eb6cef523e0147c0e5,3264117936,2265632201,c22_bata,final22,0.8345908537078612,0.7381668915035063,4,0.005909410002185311,7f7b830a83534f87057d5ea7e280915bc3aba3ad2900e2b9b66ab00d2a25b5f0
PABP,bata,0,original_main35,40543f083a9160dafc908a498e34dd36978a1ddf1941a174e8f8278ed0b84017,3b24c37ddb3dbe17921872e5022e2d836c6e4f95d7b13c0e19fecd5ea1333574,1931617089,3627850924,c22_bata,final22,2.868778599,1.95806388775,1,0.6186302712677059,27b54b419dcce3fabf318ad1767ddd88378075d81d6a2b408711d1d50aba976b
PABP,bata,0,original_main35,40543f083a9160dafc908a498e34dd36978a1ddf1941a174e8f8278ed0b84017,3b24c37ddb3dbe17921872e5022e2d836c6e4f95d7b13c0e19fecd5ea1333574,1931617089,3627850924,c22_bata,final22,2.868778599,1.95806388775,2,0.5773936716413735,4899c0b54fd0fd57d629b065211844a447176a63ce3c6e2cfe5a24628d36f6a8
PABP,bata,0,original_main35,40543f083a9160dafc908a498e34dd36978a1ddf1941a174e8f8278ed0b84017,3b24c37ddb3dbe17921872e5022e2d836c6e4f95d7b13c0e19fecd5ea1333574,1931617089,3627850924,c22_bata,final22,2.868778599,1.95806388775,3,0.2239487506866166,76674e7c3da5ca1665089b97ef51403b861b4fa19d7fccb6f5c03ecfe6f0c1c8
PABP,bata,0,original_main35,40543f083a9160dafc908a498e34dd36978a1ddf1941a174e8f8278ed0b84017,3b24c37ddb3dbe17921872e5022e2d836c6e4f95d7b13c0e19fecd5ea1333574,1931617089,3627850924,c22_bata,final22,2.868778599,1.95806388775,4,0.14797952430790567,956a3f3eb671b0861ab8fdd61f54300191545b97b4375b409d1d330dc207755f
PABP,bata,1,original_main35,3d597bfc8f9420ba6a2861b336ba4e6f1f8e236be04af31cacca70bfe1fd6243,9eef1fded7f2b653c3f43c12dd4a8e27038d2e2472baa0ea5dbd3ed838f5ec53,2452454326,2986028791,c22_bata,final22,2.868778599,2.6644222048749997,1,0.4404370147900268,5ace1d976bdaeff7443335e1462a20cc54b7efb4d108b44275110bcb484b8964
PABP,bata,1,original_main35,3d597bfc8f9420ba6a2861b336ba4e6f1f8e236be04af31cacca70bfe1fd6243,9eef1fded7f2b653c3f43c12dd4a8e27038d2e2472baa0ea5dbd3ed838f5ec53,2452454326,2986028791,c22_bata,final22,2.868778599,2.6644222048749997,2,0.7255970681826683,52f9cf64ed40d02d1aa2f637ee7b5891e5f40c49d553ab7cde9eec4c4d7f1746
PABP,bata,1,original_main35,3d597bfc8f9420ba6a2861b336ba4e6f1f8e236be04af31cacca70bfe1fd6243,9eef1fded7f2b653c3f43c12dd4a8e27038d2e2472baa0ea5dbd3ed838f5ec53,2452454326,2986028791,c22_bata,final22,2.868778599,2.6644222048749997,3,0.4421296875550135,6b4da594f15550554d454b2c8bd023f728c97e4d6cf61ae6c39926a7433004d8
PABP,bata,1,original_main35,3d597bfc8f9420ba6a2861b336ba4e6f1f8e236be04af31cacca70bfe1fd6243,9eef1fded7f2b653c3f43c12dd4a8e27038d2e2472baa0ea5dbd3ed838f5ec53,2452454326,2986028791,c22_bata,final22,2.868778599,2.6644222048749997,4,0.636103411342028,34bde86611058c095d2e0cce336d1284eecd4d764919bbc1e1f6e43f6e22bafd
PABP,bata,2,original_main35,28ef77b004b596be79ed6444f8634d9a8f24d30b368f8c919a6992645184cc05,982c481560fc2ab645ddc8a843ef021416ef53d2d8e4ba7d467dacdbd3621041,3011507104,1059572730,c22_bata,final22,2.868778599,2.158464063625,1,0.2758795872880053,4a483f591139d209722043bd5c5b2ccf66aa61eb8c48beb66712956cb86eea45
PABP,bata,2,original_main35,28ef77b004b596be79ed6444f8634d9a8f24d30b368f8c919a6992645184cc05,982c481560fc2ab645ddc8a843ef021416ef53d2d8e4ba7d467dacdbd3621041,3011507104,1059572730,c22_bata,final22,2.868778599,2.158464063625,2,0.5049163822022873,49d5fcfd43f4675caeff1afa73309d73fd7a90436c3a97b7286d55c8df7c0517
PABP,bata,2,original_main35,28ef77b004b596be79ed6444f8634d9a8f24d30b368f8c919a6992645184cc05,982c481560fc2ab645ddc8a843ef021416ef53d2d8e4ba7d467dacdbd3621041,3011507104,1059572730,c22_bata,final22,2.868778599,2.158464063625,3,0.5097456429176818,990b8dad4f5c4e3654b1630dbef8c32c450dde1bf2f3b81bcb22515253d002b4
PABP,bata,2,original_main35,28ef77b004b596be79ed6444f8634d9a8f24d30b368f8c919a6992645184cc05,982c481560fc2ab645ddc8a843ef021416ef53d2d8e4ba7d467dacdbd3621041,3011507104,1059572730,c22_bata,final22,2.868778599,2.158464063625,4,0.39905677641729304,a9a77e81b877184a2c43707f44ffbcd889b9577cf8619894af0f86d9a6d636f4
PABP,bata,3,original_main35,d2628e9217882cd8de454f1623370b01d6459ce928ac770440a72d5a6a427d7d,fdd8fc4337253c07f5d6ef3f81d852497d68a226411fa0c385959decd75bd08a,1322461066,3798279899,c22_bata,final22,1.854210558,1.696223527375,1,0.5125997885767859,b2f70f108344164fa6a0ada6fee1354bfb6d55d19e2fef72b310f32419b24b80
PABP,bata,3,original_main35,d2628e9217882cd8de454f1623370b01d6459ce928ac770440a72d5a6a427d7d,fdd8fc4337253c07f5d6ef3f81d852497d68a226411fa0c385959decd75bd08a,1322461066,3798279899,c22_bata,final22,1.854210558,1.696223527375,2,0.5141427087548891,878a6644dff27278e14770d693d5b5497b7f4a5b769b5705849b99cf821b8bc6
PABP,bata,3,original_main35,d2628e9217882cd8de454f1623370b01d6459ce928ac770440a72d5a6a427d7d,fdd8fc4337253c07f5d6ef3f81d852497d68a226411fa0c385959decd75bd08a,1322461066,3798279899,c22_bata,final22,1.854210558,1.696223527375,3,0.24546728755087882,e26992502bf9ad44f06eb810344a928ab84880c1ebf113bd11297823e68d16ab
PABP,bata,3,original_main35,d2628e9217882cd8de454f1623370b01d6459ce928ac770440a72d5a6a427d7d,fdd8fc4337253c07f5d6ef3f81d852497d68a226411fa0c385959decd75bd08a,1322461066,3798279899,c22_bata,final22,1.854210558,1.696223527375,4,0.2760946784524921,2419cbe821e1b3fc5c43e5dcc76e43ea81ed4a598f1c52212289f457614bfc7d
PABP,bata,4,original_main35,e450712a6f2bb9ed7db1cd0bef8edb9f2d5f51635f76784af4399059bb420983,6873574f182ae1e3127dcb4505e601551bb9fafcfd28153531ab8cb970acb4fd,499092096,3938358988,c22_bata,final22,2.868778599,2.428282479375,1,0.4087480671248,a42a5b331f4ddfc6f107b5ab7cabefd363897b311f96a0b428d3085457700c50
PABP,bata,4,original_main35,e450712a6f2bb9ed7db1cd0bef8edb9f2d5f51635f76784af4399059bb420983,6873574f182ae1e3127dcb4505e601551bb9fafcfd28153531ab8cb970acb4fd,499092096,3938358988,c22_bata,final22,2.868778599,2.428282479375,2,0.447096492350192,ee2668d5858aaf7a0263d9f0af10c6e4f7c54682697fdee8b3ee9e0e78a74a73
PABP,bata,4,original_main35,e450712a6f2bb9ed7db1cd0bef8edb9f2d5f51635f76784af4399059bb420983,6873574f182ae1e3127dcb4505e601551bb9fafcfd28153531ab8cb970acb4fd,499092096,3938358988,c22_bata,final22,2.868778599,2.428282479375,3,0.4474847366834258,4f9d977eb487c4421cd0c31539b34930b7ae47569604da20eb63e898caea5374
PABP,bata,4,original_main35,e450712a6f2bb9ed7db1cd0bef8edb9f2d5f51635f76784af4399059bb420983,6873574f182ae1e3127dcb4505e601551bb9fafcfd28153531ab8cb970acb4fd,499092096,3938358988,c22_bata,final22,2.868778599,2.428282479375,4,0.4888773312116347,0e30cdd6f58eba88ec9794dfa3f51976958066101a348f2ae7c80226e8b9c235
PABP,bata,5,original_main35,32d0c302d07238adaf08c47af6f31ba1b9d01627604eca93c41f0ec8e2eb5c0a,489c28fadfbf91fbdc01121e34f921a63b5f80d97101053e0aa8348579db13c5,4062577797,548430716,c22_bata,final22,2.0996727180000003,1.8728347336250002,1,0.3557315563174016,e745a95469d1736a8b800ef8bf1bf008160a5cd8fced9156e755436a31f90357
PABP,bata,5,original_main35,32d0c302d07238adaf08c47af6f31ba1b9d01627604eca93c41f0ec8e2eb5c0a,489c28fadfbf91fbdc01121e34f921a63b5f80d97101053e0aa8348579db13c5,4062577797,548430716,c22_bata,final22,2.0996727180000003,1.8728347336250002,2,0.12454650932384667,f892e43a6ad12f7a025d9d430bf9c32c5d626982935c7e0454df875347730e89
PABP,bata,5,original_main35,32d0c302d07238adaf08c47af6f31ba1b9d01627604eca93c41f0ec8e2eb5c0a,489c28fadfbf91fbdc01121e34f921a63b5f80d97101053e0aa8348579db13c5,4062577797,548430716,c22_bata,final22,2.0996727180000003,1.8728347336250002,3,0.36359099219509106,4e3f51643377ac23804f0ff1aca3269b86230539a44e187947631ebcaab85b6f
PABP,bata,5,original_main35,32d0c302d07238adaf08c47af6f31ba1b9d01627604eca93c41f0ec8e2eb5c0a,489c28fadfbf91fbdc01121e34f921a63b5f80d97101053e0aa8348579db13c5,4062577797,548430716,c22_bata,final22,2.0996727180000003,1.8728347336250002,4,0.11185203536708839,a8e321606cb6a9206058174ac3111b346140eb3e06f3ab89744b848043c32a91
PABP,bata,6,original_main35,582aedbcf84dbf192822b295b542481b439f89c294575246c4d5da29d0ab7f9c,2642193ff869c8b144ed7831c1ea988d170241dfe4bcd9a46026ca06b56822cf,2930725948,2306972236,c22_bata,final22,2.868778599,1.8819935015,1,0.5340072798738247,31afc808ac0dbeca751e77b16bd81ee2f45337321c753effa2809285880c677c
PABP,bata,6,original_main35,582aedbcf84dbf192822b295b542481b439f89c294575246c4d5da29d0ab7f9c,2642193ff869c8b144ed7831c1ea988d170241dfe4bcd9a46026ca06b56822cf,2930725948,2306972236,c22_bata,final22,2.868778599,1.8819935015,2,0.5024745618419869,67058eb4c0e2ec2546ffe49d4f55d9ece49a209468dd7f237a9a9753225cbd3b
PABP,bata,6,original_main35,582aedbcf84dbf192822b295b542481b439f89c294575246c4d5da29d0ab7f9c,2642193ff869c8b144ed7831c1ea988d170241dfe4bcd9a46026ca06b56822cf,2930725948,2306972236,c22_bata,final22,2.868778599,1.8819935015,3,0.36838328721778063,2ef9442156b8e2bc67575e0d4643c1a907b388f8124881d3c66869aaca9d81cf
PABP,bata,6,original_main35,582aedbcf84dbf192822b295b542481b439f89c294575246c4d5da29d0ab7f9c,2642193ff869c8b144ed7831c1ea988d170241dfe4bcd9a46026ca06b56822cf,2930725948,2306972236,c22_bata,final22,2.868778599,1.8819935015,4,0.19973983562789902,2a393e1b2695df62e3098734f7dd830bed66d875f7712e4a17a6a1acc16e9499
PABP,bata,7,original_main35,fe7fe1a68f85bedcb475b308dcfcd195a13176129efa51ff2132483e814f2bea,d8baf39f17432813fbee604a41f291a20f04fb9cf4ef8eb8deda6da40d3f802d,577710846,142285812,c22_bata,final22,1.974613841,1.8342478177500001,1,0.38305769428931086,ad777608038d0c56209f7f6e8a47b25a6d961138aa53624c318ad1477e9318fc
PABP,bata,7,original_main35,fe7fe1a68f85bedcb475b308dcfcd195a13176129efa51ff2132483e814f2bea,d8baf39f17432813fbee604a41f291a20f04fb9cf4ef8eb8deda6da40d3f802d,577710846,142285812,c22_bata,final22,1.974613841,1.8342478177500001,2,0.6989825364687304,8b64bd10db688d65936a8dc9acae100eaded0d51a2c722241420073c7209d763
PABP,bata,7,original_main35,fe7fe1a68f85bedcb475b308dcfcd195a13176129efa51ff2132483e814f2bea,d8baf39f17432813fbee604a41f291a20f04fb9cf4ef8eb8deda6da40d3f802d,577710846,142285812,c22_bata,final22,1.974613841,1.8342478177500001,3,0.7862950987322653,fbce855fdbac2363b415337f8e02990e4f505e282451c2a23d58bebe06e0094a
PABP,bata,7,original_main35,fe7fe1a68f85bedcb475b308dcfcd195a13176129efa51ff2132483e814f2bea,d8baf39f17432813fbee604a41f291a20f04fb9cf4ef8eb8deda6da40d3f802d,577710846,142285812,c22_bata,final22,1.974613841,1.8342478177500001,4,0.7639695107486214,81725d2dd2618099d153e95caf51bd055a9c1e0d255d4bdda8a87627704fb546
PABP,bata,8,original_main35,67f48641642d59b12ff174b3b7125d2be417090f069b4ba3bc177f3607de13ee,6576dafbe41f5177cb3af0c8366183c6ec293879723d247c45531e7875a79bc9,1080662220,461279292,c22_bata,final22,1.960901245,1.5632398977500002,1,0.4049855677799576,47ab90700250c19aad08902096245a76998476b69bb13a51ddfbfe23719d6766
PABP,bata,8,original_main35,67f48641642d59b12ff174b3b7125d2be417090f069b4ba3bc177f3607de13ee,6576dafbe41f5177cb3af0c8366183c6ec293879723d247c45531e7875a79bc9,1080662220,461279292,c22_bata,final22,1.960901245,1.5632398977500002,2,0.5163314905765709,09f4727b994d12da10f6e5fdc2d64f8f19658dcec68758c899a132f6f2d34c40
PABP,bata,8,original_main35,67f48641642d59b12ff174b3b7125d2be417090f069b4ba3bc177f3607de13ee,6576dafbe41f5177cb3af0c8366183c6ec293879723d247c45531e7875a79bc9,1080662220,461279292,c22_bata,final22,1.960901245,1.5632398977500002,3,0.19660853177700066,cd2f9c0bb53bae534d5f71de9c87bfd8bdb06549df7b95c6a11ec6f2bf67a1d5
PABP,bata,8,original_main35,67f48641642d59b12ff174b3b7125d2be417090f069b4ba3bc177f3607de13ee,6576dafbe41f5177cb3af0c8366183c6ec293879723d247c45531e7875a79bc9,1080662220,461279292,c22_bata,final22,1.960901245,1.5632398977500002,4,0.5189050543035801,2687987ace56bf736c67b8e01758f50f18c587b07287f2afa24af03c6fc92e72
PABP,bata,9,original_main35,4704302e32e7deb60c9200c5c2000a2084bfdef9bca118f1971a1c7e4102da53,43a3625576620d7effeef6e617aad9f25303aa34d208292d266f879960e177c0,3400445299,1807647758,c22_bata,final22,1.822900012,1.7386803423750001,1,0.5434440836176279,531f64f6683bbeaaf07c5dd482d66971abd95f11fdaf2b62457fde9ce6c89fd3
PABP,bata,9,original_main35,4704302e32e7deb60c9200c5c2000a2084bfdef9bca118f1971a1c7e4102da53,43a3625576620d7effeef6e617aad9f25303aa34d208292d266f879960e177c0,3400445299,1807647758,c22_bata,final22,1.822900012,1.7386803423750001,2,0.4295100232195109,f9c3f129a42195d840099da8f7d1ad07d4de60df94d6591b75b583e217e806f9
PABP,bata,9,original_main35,4704302e32e7deb60c9200c5c2000a2084bfdef9bca118f1971a1c7e4102da53,43a3625576620d7effeef6e617aad9f25303aa34d208292d266f879960e177c0,3400445299,1807647758,c22_bata,final22,1.822900012,1.7386803423750001,3,0.5543729673044604,b8de469e46a807e8914b7cd1efe37a885eb72854f67ccb0ea744cd9d25d8d25b
PABP,bata,9,original_main35,4704302e32e7deb60c9200c5c2000a2084bfdef9bca118f1971a1c7e4102da53,43a3625576620d7effeef6e617aad9f25303aa34d208292d266f879960e177c0,3400445299,1807647758,c22_bata,final22,1.822900012,1.7386803423750001,4,0.5496686860092247,6fb0fd57a053804f1e2fd0d76f0f2a9c4b4e2379c16a13abd7e8e9f35a51490e
PABP,bata,10,original_main35,be19f60af950bf2f510be653fc4c9a3a5510bce040b5d175deecb08948941fd0,92638ac02ed89d9f9f89202dd74a92782ca90ba5f150af91fd5643674763b0bf,3357319709,1381346490,c22_bata,final22,1.964409118,1.8099870645000002,1,0.25368961329097256,65e22a7ee4c3e37e6e7b940b2c450657e998c5cf12ef7e3dfc285a2aa44d6c0d
PABP,bata,10,original_main35,be19f60af950bf2f510be653fc4c9a3a5510bce040b5d175deecb08948941fd0,92638ac02ed89d9f9f89202dd74a92782ca90ba5f150af91fd5643674763b0bf,3357319709,1381346490,c22_bata,final22,1.964409118,1.8099870645000002,2,0.261889000749851,3688d4d9ddaad6dd62fa3d270590fe5dba23700df7e9aa96b875b8fc08118091
PABP,bata,10,original_main35,be19f60af950bf2f510be653fc4c9a3a5510bce040b5d175deecb08948941fd0,92638ac02ed89d9f9f89202dd74a92782ca90ba5f150af91fd5643674763b0bf,3357319709,1381346490,c22_bata,final22,1.964409118,1.8099870645000002,3,0.25404608441272325,78d6ee259c446ae5ff6007b2f92a0f8c65d4605b16b0e6f9e8c2ff6615374c83
PABP,bata,10,original_main35,be19f60af950bf2f510be653fc4c9a3a5510bce040b5d175deecb08948941fd0,92638ac02ed89d9f9f89202dd74a92782ca90ba5f150af91fd5643674763b0bf,3357319709,1381346490,c22_bata,final22,1.964409118,1.8099870645000002,4,0.6181316590879636,1717cecccdcaea5f57ffee3df7d1711f7e487b7a5298ac26654e6eaf61cbbabc
PABP,bata,11,original_main35,e94a279713509596f995c58fb430a70ae0e44b595181b758bd108c0c1c453177,dc56f764e14d349e5c05ce82d80964f8d3efff771cc09d353e21cda934fd8572,2397635729,2837518473,c22_bata,final22,2.868778599,1.9808333718750002,1,0.12710787141534982,6c3873a61f397907e56dfe0f886c768c72baeb1d68478ca350d4512fe7e2b32f
PABP,bata,11,original_main35,e94a279713509596f995c58fb430a70ae0e44b595181b758bd108c0c1c453177,dc56f764e14d349e5c05ce82d80964f8d3efff771cc09d353e21cda934fd8572,2397635729,2837518473,c22_bata,final22,2.868778599,1.9808333718750002,2,0.3153811337404812,f9fdf95cbf0452ba2009fd4b1ef0205a2a15172ea505b50576853628944a6321
PABP,bata,11,original_main35,e94a279713509596f995c58fb430a70ae0e44b595181b758bd108c0c1c453177,dc56f764e14d349e5c05ce82d80964f8d3efff771cc09d353e21cda934fd8572,2397635729,2837518473,c22_bata,final22,2.868778599,1.9808333718750002,3,0.1285600720619847,803dd64212467aeaab7f64e6efcbff43927efbbf18f61907be099e2bc6f6ec22
PABP,bata,11,original_main35,e94a279713509596f995c58fb430a70ae0e44b595181b758bd108c0c1c453177,dc56f764e14d349e5c05ce82d80964f8d3efff771cc09d353e21cda934fd8572,2397635729,2837518473,c22_bata,final22,2.868778599,1.9808333718750002,4,0.3237330140798287,502c41ee90021d5cd582691771ae95b4022a2d673f388a5c79400fac501b5a2f
PABP,bata,12,original_main35,b7fa3e0afa56691d649291f39e3fa7144d30c0ab78a4aec20a40d5c55d6ee77d,7d49af674613867c103e3163ae8aa64367d01341b3f844e2b6c6007f5543c99c,3350512573,4218537639,c22_bata,final22,2.128194918,2.035474427625,1,0.27476928970287784,894db7f95836b062e2d77c6bc779a3ea998c3b3627f05211d7654bc044243f02
PABP,bata,12,original_main35,b7fa3e0afa56691d649291f39e3fa7144d30c0ab78a4aec20a40d5c55d6ee77d,7d49af674613867c103e3163ae8aa64367d01341b3f844e2b6c6007f5543c99c,3350512573,4218537639,c22_bata,final22,2.128194918,2.035474427625,2,0.5833241809261112,7ed9932edaa6bdd14644f0bcdb322226abeeb472fae215eed8f799882da42073
PABP,bata,12,original_main35,b7fa3e0afa56691d649291f39e3fa7144d30c0ab78a4aec20a40d5c55d6ee77d,7d49af674613867c103e3163ae8aa64367d01341b3f844e2b6c6007f5543c99c,3350512573,4218537639,c22_bata,final22,2.128194918,2.035474427625,3,0.7376075918154184,f72fe0920145bf0ce9bac0bdfb6c5d0463d7fe125fbd430a43ca2c3cac9c9e33
PABP,bata,12,original_main35,b7fa3e0afa56691d649291f39e3fa7144d30c0ab78a4aec20a40d5c55d6ee77d,7d49af674613867c103e3163ae8aa64367d01341b3f844e2b6c6007f5543c99c,3350512573,4218537639,c22_bata,final22,2.128194918,2.035474427625,4,0.376122144076617,b23f1c0e15b1c1e404322d7e1d372dd58dc1b82767ad58ed74d814c7e71a5650
PABP,bata,13,original_main35,2f96593b0b3b9f45fde6a3da947747f1a16f4b8d7573653c979d47fa3d0638f2,17a8aa57ac921b46fd0f8668ca94f32dacd2adc76f06162ba28ce3c7e86cba84,2749260393,3112941785,c22_bata,final22,2.868778599,2.685154000625,1,0.389945018420412,5d4dd9a450e67ae96e100b6f1ad8cae1cf5ceb6e9990f40fe82141f41789daf0
PABP,bata,13,original_main35,2f96593b0b3b9f45fde6a3da947747f1a16f4b8d7573653c979d47fa3d0638f2,17a8aa57ac921b46fd0f8668ca94f32dacd2adc76f06162ba28ce3c7e86cba84,2749260393,3112941785,c22_bata,final22,2.868778599,2.685154000625,2,0.2848057316416336,101c52f741e02eddb1fa2d3b0ca7c8841fd5455fec7ad69f732b8bea8d50ed1a
PABP,bata,13,original_main35,2f96593b0b3b9f45fde6a3da947747f1a16f4b8d7573653c979d47fa3d0638f2,17a8aa57ac921b46fd0f8668ca94f32dacd2adc76f06162ba28ce3c7e86cba84,2749260393,3112941785,c22_bata,final22,2.868778599,2.685154000625,3,0.14166187965464846,7f7398664c974a9c09337914e32b73fcb8c06fe9a61520505ceb261ca4153a95
PABP,bata,13,original_main35,2f96593b0b3b9f45fde6a3da947747f1a16f4b8d7573653c979d47fa3d0638f2,17a8aa57ac921b46fd0f8668ca94f32dacd2adc76f06162ba28ce3c7e86cba84,2749260393,3112941785,c22_bata,final22,2.868778599,2.685154000625,4,0.32182324798794776,f04521a8a488055e9097054d89e0c42b2bc039a44c936c076c3580c47353fa7c
PABP,bata,14,original_main35,e111ce011fa39abcaf33f1499214367727b4f275ca5dbd458fbf5b17081dbf3c,1b24fdf1cace9dc013c8efca6e075f787ebbb8d739cacb4a36135fcce2953c38,2937642216,4209399969,c22_bata,final22,2.627942865,2.1345814192500003,1,0.5706201493713574,2a0d297041dabc65791fcdeeed76496b4540b1d05012159d45bc179bcc2fe363
PABP,bata,14,original_main35,e111ce011fa39abcaf33f1499214367727b4f275ca5dbd458fbf5b17081dbf3c,1b24fdf1cace9dc013c8efca6e075f787ebbb8d739cacb4a36135fcce2953c38,2937642216,4209399969,c22_bata,final22,2.627942865,2.1345814192500003,2,0.35930736726689977,0531e875d76c07cd9a81c217d0a2524272c6e1c521e3202d35e1c14d31541b6b
PABP,bata,14,original_main35,e111ce011fa39abcaf33f1499214367727b4f275ca5dbd458fbf5b17081dbf3c,1b24fdf1cace9dc013c8efca6e075f787ebbb8d739cacb4a36135fcce2953c38,2937642216,4209399969,c22_bata,final22,2.627942865,2.1345814192500003,3,0.31174873194028724,e6d36fa202e3ca60447a0df3fe8075597ce0e659a26afbe73c6a49d26321b414
PABP,bata,14,original_main35,e111ce011fa39abcaf33f1499214367727b4f275ca5dbd458fbf5b17081dbf3c,1b24fdf1cace9dc013c8efca6e075f787ebbb8d739cacb4a36135fcce2953c38,2937642216,4209399969,c22_bata,final22,2.627942865,2.1345814192500003,4,0.4534544079909683,8b784de2b4bc207e5f864b7614ecb673a105e69106e6e557519e90bdceaaf73b
PABP,bata,15,original_main35,67aed866374c29645c1fccd7270fa7cdd3fd97596307d318c708c9450e9f93c2,f4d2190bf3d71f77c6388f882be68338d0f453f853c782ea0da35c3cbc7ae481,930793635,326417455,c22_bata,final22,2.308485747,2.1693494745,1,0.5450368389726039,e18fb643443ee062a5e0f576f9a62e7f5528441b72c2f7330f73d8c9c2ce040a
PABP,bata,15,original_main35,67aed866374c29645c1fccd7270fa7cdd3fd97596307d318c708c9450e9f93c2,f4d2190bf3d71f77c6388f882be68338d0f453f853c782ea0da35c3cbc7ae481,930793635,326417455,c22_bata,final22,2.308485747,2.1693494745,2,0.5151115193081992,f078b37f53359ffee37254920b6f6fafce306f5d27d69b8dc5b4e2654fa60076
PABP,bata,15,original_main35,67aed866374c29645c1fccd7270fa7cdd3fd97596307d318c708c9450e9f93c2,f4d2190bf3d71f77c6388f882be68338d0f453f853c782ea0da35c3cbc7ae481,930793635,326417455,c22_bata,final22,2.308485747,2.1693494745,3,0.3812635141758959,c68b1633e9000cf39a233514465a350541d02544734e6372fbf3a79a211d272a
PABP,bata,15,original_main35,67aed866374c29645c1fccd7270fa7cdd3fd97596307d318c708c9450e9f93c2,f4d2190bf3d71f77c6388f882be68338d0f453f853c782ea0da35c3cbc7ae481,930793635,326417455,c22_bata,final22,2.308485747,2.1693494745,4,0.4435357264955786,cfd41479f8c4979a946bf13d566da96fd97b736e1913a4c44fcf4894ff6c7ee2
PABP,bata,16,original_main35,f923386cb00802de099fa217f63ca7bd4c73e5c3d01ef0827ca8d0d687a136ec,047c1792e34f8160abd2e77779578eaecca857aabd5cd02c8c1d396df4a71f88,856479093,3292591818,c22_bata,final22,2.627942865,1.8376590508750001,1,0.6136617138632791,bc77f31f72740626379020505977c95306963f082eb2da70ffb46cf3980af855
PABP,bata,16,original_main35,f923386cb00802de099fa217f63ca7bd4c73e5c3d01ef0827ca8d0d687a136ec,047c1792e34f8160abd2e77779578eaecca857aabd5cd02c8c1d396df4a71f88,856479093,3292591818,c22_bata,final22,2.627942865,1.8376590508750001,2,0.3408313614838821,bea0ef7e172abf96916b7b587f19dc5e42c5c2e6105cdf72dd69ef0143d0dc5a
PABP,bata,16,original_main35,f923386cb00802de099fa217f63ca7bd4c73e5c3d01ef0827ca8d0d687a136ec,047c1792e34f8160abd2e77779578eaecca857aabd5cd02c8c1d396df4a71f88,856479093,3292591818,c22_bata,final22,2.627942865,1.8376590508750001,3,0.30574614606613565,6747fd4de2e59f5a0b875aee8d8a94a46bd6e5c94b712f11de763713e1f0390f
PABP,bata,16,original_main35,f923386cb00802de099fa217f63ca7bd4c73e5c3d01ef0827ca8d0d687a136ec,047c1792e34f8160abd2e77779578eaecca857aabd5cd02c8c1d396df4a71f88,856479093,3292591818,c22_bata,final22,2.627942865,1.8376590508750001,4,0.0519902894242921,4319df7d9ca2814fd95463b7b0d504120b1f4961f67b258f4e8096770b498555
PABP,bata,17,original_main35,d61cbb06c4b52b519b4d9dd6c4a6ed13b87ca72f2783032d2e871d3e437a2ed4,4c27f762ef4975c07a756efdfe2347887c7f5ec01665b504b9fb771e40e12eb1,2650067199,1300752321,c22_bata,final22,2.868778599,1.8830004194999999,1,0.548618374677007,b3100c41f8e8d981c338c16e1fa7ee6e62d2d7732d5f580db199c72793183385
PABP,bata,17,original_main35,d61cbb06c4b52b519b4d9dd6c4a6ed13b87ca72f2783032d2e871d3e437a2ed4,4c27f762ef4975c07a756efdfe2347887c7f5ec01665b504b9fb771e40e12eb1,2650067199,1300752321,c22_bata,final22,2.868778599,1.8830004194999999,2,0.5964322013709482,0238a5b41d768414d29060d807ac8cc1eaaace87e47d09f077eb9006abe1ead1
PABP,bata,17,original_main35,d61cbb06c4b52b519b4d9dd6c4a6ed13b87ca72f2783032d2e871d3e437a2ed4,4c27f762ef4975c07a756efdfe2347887c7f5ec01665b504b9fb771e40e12eb1,2650067199,1300752321,c22_bata,final22,2.868778599,1.8830004194999999,3,0.32543775721865803,5db0c9222e4842a6fa374ecdeb9520fd2d900b2632171e4843f7f09fb9ba0a64
PABP,bata,17,original_main35,d61cbb06c4b52b519b4d9dd6c4a6ed13b87ca72f2783032d2e871d3e437a2ed4,4c27f762ef4975c07a756efdfe2347887c7f5ec01665b504b9fb771e40e12eb1,2650067199,1300752321,c22_bata,final22,2.868778599,1.8830004194999999,4,0.38885714128296145,89d29ac3600ae3dc21e6b5b7ecf6c4d28a3fead68cc6ea3eee35aaf83ac61de4
PABP,bata,18,original_main35,e9c77ebdd88bf39887d7a61a2c49fd99219da437aeb2a4fa49a2fc803740f176,0bce3d63f1e9e73d684b6454eef06aac309942f7d17f672d753cb982407232c1,3116021179,838257668,c22_bata,final22,1.964409118,1.8616902427500002,1,0.5964305684286906,6a7182e4ed6c30fa444a9d92aba8a0cb88bf32d72d617a493de0e6096b3cdc24
PABP,bata,18,original_main35,e9c77ebdd88bf39887d7a61a2c49fd99219da437aeb2a4fa49a2fc803740f176,0bce3d63f1e9e73d684b6454eef06aac309942f7d17f672d753cb982407232c1,3116021179,838257668,c22_bata,final22,1.964409118,1.8616902427500002,2,0.5718286388099655,3729121757158b5a2607a8126246cc84cdfbb188655c33642028a7abd860ce9b
PABP,bata,18,original_main35,e9c77ebdd88bf39887d7a61a2c49fd99219da437aeb2a4fa49a2fc803740f176,0bce3d63f1e9e73d684b6454eef06aac309942f7d17f672d753cb982407232c1,3116021179,838257668,c22_bata,final22,1.964409118,1.8616902427500002,3,0.4798451606307625,f65f8aa251af26256f151d5e33fe7c7f7acdcfdb5d383dfa907d38e9e0262676
PABP,bata,18,original_main35,e9c77ebdd88bf39887d7a61a2c49fd99219da437aeb2a4fa49a2fc803740f176,0bce3d63f1e9e73d684b6454eef06aac309942f7d17f672d753cb982407232c1,3116021179,838257668,c22_bata,final22,1.964409118,1.8616902427500002,4,0.31194729312447034,29e121976dbef7fa9a3cce04267a6d66993b93924d1b328cc16a6c8c712e49cc
PABP,bata,19,original_main35,8387487d621684a7d141f32e898a6187ec5e3cb8e7c6b8529754659102247040,56bcc052f4b227f925efc37da0b13c95d9cb7a273390a0bfe88300edbc01d8f7,459614835,1674239785,c22_bata,final22,1.964409118,1.649837135125,1,0.3987885199211095,763e6d00ea3cc1942c7d3263149a116607ddadad1e17c01cbab404b1f807f1a9
PABP,bata,19,original_main35,8387487d621684a7d141f32e898a6187ec5e3cb8e7c6b8529754659102247040,56bcc052f4b227f925efc37da0b13c95d9cb7a273390a0bfe88300edbc01d8f7,459614835,1674239785,c22_bata,final22,1.964409118,1.649837135125,2,0.6310878951492039,384d4dfac4133f66fd896feac072f533d0a90e854fb2c03ed137ecbd766f7445
PABP,bata,19,original_main35,8387487d621684a7d141f32e898a6187ec5e3cb8e7c6b8529754659102247040,56bcc052f4b227f925efc37da0b13c95d9cb7a273390a0bfe88300edbc01d8f7,459614835,1674239785,c22_bata,final22,1.964409118,1.649837135125,3,0.47796523655516104,d361230861b479fd7147158d0ecf6c27de463a80999b11e23033c16b2c13b6a0
PABP,bata,19,original_main35,8387487d621684a7d141f32e898a6187ec5e3cb8e7c6b8529754659102247040,56bcc052f4b227f925efc37da0b13c95d9cb7a273390a0bfe88300edbc01d8f7,459614835,1674239785,c22_bata,final22,1.964409118,1.649837135125,4,0.6590133740542696,2bc7b356070bd1ef586635527c5b20cc6759ea7770fdc7c56ae758ee94e271e7
TrpB,bata,0,original_main35,7b93ea4492f38e9ba7310e26b9de0b5245ab0ca0f44a47f63a2f5857e1644410,feb019900ddec56bcb423af81dacd4909611ac56df60bb4fd4241b134b76aa4e,3093850640,3900348958,c22_bata,final22,0.922559227,0.8696333549999999,1,0.7228364829290661,dc3948ec549c0409fd34be179e4e1472bd5a84256c412197ee176bdf8bcb9e0e
TrpB,bata,0,original_main35,7b93ea4492f38e9ba7310e26b9de0b5245ab0ca0f44a47f63a2f5857e1644410,feb019900ddec56bcb423af81dacd4909611ac56df60bb4fd4241b134b76aa4e,3093850640,3900348958,c22_bata,final22,0.922559227,0.8696333549999999,2,0.23832968839008506,257ca4457ea8e18ccc838b68b8bd80396d7cd165ac5a10d41c16387f39deb9c5
TrpB,bata,0,original_main35,7b93ea4492f38e9ba7310e26b9de0b5245ab0ca0f44a47f63a2f5857e1644410,feb019900ddec56bcb423af81dacd4909611ac56df60bb4fd4241b134b76aa4e,3093850640,3900348958,c22_bata,final22,0.922559227,0.8696333549999999,3,0.12491690729232373,1e1650ad8b3c637382fcbc8109d004b284eba8739764252ebcdb5462db32357f
TrpB,bata,0,original_main35,7b93ea4492f38e9ba7310e26b9de0b5245ab0ca0f44a47f63a2f5857e1644410,feb019900ddec56bcb423af81dacd4909611ac56df60bb4fd4241b134b76aa4e,3093850640,3900348958,c22_bata,final22,0.922559227,0.8696333549999999,4,0.45823582974912835,559fb448f1658781eb4a75762791b7a7f0054bc0fb90ebc98931e71edd3309d4
TrpB,bata,1,original_main35,c1366f46363d8a6355bfe161be8143d8ebf6366eada65de2e2fba44dbd493086,84bde52b69f4f2641028d4af8fb5e7835d45566fe7a7dab937de8f4b34517fa8,3170216297,623442431,c22_bata,final22,0.932033526,0.76375243475,1,0.3011165768769961,0f87ed68b02ebcd8b5db64bc197329ede2d12400b83cc15ef02058eec4467f26
TrpB,bata,1,original_main35,c1366f46363d8a6355bfe161be8143d8ebf6366eada65de2e2fba44dbd493086,84bde52b69f4f2641028d4af8fb5e7835d45566fe7a7dab937de8f4b34517fa8,3170216297,623442431,c22_bata,final22,0.932033526,0.76375243475,2,0.520522091154431,4f130fb4703a3328efddab86cb82b099152df87b4156ca1fd95a351ee46fac57
TrpB,bata,1,original_main35,c1366f46363d8a6355bfe161be8143d8ebf6366eada65de2e2fba44dbd493086,84bde52b69f4f2641028d4af8fb5e7835d45566fe7a7dab937de8f4b34517fa8,3170216297,623442431,c22_bata,final22,0.932033526,0.76375243475,3,0.25219574155943025,a41aba03bc00ab0ca60b3bfda8273f5f13878aca8e283513c2dc6ea1d80d13da
TrpB,bata,1,original_main35,c1366f46363d8a6355bfe161be8143d8ebf6366eada65de2e2fba44dbd493086,84bde52b69f4f2641028d4af8fb5e7835d45566fe7a7dab937de8f4b34517fa8,3170216297,623442431,c22_bata,final22,0.932033526,0.76375243475,4,0.09051510692720362,bcf72c9057ec75ad61d2d21b5766f41bda8be45c04b69005fd6c1462d2618e83
TrpB,bata,2,original_main35,951f46b7d8dbf8205769563335188c0b17d2be7beed5a296a0d22e294a74b988,d48251eb8800c8c8d1798c5e28cc4b82faaa7200d3657b799215dffa4c4ba7dd,2411313344,1717681679,c22_bata,final22,0.922559227,0.7358036553749999,1,0.573913153075797,47e2b5b4b615c153ea7cc5cf03a3cdb8e02fc4b83858b9c17b8e90446860337c
TrpB,bata,2,original_main35,951f46b7d8dbf8205769563335188c0b17d2be7beed5a296a0d22e294a74b988,d48251eb8800c8c8d1798c5e28cc4b82faaa7200d3657b799215dffa4c4ba7dd,2411313344,1717681679,c22_bata,final22,0.922559227,0.7358036553749999,2,0.6385876364972665,a3f3a4ea7c2c3e8559f3b3cf638c7d5aab36f9a64a4234307e1b1bbb46623eac
TrpB,bata,2,original_main35,951f46b7d8dbf8205769563335188c0b17d2be7beed5a296a0d22e294a74b988,d48251eb8800c8c8d1798c5e28cc4b82faaa7200d3657b799215dffa4c4ba7dd,2411313344,1717681679,c22_bata,final22,0.922559227,0.7358036553749999,3,0.5765744036264495,0cc6d9409d5e7abdd2f65056b7345db68ce402eadcb9c16bfd6b41357cc0d377
TrpB,bata,2,original_main35,951f46b7d8dbf8205769563335188c0b17d2be7beed5a296a0d22e294a74b988,d48251eb8800c8c8d1798c5e28cc4b82faaa7200d3657b799215dffa4c4ba7dd,2411313344,1717681679,c22_bata,final22,0.922559227,0.7358036553749999,4,0.18947648036956496,468fbd65c71c331ef8c9764cc4b5b9aa1a7d132af69148f4cb0db3df7a0adc85
TrpB,bata,3,original_main35,50a620c28421429014d591a3e28d866d4b18e911781af6f6ce8545ebf2c18312,ebdd5e9abc2bfe17e627830ea0836f33d0f7e921ed6131c311358265ac143bd2,1316920716,1176322298,c22_bata,final22,0.832570233,0.745416578375,1,0.46098619956056347,9e1079b4e75026f215b0586868fb6453ba72f11876ee5a72b2658d2f7961f435
TrpB,bata,3,original_main35,50a620c28421429014d591a3e28d866d4b18e911781af6f6ce8545ebf2c18312,ebdd5e9abc2bfe17e627830ea0836f33d0f7e921ed6131c311358265ac143bd2,1316920716,1176322298,c22_bata,final22,0.832570233,0.745416578375,2,0.3677623393435741,1aee248c09c3ad5bb7e9de44fa4391e4bbea1fd72ab5126de6cd83b9ed02d334
TrpB,bata,3,original_main35,50a620c28421429014d591a3e28d866d4b18e911781af6f6ce8545ebf2c18312,ebdd5e9abc2bfe17e627830ea0836f33d0f7e921ed6131c311358265ac143bd2,1316920716,1176322298,c22_bata,final22,0.832570233,0.745416578375,3,0.25332636722935825,07cc597195ea98173d8a4a5d94d816d59e269ac2891a6e975f11db084e7900e4
TrpB,bata,3,original_main35,50a620c28421429014d591a3e28d866d4b18e911781af6f6ce8545ebf2c18312,ebdd5e9abc2bfe17e627830ea0836f33d0f7e921ed6131c311358265ac143bd2,1316920716,1176322298,c22_bata,final22,0.832570233,0.745416578375,4,0.19221480737068647,3e024f04fb0205cd106e0cccea4217139e0a8b88e1ddcb59104afe76c8af01d3
TrpB,bata,4,original_main35,13756cbd57a4153f307e2219522e17cd8cc40ea6fb53edd4d208e31acd3e5210,491567b609b9ae6b94549c60d2ca6cb10cd7f6d1a31bd1c539a493c4c26e605a,3837727820,4269111096,c22_bata,final22,0.895147379,0.7598344036249999,1,0.326470159988895,43431f15083f0eb04167db1af0cf469bb0aa4dee2e723c6f8522110dc4b22bf6
TrpB,bata,4,original_main35,13756cbd57a4153f307e2219522e17cd8cc40ea6fb53edd4d208e31acd3e5210,491567b609b9ae6b94549c60d2ca6cb10cd7f6d1a31bd1c539a493c4c26e605a,3837727820,4269111096,c22_bata,final22,0.895147379,0.7598344036249999,2,0.38356663606320723,4d7010c9335f47e4b2bb711e46d6ff95b713514c26e72b24b0a13cf5428c19f5
TrpB,bata,4,original_main35,13756cbd57a4153f307e2219522e17cd8cc40ea6fb53edd4d208e31acd3e5210,491567b609b9ae6b94549c60d2ca6cb10cd7f6d1a31bd1c539a493c4c26e605a,3837727820,4269111096,c22_bata,final22,0.895147379,0.7598344036249999,3,0.08154587366416349,45ac321fe4625addae69c392f53027d78deadc240fe27c4ecda5f8967c2c45ef
TrpB,bata,4,original_main35,13756cbd57a4153f307e2219522e17cd8cc40ea6fb53edd4d208e31acd3e5210,491567b609b9ae6b94549c60d2ca6cb10cd7f6d1a31bd1c539a493c4c26e605a,3837727820,4269111096,c22_bata,final22,0.895147379,0.7598344036249999,4,0.07607976095281156,4e6f98c50926b507957c098b74d8b708872d8fc15e5c02193648f8640497b30d
TrpB,bata,5,original_main35,0a113c9b50f1119c0e0f3c2b4ee02c711f20f42ec9870b0e350ca1e76658fcfb,aee28460410696b3177854511eca2beac8083d0f7407082994afb371cca432d1,2569007194,3420889342,c22_bata,final22,0.932033526,0.881488342375,1,0.4273394135775703,662b68ec9978faf61c6513b9f01890d1ac3f5dff0fb9b25e61ddce49a5a7647d
TrpB,bata,5,original_main35,0a113c9b50f1119c0e0f3c2b4ee02c711f20f42ec9870b0e350ca1e76658fcfb,aee28460410696b3177854511eca2beac8083d0f7407082994afb371cca432d1,2569007194,3420889342,c22_bata,final22,0.932033526,0.881488342375,2,0.22378552318000708,baf85a1b97a3669290edd57e8625c5090a287d83df3760e6ae38b776a0daf734
TrpB,bata,5,original_main35,0a113c9b50f1119c0e0f3c2b4ee02c711f20f42ec9870b0e350ca1e76658fcfb,aee28460410696b3177854511eca2beac8083d0f7407082994afb371cca432d1,2569007194,3420889342,c22_bata,final22,0.932033526,0.881488342375,3,0.0,270e8e39d45619c80ba6017a51e2e1c51308dd404c17cd26b986f4cf0712182a
TrpB,bata,5,original_main35,0a113c9b50f1119c0e0f3c2b4ee02c711f20f42ec9870b0e350ca1e76658fcfb,aee28460410696b3177854511eca2beac8083d0f7407082994afb371cca432d1,2569007194,3420889342,c22_bata,final22,0.932033526,0.881488342375,4,0.10021059548748583,ed73fb2aa8b01661fd177ec42075bdc92991b5308b56dcbed962331991b9474b
TrpB,bata,6,original_main35,04bdad223b906e294d204644ecb1b1c1a29b377d6650e3ea227bb1bdef9dc93b,8ca245a2c75e373a67c93b8d0465467e4d306d96f0ba79e39a47ef7eab327da5,2815334084,3391647969,c22_bata,final22,1.0,0.7747529555,1,0.2508690189440126,0d4abb70ad67bf508a3843ab27be29d858a1ff9b1df533987c6dff853e6f58c9
TrpB,bata,6,original_main35,04bdad223b906e294d204644ecb1b1c1a29b377d6650e3ea227bb1bdef9dc93b,8ca245a2c75e373a67c93b8d0465467e4d306d96f0ba79e39a47ef7eab327da5,2815334084,3391647969,c22_bata,final22,1.0,0.7747529555,2,0.4847698173215412,471873e4b13df6eee7919dd6242c118695ca8824048a29959fbeb2f8a49f8768
TrpB,bata,6,original_main35,04bdad223b906e294d204644ecb1b1c1a29b377d6650e3ea227bb1bdef9dc93b,8ca245a2c75e373a67c93b8d0465467e4d306d96f0ba79e39a47ef7eab327da5,2815334084,3391647969,c22_bata,final22,1.0,0.7747529555,3,0.0699388328030124,7cf01e9e1f4357071af34b7353f994172db0a2cb266ab01247993cef74ed3bed
TrpB,bata,6,original_main35,04bdad223b906e294d204644ecb1b1c1a29b377d6650e3ea227bb1bdef9dc93b,8ca245a2c75e373a67c93b8d0465467e4d306d96f0ba79e39a47ef7eab327da5,2815334084,3391647969,c22_bata,final22,1.0,0.7747529555,4,0.0,ebbce75aa3a6eb2bbcfcc4a53ce749f6a1d25c09afea3fb5cd79006423f0a4a7
TrpB,bata,7,original_main35,cbfbf6f4d1832f4ada96a6378d6fd838ae3a308fc7f727a45437a49d1e3a630f,31bfcccc5d9f8fc724718b33d631912511784386afed5f79fc53e350a4065eba,327804699,3388572414,c22_bata,final22,0.922559227,0.68359654725,1,0.5650075497124055,0b37c13ad5ea2c7987a15f576b90c23dab7fcb5e5c1b525da33c2152b744c8ad
TrpB,bata,7,original_main35,cbfbf6f4d1832f4ada96a6378d6fd838ae3a308fc7f727a45437a49d1e3a630f,31bfcccc5d9f8fc724718b33d631912511784386afed5f79fc53e350a4065eba,327804699,3388572414,c22_bata,final22,0.922559227,0.68359654725,2,0.33794551618148244,c36e122c728f5a54f460da8241417b4f676c2a71445e6842777c560ede9d90e5
TrpB,bata,7,original_main35,cbfbf6f4d1832f4ada96a6378d6fd838ae3a308fc7f727a45437a49d1e3a630f,31bfcccc5d9f8fc724718b33d631912511784386afed5f79fc53e350a4065eba,327804699,3388572414,c22_bata,final22,0.922559227,0.68359654725,3,0.1281564006539047,9ed4ac71a2b9b19c1b76edddc925fa858728e31a0e5d22b67d67f18506a60975
TrpB,bata,7,original_main35,cbfbf6f4d1832f4ada96a6378d6fd838ae3a308fc7f727a45437a49d1e3a630f,31bfcccc5d9f8fc724718b33d631912511784386afed5f79fc53e350a4065eba,327804699,3388572414,c22_bata,final22,0.922559227,0.68359654725,4,0.0,319634ea9783e792c3b119c369b1ae78b436e3b33b3cbc83eb99bc2db0bf937a
TrpB,bata,8,original_main35,d750f4cd5090199fe0e2dcc550549aea599845c390d5b04ae0e25bec906d0035,059791034a2ddbb57b15f6f1a712dacb121efc8baa8c36b34fc53f10ba4fbadd,848131745,4237214569,c22_bata,final22,0.932033526,0.67501224575,1,0.4630842732297802,5f286f6d11abb38052973e51db075f1b084377ba07de9109f1fc92c18113981b
TrpB,bata,8,original_main35,d750f4cd5090199fe0e2dcc550549aea599845c390d5b04ae0e25bec906d0035,059791034a2ddbb57b15f6f1a712dacb121efc8baa8c36b34fc53f10ba4fbadd,848131745,4237214569,c22_bata,final22,0.932033526,0.67501224575,2,0.6609262102689318,a655b9b1d522520e9ec618d169bf853e9d9ca5d5d85e67171fae43a25349bea7
TrpB,bata,8,original_main35,d750f4cd5090199fe0e2dcc550549aea599845c390d5b04ae0e25bec906d0035,059791034a2ddbb57b15f6f1a712dacb121efc8baa8c36b34fc53f10ba4fbadd,848131745,4237214569,c22_bata,final22,0.932033526,0.67501224575,3,0.5482200148417177,fd9bae4cebc5f868a4e03b88a34191f09c82c6810166d617f14653533b4db16e
TrpB,bata,8,original_main35,d750f4cd5090199fe0e2dcc550549aea599845c390d5b04ae0e25bec906d0035,059791034a2ddbb57b15f6f1a712dacb121efc8baa8c36b34fc53f10ba4fbadd,848131745,4237214569,c22_bata,final22,0.932033526,0.67501224575,4,0.7246602643799374,b00572bb633dc8d05c290799320ccc62ba4eac15d332c58503cbd7e9b4f9d6cd
TrpB,bata,9,original_main35,4d06445d3fc812a63e5572c5ddf17bb4fb9e0020e23bc5a53ba3a2719d44efbf,c645c9db0d5b49919b4ba7517e3a2cc96103f0318d1f3ba30c7b31316231a67b,807110372,2626670230,c22_bata,final22,0.922559227,0.761034878125,1,0.5597089920036105,ce6127950efedb110808b0c7114396497c0e7277e63e61705cf51a8f81812b92
TrpB,bata,9,original_main35,4d06445d3fc812a63e5572c5ddf17bb4fb9e0020e23bc5a53ba3a2719d44efbf,c645c9db0d5b49919b4ba7517e3a2cc96103f0318d1f3ba30c7b31316231a67b,807110372,2626670230,c22_bata,final22,0.922559227,0.761034878125,2,0.4326944828283212,d8842e6b878db5516ace79213f475a2c5a93a13c8fc060fac9b2a63a197d819a
TrpB,bata,9,original_main35,4d06445d3fc812a63e5572c5ddf17bb4fb9e0020e23bc5a53ba3a2719d44efbf,c645c9db0d5b49919b4ba7517e3a2cc96103f0318d1f3ba30c7b31316231a67b,807110372,2626670230,c22_bata,final22,0.922559227,0.761034878125,3,0.4260691211901073,0016730fa80988ce9dab30d6b799d022c841701b1f461c21137b8aad4f2bfd0d
TrpB,bata,9,original_main35,4d06445d3fc812a63e5572c5ddf17bb4fb9e0020e23bc5a53ba3a2719d44efbf,c645c9db0d5b49919b4ba7517e3a2cc96103f0318d1f3ba30c7b31316231a67b,807110372,2626670230,c22_bata,final22,0.922559227,0.761034878125,4,0.031909699162211244,e4609349c2c7b27fd1c388e5334b802a8b20bc02520272e3a459654b851b750e
TrpB,bata,10,original_main35,731b0453033a695d5538aa1b336d940a63bb08875c9d378576e4ba23a5392c5f,ca64146843d177147bd466f5bca65c34caa87fd64a9c32164c73a028ab734770,2137118849,1729643244,c22_bata,final22,0.922559227,0.754440974875,1,0.4663392167370367,c49904ef5f01e5b5f5d4c05ad679b359dacfc82cddd07f1ff8a763265afbfea1
TrpB,bata,10,original_main35,731b0453033a695d5538aa1b336d940a63bb08875c9d378576e4ba23a5392c5f,ca64146843d177147bd466f5bca65c34caa87fd64a9c32164c73a028ab734770,2137118849,1729643244,c22_bata,final22,0.922559227,0.754440974875,2,0.24574592851832183,243d134e5d53f3b50639013aa894414d416846932f5e67323f8abc7ca0e34ae2
TrpB,bata,10,original_main35,731b0453033a695d5538aa1b336d940a63bb08875c9d378576e4ba23a5392c5f,ca64146843d177147bd466f5bca65c34caa87fd64a9c32164c73a028ab734770,2137118849,1729643244,c22_bata,final22,0.922559227,0.754440974875,3,0.05382670290957608,d209a37b4811f3b64339d5f794e4d8f011a2991a7e3286aaa501ee3faf098ef4
TrpB,bata,10,original_main35,731b0453033a695d5538aa1b336d940a63bb08875c9d378576e4ba23a5392c5f,ca64146843d177147bd466f5bca65c34caa87fd64a9c32164c73a028ab734770,2137118849,1729643244,c22_bata,final22,0.922559227,0.754440974875,4,0.0,92572ce53f8004472d942972660ce8e34e7f12efbc0ef26ead60aa1f3f16ccdc
TrpB,bata,11,original_main35,326f1dbf2094654896b5f260d78becd7f64268fb10c9fd43d50d2b3b39306d37,1999c34d727805a43c695706b9e97bcc96732428df7c497db7404fedbf78ccbf,1739248248,4188385899,c22_bata,final22,0.922559227,0.788808286,1,0.654447323790663,bdc634c07852d3fa36df13315e0f9740bc4a3a615ec3ffba0e01ad2257393d88
TrpB,bata,11,original_main35,326f1dbf2094654896b5f260d78becd7f64268fb10c9fd43d50d2b3b39306d37,1999c34d727805a43c695706b9e97bcc96732428df7c497db7404fedbf78ccbf,1739248248,4188385899,c22_bata,final22,0.922559227,0.788808286,2,0.6869554287776063,1009fbb910f31c0da5a6dbe61c7b2d1b94c4ef1f4f5008261ebc0f15d1016a4d
TrpB,bata,11,original_main35,326f1dbf2094654896b5f260d78becd7f64268fb10c9fd43d50d2b3b39306d37,1999c34d727805a43c695706b9e97bcc96732428df7c497db7404fedbf78ccbf,1739248248,4188385899,c22_bata,final22,0.922559227,0.788808286,3,0.41073891753949315,68b17009d9da4e869dfef4ef6f4b9235023bf787143f82a501acb716a729977a
TrpB,bata,11,original_main35,326f1dbf2094654896b5f260d78becd7f64268fb10c9fd43d50d2b3b39306d37,1999c34d727805a43c695706b9e97bcc96732428df7c497db7404fedbf78ccbf,1739248248,4188385899,c22_bata,final22,0.922559227,0.788808286,4,0.0,e8b045161698ff7ee7842497398ed8acb823a087d46373d0203abcdbb71a7b4e
TrpB,bata,12,original_main35,855691d36725a8a3df25f036ba282ca88e4f39595919cde8b01865b83b0d615c,f358ef951f7cc5077b2968aa4bab3e0d8692da5593a819a22a8feffee438f9c2,1658528635,2990701487,c22_bata,final22,1.0,0.8409283562500001,1,0.47506059946631096,92d9afd17895a573533a530b0c2877e8c29552f0ea9d07ab576db1b6fa88507b
TrpB,bata,12,original_main35,855691d36725a8a3df25f036ba282ca88e4f39595919cde8b01865b83b0d615c,f358ef951f7cc5077b2968aa4bab3e0d8692da5593a819a22a8feffee438f9c2,1658528635,2990701487,c22_bata,final22,1.0,0.8409283562500001,2,0.40042724086553827,160e91b26808256490ac3756133949dc6c7a14b835cd4f9ee9fb6f0bbaa7f141
TrpB,bata,12,original_main35,855691d36725a8a3df25f036ba282ca88e4f39595919cde8b01865b83b0d615c,f358ef951f7cc5077b2968aa4bab3e0d8692da5593a819a22a8feffee438f9c2,1658528635,2990701487,c22_bata,final22,1.0,0.8409283562500001,3,0.507426389838622,387d2a60da2410d23fe8293afb10629e590e566449b31849613df8c1b1a5ca62
TrpB,bata,12,original_main35,855691d36725a8a3df25f036ba282ca88e4f39595919cde8b01865b83b0d615c,f358ef951f7cc5077b2968aa4bab3e0d8692da5593a819a22a8feffee438f9c2,1658528635,2990701487,c22_bata,final22,1.0,0.8409283562500001,4,0.0,a7be2d1384d3d3ccd1df910c49dcbe52c116cf254ed2238e2c87fffa01418b1b
TrpB,bata,13,original_main35,53c95161c70acb0c399bdd18d939e38964612e115ec809c950a073f489af0366,4271a6f5383fcc6ca443c8f0be1493d09b669f8482083939016fbde9ce1e18cb,969030905,1790946409,c22_bata,final22,1.0,0.7060932612499999,1,0.49964015859224065,b8ad8663e32b345c6350791dd51fead2a30f29a340d053045af487c0b06af0bf
TrpB,bata,13,original_main35,53c95161c70acb0c399bdd18d939e38964612e115ec809c950a073f489af0366,4271a6f5383fcc6ca443c8f0be1493d09b669f8482083939016fbde9ce1e18cb,969030905,1790946409,c22_bata,final22,1.0,0.7060932612499999,2,0.4944743046724847,63d6bd601d0cde23236e51603f6e5d79fcdbb6d46d5b3c45b0f576c1eec1efcc
TrpB,bata,13,original_main35,53c95161c70acb0c399bdd18d939e38964612e115ec809c950a073f489af0366,4271a6f5383fcc6ca443c8f0be1493d09b669f8482083939016fbde9ce1e18cb,969030905,1790946409,c22_bata,final22,1.0,0.7060932612499999,3,0.31623010189233935,94b136697f74cc848b43642efdb6afc8e56d9771e99168a5c4b49c990782975f
TrpB,bata,13,original_main35,53c95161c70acb0c399bdd18d939e38964612e115ec809c950a073f489af0366,4271a6f5383fcc6ca443c8f0be1493d09b669f8482083939016fbde9ce1e18cb,969030905,1790946409,c22_bata,final22,1.0,0.7060932612499999,4,0.0,b206d920829972bbeb8374ea170f76bd9e1f99936dba2ee20d357015f184196a
TrpB,bata,14,original_main35,38d35cb6eac9fb01064c8407f6e268901c5b309247be6517f0c42bc7aaa28a9b,3b3374c255e1ecea4475f31284173a88d3bc9a5070ec111a9148b70e7da8e5a5,179308549,2661431370,c22_bata,final22,0.932033526,0.8066899445,1,0.6242918983723552,302a1fd54fc5d21d64361543a6797acc72ef7530b007b96018839ac7d597abec
TrpB,bata,14,original_main35,38d35cb6eac9fb01064c8407f6e268901c5b309247be6517f0c42bc7aaa28a9b,3b3374c255e1ecea4475f31284173a88d3bc9a5070ec111a9148b70e7da8e5a5,179308549,2661431370,c22_bata,final22,0.932033526,0.8066899445,2,0.4307452708562455,0820c49bed8dfad6e0728900d4fba2cbc682a7838a43fbbc8dcde8108d863120
TrpB,bata,14,original_main35,38d35cb6eac9fb01064c8407f6e268901c5b309247be6517f0c42bc7aaa28a9b,3b3374c255e1ecea4475f31284173a88d3bc9a5070ec111a9148b70e7da8e5a5,179308549,2661431370,c22_bata,final22,0.932033526,0.8066899445,3,0.031473802469790944,e49f8e59a7d845c3da3cf2a2a8d1284f2a7c7a36eaef938def172e0963ec2a47
TrpB,bata,14,original_main35,38d35cb6eac9fb01064c8407f6e268901c5b309247be6517f0c42bc7aaa28a9b,3b3374c255e1ecea4475f31284173a88d3bc9a5070ec111a9148b70e7da8e5a5,179308549,2661431370,c22_bata,final22,0.932033526,0.8066899445,4,0.20287811588284094,99a7ab930772e092474b8767b5e06bb098e2c42f59d3f95670554a69e7700189
TrpB,bata,15,original_main35,d00e3c950e298983377e2f77a877e6a29558dade1e0aa7e1a3a3b84c74dfd93e,59e0d0d4822a89d98d0b1def67422dae20204b544388b23412c99fe33b2786fa,4185550723,2764911243,c22_bata,final22,0.922559227,0.7726673685,1,0.5166734742792357,f3f1728d08e5eaca6575ad1d3e6d7b9f247aa850a6cfe6414c08374a3b50a9b0
TrpB,bata,15,original_main35,d00e3c950e298983377e2f77a877e6a29558dade1e0aa7e1a3a3b84c74dfd93e,59e0d0d4822a89d98d0b1def67422dae20204b544388b23412c99fe33b2786fa,4185550723,2764911243,c22_bata,final22,0.922559227,0.7726673685,2,0.16649790414200563,d9e70a650121f58b2b0459495bbc5ba385ce6e174a2b6a3067cc8a1fdbe84477
TrpB,bata,15,original_main35,d00e3c950e298983377e2f77a877e6a29558dade1e0aa7e1a3a3b84c74dfd93e,59e0d0d4822a89d98d0b1def67422dae20204b544388b23412c99fe33b2786fa,4185550723,2764911243,c22_bata,final22,0.922559227,0.7726673685,3,0.6621994281045687,8a9f2387c1e63980b91db8faafa15056765ad1baf71e4ec2bd2b2731e07acba3
TrpB,bata,15,original_main35,d00e3c950e298983377e2f77a877e6a29558dade1e0aa7e1a3a3b84c74dfd93e,59e0d0d4822a89d98d0b1def67422dae20204b544388b23412c99fe33b2786fa,4185550723,2764911243,c22_bata,final22,0.922559227,0.7726673685,4,0.16867638988751102,42ef176b5114992ab550247c39c1fcf6a2bd8094b14ca892d5cbb90730fac998
TrpB,bata,16,original_main35,95ce61042ae1c991521900e00f1da4519257a164808ecd7afc74068090a9d5b2,01d1b03ddd220745726770227e78109572126cc358104fd0e42986330ce84789,2560272043,1113942057,c22_bata,final22,0.922559227,0.748289320375,1,0.4949262875970791,0a97858e2a974b081d4687583f1aa120ac82adccc719b08c245852fd3ea045c9
TrpB,bata,16,original_main35,95ce61042ae1c991521900e00f1da4519257a164808ecd7afc74068090a9d5b2,01d1b03ddd220745726770227e78109572126cc358104fd0e42986330ce84789,2560272043,1113942057,c22_bata,final22,0.922559227,0.748289320375,2,0.43372953528281505,8d6015e626f7bad76a918738b2b76487ce05798cead813b11c1b9727d645cc86
TrpB,bata,16,original_main35,95ce61042ae1c991521900e00f1da4519257a164808ecd7afc74068090a9d5b2,01d1b03ddd220745726770227e78109572126cc358104fd0e42986330ce84789,2560272043,1113942057,c22_bata,final22,0.922559227,0.748289320375,3,0.37348409991894216,19f6bd7240b98c343d97c06ac056c2834e88c45096d0730809a96fc8b1fe8d9f
TrpB,bata,16,original_main35,95ce61042ae1c991521900e00f1da4519257a164808ecd7afc74068090a9d5b2,01d1b03ddd220745726770227e78109572126cc358104fd0e42986330ce84789,2560272043,1113942057,c22_bata,final22,0.922559227,0.748289320375,4,0.13259826414998335,57c41c484a3f301f7148d6f1ebb9edd5fc7dcee7b2fe3a145ceec6bada4518b8
TrpB,bata,17,original_main35,69120107292a633393c979bc7f081a7fca1e37ed26b71906261d53913b5b84af,ea0c9309f1d30386551e69bff976ff9728c7a560a1b7c334ce9bfd0dbfa19d27,1742390850,974588658,c22_bata,final22,0.922559227,0.8304912378749999,1,0.6133071833373268,ff744ff9ffab446070f924b4d85c4f35817ff2ebd13c2ccda4b363117db04bb5
TrpB,bata,17,original_main35,69120107292a633393c979bc7f081a7fca1e37ed26b71906261d53913b5b84af,ea0c9309f1d30386551e69bff976ff9728c7a560a1b7c334ce9bfd0dbfa19d27,1742390850,974588658,c22_bata,final22,0.922559227,0.8304912378749999,2,0.3649532238733372,0c0a536d227a22a24d27a9c3617e66a66389f96c8c1d4a483cf98f7a8cea30ba
TrpB,bata,17,original_main35,69120107292a633393c979bc7f081a7fca1e37ed26b71906261d53913b5b84af,ea0c9309f1d30386551e69bff976ff9728c7a560a1b7c334ce9bfd0dbfa19d27,1742390850,974588658,c22_bata,final22,0.922559227,0.8304912378749999,3,0.17176641421375774,6734555a84b74beba9c514d4e4d34673c4659daa9a7f262c8d4fa89421e0033c
TrpB,bata,17,original_main35,69120107292a633393c979bc7f081a7fca1e37ed26b71906261d53913b5b84af,ea0c9309f1d30386551e69bff976ff9728c7a560a1b7c334ce9bfd0dbfa19d27,1742390850,974588658,c22_bata,final22,0.922559227,0.8304912378749999,4,0.2075358447487696,cde9e427a4b708b3b1214e452c00504d66d8cde28cc067fa376d08d9aeda5148
TrpB,bata,18,original_main35,3ff9a604df82dbffc3c1378e904876ece0dc62bf7be904660025d6903a84caa6,fc4c9f49a2b5a5c0356fb7c9dcea3b2e84e0b1c86cf80ca284b3367bc5ae445b,2980230760,1747706734,c22_bata,final22,0.932033526,0.792331368375,1,0.5649472075872406,77c68d9aa9f81ff71fa485dc9b4b35e730b4e429f862c53229c36e4ec56356c7
TrpB,bata,18,original_main35,3ff9a604df82dbffc3c1378e904876ece0dc62bf7be904660025d6903a84caa6,fc4c9f49a2b5a5c0356fb7c9dcea3b2e84e0b1c86cf80ca284b3367bc5ae445b,2980230760,1747706734,c22_bata,final22,0.932033526,0.792331368375,2,0.4035660649092505,6b1ac75ccc2b97b988ee791045256d96037e3ff4c3f3754eba778fc9edf015e2
TrpB,bata,18,original_main35,3ff9a604df82dbffc3c1378e904876ece0dc62bf7be904660025d6903a84caa6,fc4c9f49a2b5a5c0356fb7c9dcea3b2e84e0b1c86cf80ca284b3367bc5ae445b,2980230760,1747706734,c22_bata,final22,0.932033526,0.792331368375,3,0.5321639744159107,79d3311d3e86915cfe639b3741c79f9f3710023ccd3bdd852657a1b0119f32ce
TrpB,bata,18,original_main35,3ff9a604df82dbffc3c1378e904876ece0dc62bf7be904660025d6903a84caa6,fc4c9f49a2b5a5c0356fb7c9dcea3b2e84e0b1c86cf80ca284b3367bc5ae445b,2980230760,1747706734,c22_bata,final22,0.932033526,0.792331368375,4,0.13794697212837512,09fe7d3c06f883a4794345616124025189ee9244051ed15b6f7bad79f10e783c
TrpB,bata,19,original_main35,c3af532be793e04796db762ec9bd9a94d201438eecd9bb806ea76e9ac208e999,76b3583bbc8e5f2a614b8b1fc1f59df1b4550512d8c80d5f0bbaaf09d9c9323e,3294626523,384874392,c22_bata,final22,0.932033526,0.771384595875,1,0.8506201171172466,dfc1f4f6b877c9b372698974e398946e77cdb733662f8caa2cd1535591a5500f
TrpB,bata,19,original_main35,c3af532be793e04796db762ec9bd9a94d201438eecd9bb806ea76e9ac208e999,76b3583bbc8e5f2a614b8b1fc1f59df1b4550512d8c80d5f0bbaaf09d9c9323e,3294626523,384874392,c22_bata,final22,0.932033526,0.771384595875,2,0.2362458064089781,4b3c3d4b5d8a5dc90fac4edb24ad31c88671ee9dbd6bce7dcb8f0f4d2da8aeaf
TrpB,bata,19,original_main35,c3af532be793e04796db762ec9bd9a94d201438eecd9bb806ea76e9ac208e999,76b3583bbc8e5f2a614b8b1fc1f59df1b4550512d8c80d5f0bbaaf09d9c9323e,3294626523,384874392,c22_bata,final22,0.932033526,0.771384595875,3,0.32818993348692366,9abba9c967b352d2845daa0786d74a8dbc0041ac447d36f78496c838242f235b
TrpB,bata,19,original_main35,c3af532be793e04796db762ec9bd9a94d201438eecd9bb806ea76e9ac208e999,76b3583bbc8e5f2a614b8b1fc1f59df1b4550512d8c80d5f0bbaaf09d9c9323e,3294626523,384874392,c22_bata,final22,0.932033526,0.771384595875,4,0.18022227254968595,1544121827fc719dbcb52160108f0cdcf8299f27ebfde940bfb4fdb006c43311
GB1,bata,20,original_main35,6718f0ea3be6526b9ad3ce2f82c754ea06e0cab4e4406427294965fb3a9ef5cf,1b04f5dc3750657b89757c0b26bc5395cd449bee781ce669d076a54e9e003222,2190630591,3638383074,c22_bata,robustness35,0.8311300290264457,0.6966002981956907,1,0.38976373010126975,93280fcd3b099a6d3c26a8adb2045851c2ac4c5dcb6edb262d8aff366e5c9e3f
GB1,bata,20,original_main35,6718f0ea3be6526b9ad3ce2f82c754ea06e0cab4e4406427294965fb3a9ef5cf,1b04f5dc3750657b89757c0b26bc5395cd449bee781ce669d076a54e9e003222,2190630591,3638383074,c22_bata,robustness35,0.8311300290264457,0.6966002981956907,2,0.31689011376923987,03a16f01d6ed25fa6072c24d1a835018f169960544cb308a63b1bcf50eeccd4a
GB1,bata,20,original_main35,6718f0ea3be6526b9ad3ce2f82c754ea06e0cab4e4406427294965fb3a9ef5cf,1b04f5dc3750657b89757c0b26bc5395cd449bee781ce669d076a54e9e003222,2190630591,3638383074,c22_bata,robustness35,0.8311300290264457,0.6966002981956907,3,0.05388950810098164,8a7fff18253223557c1b14bed1810d52cfcbcbcd22499924017273cc24d5fe4f
GB1,bata,20,original_main35,6718f0ea3be6526b9ad3ce2f82c754ea06e0cab4e4406427294965fb3a9ef5cf,1b04f5dc3750657b89757c0b26bc5395cd449bee781ce669d076a54e9e003222,2190630591,3638383074,c22_bata,robustness35,0.8311300290264457,0.6966002981956907,4,0.0,a0acec8e940a9b63113a65da68a8c92edf5140d19994c326dbc4176b55f0d0b4
GB1,bata,21,original_main35,1c79b9a1b1e59b17308bed25284913d0f28ce689fe0072d548092095b03faf20,8ea2a4713228b651c018db5594aaea10e42539f7f5b8b83eb29dcddd0afdd882,3997751362,3306818900,c22_bata,robustness35,0.8624627606050047,0.7672571920858258,1,0.4392549367689158,620982ab6bf4f20280739bca0b1af964fae5418af4105504e88c8ac670953145
GB1,bata,21,original_main35,1c79b9a1b1e59b17308bed25284913d0f28ce689fe0072d548092095b03faf20,8ea2a4713228b651c018db5594aaea10e42539f7f5b8b83eb29dcddd0afdd882,3997751362,3306818900,c22_bata,robustness35,0.8624627606050047,0.7672571920858258,2,0.3157988263190629,57b98b39a5055844b09f6d78777c1c277863f412444735c389f65c453e89c600
GB1,bata,21,original_main35,1c79b9a1b1e59b17308bed25284913d0f28ce689fe0072d548092095b03faf20,8ea2a4713228b651c018db5594aaea10e42539f7f5b8b83eb29dcddd0afdd882,3997751362,3306818900,c22_bata,robustness35,0.8624627606050047,0.7672571920858258,3,0.19657659793568755,23e23abf2519fb35d8ea440da10aaabc47d7fefde2eb83a46afef77f37675bf0
GB1,bata,21,original_main35,1c79b9a1b1e59b17308bed25284913d0f28ce689fe0072d548092095b03faf20,8ea2a4713228b651c018db5594aaea10e42539f7f5b8b83eb29dcddd0afdd882,3997751362,3306818900,c22_bata,robustness35,0.8624627606050047,0.7672571920858258,4,0.0,050abff33a0440c6af22c1432b38895c7838baf9ed95fd3dc4c9e8ab57302a1f
GB1,bata,22,original_main35,7870e25b819d1608a212b5a22703cb0fc988fd27da28c3a73d3827c21bdd9f2f,26d770aa27003692ab08247ea4cb89e325423f8efa0382128b103395178e1661,3708379139,3977089483,c22_bata,robustness35,1.0,0.7376546408224133,1,0.4461975731447889,04ae2c3c453a7f7e57d58dc97e5709004aa52cbe6ebf90c5dfcd16867ed46940
GB1,bata,22,original_main35,7870e25b819d1608a212b5a22703cb0fc988fd27da28c3a73d3827c21bdd9f2f,26d770aa27003692ab08247ea4cb89e325423f8efa0382128b103395178e1661,3708379139,3977089483,c22_bata,robustness35,1.0,0.7376546408224133,2,0.031035004344111126,266fda3905cc3a051025d7c70d14422392ae6da18a65ee0032a85a9b351736a6
GB1,bata,22,original_main35,7870e25b819d1608a212b5a22703cb0fc988fd27da28c3a73d3827c21bdd9f2f,26d770aa27003692ab08247ea4cb89e325423f8efa0382128b103395178e1661,3708379139,3977089483,c22_bata,robustness35,1.0,0.7376546408224133,3,0.0,187c415c7b97c192232470e5b2af7abf3f66971c583cc26d22d41dd1025e77c3
GB1,bata,22,original_main35,7870e25b819d1608a212b5a22703cb0fc988fd27da28c3a73d3827c21bdd9f2f,26d770aa27003692ab08247ea4cb89e325423f8efa0382128b103395178e1661,3708379139,3977089483,c22_bata,robustness35,1.0,0.7376546408224133,4,0.056932595826512264,bcaee3409a36183cad8a73122bcc4e8ffad45c02590e3e9cbc9467346170353f
GB1,bata,23,original_main35,5b413785f7ac71f58233be9a0e4297c583bf132f0fc88c8d6c0024eba8ea5937,e3e0548eae589f6e30f83c9da8d1dfd4eb928e9cd19c0717c764bb06c66c0174,3099709757,104786374,c22_bata,robustness35,0.8345908537078612,0.6824158945893042,1,0.4716670961845149,62e1d6aaff84a7e80d5e2aab285df7aa22e57243221d4591ae206f5475cc4a34
GB1,bata,23,original_main35,5b413785f7ac71f58233be9a0e4297c583bf132f0fc88c8d6c0024eba8ea5937,e3e0548eae589f6e30f83c9da8d1dfd4eb928e9cd19c0717c764bb06c66c0174,3099709757,104786374,c22_bata,robustness35,0.8345908537078612,0.6824158945893042,2,0.17448167019449554,2338e9ba22bf6dd58bc8ed1131c9347840ef2e0e531728c23ca25d310b8ca7d3
GB1,bata,23,original_main35,5b413785f7ac71f58233be9a0e4297c583bf132f0fc88c8d6c0024eba8ea5937,e3e0548eae589f6e30f83c9da8d1dfd4eb928e9cd19c0717c764bb06c66c0174,3099709757,104786374,c22_bata,robustness35,0.8345908537078612,0.6824158945893042,3,0.1389120345881204,5a8c9867fb9616f68d999b78f574368e51467b810e82f25cb24e914ed5e7068b
GB1,bata,23,original_main35,5b413785f7ac71f58233be9a0e4297c583bf132f0fc88c8d6c0024eba8ea5937,e3e0548eae589f6e30f83c9da8d1dfd4eb928e9cd19c0717c764bb06c66c0174,3099709757,104786374,c22_bata,robustness35,0.8345908537078612,0.6824158945893042,4,0.17560492061215888,e2aa60312112d2e8a2b6324c81b1dd151c1013d2a56b5ad040d56c4aafcdc32e
GB1,bata,24,original_main35,2629a1eb7b2b0a9b8fdd70e61277e4b047550ee86f9b8001a6a6b8a26c462349,0f11925daff6966cb928035d7976b04c5595cb64eea3e0f6e7fa6b442a2fbe75,1134289896,1617627562,c22_bata,robustness35,0.825004381071726,0.6770794781291483,1,0.15500766413421904,7e8b71369c3769588f6350726d5b0c4b9bbd433a726c2a7b19722ebdfa11ee85
GB1,bata,24,original_main35,2629a1eb7b2b0a9b8fdd70e61277e4b047550ee86f9b8001a6a6b8a26c462349,0f11925daff6966cb928035d7976b04c5595cb64eea3e0f6e7fa6b442a2fbe75,1134289896,1617627562,c22_bata,robustness35,0.825004381071726,0.6770794781291483,2,0.5208110030459191,42e8e5e12c5c4d992113f2e328e07636bf4bc7138ffc90424355425214292226
GB1,bata,24,original_main35,2629a1eb7b2b0a9b8fdd70e61277e4b047550ee86f9b8001a6a6b8a26c462349,0f11925daff6966cb928035d7976b04c5595cb64eea3e0f6e7fa6b442a2fbe75,1134289896,1617627562,c22_bata,robustness35,0.825004381071726,0.6770794781291483,3,0.20289476233582446,392ab487c504dea37b6be5eaa89d95b209c3abf5dc73ec6bcbdce87f6f83ae93
GB1,bata,24,original_main35,2629a1eb7b2b0a9b8fdd70e61277e4b047550ee86f9b8001a6a6b8a26c462349,0f11925daff6966cb928035d7976b04c5595cb64eea3e0f6e7fa6b442a2fbe75,1134289896,1617627562,c22_bata,robustness35,0.825004381071726,0.6770794781291483,4,0.1271923714536162,321e3a5dfe651d62af57748d1b51def524863c9027d3b1ca125d46ec47a4adae
GB1,bata,25,original_main35,0bddf9040171b45fd230478fcc47e60188999353477464fae509844a363db76a,be491143339c2ccc9b46c47d73b45651feb37bfdb53b3976cf0e1e8b3319d4f8,3447449559,561646010,c22_bata,robustness35,0.8345908537078612,0.6798836615269883,1,0.3960414161421517,acc81aaad10d9957a3eba99d5e80fb21b229893a3a8cbe02d3f374f79a96aec2
GB1,bata,25,original_main35,0bddf9040171b45fd230478fcc47e60188999353477464fae509844a363db76a,be491143339c2ccc9b46c47d73b45651feb37bfdb53b3976cf0e1e8b3319d4f8,3447449559,561646010,c22_bata,robustness35,0.8345908537078612,0.6798836615269883,2,0.3668158861244882,12042ebe501452792fc106cd4fbcca06193c33961bad847062a3bee0d24cf8a9
GB1,bata,25,original_main35,0bddf9040171b45fd230478fcc47e60188999353477464fae509844a363db76a,be491143339c2ccc9b46c47d73b45651feb37bfdb53b3976cf0e1e8b3319d4f8,3447449559,561646010,c22_bata,robustness35,0.8345908537078612,0.6798836615269883,3,0.11708330349300883,15f160a2e035d2bcf2445afc4d406641c07712e4b9f5fe4265723d877a921aa6
GB1,bata,25,original_main35,0bddf9040171b45fd230478fcc47e60188999353477464fae509844a363db76a,be491143339c2ccc9b46c47d73b45651feb37bfdb53b3976cf0e1e8b3319d4f8,3447449559,561646010,c22_bata,robustness35,0.8345908537078612,0.6798836615269883,4,0.0,64a2e0eabbdcdfbf8bbd2a1e71ee7624cb746035aa1dcdfc2d9b3f806deaa58d
GB1,bata,26,original_main35,5b6545e7201d49f2fcba6cf9824d2c8396cb2881e59bc55edac9acccef4da3df,6f5c779ab2072aa139dbca86f139090867864a51dc82cd27b0f47e68423fa0cd,2982962931,3943545500,c22_bata,robustness35,1.0,0.570872456293499,1,0.576869950573522,9ecaf3d62607a8dc732c30786a6378c42703c1bd47f674c9e77f1528a45bf086
GB1,bata,26,original_main35,5b6545e7201d49f2fcba6cf9824d2c8396cb2881e59bc55edac9acccef4da3df,6f5c779ab2072aa139dbca86f139090867864a51dc82cd27b0f47e68423fa0cd,2982962931,3943545500,c22_bata,robustness35,1.0,0.570872456293499,2,0.10738853488160044,10d96e96e0f0bb746e8e6af53d18ba1705b277999482a7fbb18c0696663baea6
GB1,bata,26,original_main35,5b6545e7201d49f2fcba6cf9824d2c8396cb2881e59bc55edac9acccef4da3df,6f5c779ab2072aa139dbca86f139090867864a51dc82cd27b0f47e68423fa0cd,2982962931,3943545500,c22_bata,robustness35,1.0,0.570872456293499,3,0.1512130590313277,9feefba9974a01eb7d16c036ec846f9593491286ee1fb44d6bc77b06ed76b60d
GB1,bata,26,original_main35,5b6545e7201d49f2fcba6cf9824d2c8396cb2881e59bc55edac9acccef4da3df,6f5c779ab2072aa139dbca86f139090867864a51dc82cd27b0f47e68423fa0cd,2982962931,3943545500,c22_bata,robustness35,1.0,0.570872456293499,4,0.015622369665916609,808dda29fe5f55d178f5697a57ae2fd5d92664d40461f35502f9e45089980f3b
GB1,bata,27,original_main35,0a7840cb61977a0ed783393e0a7a5e63a263923b7f7c0818f945dafe176799bb,59f24099dd758b102891a6142b3ad985deed88bccfb94775456ec6635e7ea489,3310863024,2937371069,c22_bata,robustness35,0.8345908537078612,0.6942973511981545,1,0.1701722139799018,ccf0e4adcbd2a37ad66718b8e85e079411d0567a24352b5cd366709a4170adda
GB1,bata,27,original_main35,0a7840cb61977a0ed783393e0a7a5e63a263923b7f7c0818f945dafe176799bb,59f24099dd758b102891a6142b3ad985deed88bccfb94775456ec6635e7ea489,3310863024,2937371069,c22_bata,robustness35,0.8345908537078612,0.6942973511981545,2,0.29703531699727354,ab41f994beca920efc5e772e43290238d300a38ea64465c89a63c5d91798ab64
GB1,bata,27,original_main35,0a7840cb61977a0ed783393e0a7a5e63a263923b7f7c0818f945dafe176799bb,59f24099dd758b102891a6142b3ad985deed88bccfb94775456ec6635e7ea489,3310863024,2937371069,c22_bata,robustness35,0.8345908537078612,0.6942973511981545,3,0.0,831d394a3e1c9a3234275080af58595fe4ce8352e23d9b8807b073ba7612eb0b
GB1,bata,27,original_main35,0a7840cb61977a0ed783393e0a7a5e63a263923b7f7c0818f945dafe176799bb,59f24099dd758b102891a6142b3ad985deed88bccfb94775456ec6635e7ea489,3310863024,2937371069,c22_bata,robustness35,0.8345908537078612,0.6942973511981545,4,0.020412128977503736,48781269ab643a699d568afbf05153dfad13fc5076a77f02879cae6e24752646
GB1,bata,28,original_main35,ed6ba9799a654a0b16bc9fe764aac302b49e386ac98072c37fcbdc12038169e8,a96d6c96fcbd2d3cfb30aeffacc21a342aeee7401aa9e788df29242c8d33d8ca,887640600,846299589,c22_bata,robustness35,0.8622110018003477,0.6868000867481374,1,0.423180419716692,296359aef429d9d25523dc755781aef34fe1424ef6c4d32f97f861767068ed4f
GB1,bata,28,original_main35,ed6ba9799a654a0b16bc9fe764aac302b49e386ac98072c37fcbdc12038169e8,a96d6c96fcbd2d3cfb30aeffacc21a342aeee7401aa9e788df29242c8d33d8ca,887640600,846299589,c22_bata,robustness35,0.8622110018003477,0.6868000867481374,2,0.23404556447357538,892c031afb87f60631787e553f77aa1b12a4fc669f8dc0b90b0f84ddc74fc58f
GB1,bata,28,original_main35,ed6ba9799a654a0b16bc9fe764aac302b49e386ac98072c37fcbdc12038169e8,a96d6c96fcbd2d3cfb30aeffacc21a342aeee7401aa9e788df29242c8d33d8ca,887640600,846299589,c22_bata,robustness35,0.8622110018003477,0.6868000867481374,3,0.0,27678d3a9f87f5207474fb6063dd227479d5a41f052da14ca697d76216473229
GB1,bata,28,original_main35,ed6ba9799a654a0b16bc9fe764aac302b49e386ac98072c37fcbdc12038169e8,a96d6c96fcbd2d3cfb30aeffacc21a342aeee7401aa9e788df29242c8d33d8ca,887640600,846299589,c22_bata,robustness35,0.8622110018003477,0.6868000867481374,4,0.006926226963236174,6bb96e895ff5529a36ae85f81db403f59d41ce025d78e825a769fe957be6e4fd
GB1,bata,29,original_main35,fc4fb87cd8dd0a24204d597bc0ad7c45ac8608e001460d1a68cc6d11666ccde9,005cdca0af0b9aff43bcf9d8ffc9ccbe38de95c780d347dbba3f0964fb7e5891,1313261040,1334225364,c22_bata,robustness35,0.8622110018003477,0.57250082146978,1,0.5291880010049002,cdee492e9dc6886f78223baf40ed48d0774789cb5268183afab778bfda84015c
GB1,bata,29,original_main35,fc4fb87cd8dd0a24204d597bc0ad7c45ac8608e001460d1a68cc6d11666ccde9,005cdca0af0b9aff43bcf9d8ffc9ccbe38de95c780d347dbba3f0964fb7e5891,1313261040,1334225364,c22_bata,robustness35,0.8622110018003477,0.57250082146978,2,0.44358399639499513,beac04ecc09cab53645e8c7032e78b45ada9ec37dbc5590dcce65aa03126ee37
GB1,bata,29,original_main35,fc4fb87cd8dd0a24204d597bc0ad7c45ac8608e001460d1a68cc6d11666ccde9,005cdca0af0b9aff43bcf9d8ffc9ccbe38de95c780d347dbba3f0964fb7e5891,1313261040,1334225364,c22_bata,robustness35,0.8622110018003477,0.57250082146978,3,0.1909694912414317,407207970ea1a0346f0036c4cff1cf38c4679f298e8da360fc35f1cae802f17d
GB1,bata,29,original_main35,fc4fb87cd8dd0a24204d597bc0ad7c45ac8608e001460d1a68cc6d11666ccde9,005cdca0af0b9aff43bcf9d8ffc9ccbe38de95c780d347dbba3f0964fb7e5891,1313261040,1334225364,c22_bata,robustness35,0.8622110018003477,0.57250082146978,4,0.0,41ba28797cf06e4219deaab75f5e43a3154859da9378c48a1272ba3fd7285ee1
GB1,bata,30,original_main35,79e0b1e22f4d053b650875b398859a8c3474b46dd9397047d4e2b5810ca9c65f,bcf0f20437a140bfc98d481d00a9d80d2f4a061507a13aca34e06da382da1257,2891177089,2288877147,c22_bata,robustness35,0.6989076464601929,0.61356375563326,1,0.5346357965981988,73b2275047685a02b6f3166b01b2adb60aa57daddb880c4f54bafb3e77c7d2a0
GB1,bata,30,original_main35,79e0b1e22f4d053b650875b398859a8c3474b46dd9397047d4e2b5810ca9c65f,bcf0f20437a140bfc98d481d00a9d80d2f4a061507a13aca34e06da382da1257,2891177089,2288877147,c22_bata,robustness35,0.6989076464601929,0.61356375563326,2,0.2031485124959632,1481e423a851ec656e8508efb1e0a6115b30aabc453c4b9e32c7204a7b122fe7
GB1,bata,30,original_main35,79e0b1e22f4d053b650875b398859a8c3474b46dd9397047d4e2b5810ca9c65f,bcf0f20437a140bfc98d481d00a9d80d2f4a061507a13aca34e06da382da1257,2891177089,2288877147,c22_bata,robustness35,0.6989076464601929,0.61356375563326,3,0.13444702891109517,943b056b178aa6c9aa43915401577e34c68fb3fe7ee2dcb8c4057818e0517295
GB1,bata,30,original_main35,79e0b1e22f4d053b650875b398859a8c3474b46dd9397047d4e2b5810ca9c65f,bcf0f20437a140bfc98d481d00a9d80d2f4a061507a13aca34e06da382da1257,2891177089,2288877147,c22_bata,robustness35,0.6989076464601929,0.61356375563326,4,0.022337811195317178,cb5a90e6cb629b572ca45201c9cd3f6910625cc11d27179af8806ab5aad906e0
GB1,bata,31,original_main35,e31ee9ff1a8bc5a02548cf0618f860a04ca97c806596f1fa54fafe766d7fa152,9f88224ebef81836e91acf8b2d4ae3ae44c89d7b2e60b91c9ca0d10a2118bba2,3869160215,3919031300,c22_bata,robustness35,0.825004381071726,0.6681065370578531,1,0.614966364691289,95e7e4abe4710cbc39c9b2b25300ff882fa095cdc190e667a0d408ada446f03f
GB1,bata,31,original_main35,e31ee9ff1a8bc5a02548cf0618f860a04ca97c806596f1fa54fafe766d7fa152,9f88224ebef81836e91acf8b2d4ae3ae44c89d7b2e60b91c9ca0d10a2118bba2,3869160215,3919031300,c22_bata,robustness35,0.825004381071726,0.6681065370578531,2,0.6951284693086438,0390cc196c142b213ced3ec9e5ecc3067ff7a83ad28d49f237e472117057d39f
GB1,bata,31,original_main35,e31ee9ff1a8bc5a02548cf0618f860a04ca97c806596f1fa54fafe766d7fa152,9f88224ebef81836e91acf8b2d4ae3ae44c89d7b2e60b91c9ca0d10a2118bba2,3869160215,3919031300,c22_bata,robustness35,0.825004381071726,0.6681065370578531,3,0.07374789477340153,9280c4dc3d6807dd2d5a31e4b64f86e8894be30304a42615d87628987085ca59
GB1,bata,31,original_main35,e31ee9ff1a8bc5a02548cf0618f860a04ca97c806596f1fa54fafe766d7fa152,9f88224ebef81836e91acf8b2d4ae3ae44c89d7b2e60b91c9ca0d10a2118bba2,3869160215,3919031300,c22_bata,robustness35,0.825004381071726,0.6681065370578531,4,0.22402866618690248,f1c1f31ebab1f6fcb63fef0e21c350d9301f30512707c1ba847a33a95c652017
GB1,bata,32,original_main35,7a94fe5e1427d9ae63385590949ece4f847ec59ae5f5c7a0f5d444a964dd5da4,7b1a485327817b7999bfde807da49cf009f94694cbb41918fa6e0f6ecd175f55,2910098028,847056601,c22_bata,robustness35,1.0,0.8132686915544332,1,0.592260869985861,400db5bb1c4be539aed852b739f20cdbf84ef24b4ba4186845fdb1c8a1d65545
GB1,bata,32,original_main35,7a94fe5e1427d9ae63385590949ece4f847ec59ae5f5c7a0f5d444a964dd5da4,7b1a485327817b7999bfde807da49cf009f94694cbb41918fa6e0f6ecd175f55,2910098028,847056601,c22_bata,robustness35,1.0,0.8132686915544332,2,0.14686428826329237,fcd010688a696c2b3c68fc0fc72f762d817144f7079bb27a91fa22f1a6941d83
GB1,bata,32,original_main35,7a94fe5e1427d9ae63385590949ece4f847ec59ae5f5c7a0f5d444a964dd5da4,7b1a485327817b7999bfde807da49cf009f94694cbb41918fa6e0f6ecd175f55,2910098028,847056601,c22_bata,robustness35,1.0,0.8132686915544332,3,0.09646906704147944,5c08b3cbfce0163147193039469562b4245e798ff852c6b6088b65cfb199ed98
GB1,bata,32,original_main35,7a94fe5e1427d9ae63385590949ece4f847ec59ae5f5c7a0f5d444a964dd5da4,7b1a485327817b7999bfde807da49cf009f94694cbb41918fa6e0f6ecd175f55,2910098028,847056601,c22_bata,robustness35,1.0,0.8132686915544332,4,0.0,9f5f58fba71fb5978c77f3807882fd05f68b3543ef683c7bb00b7beafec98482
GB1,bata,33,original_main35,601948b1aed01adc61abd1e212f8283aa8aceb6b7da6ffacf392ca1e6c24219c,11558e212f9a0d272dc5d09f983732137fa3a3212d36d15a5320373eb6d15168,3851519348,3394327626,c22_bata,robustness35,1.0,0.7298941413614918,1,0.5171915687455728,1378826d37275f14a5cccbe0935bdd486516d8bb80a667bc654e374588b53e2f
GB1,bata,33,original_main35,601948b1aed01adc61abd1e212f8283aa8aceb6b7da6ffacf392ca1e6c24219c,11558e212f9a0d272dc5d09f983732137fa3a3212d36d15a5320373eb6d15168,3851519348,3394327626,c22_bata,robustness35,1.0,0.7298941413614918,2,0.38943752123034736,ab010f98f3ab51b3135809638d5e57a4ed47431d359412239bcabdb376ac9bf9
GB1,bata,33,original_main35,601948b1aed01adc61abd1e212f8283aa8aceb6b7da6ffacf392ca1e6c24219c,11558e212f9a0d272dc5d09f983732137fa3a3212d36d15a5320373eb6d15168,3851519348,3394327626,c22_bata,robustness35,1.0,0.7298941413614918,3,0.07216894017097727,8fd6dc5e9bff0f4b0409f7e080ba5b4d88c4ef1fff6ee42060d0dff57858092d
GB1,bata,33,original_main35,601948b1aed01adc61abd1e212f8283aa8aceb6b7da6ffacf392ca1e6c24219c,11558e212f9a0d272dc5d09f983732137fa3a3212d36d15a5320373eb6d15168,3851519348,3394327626,c22_bata,robustness35,1.0,0.7298941413614918,4,0.04235376956721656,418941a49cba6544caaa9a30a190e37bf08801a4284469971ccfdd54b61bd65d
GB1,bata,34,original_main35,cef10e2dc78b2c1ca7404366f34031d2a313e211f5cec8c15c2581d1f02b0f90,e7f48842f1a3fe0b6822dff3ff1cb8fc156f6b5750b76fd634ea0dcaca4b2e0b,482219205,2430106097,c22_bata,robustness35,0.6587599672965438,0.5704021028320955,1,0.5291501000128,9e12d4a1f98cd233120da5d57a7b84d9ec70dcc611557886d4b881579c6fb75d
GB1,bata,34,original_main35,cef10e2dc78b2c1ca7404366f34031d2a313e211f5cec8c15c2581d1f02b0f90,e7f48842f1a3fe0b6822dff3ff1cb8fc156f6b5750b76fd634ea0dcaca4b2e0b,482219205,2430106097,c22_bata,robustness35,0.6587599672965438,0.5704021028320955,2,0.8020941627025749,8acc7b0b34000207b16bd80c241c15ed68b1d90d308e1b7467d5992b7c215578
GB1,bata,34,original_main35,cef10e2dc78b2c1ca7404366f34031d2a313e211f5cec8c15c2581d1f02b0f90,e7f48842f1a3fe0b6822dff3ff1cb8fc156f6b5750b76fd634ea0dcaca4b2e0b,482219205,2430106097,c22_bata,robustness35,0.6587599672965438,0.5704021028320955,3,0.04490199038605075,553efbd72b0203ac26d5cfe9c69c31e123ae41136691a0c77d245c3536f1cf3e
GB1,bata,34,original_main35,cef10e2dc78b2c1ca7404366f34031d2a313e211f5cec8c15c2581d1f02b0f90,e7f48842f1a3fe0b6822dff3ff1cb8fc156f6b5750b76fd634ea0dcaca4b2e0b,482219205,2430106097,c22_bata,robustness35,0.6587599672965438,0.5704021028320955,4,0.10303731015433136,dd96de954d2cb9d7a41d9a979eaab6c7f9d8de6b39ffdc5eb5ee633e34b8a664
PABP,bata,20,original_main35,b951a7b7693be272e96f9f92a692c8c53ea4f807f6770a82532e1b369ac0f0ba,a52c1d7849e9d6ff3b306178ab0fdc63af6f1861af5e70a7659cbb3e65457573,1166126924,632983653,c22_bata,robustness35,1.964409118,1.691247348375,1,0.4450534812475019,10e39af1b5fc3d4e81b83ee089312dd6e049321578ca6118336b793d59729fa2
PABP,bata,20,original_main35,b951a7b7693be272e96f9f92a692c8c53ea4f807f6770a82532e1b369ac0f0ba,a52c1d7849e9d6ff3b306178ab0fdc63af6f1861af5e70a7659cbb3e65457573,1166126924,632983653,c22_bata,robustness35,1.964409118,1.691247348375,2,0.4195166358832567,d4024bd609a21da63ba5e7e42701fb5b35e2ece5fc0729531fd61c67bc0680ee
PABP,bata,20,original_main35,b951a7b7693be272e96f9f92a692c8c53ea4f807f6770a82532e1b369ac0f0ba,a52c1d7849e9d6ff3b306178ab0fdc63af6f1861af5e70a7659cbb3e65457573,1166126924,632983653,c22_bata,robustness35,1.964409118,1.691247348375,3,0.2680623586977942,e805da675abc69c0d846eaac000df0565f10ac178c6d340dac693d3c0da53cf6
PABP,bata,20,original_main35,b951a7b7693be272e96f9f92a692c8c53ea4f807f6770a82532e1b369ac0f0ba,a52c1d7849e9d6ff3b306178ab0fdc63af6f1861af5e70a7659cbb3e65457573,1166126924,632983653,c22_bata,robustness35,1.964409118,1.691247348375,4,0.4343618396096535,008d5c41caa01a1a75e91f98899ba587415ef89e13952b8be5cc069329b813d0
PABP,bata,21,original_main35,31b9a6f69bcc3410a3793695fe0903c356355a9d8c09f06f78b1956523d42934,cf6f2f531e1869e0d4bca14697b767310e8c7b9e12df599ae501e89c2b128f42,3950727371,209369094,c22_bata,robustness35,2.868778599,1.89337817425,1,0.7224245333516799,0b721101fb350e00cee4a14e68b5fd34572cfbd8c875828c5370e70611c35d74
PABP,bata,21,original_main35,31b9a6f69bcc3410a3793695fe0903c356355a9d8c09f06f78b1956523d42934,cf6f2f531e1869e0d4bca14697b767310e8c7b9e12df599ae501e89c2b128f42,3950727371,209369094,c22_bata,robustness35,2.868778599,1.89337817425,2,0.6890998534437067,e93f41353ed8d2382cd4e03acbfc07fff5caf40da934ea03a9d55830290fe805
PABP,bata,21,original_main35,31b9a6f69bcc3410a3793695fe0903c356355a9d8c09f06f78b1956523d42934,cf6f2f531e1869e0d4bca14697b767310e8c7b9e12df599ae501e89c2b128f42,3950727371,209369094,c22_bata,robustness35,2.868778599,1.89337817425,3,0.25627025279102883,e7ebb5119f5c3fe2fe928afe94e8cf8da3602868af77c6c78e34d43ae1ef4853
PABP,bata,21,original_main35,31b9a6f69bcc3410a3793695fe0903c356355a9d8c09f06f78b1956523d42934,cf6f2f531e1869e0d4bca14697b767310e8c7b9e12df599ae501e89c2b128f42,3950727371,209369094,c22_bata,robustness35,2.868778599,1.89337817425,4,0.035337223242807185,cfec56f900993b163c5e85c09397959e02808de663d3a377a2c6ce84abe0caf9
PABP,bata,22,original_main35,230b302a5d0feadaa7d55fd540a0d107bb5d60ed0b2a523daa2409273acf05df,e1bde72fc33a562236a4d5b634705836ffff4ac785c63da545d6c48d6450413b,2218955058,1164206196,c22_bata,robustness35,2.868778599,1.818574766125,1,0.4927283184915093,85f1c9c2f3e89133c29bf599032ea78c00ae1ad89331c0cc0b0334c25bc79c0f
PABP,bata,22,original_main35,230b302a5d0feadaa7d55fd540a0d107bb5d60ed0b2a523daa2409273acf05df,e1bde72fc33a562236a4d5b634705836ffff4ac785c63da545d6c48d6450413b,2218955058,1164206196,c22_bata,robustness35,2.868778599,1.818574766125,2,0.4171895926639041,a43a197c58e758c2efc6b339707d98448a0b0e7e04cfa10baa3b7aabca1c0b78
PABP,bata,22,original_main35,230b302a5d0feadaa7d55fd540a0d107bb5d60ed0b2a523daa2409273acf05df,e1bde72fc33a562236a4d5b634705836ffff4ac785c63da545d6c48d6450413b,2218955058,1164206196,c22_bata,robustness35,2.868778599,1.818574766125,3,0.4166222357771194,48dd4c007cc35373d7c7cacd5af26846abec3e53800f14412181b9cb11df08ec
PABP,bata,22,original_main35,230b302a5d0feadaa7d55fd540a0d107bb5d60ed0b2a523daa2409273acf05df,e1bde72fc33a562236a4d5b634705836ffff4ac785c63da545d6c48d6450413b,2218955058,1164206196,c22_bata,robustness35,2.868778599,1.818574766125,4,0.1363044640747941,09a71e54973eb606c710078c790ebaa1928ba79c16b01679163ba8eb7382de23
PABP,bata,23,original_main35,bdba6f2740f6f5d33c2ca58a3b5e50944bf02769abdaa89fd41edb7413a58617,b48ed50030e149f5c6d5f0b8f42cfe6d0146e22937172381002a71e2032eaa42,3522947050,1225236808,c22_bata,robustness35,1.822900012,1.6838665039999998,1,0.3699853500694676,fbf4cedab90000b9ae82cb00b26dbbb2bdf17e1c99a0e71cc7717ea8549c630e
PABP,bata,23,original_main35,bdba6f2740f6f5d33c2ca58a3b5e50944bf02769abdaa89fd41edb7413a58617,b48ed50030e149f5c6d5f0b8f42cfe6d0146e22937172381002a71e2032eaa42,3522947050,1225236808,c22_bata,robustness35,1.822900012,1.6838665039999998,2,0.418464606277823,bc13379fd45ccda3af535f6061ad2257b6ecda7a500bd36f5534959800959048
PABP,bata,23,original_main35,bdba6f2740f6f5d33c2ca58a3b5e50944bf02769abdaa89fd41edb7413a58617,b48ed50030e149f5c6d5f0b8f42cfe6d0146e22937172381002a71e2032eaa42,3522947050,1225236808,c22_bata,robustness35,1.822900012,1.6838665039999998,3,0.5535467123775394,1ba1ad3f4cfc4de9365144c03ca0cf29c21f207065e6c38b5b0e9df467df952f
PABP,bata,23,original_main35,bdba6f2740f6f5d33c2ca58a3b5e50944bf02769abdaa89fd41edb7413a58617,b48ed50030e149f5c6d5f0b8f42cfe6d0146e22937172381002a71e2032eaa42,3522947050,1225236808,c22_bata,robustness35,1.822900012,1.6838665039999998,4,0.41249476163051174,66c699c1e90b6a534f110ac4997b4096305b9e463287dc20062614e7a5ef4dac
PABP,bata,24,original_main35,41c8bbf85a6dbe190eb6d2ef5b958a708abd6e2152ae3599e5e6638603e0a0c0,92a60ab5d2340ac5d8e9c7d1e03b8cccd280124c810f461a235b5a838b4d6468,4141324399,309676077,c22_bata,robustness35,2.627942865,2.26396794725,1,0.5883282261038346,97fdaddf0920df8f6b90cf84402734285f92b785a8a4095ff3407c132b73a728
PABP,bata,24,original_main35,41c8bbf85a6dbe190eb6d2ef5b958a708abd6e2152ae3599e5e6638603e0a0c0,92a60ab5d2340ac5d8e9c7d1e03b8cccd280124c810f461a235b5a838b4d6468,4141324399,309676077,c22_bata,robustness35,2.627942865,2.26396794725,2,0.23170944283648726,6e5356b75d1028e61ad45adc4e030b571e300fbde91fe24b7b1a879629fafbd6
PABP,bata,24,original_main35,41c8bbf85a6dbe190eb6d2ef5b958a708abd6e2152ae3599e5e6638603e0a0c0,92a60ab5d2340ac5d8e9c7d1e03b8cccd280124c810f461a235b5a838b4d6468,4141324399,309676077,c22_bata,robustness35,2.627942865,2.26396794725,3,0.45760036960630335,ddb43b0d343121b95afe08c2698110ab11dda707165d015695046ab671f66712
PABP,bata,24,original_main35,41c8bbf85a6dbe190eb6d2ef5b958a708abd6e2152ae3599e5e6638603e0a0c0,92a60ab5d2340ac5d8e9c7d1e03b8cccd280124c810f461a235b5a838b4d6468,4141324399,309676077,c22_bata,robustness35,2.627942865,2.26396794725,4,0.503934264539085,c36de885d1892ed729da62001df3c229705ab0c4c943fa013a8846e75769bd9b
PABP,bata,25,original_main35,bae86131884d81f717b926a1cf27558dd62b004cac3823b6b7b7e4aba73444c8,d978f0dc103e70456168a4f91d84bd83617a8759e8011ce96283d9afb54463b2,1742584530,490012776,c22_bata,robustness35,2.308485747,1.9855537998750001,1,0.6282059763245942,fd44984cc601776172f3c100f4d035d2daffc7e1221c1c81af89888cc6daeafc
PABP,bata,25,original_main35,bae86131884d81f717b926a1cf27558dd62b004cac3823b6b7b7e4aba73444c8,d978f0dc103e70456168a4f91d84bd83617a8759e8011ce96283d9afb54463b2,1742584530,490012776,c22_bata,robustness35,2.308485747,1.9855537998750001,2,0.4467228456516462,95d8225b7590c0aa9f8c5a94cfdf25723baf9caa300f55004617c5e5900011d9
PABP,bata,25,original_main35,bae86131884d81f717b926a1cf27558dd62b004cac3823b6b7b7e4aba73444c8,d978f0dc103e70456168a4f91d84bd83617a8759e8011ce96283d9afb54463b2,1742584530,490012776,c22_bata,robustness35,2.308485747,1.9855537998750001,3,0.5917764925069078,02efb5b01096713e8a870184730ee10a9e7cd490a175b7bd47d99fb726ba6404
PABP,bata,25,original_main35,bae86131884d81f717b926a1cf27558dd62b004cac3823b6b7b7e4aba73444c8,d978f0dc103e70456168a4f91d84bd83617a8759e8011ce96283d9afb54463b2,1742584530,490012776,c22_bata,robustness35,2.308485747,1.9855537998750001,4,0.5845083702955635,e2c663672a690d0ff281bd888770142d8d99ef7bdeca5c175abe074a65be667c
PABP,bata,26,original_main35,d10b8cba86151093730d8b7f1496577d01e4928854cd3b8045313a2399f0dee9,5c5caa3d8f5e39d820321e592db01b0634c35e6edbef5e2dc0687bc5bece2a02,2013899225,3431372334,c22_bata,robustness35,1.964409118,1.7415146216250001,1,0.34247952620870814,83e33ef19922a0f30965d34ec27842238328152f957ee8caf6d1d79e7e046b20
PABP,bata,26,original_main35,d10b8cba86151093730d8b7f1496577d01e4928854cd3b8045313a2399f0dee9,5c5caa3d8f5e39d820321e592db01b0634c35e6edbef5e2dc0687bc5bece2a02,2013899225,3431372334,c22_bata,robustness35,1.964409118,1.7415146216250001,2,0.31744707779551096,177a93e84d9e55d30ca04c0d9baf31d3ca4b47c7ba52b9e741f85be2370729d4
PABP,bata,26,original_main35,d10b8cba86151093730d8b7f1496577d01e4928854cd3b8045313a2399f0dee9,5c5caa3d8f5e39d820321e592db01b0634c35e6edbef5e2dc0687bc5bece2a02,2013899225,3431372334,c22_bata,robustness35,1.964409118,1.7415146216250001,3,0.3889166508988492,b5504cabd204291e15c1e0a04f5436f56dabca935e467b31023e48ea46e0b876
PABP,bata,26,original_main35,d10b8cba86151093730d8b7f1496577d01e4928854cd3b8045313a2399f0dee9,5c5caa3d8f5e39d820321e592db01b0634c35e6edbef5e2dc0687bc5bece2a02,2013899225,3431372334,c22_bata,robustness35,1.964409118,1.7415146216250001,4,0.6415313435457632,c7b8d4bf9be001a571fb46f65e4b874be8ee5e1804ee187091cdcb999d30fc76
PABP,bata,27,original_main35,f999a5122b52660ddafea95ee83831153ab6499ab8acda5fbf567b8f22d4cfef,9852ee5a81a2e820365f13434bb404c9a7b7add4e2f93acf754ff67e371a29d8,453577031,2904052650,c22_bata,robustness35,2.868778599,2.20079714975,1,0.6847089426421796,f6074c11bc4baa4cdc05c0369e511e088fedd02f77b198766d3120f5d325ed27
PABP,bata,27,original_main35,f999a5122b52660ddafea95ee83831153ab6499ab8acda5fbf567b8f22d4cfef,9852ee5a81a2e820365f13434bb404c9a7b7add4e2f93acf754ff67e371a29d8,453577031,2904052650,c22_bata,robustness35,2.868778599,2.20079714975,2,0.4072307322653816,b35dc2ad81b6010418ed0254c9eeb8402fca395aac6ecf04ccb17eb569089539
PABP,bata,27,original_main35,f999a5122b52660ddafea95ee83831153ab6499ab8acda5fbf567b8f22d4cfef,9852ee5a81a2e820365f13434bb404c9a7b7add4e2f93acf754ff67e371a29d8,453577031,2904052650,c22_bata,robustness35,2.868778599,2.20079714975,3,0.19268999342648951,d907091f45856c5aae883833e741f1e87194bfe9e76613e89c7c79c3fed34f3f
PABP,bata,27,original_main35,f999a5122b52660ddafea95ee83831153ab6499ab8acda5fbf567b8f22d4cfef,9852ee5a81a2e820365f13434bb404c9a7b7add4e2f93acf754ff67e371a29d8,453577031,2904052650,c22_bata,robustness35,2.868778599,2.20079714975,4,0.09659666989691301,2b57fc56626e8afead0a157fbe16975b39781c7e536379189369bb5289c966bf
PABP,bata,28,original_main35,3c2cde90b6f3bd1cf5aeb486ead21625d4b1caa557b903f2b8a44ef12bfe6a9d,ce2e392a004340e6de615af9b1f78d7cadffda84416c8de15a3818cc3a514518,65331392,4283458320,c22_bata,robustness35,2.042122007,1.8258095701250001,1,0.3744387381089356,8315a74a8d21c2e54720e0f1a993111b09bf1ae88626a68d40edf3c059456f98
PABP,bata,28,original_main35,3c2cde90b6f3bd1cf5aeb486ead21625d4b1caa557b903f2b8a44ef12bfe6a9d,ce2e392a004340e6de615af9b1f78d7cadffda84416c8de15a3818cc3a514518,65331392,4283458320,c22_bata,robustness35,2.042122007,1.8258095701250001,2,0.5127169668071102,a80dd1fa68f309083b97a9829b33717559e1ac8ff1d8bd6d42906e59ee223ad4
PABP,bata,28,original_main35,3c2cde90b6f3bd1cf5aeb486ead21625d4b1caa557b903f2b8a44ef12bfe6a9d,ce2e392a004340e6de615af9b1f78d7cadffda84416c8de15a3818cc3a514518,65331392,4283458320,c22_bata,robustness35,2.042122007,1.8258095701250001,3,0.34713682180835953,09f66d9a98eee8c714384ef26d80e359295055576f7a0c833334cc84cd3f4b44
PABP,bata,28,original_main35,3c2cde90b6f3bd1cf5aeb486ead21625d4b1caa557b903f2b8a44ef12bfe6a9d,ce2e392a004340e6de615af9b1f78d7cadffda84416c8de15a3818cc3a514518,65331392,4283458320,c22_bata,robustness35,2.042122007,1.8258095701250001,4,0.44271163362922267,43c9f568096bbf91815bd86cfb62a9a9cec2fadef739bfa13c2f04670a061e38
PABP,bata,29,original_main35,4d75552af0a22dad9d21d5f57915cc1f6858dec14b4356a224b86ad45121664b,d89397102312850b1ab9740ce6405c1a1e2cebc35b378bb97029f44569e05df0,4232924722,1905859956,c22_bata,robustness35,2.868778599,1.7984199171250002,1,0.5104868255807637,75db3c41c40f0dda2ae69a8e4e8dbbedc551eb36a0a3fa2055fb82cfca34720d
PABP,bata,29,original_main35,4d75552af0a22dad9d21d5f57915cc1f6858dec14b4356a224b86ad45121664b,d89397102312850b1ab9740ce6405c1a1e2cebc35b378bb97029f44569e05df0,4232924722,1905859956,c22_bata,robustness35,2.868778599,1.7984199171250002,2,0.14474341916121125,037391da47880a72d2856aa47d60fb7734420dabe5a291294a4e62aab4e4624f
PABP,bata,29,original_main35,4d75552af0a22dad9d21d5f57915cc1f6858dec14b4356a224b86ad45121664b,d89397102312850b1ab9740ce6405c1a1e2cebc35b378bb97029f44569e05df0,4232924722,1905859956,c22_bata,robustness35,2.868778599,1.7984199171250002,3,0.2034657360082907,0ccd263e1f0b7d9b1341e931476be8b75858c249d7afaf104040535cf66d2386
PABP,bata,29,original_main35,4d75552af0a22dad9d21d5f57915cc1f6858dec14b4356a224b86ad45121664b,d89397102312850b1ab9740ce6405c1a1e2cebc35b378bb97029f44569e05df0,4232924722,1905859956,c22_bata,robustness35,2.868778599,1.7984199171250002,4,0.19037651025065044,558b5233507badde97acaee06cfb25789cd470b284eb02b779238adeeef7b5f7
PABP,bata,30,original_main35,2441b9e25d829e47a5b72fae4b0f038815af5702dc02220ba3d58e815973a4af,545dce3b73d12614fdb3e5c21cba03263a5e8e335ee6d489c98a4e1efd71c1c7,1679086892,4120979301,c22_bata,robustness35,2.128194918,1.659012770875,1,0.3566777774102942,591190a6aaf59952c146e4fca2685f3afcde37172feb6610376e08702f30e91f
PABP,bata,30,original_main35,2441b9e25d829e47a5b72fae4b0f038815af5702dc02220ba3d58e815973a4af,545dce3b73d12614fdb3e5c21cba03263a5e8e335ee6d489c98a4e1efd71c1c7,1679086892,4120979301,c22_bata,robustness35,2.128194918,1.659012770875,2,0.4352805860117583,a3c0cb0c0e5f6d9ab7031be4a8fe942853cb4a8f8d1481eb039275b40602c0aa
PABP,bata,30,original_main35,2441b9e25d829e47a5b72fae4b0f038815af5702dc02220ba3d58e815973a4af,545dce3b73d12614fdb3e5c21cba03263a5e8e335ee6d489c98a4e1efd71c1c7,1679086892,4120979301,c22_bata,robustness35,2.128194918,1.659012770875,3,0.5378352994898588,53000ff26caa7e8341333349e9b517fa84473e94cacafbee7eb458024b45ec4b
PABP,bata,30,original_main35,2441b9e25d829e47a5b72fae4b0f038815af5702dc02220ba3d58e815973a4af,545dce3b73d12614fdb3e5c21cba03263a5e8e335ee6d489c98a4e1efd71c1c7,1679086892,4120979301,c22_bata,robustness35,2.128194918,1.659012770875,4,0.2968632521160296,8e76a5f91b379a53ed10d863176c8a3a8a76096306c5218ffa3e085af693f0d2
PABP,bata,31,original_main35,f76ba5276b64b37d4ed5ce2cbf9b1f72e0ac11a32c919d565ada70023860d520,96d395f51934399044ac38cb098f6d7bdbbb59e92570666ab1a361463325ccfc,1408296719,1469847373,c22_bata,robustness35,2.308485747,2.204625302875,1,0.40526017003662634,b499f6d40de520ab8430efa3f60a0e2c4afa9a7b95b8911e66df4c73c5193068
PABP,bata,31,original_main35,f76ba5276b64b37d4ed5ce2cbf9b1f72e0ac11a32c919d565ada70023860d520,96d395f51934399044ac38cb098f6d7bdbbb59e92570666ab1a361463325ccfc,1408296719,1469847373,c22_bata,robustness35,2.308485747,2.204625302875,2,0.605121823505059,b66d2bb3dce7cadba0604dbf1c764f6efd97c1e20c050ff8576377283f523b5a
PABP,bata,31,original_main35,f76ba5276b64b37d4ed5ce2cbf9b1f72e0ac11a32c919d565ada70023860d520,96d395f51934399044ac38cb098f6d7bdbbb59e92570666ab1a361463325ccfc,1408296719,1469847373,c22_bata,robustness35,2.308485747,2.204625302875,3,0.34429169324212067,5fe7b4806e93b41dfedc989a65e3db5dfe20f11fcf984609c5c8fb8204eb603a
PABP,bata,31,original_main35,f76ba5276b64b37d4ed5ce2cbf9b1f72e0ac11a32c919d565ada70023860d520,96d395f51934399044ac38cb098f6d7bdbbb59e92570666ab1a361463325ccfc,1408296719,1469847373,c22_bata,robustness35,2.308485747,2.204625302875,4,0.4347711720551192,eaad2e9eb11a3947093903d09b00fd1ce382e7634bdaa3db97c63cca93789a99
PABP,bata,32,original_main35,4ab0a7133a16e47faf6ac58541f22b839db114b19c6addd332e7cd9b45d6649f,7637c80cbe4daa3e74590e06ce1022fe3ebd939dcb9947409793b176a12ed0f5,2229712563,4017092744,c22_bata,robustness35,2.868778599,1.9311695183750002,1,0.49311929216411615,d24fa839cdba3fce1841ea6b7155debaebb510b8bec4a898f7a5f77ded946f16
PABP,bata,32,original_main35,4ab0a7133a16e47faf6ac58541f22b839db114b19c6addd332e7cd9b45d6649f,7637c80cbe4daa3e74590e06ce1022fe3ebd939dcb9947409793b176a12ed0f5,2229712563,4017092744,c22_bata,robustness35,2.868778599,1.9311695183750002,2,0.3429101475198077,4c81ad364927d687ed81b59728a3e9e1e4170136e1c7004f3c95afe56301af69
PABP,bata,32,original_main35,4ab0a7133a16e47faf6ac58541f22b839db114b19c6addd332e7cd9b45d6649f,7637c80cbe4daa3e74590e06ce1022fe3ebd939dcb9947409793b176a12ed0f5,2229712563,4017092744,c22_bata,robustness35,2.868778599,1.9311695183750002,3,0.6053826908221602,bb3111a0952a443348a6766732daab24434ffcbe869b7d837c8b283564c25a47
PABP,bata,32,original_main35,4ab0a7133a16e47faf6ac58541f22b839db114b19c6addd332e7cd9b45d6649f,7637c80cbe4daa3e74590e06ce1022fe3ebd939dcb9947409793b176a12ed0f5,2229712563,4017092744,c22_bata,robustness35,2.868778599,1.9311695183750002,4,0.5420037639955771,250d727672681278ab572c201d4115d6023a9167dd51d8dcac8c9f5ec1fc5a17
PABP,bata,33,original_main35,326a6977a5ac1c137dbbff9d425057bea737ae251f26c5499fb356ca74773136,31edffc925dc0764101f9164896209cfddb3309c9780a2b40e322c00ec9c8902,1271647609,2793890137,c22_bata,robustness35,2.868778599,1.9202747908750002,1,0.6693753772050126,d51a6927403c17f10f27aa13b0e2ba95451eaa571da450288ec0720e8f46965e
PABP,bata,33,original_main35,326a6977a5ac1c137dbbff9d425057bea737ae251f26c5499fb356ca74773136,31edffc925dc0764101f9164896209cfddb3309c9780a2b40e322c00ec9c8902,1271647609,2793890137,c22_bata,robustness35,2.868778599,1.9202747908750002,2,0.6186943734407309,9d61079b6b48ce83298a9b8cfdcdf4d7d4976a91e1d31a3ef328022a26b84cef
PABP,bata,33,original_main35,326a6977a5ac1c137dbbff9d425057bea737ae251f26c5499fb356ca74773136,31edffc925dc0764101f9164896209cfddb3309c9780a2b40e322c00ec9c8902,1271647609,2793890137,c22_bata,robustness35,2.868778599,1.9202747908750002,3,0.5196587231511888,ae5d78fe5e8d7309529d16ed002e2d9dcbc2edba4c925ec8ab6337ea3826d4d7
PABP,bata,33,original_main35,326a6977a5ac1c137dbbff9d425057bea737ae251f26c5499fb356ca74773136,31edffc925dc0764101f9164896209cfddb3309c9780a2b40e322c00ec9c8902,1271647609,2793890137,c22_bata,robustness35,2.868778599,1.9202747908750002,4,0.5609757309115112,516a8a13c1ad120ce4272bc72b687284de3b414b1c788711c2acea271b963fff
PABP,bata,34,original_main35,39208466f05349ae46f48282534c189e96eaabdccfd10c0a62321d85ccf7fa26,f429fcbe2189b61ae17809a0d61b8567cedf0ed115f7911c275e4155c528c9a5,1266960060,4026473019,c22_bata,robustness35,1.964409118,1.891244900875,1,0.22373761928925717,69196815c030378875e22fac9ccd8f3f3e29a585cb7de7a5ad8ec5055b3c7892
PABP,bata,34,original_main35,39208466f05349ae46f48282534c189e96eaabdccfd10c0a62321d85ccf7fa26,f429fcbe2189b61ae17809a0d61b8567cedf0ed115f7911c275e4155c528c9a5,1266960060,4026473019,c22_bata,robustness35,1.964409118,1.891244900875,2,0.3901618897807757,42c24d20c9eb7ef64e59348de392cdd66b6e1a82987ab1cea49f0e0444e38018
PABP,bata,34,original_main35,39208466f05349ae46f48282534c189e96eaabdccfd10c0a62321d85ccf7fa26,f429fcbe2189b61ae17809a0d61b8567cedf0ed115f7911c275e4155c528c9a5,1266960060,4026473019,c22_bata,robustness35,1.964409118,1.891244900875,3,0.5243192684824645,42b445b452307c28b3a932d39e2d0cae5ecb7b8aa3e054f173bb2294763bdb9c
PABP,bata,34,original_main35,39208466f05349ae46f48282534c189e96eaabdccfd10c0a62321d85ccf7fa26,f429fcbe2189b61ae17809a0d61b8567cedf0ed115f7911c275e4155c528c9a5,1266960060,4026473019,c22_bata,robustness35,1.964409118,1.891244900875,4,0.7501501235204953,2f63793418a686b2e0198dffe970053e7f2f52691f59315cac7a7025957749f4
TrpB,bata,20,original_main35,3461004789a34cb26868ec17e00053fd67711222e1c062b8b46b26facdbac682,4eb20642c24d261cd5f6f0af5370d54b1fd5ab6410e9ec18b5e112e041178665,657880882,1078980171,c22_bata,robustness35,0.932033526,0.792871798125,1,0.7389016803982107,2aa55e2a3779106509ad8f9d487ca1f521880ccf1a7ccded69067f47f5b3adf0
TrpB,bata,20,original_main35,3461004789a34cb26868ec17e00053fd67711222e1c062b8b46b26facdbac682,4eb20642c24d261cd5f6f0af5370d54b1fd5ab6410e9ec18b5e112e041178665,657880882,1078980171,c22_bata,robustness35,0.932033526,0.792871798125,2,0.3359211324094038,5712ecd6b7000ab304a8fcaec6be0c371bd9a95dffe6ecaf17cd5fb381313f8b
TrpB,bata,20,original_main35,3461004789a34cb26868ec17e00053fd67711222e1c062b8b46b26facdbac682,4eb20642c24d261cd5f6f0af5370d54b1fd5ab6410e9ec18b5e112e041178665,657880882,1078980171,c22_bata,robustness35,0.932033526,0.792871798125,3,0.16544595161095474,e3064f5bbd5b12b5694ec89132a96ac0b85933aa459840691cfdfb3842aa42f4
TrpB,bata,20,original_main35,3461004789a34cb26868ec17e00053fd67711222e1c062b8b46b26facdbac682,4eb20642c24d261cd5f6f0af5370d54b1fd5ab6410e9ec18b5e112e041178665,657880882,1078980171,c22_bata,robustness35,0.932033526,0.792871798125,4,0.20497093146062678,d3177c95454b5c23a59d8bae2905fc617759154dafd6a09aac61d9564628e3a6
TrpB,bata,21,original_main35,e2108074ce3eef00b4c5a26429c775b8b840779b16a611596eb8f956ea1667ae,6c92778b6426fa6053bb959e60e96d4042fe3178580c0e3cfff214079a0b79ca,3061771756,4273447489,c22_bata,robustness35,0.922559227,0.83088389125,1,0.5121702565818849,e3e4f1630b7bff9b8450a87814b62ad0e5ab3f623389d32e6ab84f6b3a69e40e
TrpB,bata,21,original_main35,e2108074ce3eef00b4c5a26429c775b8b840779b16a611596eb8f956ea1667ae,6c92778b6426fa6053bb959e60e96d4042fe3178580c0e3cfff214079a0b79ca,3061771756,4273447489,c22_bata,robustness35,0.922559227,0.83088389125,2,0.23568092762306758,8345f26ec5d46393b509a1164de3945437fdf90ed2c9a9371e2c8f0b163aaa9b
TrpB,bata,21,original_main35,e2108074ce3eef00b4c5a26429c775b8b840779b16a611596eb8f956ea1667ae,6c92778b6426fa6053bb959e60e96d4042fe3178580c0e3cfff214079a0b79ca,3061771756,4273447489,c22_bata,robustness35,0.922559227,0.83088389125,3,0.4763514020670522,1241d1cd3fe16711015049aa8c1a0fbcd43a3b19c7f526ec8a26423915b0c4e6
TrpB,bata,21,original_main35,e2108074ce3eef00b4c5a26429c775b8b840779b16a611596eb8f956ea1667ae,6c92778b6426fa6053bb959e60e96d4042fe3178580c0e3cfff214079a0b79ca,3061771756,4273447489,c22_bata,robustness35,0.922559227,0.83088389125,4,0.0,99ba7ddff174b91ae66f2961b31649485305889bee42ab9599e41d12b1dcd463
TrpB,bata,22,original_main35,425a772dd425df0a0e48f6771354257609cfc2bf76e7e2cd975afeca8f9cdcb6,1a60108d42c1cf2f277d9553aad23a11145f34cb1dfe01f8cf8d25e28ad16ec2,681916664,947364728,c22_bata,robustness35,0.922559227,0.748360727,1,0.39320563606423314,f17c7dced2681d042be7a039517e0d515643d27891b806730ac872a06ca90dc1
TrpB,bata,22,original_main35,425a772dd425df0a0e48f6771354257609cfc2bf76e7e2cd975afeca8f9cdcb6,1a60108d42c1cf2f277d9553aad23a11145f34cb1dfe01f8cf8d25e28ad16ec2,681916664,947364728,c22_bata,robustness35,0.922559227,0.748360727,2,0.40709353516598745,d9561eff5cfaa5533610649870fbb38602040ee0cf2fa349b7931a5c58bc77d9
TrpB,bata,22,original_main35,425a772dd425df0a0e48f6771354257609cfc2bf76e7e2cd975afeca8f9cdcb6,1a60108d42c1cf2f277d9553aad23a11145f34cb1dfe01f8cf8d25e28ad16ec2,681916664,947364728,c22_bata,robustness35,0.922559227,0.748360727,3,0.4249134494440244,862188393892a26dc7c8a6dda6545067219b442d33970e007612ab6f4e5248ce
TrpB,bata,22,original_main35,425a772dd425df0a0e48f6771354257609cfc2bf76e7e2cd975afeca8f9cdcb6,1a60108d42c1cf2f277d9553aad23a11145f34cb1dfe01f8cf8d25e28ad16ec2,681916664,947364728,c22_bata,robustness35,0.922559227,0.748360727,4,0.11374293564192853,a9ebfd5af34941f6c1b607ab00287da88e97e23525393dec56e0c84919d8acfe
TrpB,bata,23,original_main35,6f823a5f3a7a1b6c7130cf1ffe4c564e253dc6fef3558a43616fbcd1d0a712bb,453add68a3cbdfd9b0e0164af1d61b2593292b74344a59b85da0b25c639bd752,4284574173,2303191039,c22_bata,robustness35,0.922559227,0.761745140875,1,0.4609167769858603,70bf25481de427159f12beedc8a69756d9b32bdd64bf1ee015bd30a244755133
TrpB,bata,23,original_main35,6f823a5f3a7a1b6c7130cf1ffe4c564e253dc6fef3558a43616fbcd1d0a712bb,453add68a3cbdfd9b0e0164af1d61b2593292b74344a59b85da0b25c639bd752,4284574173,2303191039,c22_bata,robustness35,0.922559227,0.761745140875,2,0.3987193123081718,88fbcba26a726f12d0c4b414dcf9c89d0ad6ff6d9528d0d417215eb70dd09c6a
TrpB,bata,23,original_main35,6f823a5f3a7a1b6c7130cf1ffe4c564e253dc6fef3558a43616fbcd1d0a712bb,453add68a3cbdfd9b0e0164af1d61b2593292b74344a59b85da0b25c639bd752,4284574173,2303191039,c22_bata,robustness35,0.922559227,0.761745140875,3,0.23659940801874685,d7378779f31be51112781b083aed309734c344c5ec972c50365ab1def6418ebb
TrpB,bata,23,original_main35,6f823a5f3a7a1b6c7130cf1ffe4c564e253dc6fef3558a43616fbcd1d0a712bb,453add68a3cbdfd9b0e0164af1d61b2593292b74344a59b85da0b25c639bd752,4284574173,2303191039,c22_bata,robustness35,0.922559227,0.761745140875,4,0.13431269972338736,a6e7ddf548c345009259adccc2a18206158e35ab5b6aa8222c49701c7a9711d9
TrpB,bata,24,original_main35,41e50d3f4f8c48608774258d2d513a19e3801c6802ae499b72a1d61844488f85,1aba683f5ce6dbbd8fc945f284210dd49b662477c98cd874fe50a631ace98c90,4254701629,3816456862,c22_bata,robustness35,0.922559227,0.8269007811250001,1,0.3955260873790399,71195a554a177593d01d944a5123f039d93f45f26314723a5cd613a4ec1eaee9
TrpB,bata,24,original_main35,41e50d3f4f8c48608774258d2d513a19e3801c6802ae499b72a1d61844488f85,1aba683f5ce6dbbd8fc945f284210dd49b662477c98cd874fe50a631ace98c90,4254701629,3816456862,c22_bata,robustness35,0.922559227,0.8269007811250001,2,0.5172929806079376,d0cd5a7731fd5dbc460440851b314a0fcde99290accb0fd7b0e8e8aac29576f1
TrpB,bata,24,original_main35,41e50d3f4f8c48608774258d2d513a19e3801c6802ae499b72a1d61844488f85,1aba683f5ce6dbbd8fc945f284210dd49b662477c98cd874fe50a631ace98c90,4254701629,3816456862,c22_bata,robustness35,0.922559227,0.8269007811250001,3,0.42679565906782474,3ea6434212d8a984a28d26ef3bd8674036f2f1a1366158840aa1086d82b94688
TrpB,bata,24,original_main35,41e50d3f4f8c48608774258d2d513a19e3801c6802ae499b72a1d61844488f85,1aba683f5ce6dbbd8fc945f284210dd49b662477c98cd874fe50a631ace98c90,4254701629,3816456862,c22_bata,robustness35,0.922559227,0.8269007811250001,4,0.2973315893238624,8cd488497c0b27b960d50a70dfd8c3e3c8c59c9f532bcb4abd7c429897664182
TrpB,bata,25,original_main35,f7e1cd621d2a4cc26f3d08632bc7d7f51bab7598ac98a6131091f570d8ca236b,1965e273d7aa6f32105dee9412c2a0d9465c4f81759d410a40de79d6b3576733,2550056138,2813512266,c22_bata,robustness35,0.922559227,0.742085821875,1,0.43981559525993125,8313907ace9d34469e4d96152d8a749dfb45d7c5541595feb8309cadeb685beb
TrpB,bata,25,original_main35,f7e1cd621d2a4cc26f3d08632bc7d7f51bab7598ac98a6131091f570d8ca236b,1965e273d7aa6f32105dee9412c2a0d9465c4f81759d410a40de79d6b3576733,2550056138,2813512266,c22_bata,robustness35,0.922559227,0.742085821875,2,0.4669270908176184,faa6c50f1a3923b352481d7077083a1047c765273b86706d3ed7ae368c119183
TrpB,bata,25,original_main35,f7e1cd621d2a4cc26f3d08632bc7d7f51bab7598ac98a6131091f570d8ca236b,1965e273d7aa6f32105dee9412c2a0d9465c4f81759d410a40de79d6b3576733,2550056138,2813512266,c22_bata,robustness35,0.922559227,0.742085821875,3,0.17189829916053767,34a5c49c1429c0b7d342d2282a23105c7606d6ea9d48e2c04dab717fa788ced9
TrpB,bata,25,original_main35,f7e1cd621d2a4cc26f3d08632bc7d7f51bab7598ac98a6131091f570d8ca236b,1965e273d7aa6f32105dee9412c2a0d9465c4f81759d410a40de79d6b3576733,2550056138,2813512266,c22_bata,robustness35,0.922559227,0.742085821875,4,0.0,20da140479d1e9829c63296bf537dc0f11c9388222924bd094c9cd6fec3219ee
TrpB,bata,26,original_main35,6d617291ec4c0ee6020ac22e13e8bbabbfd5e0d53bab5f1364b4348a7ec2ba39,c84fcb5728970c9299eaa09a31bd4167345ca150397daea83c10778df05d1efe,2171102328,2443709940,c22_bata,robustness35,0.752894791,0.7273837508750001,1,0.6244672397976684,eca59a6d0a9723796f166ef39e91730d22a5ad392d5ff084f7fbf3efc7326a6f
TrpB,bata,26,original_main35,6d617291ec4c0ee6020ac22e13e8bbabbfd5e0d53bab5f1364b4348a7ec2ba39,c84fcb5728970c9299eaa09a31bd4167345ca150397daea83c10778df05d1efe,2171102328,2443709940,c22_bata,robustness35,0.752894791,0.7273837508750001,2,0.5818074001906612,b7673710d61f6228a097c7372773eea25a7cd66f9d57d4ebc4b01dd30230dabc
TrpB,bata,26,original_main35,6d617291ec4c0ee6020ac22e13e8bbabbfd5e0d53bab5f1364b4348a7ec2ba39,c84fcb5728970c9299eaa09a31bd4167345ca150397daea83c10778df05d1efe,2171102328,2443709940,c22_bata,robustness35,0.752894791,0.7273837508750001,3,0.6469140217350462,5017daaf1e7ffcbae36a0efeb4ef5f1ee05cc07f2715b652cc94320a567ce720
TrpB,bata,26,original_main35,6d617291ec4c0ee6020ac22e13e8bbabbfd5e0d53bab5f1364b4348a7ec2ba39,c84fcb5728970c9299eaa09a31bd4167345ca150397daea83c10778df05d1efe,2171102328,2443709940,c22_bata,robustness35,0.752894791,0.7273837508750001,4,0.5500512481777181,6416cbdbea7a57d1dee166278710789ca5a3c8cb5436232f1c8a13d30a0b5c9f
TrpB,bata,27,original_main35,82e2631db5a0b0a3e4c16e4b415d36d0cbf7e94dcb03be7ed25a6824ba7c78f2,ad6c8217c2ebab075d2c5a9641c0f3d2ec5c15ab8548a335c46dcf8b49d9d7aa,1272818518,441529416,c22_bata,robustness35,0.932033526,0.806234566875,1,0.35296060552548925,101823504f113b44556057e119c87b214a86c0df33ec62d8504e75437be104e3
TrpB,bata,27,original_main35,82e2631db5a0b0a3e4c16e4b415d36d0cbf7e94dcb03be7ed25a6824ba7c78f2,ad6c8217c2ebab075d2c5a9641c0f3d2ec5c15ab8548a335c46dcf8b49d9d7aa,1272818518,441529416,c22_bata,robustness35,0.932033526,0.806234566875,2,0.5694060447413135,532c82ed62dc121af9cb76d5abe6561839c3e05444e79bb9468d97d3a240b55b
TrpB,bata,27,original_main35,82e2631db5a0b0a3e4c16e4b415d36d0cbf7e94dcb03be7ed25a6824ba7c78f2,ad6c8217c2ebab075d2c5a9641c0f3d2ec5c15ab8548a335c46dcf8b49d9d7aa,1272818518,441529416,c22_bata,robustness35,0.932033526,0.806234566875,3,0.27108160971309514,394dce5a3ac035b6188c76ea67c57b5d21b8e134cdbfe181f7e8d5c978589152
TrpB,bata,27,original_main35,82e2631db5a0b0a3e4c16e4b415d36d0cbf7e94dcb03be7ed25a6824ba7c78f2,ad6c8217c2ebab075d2c5a9641c0f3d2ec5c15ab8548a335c46dcf8b49d9d7aa,1272818518,441529416,c22_bata,robustness35,0.932033526,0.806234566875,4,0.0,de6500b8c3a5a595901d4473927e20c11511b17509473b0f513647aad71645b8
TrpB,bata,28,original_main35,2ce519b1e993a1346c8da6f223ac88a66cc8fd589848f92e7521677863fe9910,e8f8f037dbc2e8648f5ec7fc6fcee9d281adc2a0744f6005bdf45230eef177b6,2126873814,2581651201,c22_bata,robustness35,0.932033526,0.8591712734999999,1,0.2735267399140665,0dc5bd7c88b59fb88f16491a08ce1c58f2c2b6fb1ec09196760b3e57c189f3f1
TrpB,bata,28,original_main35,2ce519b1e993a1346c8da6f223ac88a66cc8fd589848f92e7521677863fe9910,e8f8f037dbc2e8648f5ec7fc6fcee9d281adc2a0744f6005bdf45230eef177b6,2126873814,2581651201,c22_bata,robustness35,0.932033526,0.8591712734999999,2,0.5348816705371775,181a72599412c4196d5587c1d63f4be11e4eebfa427c67b15de5806bbf478a75
TrpB,bata,28,original_main35,2ce519b1e993a1346c8da6f223ac88a66cc8fd589848f92e7521677863fe9910,e8f8f037dbc2e8648f5ec7fc6fcee9d281adc2a0744f6005bdf45230eef177b6,2126873814,2581651201,c22_bata,robustness35,0.932033526,0.8591712734999999,3,0.0,697f13e65406b9872b291d3dd8b02c1a10230a1fcbafeb2231cdc6b4d078c5ba
TrpB,bata,28,original_main35,2ce519b1e993a1346c8da6f223ac88a66cc8fd589848f92e7521677863fe9910,e8f8f037dbc2e8648f5ec7fc6fcee9d281adc2a0744f6005bdf45230eef177b6,2126873814,2581651201,c22_bata,robustness35,0.932033526,0.8591712734999999,4,0.16322711560191464,a4631284b212a4d0fce3cef7e6e5e05195bc157c33bdd1ca412f7beaa7f1a6d9
TrpB,bata,29,original_main35,394b6ed603c494a5bc099b1f39c612a00bcd8474405ecdaaa72e1c4e1abbc59e,2fcbc0ad52eaf75d9215b03489f647b779c2987561cdde99525f18d1d32d3e66,3574642585,849359091,c22_bata,robustness35,0.932033526,0.74611189625,1,0.3012924926673589,a28efa53fabdb6d2eadf61b4dbb557899c74a9f58fe2be1aaabe8f165086a3d0
TrpB,bata,29,original_main35,394b6ed603c494a5bc099b1f39c612a00bcd8474405ecdaaa72e1c4e1abbc59e,2fcbc0ad52eaf75d9215b03489f647b779c2987561cdde99525f18d1d32d3e66,3574642585,849359091,c22_bata,robustness35,0.932033526,0.74611189625,2,0.3453294376823514,9e72419c391782861691d01784c1459ce04f0f5143950a4ef850a31bd6403bf0
TrpB,bata,29,original_main35,394b6ed603c494a5bc099b1f39c612a00bcd8474405ecdaaa72e1c4e1abbc59e,2fcbc0ad52eaf75d9215b03489f647b779c2987561cdde99525f18d1d32d3e66,3574642585,849359091,c22_bata,robustness35,0.932033526,0.74611189625,3,0.8058813308604253,20e0d09733ca6e3b3bc7746c39f8d4e35351edae6b2a5d3a04b658aa4ecb24a0
TrpB,bata,29,original_main35,394b6ed603c494a5bc099b1f39c612a00bcd8474405ecdaaa72e1c4e1abbc59e,2fcbc0ad52eaf75d9215b03489f647b779c2987561cdde99525f18d1d32d3e66,3574642585,849359091,c22_bata,robustness35,0.932033526,0.74611189625,4,0.23338247439037627,9b563a94485ef81b4ceb6a8e9c0f17624a3315dcb51f961ed399a1057488fb54
TrpB,bata,30,original_main35,ddeb7aa37ad2ff8523bfc7bb78287c8a6e8824cad52823e2c52dcf8da81f33ac,ebc041499f44ceeed64f4998f1d20f15a5c507f49c3adcfa7b4b1de5c751f39d,2007167913,173349196,c22_bata,robustness35,0.932033526,0.886831618375,1,0.6786909034532426,b72f241d41fc43541144ef67da62723c2881abffa54e956ded71ebbacece6d52
TrpB,bata,30,original_main35,ddeb7aa37ad2ff8523bfc7bb78287c8a6e8824cad52823e2c52dcf8da81f33ac,ebc041499f44ceeed64f4998f1d20f15a5c507f49c3adcfa7b4b1de5c751f39d,2007167913,173349196,c22_bata,robustness35,0.932033526,0.886831618375,2,0.6419090354280912,7262b4bc549328111d9e55614b665e550ef66845033209247341754057ead1ef
TrpB,bata,30,original_main35,ddeb7aa37ad2ff8523bfc7bb78287c8a6e8824cad52823e2c52dcf8da81f33ac,ebc041499f44ceeed64f4998f1d20f15a5c507f49c3adcfa7b4b1de5c751f39d,2007167913,173349196,c22_bata,robustness35,0.932033526,0.886831618375,3,0.046246168437984264,3404ca3643122d4a2e8cba9a83a1860a7ee7af41e222efd338b50f9b020fdee1
TrpB,bata,30,original_main35,ddeb7aa37ad2ff8523bfc7bb78287c8a6e8824cad52823e2c52dcf8da81f33ac,ebc041499f44ceeed64f4998f1d20f15a5c507f49c3adcfa7b4b1de5c751f39d,2007167913,173349196,c22_bata,robustness35,0.932033526,0.886831618375,4,0.0,a20163bdd51e3f1132d8028bbacd7f88207c7329cb449b44c8e55359e5303496
TrpB,bata,31,original_main35,771be6fbdc50197bfae3f1f241f19c97bfe3f5ba6512dfc9883bc2b9572c354c,4f8861786cbf78ef89704cd30e8c9e5436d8914ff5ce30294406e7257969b715,872792043,2160880174,c22_bata,robustness35,0.88246645,0.65549782675,1,0.5758565738895491,5179957e6ab3735b1e398e39b6f3cc88ad1cdfdad19b83c4c596e5366775df69
TrpB,bata,31,original_main35,771be6fbdc50197bfae3f1f241f19c97bfe3f5ba6512dfc9883bc2b9572c354c,4f8861786cbf78ef89704cd30e8c9e5436d8914ff5ce30294406e7257969b715,872792043,2160880174,c22_bata,robustness35,0.88246645,0.65549782675,2,0.5002581322640635,8160bf6aa31927f95cc69161cb5e0dd8058c030db506d1f16b9ce65e222b19dd
TrpB,bata,31,original_main35,771be6fbdc50197bfae3f1f241f19c97bfe3f5ba6512dfc9883bc2b9572c354c,4f8861786cbf78ef89704cd30e8c9e5436d8914ff5ce30294406e7257969b715,872792043,2160880174,c22_bata,robustness35,0.88246645,0.65549782675,3,0.39342057261285,314d49b9f450a4920438d23bf974af9aa1c103d3b8ce7c4c0e0d180a63d8aeb5
TrpB,bata,31,original_main35,771be6fbdc50197bfae3f1f241f19c97bfe3f5ba6512dfc9883bc2b9572c354c,4f8861786cbf78ef89704cd30e8c9e5436d8914ff5ce30294406e7257969b715,872792043,2160880174,c22_bata,robustness35,0.88246645,0.65549782675,4,0.4836710482755908,968f7ce6d9fdc1dfdc175b8787b637065ed0bf8cc55d61255358f43068422ad5
TrpB,bata,32,original_main35,3f3577b9258a4a675793ccf9a0da2441c5da44fa834ae630c1a9547955707fd0,e1a5badab2fe8f756aefbc7f9433ab764eb702b9fda43be02a5b3d76cd1fcca2,3727870541,1292761220,c22_bata,robustness35,0.895147379,0.8041936812499999,1,0.6362551371458339,f550495e8e34e7c4de4080faf5798d78e13d482369a711d220a8c97ec55fd1c5
TrpB,bata,32,original_main35,3f3577b9258a4a675793ccf9a0da2441c5da44fa834ae630c1a9547955707fd0,e1a5badab2fe8f756aefbc7f9433ab764eb702b9fda43be02a5b3d76cd1fcca2,3727870541,1292761220,c22_bata,robustness35,0.895147379,0.8041936812499999,2,0.3543118733497159,6df8bf0d460365eeb09fccfa965262b42953d8e282d69a84c17482b2ebf8c60d
TrpB,bata,32,original_main35,3f3577b9258a4a675793ccf9a0da2441c5da44fa834ae630c1a9547955707fd0,e1a5badab2fe8f756aefbc7f9433ab764eb702b9fda43be02a5b3d76cd1fcca2,3727870541,1292761220,c22_bata,robustness35,0.895147379,0.8041936812499999,3,0.2845235507627005,3db37289612d1e5ee3b3fcfed1759a0c95764cf289d812adecb58ba9c2cd685e
TrpB,bata,32,original_main35,3f3577b9258a4a675793ccf9a0da2441c5da44fa834ae630c1a9547955707fd0,e1a5badab2fe8f756aefbc7f9433ab764eb702b9fda43be02a5b3d76cd1fcca2,3727870541,1292761220,c22_bata,robustness35,0.895147379,0.8041936812499999,4,0.4417599058642725,586a7348d0f7fc3f97be58522710a7084df7d49211e4626efd66cea09f44616d
TrpB,bata,33,original_main35,ee6229bd38c3d3df63bb851f0f78173d26f6890868cfad55af54763fc83dd444,61f1a33db9b95d687c20c8d831968aa92b8298f7a3ea8ccc8340e5d0922120c8,3744327078,1850198806,c22_bata,robustness35,0.88246645,0.8075115348749999,1,0.5670682963489735,df3d51968f21731b4ea0a993c61e193b60c08d1279ac209fa364e7f84e4b7aaa
TrpB,bata,33,original_main35,ee6229bd38c3d3df63bb851f0f78173d26f6890868cfad55af54763fc83dd444,61f1a33db9b95d687c20c8d831968aa92b8298f7a3ea8ccc8340e5d0922120c8,3744327078,1850198806,c22_bata,robustness35,0.88246645,0.8075115348749999,2,0.5310284445619522,05d026396b6a917de911196a8a5944fdcff66a1f6c587e35ade380f9b7aeedfc
TrpB,bata,33,original_main35,ee6229bd38c3d3df63bb851f0f78173d26f6890868cfad55af54763fc83dd444,61f1a33db9b95d687c20c8d831968aa92b8298f7a3ea8ccc8340e5d0922120c8,3744327078,1850198806,c22_bata,robustness35,0.88246645,0.8075115348749999,3,0.25426516260125576,83372c5154a694b576251a265840dae5fd9de2b30e1353d9e8e032e4da627477
TrpB,bata,33,original_main35,ee6229bd38c3d3df63bb851f0f78173d26f6890868cfad55af54763fc83dd444,61f1a33db9b95d687c20c8d831968aa92b8298f7a3ea8ccc8340e5d0922120c8,3744327078,1850198806,c22_bata,robustness35,0.88246645,0.8075115348749999,4,0.19155018860309442,bab2c42b76280b0548a6f535fe5ef8f4d66adb45d9f684efb621dd5c73b196c3
TrpB,bata,34,original_main35,7c7acfed716ba3bc034ea277e6ea9889adbbd58785a1bd829232748ab0357a57,37440d01c4da80b98057098baff3d301207eb9bfbc6cc371759abb17c64f2fa5,3075868727,3918096446,c22_bata,robustness35,0.922559227,0.7832464748749999,1,0.7508336906534585,ad9d223dcd697e589d15cd57d2172742d9e62cffbaff4f8ca263ebdf021d41ef
TrpB,bata,34,original_main35,7c7acfed716ba3bc034ea277e6ea9889adbbd58785a1bd829232748ab0357a57,37440d01c4da80b98057098baff3d301207eb9bfbc6cc371759abb17c64f2fa5,3075868727,3918096446,c22_bata,robustness35,0.922559227,0.7832464748749999,2,0.23426241603800313,76b1db6f46a4f4184bb874351f9351481fcf7fb1c2578edbe2c4e9980ea86b6e
TrpB,bata,34,original_main35,7c7acfed716ba3bc034ea277e6ea9889adbbd58785a1bd829232748ab0357a57,37440d01c4da80b98057098baff3d301207eb9bfbc6cc371759abb17c64f2fa5,3075868727,3918096446,c22_bata,robustness35,0.922559227,0.7832464748749999,3,0.02460394332663039,03d80321c0857054305bd0e4c719028debd8c86c8e41410090074d2fe63ac6e8
TrpB,bata,34,original_main35,7c7acfed716ba3bc034ea277e6ea9889adbbd58785a1bd829232748ab0357a57,37440d01c4da80b98057098baff3d301207eb9bfbc6cc371759abb17c64f2fa5,3075868727,3918096446,c22_bata,robustness35,0.922559227,0.7832464748749999,4,0.0,f537ffa1d5d986bb5f1014b571410dbbc89e54610c8c12bae5b53c14ed32ce79
