benchmark,arm,group,cohort,initial_sha256,manifest_sha256,algorithm_seed,d0_seed,run_arm,source_split,Final,Query_AUC,status,problems
GB1,evolvepro650,0,original_main35,c9b8773d4ab7798f831f9df56e5a208810dde0b6ad9e155d8c9cb37eac8ceb5d,1e917fd1817b0b4d3b6ec92d6329fdabc547aa964e717fe12b9b734b30ed0197,2391947363,3014323829,evolvepro650,final22,0.7077333663997645,0.5725598124993381,PASS,
GB1,evolvepro650,1,original_main35,12b702b7179ec0c4dbf69af01c12a2ef40c4812be2590dfbb2d7836695bad36e,507edde1cdbfaba997ca78539312402939965f63de56fa85c84069c235213a9d,3909839147,334270505,evolvepro650,final22,0.6209353905963313,0.552938660765278,PASS,
GB1,evolvepro650,2,original_main35,aff155824189a9eef0abdef23e8303962f9fd39536d50bb020ce9fdfaf6ae632,58875f0f5397c1f8d0f9a54fc9f4ddfcfa2a7bb9159f744a2913b523770ccea9,3532526178,2026858604,evolvepro650,final22,0.9181903148057718,0.5773428769275013,PASS,
GB1,evolvepro650,3,original_main35,8d7c89be4dc91e34d600f21187a1963e9cdb9e005135944a39c844d61d2de16a,a2b150dad09a72e4803a55db9a4f75e1ea26db6a819301da6d6949f9b5045065,971754746,1591158563,evolvepro650,final22,0.6587599672965438,0.5858079877299168,PASS,
GB1,evolvepro650,4,original_main35,ae9f6b41fe285e5aa7e9132fccaecd2bd9bfeed131d4eb7c754290a842ac3543,c0edbd4a8355dae34b977c3afcf0f47f4696cd1890101b786a77137045f90c0c,2674163887,3287185275,evolvepro650,final22,0.7077333663997645,0.6388671743185614,PASS,
GB1,evolvepro650,5,original_main35,25929c333183ec0af7c342f45614e5f33a35418285e76421f578f2f566f65d45,a699aea95586d25036e684e5a619b05b1d7af44841d64bf94a93bc3c745f9a22,2142772039,2544143934,evolvepro650,final22,0.8345908537078612,0.6869483508107922,PASS,
GB1,evolvepro650,6,original_main35,b422829b197c4ec1ab67001d7ea9b8e490a7bac86f5f70c1c89a40907ae1b56f,0fa758bcfc79f98bfb8d2339a60ec2fb14a1deb7385187bc4bc9a951600fb088,1273479957,2952976131,evolvepro650,final22,0.7077333663997645,0.5693451465521243,PASS,
GB1,evolvepro650,7,original_main35,58ee0d8bf8ae4269f33a464cbf3ad46c33027e164d9f631f00930ad66e95a820,547ba20f16adac47546069c956ca958afb3b847da1dfa41012a7dc1a36fccfc6,474569769,1542916314,evolvepro650,final22,0.6698481442895078,0.5559614016706664,PASS,
GB1,evolvepro650,8,original_main35,1fbde579fd3bd8f779d9444c8f44ec1f5b634459444283eff23854d8e390da46,210710995f6a16bcb13c3f84367f4c81ad397c3949cfb2f7f9d58868f291c601,299468468,2876926170,evolvepro650,final22,0.7907195088416814,0.3937777041088188,PASS,
GB1,evolvepro650,9,original_main35,a658912f6f0fbfccb530477ab93c63cf789113f6ab2b1cca9598db6ccaf29ff2,6c0246f2e928df8f5b4b5821fbce61abd1b3571011b8480a81a1bd03a4398d44,1373054385,2575071077,evolvepro650,final22,1.0,0.8476454435528548,PASS,
GB1,evolvepro650,10,original_main35,4d92482f640bfa703a09d8a4fdc9d2d2f8ad71b3d3a9ea0feed4bd4d067a81fe,9cbade95e130d95bd27bfa001eef7c6296b795ba7a8b485d5937ae9c16163665,3601534543,486185267,evolvepro650,final22,0.6209353905963313,0.5283484469269644,PASS,
GB1,evolvepro650,11,original_main35,bb7832e3828a00662e015f8f9f4425676935a5f53465df5cbfaf1c838c0e0fd7,1ce89eeb2f09bf49236ebce30abce8aa36aeca9f127547a60a522bafd7e6ec51,816293389,214141844,evolvepro650,final22,0.6587599672965438,0.5609006092296878,PASS,
GB1,evolvepro650,12,original_main35,375913a9beef6237e17ce541baeb756438b1cafe568c3ae6201dd933a7775767,f58658122d86f3f1bb899216bf6e3920310ed06bd705b2a75340961b43851745,3425208170,580254746,evolvepro650,final22,0.8345908537078612,0.6518011708325053,PASS,
GB1,evolvepro650,13,original_main35,508e5775817f43b9ed28e8425494724b1000a5784ebe86ae0e959fe70c418d33,602420729d850ea6163188cc989a15c2953cc551047c6124a4e507eea111929e,2939679286,1583917130,evolvepro650,final22,0.8311300290264457,0.6380380649428559,PASS,
GB1,evolvepro650,14,original_main35,6a5dbdf75d8db759d8cd18beedafdab13684a3ed349b04204facae1132de97ba,9cbdbe642d2e85db53e370de9aa3d149addf68e07c5ef6eba3d0a24979b2d8b4,523594604,1845574567,evolvepro650,final22,0.6723293504313184,0.5286687686430256,PASS,
GB1,evolvepro650,15,original_main35,bb305ad18ef752e5641960bcdceeaddc1a7a6c9b20781d9a5f060e0f3a02e243,3a3ff68ccbef0c514f16018e8c9cd23a0ba7c307066327b956c1edaa0a4b450d,1169110308,1009629075,evolvepro650,final22,0.7352767757755749,0.6515691560278584,PASS,
GB1,evolvepro650,16,original_main35,9f8b9ed746130802bc4606c1ce71399c7a7c3952130db34fbefa9b82e4da1e93,206227654fee7e13bf2f6f1ef68a2a956d971a574e9640cb524bb2f817bfcb6d,3682000027,2452843052,evolvepro650,final22,0.6723293504313184,0.4126768577349923,PASS,
GB1,evolvepro650,17,original_main35,97538faac2cfe3d76d8a5b202b65b850a269025f8d8f2983e5ff83758f195352,e11ebd0dabcc3f35a7703e7359e10aca3ae0d31053fd2ed7a3a6c0396078a6df,3259503095,16684266,evolvepro650,final22,0.8311300290264457,0.5189345830192101,PASS,
GB1,evolvepro650,18,original_main35,604be52f00980eca72def27d219b7ba71efaacb65311923609073195b21ac9c5,097b54b057e528baf472ed2cc8e5494e115684f8244bc211ea765b4b8103061d,137747144,3050966282,evolvepro650,final22,0.6209353905963313,0.5137717992015147,PASS,
GB1,evolvepro650,19,original_main35,18f7669cc9a72fdf5a639cf2085120e6c7d3176c03868410c1237984e976cf85,f7789355ed70c4449889da076a726512fcf4d36a2fbd06eb6cef523e0147c0e5,3264117936,2265632201,evolvepro650,final22,0.7849778591964844,0.7488872970823249,PASS,
GB1,evolvepro650,20,original_main35,6718f0ea3be6526b9ad3ce2f82c754ea06e0cab4e4406427294965fb3a9ef5cf,1b04f5dc3750657b89757c0b26bc5395cd449bee781ce669d076a54e9e003222,2190630591,3638383074,evolvepro650,robustness35,0.7352767757755749,0.552336969137853,PASS,
GB1,evolvepro650,21,original_main35,1c79b9a1b1e59b17308bed25284913d0f28ce689fe0072d548092095b03faf20,8ea2a4713228b651c018db5594aaea10e42539f7f5b8b83eb29dcddd0afdd882,3997751362,3306818900,evolvepro650,robustness35,0.6587599672965438,0.49880830904160756,PASS,
GB1,evolvepro650,22,original_main35,7870e25b819d1608a212b5a22703cb0fc988fd27da28c3a73d3827c21bdd9f2f,26d770aa27003692ab08247ea4cb89e325423f8efa0382128b103395178e1661,3708379139,3977089483,evolvepro650,robustness35,0.8624627606050047,0.7089436444402563,PASS,
GB1,evolvepro650,23,original_main35,5b413785f7ac71f58233be9a0e4297c583bf132f0fc88c8d6c0024eba8ea5937,e3e0548eae589f6e30f83c9da8d1dfd4eb928e9cd19c0717c764bb06c66c0174,3099709757,104786374,evolvepro650,robustness35,0.8345908537078612,0.6939539370467945,PASS,
GB1,evolvepro650,24,original_main35,2629a1eb7b2b0a9b8fdd70e61277e4b047550ee86f9b8001a6a6b8a26c462349,0f11925daff6966cb928035d7976b04c5595cb64eea3e0f6e7fa6b442a2fbe75,1134289896,1617627562,evolvepro650,robustness35,0.7907195088416814,0.5819986100245679,PASS,
GB1,evolvepro650,25,original_main35,0bddf9040171b45fd230478fcc47e60188999353477464fae509844a363db76a,be491143339c2ccc9b46c47d73b45651feb37bfdb53b3976cf0e1e8b3319d4f8,3447449559,561646010,evolvepro650,robustness35,0.687915107481905,0.5671867010910823,PASS,
GB1,evolvepro650,26,original_main35,5b6545e7201d49f2fcba6cf9824d2c8396cb2881e59bc55edac9acccef4da3df,6f5c779ab2072aa139dbca86f139090867864a51dc82cd27b0f47e68423fa0cd,2982962931,3943545500,evolvepro650,robustness35,0.6587599672965438,0.558535145766497,PASS,
GB1,evolvepro650,27,original_main35,0a7840cb61977a0ed783393e0a7a5e63a263923b7f7c0818f945dafe176799bb,59f24099dd758b102891a6142b3ad985deed88bccfb94775456ec6635e7ea489,3310863024,2937371069,evolvepro650,robustness35,0.8311300290264457,0.6951776924284033,PASS,
GB1,evolvepro650,28,original_main35,ed6ba9799a654a0b16bc9fe764aac302b49e386ac98072c37fcbdc12038169e8,a96d6c96fcbd2d3cfb30aeffacc21a342aeee7401aa9e788df29242c8d33d8ca,887640600,846299589,evolvepro650,robustness35,0.6723293504313184,0.6200249156312145,PASS,
GB1,evolvepro650,29,original_main35,fc4fb87cd8dd0a24204d597bc0ad7c45ac8608e001460d1a68cc6d11666ccde9,005cdca0af0b9aff43bcf9d8ffc9ccbe38de95c780d347dbba3f0964fb7e5891,1313261040,1334225364,evolvepro650,robustness35,0.6587599672965438,0.5063150041095071,PASS,
GB1,evolvepro650,30,original_main35,79e0b1e22f4d053b650875b398859a8c3474b46dd9397047d4e2b5810ca9c65f,bcf0f20437a140bfc98d481d00a9d80d2f4a061507a13aca34e06da382da1257,2891177089,2288877147,evolvepro650,robustness35,0.6209353905963313,0.4823592319699227,PASS,
GB1,evolvepro650,31,original_main35,e31ee9ff1a8bc5a02548cf0618f860a04ca97c806596f1fa54fafe766d7fa152,9f88224ebef81836e91acf8b2d4ae3ae44c89d7b2e60b91c9ca0d10a2118bba2,3869160215,3919031300,evolvepro650,robustness35,0.6271281750844608,0.5516309458557641,PASS,
GB1,evolvepro650,32,original_main35,7a94fe5e1427d9ae63385590949ece4f847ec59ae5f5c7a0f5d444a964dd5da4,7b1a485327817b7999bfde807da49cf009f94694cbb41918fa6e0f6ecd175f55,2910098028,847056601,evolvepro650,robustness35,0.6466066646951943,0.4991071744135812,PASS,
GB1,evolvepro650,33,original_main35,601948b1aed01adc61abd1e212f8283aa8aceb6b7da6ffacf392ca1e6c24219c,11558e212f9a0d272dc5d09f983732137fa3a3212d36d15a5320373eb6d15168,3851519348,3394327626,evolvepro650,robustness35,0.7077333663997645,0.5828508850782694,PASS,
GB1,evolvepro650,34,original_main35,cef10e2dc78b2c1ca7404366f34031d2a313e211f5cec8c15c2581d1f02b0f90,e7f48842f1a3fe0b6822dff3ff1cb8fc156f6b5750b76fd634ea0dcaca4b2e0b,482219205,2430106097,evolvepro650,robustness35,0.8311300290264457,0.7367442968210604,PASS,
GB1,rf_onehot,0,original_main35,c9b8773d4ab7798f831f9df56e5a208810dde0b6ad9e155d8c9cb37eac8ceb5d,1e917fd1817b0b4d3b6ec92d6329fdabc547aa964e717fe12b9b734b30ed0197,2391947363,3014323829,rf_onehot,final22,0.8311300290264457,0.5899824284674188,PASS,
GB1,rf_onehot,1,original_main35,12b702b7179ec0c4dbf69af01c12a2ef40c4812be2590dfbb2d7836695bad36e,507edde1cdbfaba997ca78539312402939965f63de56fa85c84069c235213a9d,3909839147,334270505,rf_onehot,final22,0.723981093746483,0.5841131349899006,PASS,
GB1,rf_onehot,2,original_main35,aff155824189a9eef0abdef23e8303962f9fd39536d50bb020ce9fdfaf6ae632,58875f0f5397c1f8d0f9a54fc9f4ddfcfa2a7bb9159f744a2913b523770ccea9,3532526178,2026858604,rf_onehot,final22,1.0,0.6274295413507383,PASS,
GB1,rf_onehot,3,original_main35,8d7c89be4dc91e34d600f21187a1963e9cdb9e005135944a39c844d61d2de16a,a2b150dad09a72e4803a55db9a4f75e1ea26db6a819301da6d6949f9b5045065,971754746,1591158563,rf_onehot,final22,1.0,0.873396739221937,PASS,
GB1,rf_onehot,4,original_main35,ae9f6b41fe285e5aa7e9132fccaecd2bd9bfeed131d4eb7c754290a842ac3543,c0edbd4a8355dae34b977c3afcf0f47f4696cd1890101b786a77137045f90c0c,2674163887,3287185275,rf_onehot,final22,0.6587599672965438,0.514706022833103,PASS,
GB1,rf_onehot,5,original_main35,25929c333183ec0af7c342f45614e5f33a35418285e76421f578f2f566f65d45,a699aea95586d25036e684e5a619b05b1d7af44841d64bf94a93bc3c745f9a22,2142772039,2544143934,rf_onehot,final22,0.8624627606050047,0.6958374845888577,PASS,
GB1,rf_onehot,6,original_main35,b422829b197c4ec1ab67001d7ea9b8e490a7bac86f5f70c1c89a40907ae1b56f,0fa758bcfc79f98bfb8d2339a60ec2fb14a1deb7385187bc4bc9a951600fb088,1273479957,2952976131,rf_onehot,final22,1.0,0.7658770824620543,PASS,
GB1,rf_onehot,7,original_main35,58ee0d8bf8ae4269f33a464cbf3ad46c33027e164d9f631f00930ad66e95a820,547ba20f16adac47546069c956ca958afb3b847da1dfa41012a7dc1a36fccfc6,474569769,1542916314,rf_onehot,final22,0.6271281750844608,0.5599318467158576,PASS,
GB1,rf_onehot,8,original_main35,1fbde579fd3bd8f779d9444c8f44ec1f5b634459444283eff23854d8e390da46,210710995f6a16bcb13c3f84367f4c81ad397c3949cfb2f7f9d58868f291c601,299468468,2876926170,rf_onehot,final22,0.8624627606050047,0.5961307388169476,PASS,
GB1,rf_onehot,9,original_main35,a658912f6f0fbfccb530477ab93c63cf789113f6ab2b1cca9598db6ccaf29ff2,6c0246f2e928df8f5b4b5821fbce61abd1b3571011b8480a81a1bd03a4398d44,1373054385,2575071077,rf_onehot,final22,0.6587599672965438,0.5596555370988092,PASS,
GB1,rf_onehot,10,original_main35,4d92482f640bfa703a09d8a4fdc9d2d2f8ad71b3d3a9ea0feed4bd4d067a81fe,9cbade95e130d95bd27bfa001eef7c6296b795ba7a8b485d5937ae9c16163665,3601534543,486185267,rf_onehot,final22,0.6587599672965438,0.6177602711691114,PASS,
GB1,rf_onehot,11,original_main35,bb7832e3828a00662e015f8f9f4425676935a5f53465df5cbfaf1c838c0e0fd7,1ce89eeb2f09bf49236ebce30abce8aa36aeca9f127547a60a522bafd7e6ec51,816293389,214141844,rf_onehot,final22,1.0,0.7219172713309481,PASS,
GB1,rf_onehot,12,original_main35,375913a9beef6237e17ce541baeb756438b1cafe568c3ae6201dd933a7775767,f58658122d86f3f1bb899216bf6e3920310ed06bd705b2a75340961b43851745,3425208170,580254746,rf_onehot,final22,0.8345908537078612,0.6954790757713283,PASS,
GB1,rf_onehot,13,original_main35,508e5775817f43b9ed28e8425494724b1000a5784ebe86ae0e959fe70c418d33,602420729d850ea6163188cc989a15c2953cc551047c6124a4e507eea111929e,2939679286,1583917130,rf_onehot,final22,0.8345908537078612,0.6911618251126138,PASS,
GB1,rf_onehot,14,original_main35,6a5dbdf75d8db759d8cd18beedafdab13684a3ed349b04204facae1132de97ba,9cbdbe642d2e85db53e370de9aa3d149addf68e07c5ef6eba3d0a24979b2d8b4,523594604,1845574567,rf_onehot,final22,0.8345908537078612,0.6674352141371828,PASS,
GB1,rf_onehot,15,original_main35,bb305ad18ef752e5641960bcdceeaddc1a7a6c9b20781d9a5f060e0f3a02e243,3a3ff68ccbef0c514f16018e8c9cd23a0ba7c307066327b956c1edaa0a4b450d,1169110308,1009629075,rf_onehot,final22,0.8345908537078612,0.7414626102393159,PASS,
GB1,rf_onehot,16,original_main35,9f8b9ed746130802bc4606c1ce71399c7a7c3952130db34fbefa9b82e4da1e93,206227654fee7e13bf2f6f1ef68a2a956d971a574e9640cb524bb2f817bfcb6d,3682000027,2452843052,rf_onehot,final22,0.723981093746483,0.43438401390773507,PASS,
GB1,rf_onehot,17,original_main35,97538faac2cfe3d76d8a5b202b65b850a269025f8d8f2983e5ff83758f195352,e11ebd0dabcc3f35a7703e7359e10aca3ae0d31053fd2ed7a3a6c0396078a6df,3259503095,16684266,rf_onehot,final22,0.8345908537078612,0.6400391185806309,PASS,
GB1,rf_onehot,18,original_main35,604be52f00980eca72def27d219b7ba71efaacb65311923609073195b21ac9c5,097b54b057e528baf472ed2cc8e5494e115684f8244bc211ea765b4b8103061d,137747144,3050966282,rf_onehot,final22,0.8345908537078612,0.5741899917662723,PASS,
GB1,rf_onehot,19,original_main35,18f7669cc9a72fdf5a639cf2085120e6c7d3176c03868410c1237984e976cf85,f7789355ed70c4449889da076a726512fcf4d36a2fbd06eb6cef523e0147c0e5,3264117936,2265632201,rf_onehot,final22,0.8345908537078612,0.7674921700240912,PASS,
GB1,rf_onehot,20,original_main35,6718f0ea3be6526b9ad3ce2f82c754ea06e0cab4e4406427294965fb3a9ef5cf,1b04f5dc3750657b89757c0b26bc5395cd449bee781ce669d076a54e9e003222,2190630591,3638383074,rf_onehot,robustness35,0.8345908537078612,0.674591002342888,PASS,
GB1,rf_onehot,21,original_main35,1c79b9a1b1e59b17308bed25284913d0f28ce689fe0072d548092095b03faf20,8ea2a4713228b651c018db5594aaea10e42539f7f5b8b83eb29dcddd0afdd882,3997751362,3306818900,rf_onehot,robustness35,0.8624627606050047,0.6501670506119821,PASS,
GB1,rf_onehot,22,original_main35,7870e25b819d1608a212b5a22703cb0fc988fd27da28c3a73d3827c21bdd9f2f,26d770aa27003692ab08247ea4cb89e325423f8efa0382128b103395178e1661,3708379139,3977089483,rf_onehot,robustness35,0.8624627606050047,0.7370440777124864,PASS,
GB1,rf_onehot,23,original_main35,5b413785f7ac71f58233be9a0e4297c583bf132f0fc88c8d6c0024eba8ea5937,e3e0548eae589f6e30f83c9da8d1dfd4eb928e9cd19c0717c764bb06c66c0174,3099709757,104786374,rf_onehot,robustness35,0.8345908537078612,0.7011189132022319,PASS,
GB1,rf_onehot,24,original_main35,2629a1eb7b2b0a9b8fdd70e61277e4b047550ee86f9b8001a6a6b8a26c462349,0f11925daff6966cb928035d7976b04c5595cb64eea3e0f6e7fa6b442a2fbe75,1134289896,1617627562,rf_onehot,robustness35,0.8345908537078612,0.6227111245595597,PASS,
GB1,rf_onehot,25,original_main35,0bddf9040171b45fd230478fcc47e60188999353477464fae509844a363db76a,be491143339c2ccc9b46c47d73b45651feb37bfdb53b3976cf0e1e8b3319d4f8,3447449559,561646010,rf_onehot,robustness35,0.8345908537078612,0.6766447322884828,PASS,
GB1,rf_onehot,26,original_main35,5b6545e7201d49f2fcba6cf9824d2c8396cb2881e59bc55edac9acccef4da3df,6f5c779ab2072aa139dbca86f139090867864a51dc82cd27b0f47e68423fa0cd,2982962931,3943545500,rf_onehot,robustness35,0.6587599672965438,0.513845779804207,PASS,
GB1,rf_onehot,27,original_main35,0a7840cb61977a0ed783393e0a7a5e63a263923b7f7c0818f945dafe176799bb,59f24099dd758b102891a6142b3ad985deed88bccfb94775456ec6635e7ea489,3310863024,2937371069,rf_onehot,robustness35,0.8345908537078612,0.7798954186519355,PASS,
GB1,rf_onehot,28,original_main35,ed6ba9799a654a0b16bc9fe764aac302b49e386ac98072c37fcbdc12038169e8,a96d6c96fcbd2d3cfb30aeffacc21a342aeee7401aa9e788df29242c8d33d8ca,887640600,846299589,rf_onehot,robustness35,0.8345908537078612,0.668191256375315,PASS,
GB1,rf_onehot,29,original_main35,fc4fb87cd8dd0a24204d597bc0ad7c45ac8608e001460d1a68cc6d11666ccde9,005cdca0af0b9aff43bcf9d8ffc9ccbe38de95c780d347dbba3f0964fb7e5891,1313261040,1334225364,rf_onehot,robustness35,0.6587599672965438,0.5391614941037838,PASS,
GB1,rf_onehot,30,original_main35,79e0b1e22f4d053b650875b398859a8c3474b46dd9397047d4e2b5810ca9c65f,bcf0f20437a140bfc98d481d00a9d80d2f4a061507a13aca34e06da382da1257,2891177089,2288877147,rf_onehot,robustness35,0.8624627606050047,0.698610379687843,PASS,
GB1,rf_onehot,31,original_main35,e31ee9ff1a8bc5a02548cf0618f860a04ca97c806596f1fa54fafe766d7fa152,9f88224ebef81836e91acf8b2d4ae3ae44c89d7b2e60b91c9ca0d10a2118bba2,3869160215,3919031300,rf_onehot,robustness35,1.0,0.7810390995927684,PASS,
GB1,rf_onehot,32,original_main35,7a94fe5e1427d9ae63385590949ece4f847ec59ae5f5c7a0f5d444a964dd5da4,7b1a485327817b7999bfde807da49cf009f94694cbb41918fa6e0f6ecd175f55,2910098028,847056601,rf_onehot,robustness35,1.0,0.7582091771212028,PASS,
GB1,rf_onehot,33,original_main35,601948b1aed01adc61abd1e212f8283aa8aceb6b7da6ffacf392ca1e6c24219c,11558e212f9a0d272dc5d09f983732137fa3a3212d36d15a5320373eb6d15168,3851519348,3394327626,rf_onehot,robustness35,0.8345908537078612,0.6899334622603092,PASS,
GB1,rf_onehot,34,original_main35,cef10e2dc78b2c1ca7404366f34031d2a313e211f5cec8c15c2581d1f02b0f90,e7f48842f1a3fe0b6822dff3ff1cb8fc156f6b5750b76fd634ea0dcaca4b2e0b,482219205,2430106097,rf_onehot,robustness35,0.8311300290264457,0.6919560599222693,PASS,
PABP,alde,0,original_main35,40543f083a9160dafc908a498e34dd36978a1ddf1941a174e8f8278ed0b84017,3b24c37ddb3dbe17921872e5022e2d836c6e4f95d7b13c0e19fecd5ea1333574,1931617089,3627850924,alde,final22,1.822900012,1.782085693875,PASS,
PABP,alde,1,original_main35,3d597bfc8f9420ba6a2861b336ba4e6f1f8e236be04af31cacca70bfe1fd6243,9eef1fded7f2b653c3f43c12dd4a8e27038d2e2472baa0ea5dbd3ed838f5ec53,2452454326,2986028791,alde,final22,2.236825435,1.704433538375,PASS,
PABP,alde,2,original_main35,28ef77b004b596be79ed6444f8634d9a8f24d30b368f8c919a6992645184cc05,982c481560fc2ab645ddc8a843ef021416ef53d2d8e4ba7d467dacdbd3621041,3011507104,1059572730,alde,final22,1.815219561,1.6672862703749998,PASS,
PABP,alde,3,original_main35,d2628e9217882cd8de454f1623370b01d6459ce928ac770440a72d5a6a427d7d,fdd8fc4337253c07f5d6ef3f81d852497d68a226411fa0c385959decd75bd08a,1322461066,3798279899,alde,final22,1.566603964,1.533260703875,PASS,
PABP,alde,4,original_main35,e450712a6f2bb9ed7db1cd0bef8edb9f2d5f51635f76784af4399059bb420983,6873574f182ae1e3127dcb4505e601551bb9fafcfd28153531ab8cb970acb4fd,499092096,3938358988,alde,final22,1.53284588,1.4967412310000001,PASS,
PABP,alde,5,original_main35,32d0c302d07238adaf08c47af6f31ba1b9d01627604eca93c41f0ec8e2eb5c0a,489c28fadfbf91fbdc01121e34f921a63b5f80d97101053e0aa8348579db13c5,4062577797,548430716,alde,final22,1.787716235,1.6488888959999999,PASS,
PABP,alde,6,original_main35,582aedbcf84dbf192822b295b542481b439f89c294575246c4d5da29d0ab7f9c,2642193ff869c8b144ed7831c1ea988d170241dfe4bcd9a46026ca06b56822cf,2930725948,2306972236,alde,final22,1.822900012,1.5697769208749999,PASS,
PABP,alde,7,original_main35,fe7fe1a68f85bedcb475b308dcfcd195a13176129efa51ff2132483e814f2bea,d8baf39f17432813fbee604a41f291a20f04fb9cf4ef8eb8deda6da40d3f802d,577710846,142285812,alde,final22,1.719489488,1.5241251158750002,PASS,
PABP,alde,8,original_main35,67f48641642d59b12ff174b3b7125d2be417090f069b4ba3bc177f3607de13ee,6576dafbe41f5177cb3af0c8366183c6ec293879723d247c45531e7875a79bc9,1080662220,461279292,alde,final22,1.930733534,1.7752137798749998,PASS,
PABP,alde,9,original_main35,4704302e32e7deb60c9200c5c2000a2084bfdef9bca118f1971a1c7e4102da53,43a3625576620d7effeef6e617aad9f25303aa34d208292d266f879960e177c0,3400445299,1807647758,alde,final22,1.822900012,1.7406004551249998,PASS,
PABP,alde,10,original_main35,be19f60af950bf2f510be653fc4c9a3a5510bce040b5d175deecb08948941fd0,92638ac02ed89d9f9f89202dd74a92782ca90ba5f150af91fd5643674763b0bf,3357319709,1381346490,alde,final22,1.83326862,1.6019853432499997,PASS,
PABP,alde,11,original_main35,e94a279713509596f995c58fb430a70ae0e44b595181b758bd108c0c1c453177,dc56f764e14d349e5c05ce82d80964f8d3efff771cc09d353e21cda934fd8572,2397635729,2837518473,alde,final22,1.591828179,1.5409035933750002,PASS,
PABP,alde,12,original_main35,b7fa3e0afa56691d649291f39e3fa7144d30c0ab78a4aec20a40d5c55d6ee77d,7d49af674613867c103e3163ae8aa64367d01341b3f844e2b6c6007f5543c99c,3350512573,4218537639,alde,final22,1.83326862,1.704430758375,PASS,
PABP,alde,13,original_main35,2f96593b0b3b9f45fde6a3da947747f1a16f4b8d7573653c979d47fa3d0638f2,17a8aa57ac921b46fd0f8668ca94f32dacd2adc76f06162ba28ce3c7e86cba84,2749260393,3112941785,alde,final22,1.817332016,1.71932632925,PASS,
PABP,alde,14,original_main35,e111ce011fa39abcaf33f1499214367727b4f275ca5dbd458fbf5b17081dbf3c,1b24fdf1cace9dc013c8efca6e075f787ebbb8d739cacb4a36135fcce2953c38,2937642216,4209399969,alde,final22,1.83326862,1.641575939375,PASS,
PABP,alde,15,original_main35,67aed866374c29645c1fccd7270fa7cdd3fd97596307d318c708c9450e9f93c2,f4d2190bf3d71f77c6388f882be68338d0f453f853c782ea0da35c3cbc7ae481,930793635,326417455,alde,final22,2.042122007,1.4195348255,PASS,
PABP,alde,16,original_main35,f923386cb00802de099fa217f63ca7bd4c73e5c3d01ef0827ca8d0d687a136ec,047c1792e34f8160abd2e77779578eaecca857aabd5cd02c8c1d396df4a71f88,856479093,3292591818,alde,final22,2.236825435,1.8062970553750002,PASS,
PABP,alde,17,original_main35,d61cbb06c4b52b519b4d9dd6c4a6ed13b87ca72f2783032d2e871d3e437a2ed4,4c27f762ef4975c07a756efdfe2347887c7f5ec01665b504b9fb771e40e12eb1,2650067199,1300752321,alde,final22,1.59066115,1.496150700375,PASS,
PABP,alde,18,original_main35,e9c77ebdd88bf39887d7a61a2c49fd99219da437aeb2a4fa49a2fc803740f176,0bce3d63f1e9e73d684b6454eef06aac309942f7d17f672d753cb982407232c1,3116021179,838257668,alde,final22,2.0996727180000003,1.9800458927500002,PASS,
PABP,alde,19,original_main35,8387487d621684a7d141f32e898a6187ec5e3cb8e7c6b8529754659102247040,56bcc052f4b227f925efc37da0b13c95d9cb7a273390a0bfe88300edbc01d8f7,459614835,1674239785,alde,final22,2.042122007,1.5599631445,PASS,
PABP,alde,20,original_main35,b951a7b7693be272e96f9f92a692c8c53ea4f807f6770a82532e1b369ac0f0ba,a52c1d7849e9d6ff3b306178ab0fdc63af6f1861af5e70a7659cbb3e65457573,1166126924,632983653,alde,robustness35,1.817332016,1.639556410125,PASS,
PABP,alde,21,original_main35,31b9a6f69bcc3410a3793695fe0903c356355a9d8c09f06f78b1956523d42934,cf6f2f531e1869e0d4bca14697b767310e8c7b9e12df599ae501e89c2b128f42,3950727371,209369094,alde,robustness35,1.787716235,1.5391390584999998,PASS,
PABP,alde,22,original_main35,230b302a5d0feadaa7d55fd540a0d107bb5d60ed0b2a523daa2409273acf05df,e1bde72fc33a562236a4d5b634705836ffff4ac785c63da545d6c48d6450413b,2218955058,1164206196,alde,robustness35,1.498329669,1.474423135875,PASS,
PABP,alde,23,original_main35,bdba6f2740f6f5d33c2ca58a3b5e50944bf02769abdaa89fd41edb7413a58617,b48ed50030e149f5c6d5f0b8f42cfe6d0146e22937172381002a71e2032eaa42,3522947050,1225236808,alde,robustness35,1.817332016,1.65496044775,PASS,
PABP,alde,24,original_main35,41c8bbf85a6dbe190eb6d2ef5b958a708abd6e2152ae3599e5e6638603e0a0c0,92a60ab5d2340ac5d8e9c7d1e03b8cccd280124c810f461a235b5a838b4d6468,4141324399,309676077,alde,robustness35,2.0996727180000003,1.9878659128750005,PASS,
PABP,alde,25,original_main35,bae86131884d81f717b926a1cf27558dd62b004cac3823b6b7b7e4aba73444c8,d978f0dc103e70456168a4f91d84bd83617a8759e8011ce96283d9afb54463b2,1742584530,490012776,alde,robustness35,1.705131517,1.577499163875,PASS,
PABP,alde,26,original_main35,d10b8cba86151093730d8b7f1496577d01e4928854cd3b8045313a2399f0dee9,5c5caa3d8f5e39d820321e592db01b0634c35e6edbef5e2dc0687bc5bece2a02,2013899225,3431372334,alde,robustness35,1.524170095,1.517537352,PASS,
PABP,alde,27,original_main35,f999a5122b52660ddafea95ee83831153ab6499ab8acda5fbf567b8f22d4cfef,9852ee5a81a2e820365f13434bb404c9a7b7add4e2f93acf754ff67e371a29d8,453577031,2904052650,alde,robustness35,1.822900012,1.807010456875,PASS,
PABP,alde,28,original_main35,3c2cde90b6f3bd1cf5aeb486ead21625d4b1caa557b903f2b8a44ef12bfe6a9d,ce2e392a004340e6de615af9b1f78d7cadffda84416c8de15a3818cc3a514518,65331392,4283458320,alde,robustness35,1.83326862,1.750528422,PASS,
PABP,alde,29,original_main35,4d75552af0a22dad9d21d5f57915cc1f6858dec14b4356a224b86ad45121664b,d89397102312850b1ab9740ce6405c1a1e2cebc35b378bb97029f44569e05df0,4232924722,1905859956,alde,robustness35,1.850286303,1.8246894568750003,PASS,
PABP,alde,30,original_main35,2441b9e25d829e47a5b72fae4b0f038815af5702dc02220ba3d58e815973a4af,545dce3b73d12614fdb3e5c21cba03263a5e8e335ee6d489c98a4e1efd71c1c7,1679086892,4120979301,alde,robustness35,1.7925741590000002,1.7332339715000002,PASS,
PABP,alde,31,original_main35,f76ba5276b64b37d4ed5ce2cbf9b1f72e0ac11a32c919d565ada70023860d520,96d395f51934399044ac38cb098f6d7bdbbb59e92570666ab1a361463325ccfc,1408296719,1469847373,alde,robustness35,1.639885854,1.6003726242499998,PASS,
PABP,alde,32,original_main35,4ab0a7133a16e47faf6ac58541f22b839db114b19c6addd332e7cd9b45d6649f,7637c80cbe4daa3e74590e06ce1022fe3ebd939dcb9947409793b176a12ed0f5,2229712563,4017092744,alde,robustness35,1.797225364,1.797225364,PASS,
PABP,alde,33,original_main35,326a6977a5ac1c137dbbff9d425057bea737ae251f26c5499fb356ca74773136,31edffc925dc0764101f9164896209cfddb3309c9780a2b40e322c00ec9c8902,1271647609,2793890137,alde,robustness35,1.822900012,1.60195637325,PASS,
PABP,alde,34,original_main35,39208466f05349ae46f48282534c189e96eaabdccfd10c0a62321d85ccf7fa26,f429fcbe2189b61ae17809a0d61b8567cedf0ed115f7911c275e4155c528c9a5,1266960060,4026473019,alde,robustness35,1.854210558,1.6889018748749998,PASS,
PABP,rf_onehot,0,original_main35,40543f083a9160dafc908a498e34dd36978a1ddf1941a174e8f8278ed0b84017,3b24c37ddb3dbe17921872e5022e2d836c6e4f95d7b13c0e19fecd5ea1333574,1931617089,3627850924,rf_onehot,final22,2.128194918,1.9892207373750002,PASS,
PABP,rf_onehot,1,original_main35,3d597bfc8f9420ba6a2861b336ba4e6f1f8e236be04af31cacca70bfe1fd6243,9eef1fded7f2b653c3f43c12dd4a8e27038d2e2472baa0ea5dbd3ed838f5ec53,2452454326,2986028791,rf_onehot,final22,2.627942865,2.1201701276250002,PASS,
PABP,rf_onehot,2,original_main35,28ef77b004b596be79ed6444f8634d9a8f24d30b368f8c919a6992645184cc05,982c481560fc2ab645ddc8a843ef021416ef53d2d8e4ba7d467dacdbd3621041,3011507104,1059572730,rf_onehot,final22,2.236825435,1.816080158625,PASS,
PABP,rf_onehot,3,original_main35,d2628e9217882cd8de454f1623370b01d6459ce928ac770440a72d5a6a427d7d,fdd8fc4337253c07f5d6ef3f81d852497d68a226411fa0c385959decd75bd08a,1322461066,3798279899,rf_onehot,final22,1.817332016,1.765525938125,PASS,
PABP,rf_onehot,4,original_main35,e450712a6f2bb9ed7db1cd0bef8edb9f2d5f51635f76784af4399059bb420983,6873574f182ae1e3127dcb4505e601551bb9fafcfd28153531ab8cb970acb4fd,499092096,3938358988,rf_onehot,final22,1.822900012,1.7487557315,PASS,
PABP,rf_onehot,5,original_main35,32d0c302d07238adaf08c47af6f31ba1b9d01627604eca93c41f0ec8e2eb5c0a,489c28fadfbf91fbdc01121e34f921a63b5f80d97101053e0aa8348579db13c5,4062577797,548430716,rf_onehot,final22,1.930733534,1.893023894625,PASS,
PABP,rf_onehot,6,original_main35,582aedbcf84dbf192822b295b542481b439f89c294575246c4d5da29d0ab7f9c,2642193ff869c8b144ed7831c1ea988d170241dfe4bcd9a46026ca06b56822cf,2930725948,2306972236,rf_onehot,final22,1.598073364,1.5389061743749999,PASS,
PABP,rf_onehot,7,original_main35,fe7fe1a68f85bedcb475b308dcfcd195a13176129efa51ff2132483e814f2bea,d8baf39f17432813fbee604a41f291a20f04fb9cf4ef8eb8deda6da40d3f802d,577710846,142285812,rf_onehot,final22,2.0996727180000003,1.9666638003750005,PASS,
PABP,rf_onehot,8,original_main35,67f48641642d59b12ff174b3b7125d2be417090f069b4ba3bc177f3607de13ee,6576dafbe41f5177cb3af0c8366183c6ec293879723d247c45531e7875a79bc9,1080662220,461279292,rf_onehot,final22,1.7552123030000002,1.5665458945,PASS,
PABP,rf_onehot,9,original_main35,4704302e32e7deb60c9200c5c2000a2084bfdef9bca118f1971a1c7e4102da53,43a3625576620d7effeef6e617aad9f25303aa34d208292d266f879960e177c0,3400445299,1807647758,rf_onehot,final22,1.806536913,1.7303735182500002,PASS,
PABP,rf_onehot,10,original_main35,be19f60af950bf2f510be653fc4c9a3a5510bce040b5d175deecb08948941fd0,92638ac02ed89d9f9f89202dd74a92782ca90ba5f150af91fd5643674763b0bf,3357319709,1381346490,rf_onehot,final22,2.0996727180000003,1.9291874080000002,PASS,
PABP,rf_onehot,11,original_main35,e94a279713509596f995c58fb430a70ae0e44b595181b758bd108c0c1c453177,dc56f764e14d349e5c05ce82d80964f8d3efff771cc09d353e21cda934fd8572,2397635729,2837518473,rf_onehot,final22,2.081572091,1.970304788125,PASS,
PABP,rf_onehot,12,original_main35,b7fa3e0afa56691d649291f39e3fa7144d30c0ab78a4aec20a40d5c55d6ee77d,7d49af674613867c103e3163ae8aa64367d01341b3f844e2b6c6007f5543c99c,3350512573,4218537639,rf_onehot,final22,1.795697111,1.7166594064999998,PASS,
PABP,rf_onehot,13,original_main35,2f96593b0b3b9f45fde6a3da947747f1a16f4b8d7573653c979d47fa3d0638f2,17a8aa57ac921b46fd0f8668ca94f32dacd2adc76f06162ba28ce3c7e86cba84,2749260393,3112941785,rf_onehot,final22,2.236825435,1.765328760625,PASS,
PABP,rf_onehot,14,original_main35,e111ce011fa39abcaf33f1499214367727b4f275ca5dbd458fbf5b17081dbf3c,1b24fdf1cace9dc013c8efca6e075f787ebbb8d739cacb4a36135fcce2953c38,2937642216,4209399969,rf_onehot,final22,2.627942865,2.3431652425,PASS,
PABP,rf_onehot,15,original_main35,67aed866374c29645c1fccd7270fa7cdd3fd97596307d318c708c9450e9f93c2,f4d2190bf3d71f77c6388f882be68338d0f453f853c782ea0da35c3cbc7ae481,930793635,326417455,rf_onehot,final22,1.964409118,1.7435023551250002,PASS,
PABP,rf_onehot,16,original_main35,f923386cb00802de099fa217f63ca7bd4c73e5c3d01ef0827ca8d0d687a136ec,047c1792e34f8160abd2e77779578eaecca857aabd5cd02c8c1d396df4a71f88,856479093,3292591818,rf_onehot,final22,2.081572091,1.762529544375,PASS,
PABP,rf_onehot,17,original_main35,d61cbb06c4b52b519b4d9dd6c4a6ed13b87ca72f2783032d2e871d3e437a2ed4,4c27f762ef4975c07a756efdfe2347887c7f5ec01665b504b9fb771e40e12eb1,2650067199,1300752321,rf_onehot,final22,1.792417538,1.7413955993749999,PASS,
PABP,rf_onehot,18,original_main35,e9c77ebdd88bf39887d7a61a2c49fd99219da437aeb2a4fa49a2fc803740f176,0bce3d63f1e9e73d684b6454eef06aac309942f7d17f672d753cb982407232c1,3116021179,838257668,rf_onehot,final22,2.081572091,1.891850140125,PASS,
PABP,rf_onehot,19,original_main35,8387487d621684a7d141f32e898a6187ec5e3cb8e7c6b8529754659102247040,56bcc052f4b227f925efc37da0b13c95d9cb7a273390a0bfe88300edbc01d8f7,459614835,1674239785,rf_onehot,final22,1.854210558,1.7733411908749999,PASS,
PABP,rf_onehot,20,original_main35,b951a7b7693be272e96f9f92a692c8c53ea4f807f6770a82532e1b369ac0f0ba,a52c1d7849e9d6ff3b306178ab0fdc63af6f1861af5e70a7659cbb3e65457573,1166126924,632983653,rf_onehot,robustness35,1.614159895,1.614159895,PASS,
PABP,rf_onehot,21,original_main35,31b9a6f69bcc3410a3793695fe0903c356355a9d8c09f06f78b1956523d42934,cf6f2f531e1869e0d4bca14697b767310e8c7b9e12df599ae501e89c2b128f42,3950727371,209369094,rf_onehot,robustness35,2.236825435,2.113887195,PASS,
PABP,rf_onehot,22,original_main35,230b302a5d0feadaa7d55fd540a0d107bb5d60ed0b2a523daa2409273acf05df,e1bde72fc33a562236a4d5b634705836ffff4ac785c63da545d6c48d6450413b,2218955058,1164206196,rf_onehot,robustness35,2.236825435,1.894794351875,PASS,
PABP,rf_onehot,23,original_main35,bdba6f2740f6f5d33c2ca58a3b5e50944bf02769abdaa89fd41edb7413a58617,b48ed50030e149f5c6d5f0b8f42cfe6d0146e22937172381002a71e2032eaa42,3522947050,1225236808,rf_onehot,robustness35,1.822900012,1.7638733275,PASS,
PABP,rf_onehot,24,original_main35,41c8bbf85a6dbe190eb6d2ef5b958a708abd6e2152ae3599e5e6638603e0a0c0,92a60ab5d2340ac5d8e9c7d1e03b8cccd280124c810f461a235b5a838b4d6468,4141324399,309676077,rf_onehot,robustness35,2.0996727180000003,1.9878659128750005,PASS,
PABP,rf_onehot,25,original_main35,bae86131884d81f717b926a1cf27558dd62b004cac3823b6b7b7e4aba73444c8,d978f0dc103e70456168a4f91d84bd83617a8759e8011ce96283d9afb54463b2,1742584530,490012776,rf_onehot,robustness35,1.622132682,1.56829856825,PASS,
PABP,rf_onehot,26,original_main35,d10b8cba86151093730d8b7f1496577d01e4928854cd3b8045313a2399f0dee9,5c5caa3d8f5e39d820321e592db01b0634c35e6edbef5e2dc0687bc5bece2a02,2013899225,3431372334,rf_onehot,robustness35,1.827467137,1.7080007835,PASS,
PABP,rf_onehot,27,original_main35,f999a5122b52660ddafea95ee83831153ab6499ab8acda5fbf567b8f22d4cfef,9852ee5a81a2e820365f13434bb404c9a7b7add4e2f93acf754ff67e371a29d8,453577031,2904052650,rf_onehot,robustness35,2.236825435,1.848158098,PASS,
PABP,rf_onehot,28,original_main35,3c2cde90b6f3bd1cf5aeb486ead21625d4b1caa557b903f2b8a44ef12bfe6a9d,ce2e392a004340e6de615af9b1f78d7cadffda84416c8de15a3818cc3a514518,65331392,4283458320,rf_onehot,robustness35,1.723869226,1.6273240989999997,PASS,
PABP,rf_onehot,29,original_main35,4d75552af0a22dad9d21d5f57915cc1f6858dec14b4356a224b86ad45121664b,d89397102312850b1ab9740ce6405c1a1e2cebc35b378bb97029f44569e05df0,4232924722,1905859956,rf_onehot,robustness35,1.850286303,1.8246894568750003,PASS,
PABP,rf_onehot,30,original_main35,2441b9e25d829e47a5b72fae4b0f038815af5702dc02220ba3d58e815973a4af,545dce3b73d12614fdb3e5c21cba03263a5e8e335ee6d489c98a4e1efd71c1c7,1679086892,4120979301,rf_onehot,robustness35,1.821032765,1.66645675175,PASS,
PABP,rf_onehot,31,original_main35,f76ba5276b64b37d4ed5ce2cbf9b1f72e0ac11a32c919d565ada70023860d520,96d395f51934399044ac38cb098f6d7bdbbb59e92570666ab1a361463325ccfc,1408296719,1469847373,rf_onehot,robustness35,2.081572091,1.791557141125,PASS,
PABP,rf_onehot,32,original_main35,4ab0a7133a16e47faf6ac58541f22b839db114b19c6addd332e7cd9b45d6649f,7637c80cbe4daa3e74590e06ce1022fe3ebd939dcb9947409793b176a12ed0f5,2229712563,4017092744,rf_onehot,robustness35,1.797225364,1.797225364,PASS,
PABP,rf_onehot,33,original_main35,326a6977a5ac1c137dbbff9d425057bea737ae251f26c5499fb356ca74773136,31edffc925dc0764101f9164896209cfddb3309c9780a2b40e322c00ec9c8902,1271647609,2793890137,rf_onehot,robustness35,1.822900012,1.7293471815,PASS,
PABP,rf_onehot,34,original_main35,39208466f05349ae46f48282534c189e96eaabdccfd10c0a62321d85ccf7fa26,f429fcbe2189b61ae17809a0d61b8567cedf0ed115f7911c275e4155c528c9a5,1266960060,4026473019,rf_onehot,robustness35,2.236825435,1.9574148947499999,PASS,
TrpB,evolvepro650,0,original_main35,7b93ea4492f38e9ba7310e26b9de0b5245ab0ca0f44a47f63a2f5857e1644410,feb019900ddec56bcb423af81dacd4909611ac56df60bb4fd4241b134b76aa4e,3093850640,3900348958,evolvepro650,final22,1.0,0.845037813375,PASS,
TrpB,evolvepro650,1,original_main35,c1366f46363d8a6355bfe161be8143d8ebf6366eada65de2e2fba44dbd493086,84bde52b69f4f2641028d4af8fb5e7835d45566fe7a7dab937de8f4b34517fa8,3170216297,623442431,evolvepro650,final22,1.0,0.7624784597500001,PASS,
TrpB,evolvepro650,2,original_main35,951f46b7d8dbf8205769563335188c0b17d2be7beed5a296a0d22e294a74b988,d48251eb8800c8c8d1798c5e28cc4b82faaa7200d3657b799215dffa4c4ba7dd,2411313344,1717681679,evolvepro650,final22,0.798137603,0.679417137125,PASS,
TrpB,evolvepro650,3,original_main35,50a620c28421429014d591a3e28d866d4b18e911781af6f6ce8545ebf2c18312,ebdd5e9abc2bfe17e627830ea0836f33d0f7e921ed6131c311358265ac143bd2,1316920716,1176322298,evolvepro650,final22,0.794515883,0.695420605125,PASS,
TrpB,evolvepro650,4,original_main35,13756cbd57a4153f307e2219522e17cd8cc40ea6fb53edd4d208e31acd3e5210,491567b609b9ae6b94549c60d2ca6cb10cd7f6d1a31bd1c539a493c4c26e605a,3837727820,4269111096,evolvepro650,final22,0.800478399,0.686651165875,PASS,
TrpB,evolvepro650,5,original_main35,0a113c9b50f1119c0e0f3c2b4ee02c711f20f42ec9870b0e350ca1e76658fcfb,aee28460410696b3177854511eca2beac8083d0f7407082994afb371cca432d1,2569007194,3420889342,evolvepro650,final22,1.0,0.889984151625,PASS,
TrpB,evolvepro650,6,original_main35,04bdad223b906e294d204644ecb1b1c1a29b377d6650e3ea227bb1bdef9dc93b,8ca245a2c75e373a67c93b8d0465467e4d306d96f0ba79e39a47ef7eab327da5,2815334084,3391647969,evolvepro650,final22,0.932033526,0.7228501529999999,PASS,
TrpB,evolvepro650,7,original_main35,cbfbf6f4d1832f4ada96a6378d6fd838ae3a308fc7f727a45437a49d1e3a630f,31bfcccc5d9f8fc724718b33d631912511784386afed5f79fc53e350a4065eba,327804699,3388572414,evolvepro650,final22,0.800478399,0.6252962552500001,PASS,
TrpB,evolvepro650,8,original_main35,d750f4cd5090199fe0e2dcc550549aea599845c390d5b04ae0e25bec906d0035,059791034a2ddbb57b15f6f1a712dacb121efc8baa8c36b34fc53f10ba4fbadd,848131745,4237214569,evolvepro650,final22,0.84792436,0.6851662297500001,PASS,
TrpB,evolvepro650,9,original_main35,4d06445d3fc812a63e5572c5ddf17bb4fb9e0020e23bc5a53ba3a2719d44efbf,c645c9db0d5b49919b4ba7517e3a2cc96103f0318d1f3ba30c7b31316231a67b,807110372,2626670230,evolvepro650,final22,0.895147379,0.695294852875,PASS,
TrpB,evolvepro650,10,original_main35,731b0453033a695d5538aa1b336d940a63bb08875c9d378576e4ba23a5392c5f,ca64146843d177147bd466f5bca65c34caa87fd64a9c32164c73a028ab734770,2137118849,1729643244,evolvepro650,final22,0.922559227,0.756026074625,PASS,
TrpB,evolvepro650,11,original_main35,326f1dbf2094654896b5f260d78becd7f64268fb10c9fd43d50d2b3b39306d37,1999c34d727805a43c695706b9e97bcc96732428df7c497db7404fedbf78ccbf,1739248248,4188385899,evolvepro650,final22,0.932033526,0.7071869611249999,PASS,
TrpB,evolvepro650,12,original_main35,855691d36725a8a3df25f036ba282ca88e4f39595919cde8b01865b83b0d615c,f358ef951f7cc5077b2968aa4bab3e0d8692da5593a819a22a8feffee438f9c2,1658528635,2990701487,evolvepro650,final22,0.932033526,0.847371498,PASS,
TrpB,evolvepro650,13,original_main35,53c95161c70acb0c399bdd18d939e38964612e115ec809c950a073f489af0366,4271a6f5383fcc6ca443c8f0be1493d09b669f8482083939016fbde9ce1e18cb,969030905,1790946409,evolvepro650,final22,0.749107106,0.63409579125,PASS,
TrpB,evolvepro650,14,original_main35,38d35cb6eac9fb01064c8407f6e268901c5b309247be6517f0c42bc7aaa28a9b,3b3374c255e1ecea4475f31284173a88d3bc9a5070ec111a9148b70e7da8e5a5,179308549,2661431370,evolvepro650,final22,0.832570233,0.7271281901250001,PASS,
TrpB,evolvepro650,15,original_main35,d00e3c950e298983377e2f77a877e6a29558dade1e0aa7e1a3a3b84c74dfd93e,59e0d0d4822a89d98d0b1def67422dae20204b544388b23412c99fe33b2786fa,4185550723,2764911243,evolvepro650,final22,0.932033526,0.7888044021249999,PASS,
TrpB,evolvepro650,16,original_main35,95ce61042ae1c991521900e00f1da4519257a164808ecd7afc74068090a9d5b2,01d1b03ddd220745726770227e78109572126cc358104fd0e42986330ce84789,2560272043,1113942057,evolvepro650,final22,0.746142028,0.64457303625,PASS,
TrpB,evolvepro650,17,original_main35,69120107292a633393c979bc7f081a7fca1e37ed26b71906261d53913b5b84af,ea0c9309f1d30386551e69bff976ff9728c7a560a1b7c334ce9bfd0dbfa19d27,1742390850,974588658,evolvepro650,final22,0.909769373,0.7186370741249999,PASS,
TrpB,evolvepro650,18,original_main35,3ff9a604df82dbffc3c1378e904876ece0dc62bf7be904660025d6903a84caa6,fc4c9f49a2b5a5c0356fb7c9dcea3b2e84e0b1c86cf80ca284b3367bc5ae445b,2980230760,1747706734,evolvepro650,final22,0.752894791,0.6806247397499999,PASS,
TrpB,evolvepro650,19,original_main35,c3af532be793e04796db762ec9bd9a94d201438eecd9bb806ea76e9ac208e999,76b3583bbc8e5f2a614b8b1fc1f59df1b4550512d8c80d5f0bbaaf09d9c9323e,3294626523,384874392,evolvepro650,final22,0.895147379,0.7577140335,PASS,
TrpB,evolvepro650,20,original_main35,3461004789a34cb26868ec17e00053fd67711222e1c062b8b46b26facdbac682,4eb20642c24d261cd5f6f0af5370d54b1fd5ab6410e9ec18b5e112e041178665,657880882,1078980171,evolvepro650,robustness35,0.932033526,0.7736632148749999,PASS,
TrpB,evolvepro650,21,original_main35,e2108074ce3eef00b4c5a26429c775b8b840779b16a611596eb8f956ea1667ae,6c92778b6426fa6053bb959e60e96d4042fe3178580c0e3cfff214079a0b79ca,3061771756,4273447489,evolvepro650,robustness35,0.932033526,0.8380922518749999,PASS,
TrpB,evolvepro650,22,original_main35,425a772dd425df0a0e48f6771354257609cfc2bf76e7e2cd975afeca8f9cdcb6,1a60108d42c1cf2f277d9553aad23a11145f34cb1dfe01f8cf8d25e28ad16ec2,681916664,947364728,evolvepro650,robustness35,0.932033526,0.861274775375,PASS,
TrpB,evolvepro650,23,original_main35,6f823a5f3a7a1b6c7130cf1ffe4c564e253dc6fef3558a43616fbcd1d0a712bb,453add68a3cbdfd9b0e0164af1d61b2593292b74344a59b85da0b25c639bd752,4284574173,2303191039,evolvepro650,robustness35,0.932033526,0.8365761585,PASS,
TrpB,evolvepro650,24,original_main35,41e50d3f4f8c48608774258d2d513a19e3801c6802ae499b72a1d61844488f85,1aba683f5ce6dbbd8fc945f284210dd49b662477c98cd874fe50a631ace98c90,4254701629,3816456862,evolvepro650,robustness35,0.932033526,0.778554936,PASS,
TrpB,evolvepro650,25,original_main35,f7e1cd621d2a4cc26f3d08632bc7d7f51bab7598ac98a6131091f570d8ca236b,1965e273d7aa6f32105dee9412c2a0d9465c4f81759d410a40de79d6b3576733,2550056138,2813512266,evolvepro650,robustness35,0.932033526,0.8442780085,PASS,
TrpB,evolvepro650,26,original_main35,6d617291ec4c0ee6020ac22e13e8bbabbfd5e0d53bab5f1364b4348a7ec2ba39,c84fcb5728970c9299eaa09a31bd4167345ca150397daea83c10778df05d1efe,2171102328,2443709940,evolvepro650,robustness35,0.752894791,0.717407311125,PASS,
TrpB,evolvepro650,27,original_main35,82e2631db5a0b0a3e4c16e4b415d36d0cbf7e94dcb03be7ed25a6824ba7c78f2,ad6c8217c2ebab075d2c5a9641c0f3d2ec5c15ab8548a335c46dcf8b49d9d7aa,1272818518,441529416,evolvepro650,robustness35,0.800478399,0.6793041712500001,PASS,
TrpB,evolvepro650,28,original_main35,2ce519b1e993a1346c8da6f223ac88a66cc8fd589848f92e7521677863fe9910,e8f8f037dbc2e8648f5ec7fc6fcee9d281adc2a0744f6005bdf45230eef177b6,2126873814,2581651201,evolvepro650,robustness35,1.0,0.87794597675,PASS,
TrpB,evolvepro650,29,original_main35,394b6ed603c494a5bc099b1f39c612a00bcd8474405ecdaaa72e1c4e1abbc59e,2fcbc0ad52eaf75d9215b03489f647b779c2987561cdde99525f18d1d32d3e66,3574642585,849359091,evolvepro650,robustness35,0.909769373,0.709859394875,PASS,
TrpB,evolvepro650,30,original_main35,ddeb7aa37ad2ff8523bfc7bb78287c8a6e8824cad52823e2c52dcf8da81f33ac,ebc041499f44ceeed64f4998f1d20f15a5c507f49c3adcfa7b4b1de5c751f39d,2007167913,173349196,evolvepro650,robustness35,1.0,0.915061912125,PASS,
TrpB,evolvepro650,31,original_main35,771be6fbdc50197bfae3f1f241f19c97bfe3f5ba6512dfc9883bc2b9572c354c,4f8861786cbf78ef89704cd30e8c9e5436d8914ff5ce30294406e7257969b715,872792043,2160880174,evolvepro650,robustness35,0.909769373,0.6612680793750001,PASS,
TrpB,evolvepro650,32,original_main35,3f3577b9258a4a675793ccf9a0da2441c5da44fa834ae630c1a9547955707fd0,e1a5badab2fe8f756aefbc7f9433ab764eb702b9fda43be02a5b3d76cd1fcca2,3727870541,1292761220,evolvepro650,robustness35,1.0,0.803492622875,PASS,
TrpB,evolvepro650,33,original_main35,ee6229bd38c3d3df63bb851f0f78173d26f6890868cfad55af54763fc83dd444,61f1a33db9b95d687c20c8d831968aa92b8298f7a3ea8ccc8340e5d0922120c8,3744327078,1850198806,evolvepro650,robustness35,1.0,0.8414207283749999,PASS,
TrpB,evolvepro650,34,original_main35,7c7acfed716ba3bc034ea277e6ea9889adbbd58785a1bd829232748ab0357a57,37440d01c4da80b98057098baff3d301207eb9bfbc6cc371759abb17c64f2fa5,3075868727,3918096446,evolvepro650,robustness35,1.0,0.8396102827499999,PASS,
TrpB,rf_onehot,0,original_main35,7b93ea4492f38e9ba7310e26b9de0b5245ab0ca0f44a47f63a2f5857e1644410,feb019900ddec56bcb423af81dacd4909611ac56df60bb4fd4241b134b76aa4e,3093850640,3900348958,rf_onehot,final22,1.0,0.8550610076249999,PASS,
TrpB,rf_onehot,1,original_main35,c1366f46363d8a6355bfe161be8143d8ebf6366eada65de2e2fba44dbd493086,84bde52b69f4f2641028d4af8fb5e7835d45566fe7a7dab937de8f4b34517fa8,3170216297,623442431,rf_onehot,final22,1.0,0.779324283,PASS,
TrpB,rf_onehot,2,original_main35,951f46b7d8dbf8205769563335188c0b17d2be7beed5a296a0d22e294a74b988,d48251eb8800c8c8d1798c5e28cc4b82faaa7200d3657b799215dffa4c4ba7dd,2411313344,1717681679,rf_onehot,final22,1.0,0.8023543049999999,PASS,
TrpB,rf_onehot,3,original_main35,50a620c28421429014d591a3e28d866d4b18e911781af6f6ce8545ebf2c18312,ebdd5e9abc2bfe17e627830ea0836f33d0f7e921ed6131c311358265ac143bd2,1316920716,1176322298,rf_onehot,final22,0.752894791,0.6980650958750001,PASS,
TrpB,rf_onehot,4,original_main35,13756cbd57a4153f307e2219522e17cd8cc40ea6fb53edd4d208e31acd3e5210,491567b609b9ae6b94549c60d2ca6cb10cd7f6d1a31bd1c539a493c4c26e605a,3837727820,4269111096,rf_onehot,final22,0.672539825,0.613123647125,PASS,
TrpB,rf_onehot,5,original_main35,0a113c9b50f1119c0e0f3c2b4ee02c711f20f42ec9870b0e350ca1e76658fcfb,aee28460410696b3177854511eca2beac8083d0f7407082994afb371cca432d1,2569007194,3420889342,rf_onehot,final22,1.0,0.900122808125,PASS,
TrpB,rf_onehot,6,original_main35,04bdad223b906e294d204644ecb1b1c1a29b377d6650e3ea227bb1bdef9dc93b,8ca245a2c75e373a67c93b8d0465467e4d306d96f0ba79e39a47ef7eab327da5,2815334084,3391647969,rf_onehot,final22,1.0,0.7398102634999999,PASS,
TrpB,rf_onehot,7,original_main35,cbfbf6f4d1832f4ada96a6378d6fd838ae3a308fc7f727a45437a49d1e3a630f,31bfcccc5d9f8fc724718b33d631912511784386afed5f79fc53e350a4065eba,327804699,3388572414,rf_onehot,final22,0.749107106,0.6125934026250001,PASS,
TrpB,rf_onehot,8,original_main35,d750f4cd5090199fe0e2dcc550549aea599845c390d5b04ae0e25bec906d0035,059791034a2ddbb57b15f6f1a712dacb121efc8baa8c36b34fc53f10ba4fbadd,848131745,4237214569,rf_onehot,final22,0.672539825,0.583178253875,PASS,
TrpB,rf_onehot,9,original_main35,4d06445d3fc812a63e5572c5ddf17bb4fb9e0020e23bc5a53ba3a2719d44efbf,c645c9db0d5b49919b4ba7517e3a2cc96103f0318d1f3ba30c7b31316231a67b,807110372,2626670230,rf_onehot,final22,0.752894791,0.573103368625,PASS,
TrpB,rf_onehot,10,original_main35,731b0453033a695d5538aa1b336d940a63bb08875c9d378576e4ba23a5392c5f,ca64146843d177147bd466f5bca65c34caa87fd64a9c32164c73a028ab734770,2137118849,1729643244,rf_onehot,final22,0.672539825,0.611345828625,PASS,
TrpB,rf_onehot,11,original_main35,326f1dbf2094654896b5f260d78becd7f64268fb10c9fd43d50d2b3b39306d37,1999c34d727805a43c695706b9e97bcc96732428df7c497db7404fedbf78ccbf,1739248248,4188385899,rf_onehot,final22,1.0,0.836189499875,PASS,
TrpB,rf_onehot,12,original_main35,855691d36725a8a3df25f036ba282ca88e4f39595919cde8b01865b83b0d615c,f358ef951f7cc5077b2968aa4bab3e0d8692da5593a819a22a8feffee438f9c2,1658528635,2990701487,rf_onehot,final22,1.0,0.852373461,PASS,
TrpB,rf_onehot,13,original_main35,53c95161c70acb0c399bdd18d939e38964612e115ec809c950a073f489af0366,4271a6f5383fcc6ca443c8f0be1493d09b669f8482083939016fbde9ce1e18cb,969030905,1790946409,rf_onehot,final22,0.752894791,0.619471309125,PASS,
TrpB,rf_onehot,14,original_main35,38d35cb6eac9fb01064c8407f6e268901c5b309247be6517f0c42bc7aaa28a9b,3b3374c255e1ecea4475f31284173a88d3bc9a5070ec111a9148b70e7da8e5a5,179308549,2661431370,rf_onehot,final22,1.0,0.8452398475,PASS,
TrpB,rf_onehot,15,original_main35,d00e3c950e298983377e2f77a877e6a29558dade1e0aa7e1a3a3b84c74dfd93e,59e0d0d4822a89d98d0b1def67422dae20204b544388b23412c99fe33b2786fa,4185550723,2764911243,rf_onehot,final22,0.84792436,0.699089423375,PASS,
TrpB,rf_onehot,16,original_main35,95ce61042ae1c991521900e00f1da4519257a164808ecd7afc74068090a9d5b2,01d1b03ddd220745726770227e78109572126cc358104fd0e42986330ce84789,2560272043,1113942057,rf_onehot,final22,1.0,0.6955422195000001,PASS,
TrpB,rf_onehot,17,original_main35,69120107292a633393c979bc7f081a7fca1e37ed26b71906261d53913b5b84af,ea0c9309f1d30386551e69bff976ff9728c7a560a1b7c334ce9bfd0dbfa19d27,1742390850,974588658,rf_onehot,final22,1.0,0.79310639475,PASS,
TrpB,rf_onehot,18,original_main35,3ff9a604df82dbffc3c1378e904876ece0dc62bf7be904660025d6903a84caa6,fc4c9f49a2b5a5c0356fb7c9dcea3b2e84e0b1c86cf80ca284b3367bc5ae445b,2980230760,1747706734,rf_onehot,final22,0.752894791,0.629032151,PASS,
TrpB,rf_onehot,19,original_main35,c3af532be793e04796db762ec9bd9a94d201438eecd9bb806ea76e9ac208e999,76b3583bbc8e5f2a614b8b1fc1f59df1b4550512d8c80d5f0bbaaf09d9c9323e,3294626523,384874392,rf_onehot,final22,0.932033526,0.753959546625,PASS,
TrpB,rf_onehot,20,original_main35,3461004789a34cb26868ec17e00053fd67711222e1c062b8b46b26facdbac682,4eb20642c24d261cd5f6f0af5370d54b1fd5ab6410e9ec18b5e112e041178665,657880882,1078980171,rf_onehot,robustness35,1.0,0.793130031875,PASS,
TrpB,rf_onehot,21,original_main35,e2108074ce3eef00b4c5a26429c775b8b840779b16a611596eb8f956ea1667ae,6c92778b6426fa6053bb959e60e96d4042fe3178580c0e3cfff214079a0b79ca,3061771756,4273447489,rf_onehot,robustness35,0.88246645,0.712641075125,PASS,
TrpB,rf_onehot,22,original_main35,425a772dd425df0a0e48f6771354257609cfc2bf76e7e2cd975afeca8f9cdcb6,1a60108d42c1cf2f277d9553aad23a11145f34cb1dfe01f8cf8d25e28ad16ec2,681916664,947364728,rf_onehot,robustness35,0.922559227,0.713199329,PASS,
TrpB,rf_onehot,23,original_main35,6f823a5f3a7a1b6c7130cf1ffe4c564e253dc6fef3558a43616fbcd1d0a712bb,453add68a3cbdfd9b0e0164af1d61b2593292b74344a59b85da0b25c639bd752,4284574173,2303191039,rf_onehot,robustness35,0.895147379,0.7920163058749999,PASS,
TrpB,rf_onehot,24,original_main35,41e50d3f4f8c48608774258d2d513a19e3801c6802ae499b72a1d61844488f85,1aba683f5ce6dbbd8fc945f284210dd49b662477c98cd874fe50a631ace98c90,4254701629,3816456862,rf_onehot,robustness35,1.0,0.8960402185,PASS,
TrpB,rf_onehot,25,original_main35,f7e1cd621d2a4cc26f3d08632bc7d7f51bab7598ac98a6131091f570d8ca236b,1965e273d7aa6f32105dee9412c2a0d9465c4f81759d410a40de79d6b3576733,2550056138,2813512266,rf_onehot,robustness35,0.742180293,0.7126912743749999,PASS,
TrpB,rf_onehot,26,original_main35,6d617291ec4c0ee6020ac22e13e8bbabbfd5e0d53bab5f1364b4348a7ec2ba39,c84fcb5728970c9299eaa09a31bd4167345ca150397daea83c10778df05d1efe,2171102328,2443709940,rf_onehot,robustness35,0.752894791,0.724007369375,PASS,
TrpB,rf_onehot,27,original_main35,82e2631db5a0b0a3e4c16e4b415d36d0cbf7e94dcb03be7ed25a6824ba7c78f2,ad6c8217c2ebab075d2c5a9641c0f3d2ec5c15ab8548a335c46dcf8b49d9d7aa,1272818518,441529416,rf_onehot,robustness35,0.922559227,0.7420204605,PASS,
TrpB,rf_onehot,28,original_main35,2ce519b1e993a1346c8da6f223ac88a66cc8fd589848f92e7521677863fe9910,e8f8f037dbc2e8648f5ec7fc6fcee9d281adc2a0744f6005bdf45230eef177b6,2126873814,2581651201,rf_onehot,robustness35,1.0,0.91026977,PASS,
TrpB,rf_onehot,29,original_main35,394b6ed603c494a5bc099b1f39c612a00bcd8474405ecdaaa72e1c4e1abbc59e,2fcbc0ad52eaf75d9215b03489f647b779c2987561cdde99525f18d1d32d3e66,3574642585,849359091,rf_onehot,robustness35,0.841000643,0.6572643756250001,PASS,
TrpB,rf_onehot,30,original_main35,ddeb7aa37ad2ff8523bfc7bb78287c8a6e8824cad52823e2c52dcf8da81f33ac,ebc041499f44ceeed64f4998f1d20f15a5c507f49c3adcfa7b4b1de5c751f39d,2007167913,173349196,rf_onehot,robustness35,1.0,0.924710815125,PASS,
TrpB,rf_onehot,31,original_main35,771be6fbdc50197bfae3f1f241f19c97bfe3f5ba6512dfc9883bc2b9572c354c,4f8861786cbf78ef89704cd30e8c9e5436d8914ff5ce30294406e7257969b715,872792043,2160880174,rf_onehot,robustness35,1.0,0.58591677075,PASS,
TrpB,rf_onehot,32,original_main35,3f3577b9258a4a675793ccf9a0da2441c5da44fa834ae630c1a9547955707fd0,e1a5badab2fe8f756aefbc7f9433ab764eb702b9fda43be02a5b3d76cd1fcca2,3727870541,1292761220,rf_onehot,robustness35,1.0,0.846854656375,PASS,
TrpB,rf_onehot,33,original_main35,ee6229bd38c3d3df63bb851f0f78173d26f6890868cfad55af54763fc83dd444,61f1a33db9b95d687c20c8d831968aa92b8298f7a3ea8ccc8340e5d0922120c8,3744327078,1850198806,rf_onehot,robustness35,0.752894791,0.71294515525,PASS,
TrpB,rf_onehot,34,original_main35,7c7acfed716ba3bc034ea277e6ea9889adbbd58785a1bd829232748ab0357a57,37440d01c4da80b98057098baff3d301207eb9bfbc6cc371759abb17c64f2fa5,3075868727,3918096446,rf_onehot,robustness35,1.0,0.8542333265,PASS,
GB1,alde,0,original_main35,c9b8773d4ab7798f831f9df56e5a208810dde0b6ad9e155d8c9cb37eac8ceb5d,1e917fd1817b0b4d3b6ec92d6329fdabc547aa964e717fe12b9b734b30ed0197,2391947363,3014323829,alde,final22,1.0,0.7332205209541853,PASS,
GB1,alde,1,original_main35,12b702b7179ec0c4dbf69af01c12a2ef40c4812be2590dfbb2d7836695bad36e,507edde1cdbfaba997ca78539312402939965f63de56fa85c84069c235213a9d,3909839147,334270505,alde,final22,1.0,0.7335870971171267,PASS,
GB1,alde,2,original_main35,aff155824189a9eef0abdef23e8303962f9fd39536d50bb020ce9fdfaf6ae632,58875f0f5397c1f8d0f9a54fc9f4ddfcfa2a7bb9159f744a2913b523770ccea9,3532526178,2026858604,alde,final22,1.0,0.7836224280819071,PASS,
GB1,alde,3,original_main35,8d7c89be4dc91e34d600f21187a1963e9cdb9e005135944a39c844d61d2de16a,a2b150dad09a72e4803a55db9a4f75e1ea26db6a819301da6d6949f9b5045065,971754746,1591158563,alde,final22,1.0,0.7074132480627244,PASS,
GB1,alde,4,original_main35,ae9f6b41fe285e5aa7e9132fccaecd2bd9bfeed131d4eb7c754290a842ac3543,c0edbd4a8355dae34b977c3afcf0f47f4696cd1890101b786a77137045f90c0c,2674163887,3287185275,alde,final22,0.8345908537078612,0.5328645656757183,PASS,
GB1,alde,5,original_main35,25929c333183ec0af7c342f45614e5f33a35418285e76421f578f2f566f65d45,a699aea95586d25036e684e5a619b05b1d7af44841d64bf94a93bc3c745f9a22,2142772039,2544143934,alde,final22,0.8622110018003477,0.787428226011184,PASS,
GB1,alde,6,original_main35,b422829b197c4ec1ab67001d7ea9b8e490a7bac86f5f70c1c89a40907ae1b56f,0fa758bcfc79f98bfb8d2339a60ec2fb14a1deb7385187bc4bc9a951600fb088,1273479957,2952976131,alde,final22,1.0,0.7822355640376868,PASS,
GB1,alde,7,original_main35,58ee0d8bf8ae4269f33a464cbf3ad46c33027e164d9f631f00930ad66e95a820,547ba20f16adac47546069c956ca958afb3b847da1dfa41012a7dc1a36fccfc6,474569769,1542916314,alde,final22,1.0,0.7031980243104253,PASS,
GB1,alde,8,original_main35,1fbde579fd3bd8f779d9444c8f44ec1f5b634459444283eff23854d8e390da46,210710995f6a16bcb13c3f84367f4c81ad397c3949cfb2f7f9d58868f291c601,299468468,2876926170,alde,final22,0.8345908537078612,0.6389201563511585,PASS,
GB1,alde,9,original_main35,a658912f6f0fbfccb530477ab93c63cf789113f6ab2b1cca9598db6ccaf29ff2,6c0246f2e928df8f5b4b5821fbce61abd1b3571011b8480a81a1bd03a4398d44,1373054385,2575071077,alde,final22,1.0,0.7786978006131322,PASS,
GB1,alde,10,original_main35,4d92482f640bfa703a09d8a4fdc9d2d2f8ad71b3d3a9ea0feed4bd4d067a81fe,9cbade95e130d95bd27bfa001eef7c6296b795ba7a8b485d5937ae9c16163665,3601534543,486185267,alde,final22,1.0,0.7457252834329073,PASS,
GB1,alde,11,original_main35,bb7832e3828a00662e015f8f9f4425676935a5f53465df5cbfaf1c838c0e0fd7,1ce89eeb2f09bf49236ebce30abce8aa36aeca9f127547a60a522bafd7e6ec51,816293389,214141844,alde,final22,1.0,0.7697468329502661,PASS,
GB1,alde,12,original_main35,375913a9beef6237e17ce541baeb756438b1cafe568c3ae6201dd933a7775767,f58658122d86f3f1bb899216bf6e3920310ed06bd705b2a75340961b43851745,3425208170,580254746,alde,final22,0.8624627606050047,0.7058681011565928,PASS,
GB1,alde,13,original_main35,508e5775817f43b9ed28e8425494724b1000a5784ebe86ae0e959fe70c418d33,602420729d850ea6163188cc989a15c2953cc551047c6124a4e507eea111929e,2939679286,1583917130,alde,final22,0.8622110018003477,0.7052112092871231,PASS,
GB1,alde,14,original_main35,6a5dbdf75d8db759d8cd18beedafdab13684a3ed349b04204facae1132de97ba,9cbdbe642d2e85db53e370de9aa3d149addf68e07c5ef6eba3d0a24979b2d8b4,523594604,1845574567,alde,final22,1.0,0.7294636439967348,PASS,
GB1,alde,15,original_main35,bb305ad18ef752e5641960bcdceeaddc1a7a6c9b20781d9a5f060e0f3a02e243,3a3ff68ccbef0c514f16018e8c9cd23a0ba7c307066327b956c1edaa0a4b450d,1169110308,1009629075,alde,final22,0.8622110018003477,0.7449151287508767,PASS,
GB1,alde,16,original_main35,9f8b9ed746130802bc4606c1ce71399c7a7c3952130db34fbefa9b82e4da1e93,206227654fee7e13bf2f6f1ef68a2a956d971a574e9640cb524bb2f817bfcb6d,3682000027,2452843052,alde,final22,1.0,0.5844027936235499,PASS,
GB1,alde,17,original_main35,97538faac2cfe3d76d8a5b202b65b850a269025f8d8f2983e5ff83758f195352,e11ebd0dabcc3f35a7703e7359e10aca3ae0d31053fd2ed7a3a6c0396078a6df,3259503095,16684266,alde,final22,0.8345908537078612,0.6800948071988198,PASS,
GB1,alde,18,original_main35,604be52f00980eca72def27d219b7ba71efaacb65311923609073195b21ac9c5,097b54b057e528baf472ed2cc8e5494e115684f8244bc211ea765b4b8103061d,137747144,3050966282,alde,final22,0.8622110018003477,0.6215369297037565,PASS,
GB1,alde,19,original_main35,18f7669cc9a72fdf5a639cf2085120e6c7d3176c03868410c1237984e976cf85,f7789355ed70c4449889da076a726512fcf4d36a2fbd06eb6cef523e0147c0e5,3264117936,2265632201,alde,final22,0.7352767757755749,0.593483768329895,PASS,
GB1,bata,0,original_main35,c9b8773d4ab7798f831f9df56e5a208810dde0b6ad9e155d8c9cb37eac8ceb5d,1e917fd1817b0b4d3b6ec92d6329fdabc547aa964e717fe12b9b734b30ed0197,2391947363,3014323829,c22_bata,final22,0.7849778591964844,0.6751436217624454,PASS,
GB1,bata,1,original_main35,12b702b7179ec0c4dbf69af01c12a2ef40c4812be2590dfbb2d7836695bad36e,507edde1cdbfaba997ca78539312402939965f63de56fa85c84069c235213a9d,3909839147,334270505,c22_bata,final22,0.8345908537078612,0.6220319330991453,PASS,
GB1,bata,2,original_main35,aff155824189a9eef0abdef23e8303962f9fd39536d50bb020ce9fdfaf6ae632,58875f0f5397c1f8d0f9a54fc9f4ddfcfa2a7bb9159f744a2913b523770ccea9,3532526178,2026858604,c22_bata,final22,1.0,0.6088829620350888,PASS,
GB1,bata,3,original_main35,8d7c89be4dc91e34d600f21187a1963e9cdb9e005135944a39c844d61d2de16a,a2b150dad09a72e4803a55db9a4f75e1ea26db6a819301da6d6949f9b5045065,971754746,1591158563,c22_bata,final22,0.8345908537078612,0.6957022917369902,PASS,
GB1,bata,4,original_main35,ae9f6b41fe285e5aa7e9132fccaecd2bd9bfeed131d4eb7c754290a842ac3543,c0edbd4a8355dae34b977c3afcf0f47f4696cd1890101b786a77137045f90c0c,2674163887,3287185275,c22_bata,final22,1.0,0.6103438831345951,PASS,
GB1,bata,5,original_main35,25929c333183ec0af7c342f45614e5f33a35418285e76421f578f2f566f65d45,a699aea95586d25036e684e5a619b05b1d7af44841d64bf94a93bc3c745f9a22,2142772039,2544143934,c22_bata,final22,0.8345908537078612,0.7839757074996232,PASS,
GB1,bata,6,original_main35,b422829b197c4ec1ab67001d7ea9b8e490a7bac86f5f70c1c89a40907ae1b56f,0fa758bcfc79f98bfb8d2339a60ec2fb14a1deb7385187bc4bc9a951600fb088,1273479957,2952976131,c22_bata,final22,0.8624627606050047,0.7236467921622267,PASS,
GB1,bata,7,original_main35,58ee0d8bf8ae4269f33a464cbf3ad46c33027e164d9f631f00930ad66e95a820,547ba20f16adac47546069c956ca958afb3b847da1dfa41012a7dc1a36fccfc6,474569769,1542916314,c22_bata,final22,0.6587599672965438,0.5527481116276132,PASS,
GB1,bata,8,original_main35,1fbde579fd3bd8f779d9444c8f44ec1f5b634459444283eff23854d8e390da46,210710995f6a16bcb13c3f84367f4c81ad397c3949cfb2f7f9d58868f291c601,299468468,2876926170,c22_bata,final22,1.0,0.6599131909448335,PASS,
GB1,bata,9,original_main35,a658912f6f0fbfccb530477ab93c63cf789113f6ab2b1cca9598db6ccaf29ff2,6c0246f2e928df8f5b4b5821fbce61abd1b3571011b8480a81a1bd03a4398d44,1373054385,2575071077,c22_bata,final22,1.0,0.6405689454262569,PASS,
GB1,bata,10,original_main35,4d92482f640bfa703a09d8a4fdc9d2d2f8ad71b3d3a9ea0feed4bd4d067a81fe,9cbade95e130d95bd27bfa001eef7c6296b795ba7a8b485d5937ae9c16163665,3601534543,486185267,c22_bata,final22,0.6895801554372128,0.5975258462739859,PASS,
GB1,bata,11,original_main35,bb7832e3828a00662e015f8f9f4425676935a5f53465df5cbfaf1c838c0e0fd7,1ce89eeb2f09bf49236ebce30abce8aa36aeca9f127547a60a522bafd7e6ec51,816293389,214141844,c22_bata,final22,0.6209353905963313,0.5515661498502454,PASS,
GB1,bata,12,original_main35,375913a9beef6237e17ce541baeb756438b1cafe568c3ae6201dd933a7775767,f58658122d86f3f1bb899216bf6e3920310ed06bd705b2a75340961b43851745,3425208170,580254746,c22_bata,final22,0.8345908537078612,0.7056322307530625,PASS,
GB1,bata,13,original_main35,508e5775817f43b9ed28e8425494724b1000a5784ebe86ae0e959fe70c418d33,602420729d850ea6163188cc989a15c2953cc551047c6124a4e507eea111929e,2939679286,1583917130,c22_bata,final22,0.8345908537078612,0.7017586907755623,PASS,
GB1,bata,14,original_main35,6a5dbdf75d8db759d8cd18beedafdab13684a3ed349b04204facae1132de97ba,9cbdbe642d2e85db53e370de9aa3d149addf68e07c5ef6eba3d0a24979b2d8b4,523594604,1845574567,c22_bata,final22,0.8345908537078612,0.6571600973101327,PASS,
GB1,bata,15,original_main35,bb305ad18ef752e5641960bcdceeaddc1a7a6c9b20781d9a5f060e0f3a02e243,3a3ff68ccbef0c514f16018e8c9cd23a0ba7c307066327b956c1edaa0a4b450d,1169110308,1009629075,c22_bata,final22,0.8345908537078612,0.7120711812654245,PASS,
GB1,bata,16,original_main35,9f8b9ed746130802bc4606c1ce71399c7a7c3952130db34fbefa9b82e4da1e93,206227654fee7e13bf2f6f1ef68a2a956d971a574e9640cb524bb2f817bfcb6d,3682000027,2452843052,c22_bata,final22,0.7352767757755749,0.48519965605135673,PASS,
GB1,bata,17,original_main35,97538faac2cfe3d76d8a5b202b65b850a269025f8d8f2983e5ff83758f195352,e11ebd0dabcc3f35a7703e7359e10aca3ae0d31053fd2ed7a3a6c0396078a6df,3259503095,16684266,c22_bata,final22,0.8345908537078612,0.7269688537455277,PASS,
GB1,bata,18,original_main35,604be52f00980eca72def27d219b7ba71efaacb65311923609073195b21ac9c5,097b54b057e528baf472ed2cc8e5494e115684f8244bc211ea765b4b8103061d,137747144,3050966282,c22_bata,final22,1.0,0.6218370409291639,PASS,
GB1,bata,19,original_main35,18f7669cc9a72fdf5a639cf2085120e6c7d3176c03868410c1237984e976cf85,f7789355ed70c4449889da076a726512fcf4d36a2fbd06eb6cef523e0147c0e5,3264117936,2265632201,c22_bata,final22,0.8345908537078612,0.7381668915035063,PASS,
GB1,reap100,0,original_main35,c9b8773d4ab7798f831f9df56e5a208810dde0b6ad9e155d8c9cb37eac8ceb5d,1e917fd1817b0b4d3b6ec92d6329fdabc547aa964e717fe12b9b734b30ed0197,2391947363,3014323829,reap100,final22,0.8622110018003477,0.6373864186571745,PASS,
GB1,reap100,1,original_main35,12b702b7179ec0c4dbf69af01c12a2ef40c4812be2590dfbb2d7836695bad36e,507edde1cdbfaba997ca78539312402939965f63de56fa85c84069c235213a9d,3909839147,334270505,reap100,final22,1.0,0.7453842309519548,PASS,
GB1,reap100,2,original_main35,aff155824189a9eef0abdef23e8303962f9fd39536d50bb020ce9fdfaf6ae632,58875f0f5397c1f8d0f9a54fc9f4ddfcfa2a7bb9159f744a2913b523770ccea9,3532526178,2026858604,reap100,final22,1.0,0.7308489556495701,PASS,
GB1,reap100,3,original_main35,8d7c89be4dc91e34d600f21187a1963e9cdb9e005135944a39c844d61d2de16a,a2b150dad09a72e4803a55db9a4f75e1ea26db6a819301da6d6949f9b5045065,971754746,1591158563,reap100,final22,1.0,0.8415290377309144,PASS,
GB1,reap100,4,original_main35,ae9f6b41fe285e5aa7e9132fccaecd2bd9bfeed131d4eb7c754290a842ac3543,c0edbd4a8355dae34b977c3afcf0f47f4696cd1890101b786a77137045f90c0c,2674163887,3287185275,reap100,final22,0.7352767757755749,0.5230188064720258,PASS,
GB1,reap100,5,original_main35,25929c333183ec0af7c342f45614e5f33a35418285e76421f578f2f566f65d45,a699aea95586d25036e684e5a619b05b1d7af44841d64bf94a93bc3c745f9a22,2142772039,2544143934,reap100,final22,0.8622110018003477,0.787428226011184,PASS,
GB1,reap100,6,original_main35,b422829b197c4ec1ab67001d7ea9b8e490a7bac86f5f70c1c89a40907ae1b56f,0fa758bcfc79f98bfb8d2339a60ec2fb14a1deb7385187bc4bc9a951600fb088,1273479957,2952976131,reap100,final22,0.9181903148057718,0.6447232772627522,PASS,
GB1,reap100,7,original_main35,58ee0d8bf8ae4269f33a464cbf3ad46c33027e164d9f631f00930ad66e95a820,547ba20f16adac47546069c956ca958afb3b847da1dfa41012a7dc1a36fccfc6,474569769,1542916314,reap100,final22,0.9181903148057718,0.6381654059607056,PASS,
GB1,reap100,8,original_main35,1fbde579fd3bd8f779d9444c8f44ec1f5b634459444283eff23854d8e390da46,210710995f6a16bcb13c3f84367f4c81ad397c3949cfb2f7f9d58868f291c601,299468468,2876926170,reap100,final22,0.8345908537078612,0.5033973498120957,PASS,
GB1,reap100,9,original_main35,a658912f6f0fbfccb530477ab93c63cf789113f6ab2b1cca9598db6ccaf29ff2,6c0246f2e928df8f5b4b5821fbce61abd1b3571011b8480a81a1bd03a4398d44,1373054385,2575071077,reap100,final22,1.0,0.7056441466865526,PASS,
GB1,reap100,10,original_main35,4d92482f640bfa703a09d8a4fdc9d2d2f8ad71b3d3a9ea0feed4bd4d067a81fe,9cbade95e130d95bd27bfa001eef7c6296b795ba7a8b485d5937ae9c16163665,3601534543,486185267,reap100,final22,1.0,0.6604152752570434,PASS,
GB1,reap100,11,original_main35,bb7832e3828a00662e015f8f9f4425676935a5f53465df5cbfaf1c838c0e0fd7,1ce89eeb2f09bf49236ebce30abce8aa36aeca9f127547a60a522bafd7e6ec51,816293389,214141844,reap100,final22,1.0,0.7604451777681107,PASS,
GB1,reap100,12,original_main35,375913a9beef6237e17ce541baeb756438b1cafe568c3ae6201dd933a7775767,f58658122d86f3f1bb899216bf6e3920310ed06bd705b2a75340961b43851745,3425208170,580254746,reap100,final22,0.8345908537078612,0.6207804462689622,PASS,
GB1,reap100,13,original_main35,508e5775817f43b9ed28e8425494724b1000a5784ebe86ae0e959fe70c418d33,602420729d850ea6163188cc989a15c2953cc551047c6124a4e507eea111929e,2939679286,1583917130,reap100,final22,0.8622110018003477,0.7236542887677351,PASS,
GB1,reap100,14,original_main35,6a5dbdf75d8db759d8cd18beedafdab13684a3ed349b04204facae1132de97ba,9cbdbe642d2e85db53e370de9aa3d149addf68e07c5ef6eba3d0a24979b2d8b4,523594604,1845574567,reap100,final22,0.8345908537078612,0.6247158044527036,PASS,
GB1,reap100,15,original_main35,bb305ad18ef752e5641960bcdceeaddc1a7a6c9b20781d9a5f060e0f3a02e243,3a3ff68ccbef0c514f16018e8c9cd23a0ba7c307066327b956c1edaa0a4b450d,1169110308,1009629075,reap100,final22,0.8345908537078612,0.7538658588671601,PASS,
GB1,reap100,16,original_main35,9f8b9ed746130802bc4606c1ce71399c7a7c3952130db34fbefa9b82e4da1e93,206227654fee7e13bf2f6f1ef68a2a956d971a574e9640cb524bb2f817bfcb6d,3682000027,2452843052,reap100,final22,0.7352767757755749,0.4827593222165216,PASS,
GB1,reap100,17,original_main35,97538faac2cfe3d76d8a5b202b65b850a269025f8d8f2983e5ff83758f195352,e11ebd0dabcc3f35a7703e7359e10aca3ae0d31053fd2ed7a3a6c0396078a6df,3259503095,16684266,reap100,final22,0.8345908537078612,0.6619173955593509,PASS,
GB1,reap100,18,original_main35,604be52f00980eca72def27d219b7ba71efaacb65311923609073195b21ac9c5,097b54b057e528baf472ed2cc8e5494e115684f8244bc211ea765b4b8103061d,137747144,3050966282,reap100,final22,0.7077333663997645,0.5846477514143318,PASS,
GB1,reap100,19,original_main35,18f7669cc9a72fdf5a639cf2085120e6c7d3176c03868410c1237984e976cf85,f7789355ed70c4449889da076a726512fcf4d36a2fbd06eb6cef523e0147c0e5,3264117936,2265632201,reap100,final22,0.8622110018003477,0.7833479371634963,PASS,
PABP,bata,0,original_main35,40543f083a9160dafc908a498e34dd36978a1ddf1941a174e8f8278ed0b84017,3b24c37ddb3dbe17921872e5022e2d836c6e4f95d7b13c0e19fecd5ea1333574,1931617089,3627850924,c22_bata,final22,2.868778599,1.95806388775,PASS,
PABP,bata,1,original_main35,3d597bfc8f9420ba6a2861b336ba4e6f1f8e236be04af31cacca70bfe1fd6243,9eef1fded7f2b653c3f43c12dd4a8e27038d2e2472baa0ea5dbd3ed838f5ec53,2452454326,2986028791,c22_bata,final22,2.868778599,2.6644222048749997,PASS,
PABP,bata,2,original_main35,28ef77b004b596be79ed6444f8634d9a8f24d30b368f8c919a6992645184cc05,982c481560fc2ab645ddc8a843ef021416ef53d2d8e4ba7d467dacdbd3621041,3011507104,1059572730,c22_bata,final22,2.868778599,2.158464063625,PASS,
PABP,bata,3,original_main35,d2628e9217882cd8de454f1623370b01d6459ce928ac770440a72d5a6a427d7d,fdd8fc4337253c07f5d6ef3f81d852497d68a226411fa0c385959decd75bd08a,1322461066,3798279899,c22_bata,final22,1.854210558,1.696223527375,PASS,
PABP,bata,4,original_main35,e450712a6f2bb9ed7db1cd0bef8edb9f2d5f51635f76784af4399059bb420983,6873574f182ae1e3127dcb4505e601551bb9fafcfd28153531ab8cb970acb4fd,499092096,3938358988,c22_bata,final22,2.868778599,2.428282479375,PASS,
PABP,bata,5,original_main35,32d0c302d07238adaf08c47af6f31ba1b9d01627604eca93c41f0ec8e2eb5c0a,489c28fadfbf91fbdc01121e34f921a63b5f80d97101053e0aa8348579db13c5,4062577797,548430716,c22_bata,final22,2.0996727180000003,1.8728347336250002,PASS,
PABP,bata,6,original_main35,582aedbcf84dbf192822b295b542481b439f89c294575246c4d5da29d0ab7f9c,2642193ff869c8b144ed7831c1ea988d170241dfe4bcd9a46026ca06b56822cf,2930725948,2306972236,c22_bata,final22,2.868778599,1.8819935015,PASS,
PABP,bata,7,original_main35,fe7fe1a68f85bedcb475b308dcfcd195a13176129efa51ff2132483e814f2bea,d8baf39f17432813fbee604a41f291a20f04fb9cf4ef8eb8deda6da40d3f802d,577710846,142285812,c22_bata,final22,1.974613841,1.8342478177500001,PASS,
PABP,bata,8,original_main35,67f48641642d59b12ff174b3b7125d2be417090f069b4ba3bc177f3607de13ee,6576dafbe41f5177cb3af0c8366183c6ec293879723d247c45531e7875a79bc9,1080662220,461279292,c22_bata,final22,1.960901245,1.5632398977500002,PASS,
PABP,bata,9,original_main35,4704302e32e7deb60c9200c5c2000a2084bfdef9bca118f1971a1c7e4102da53,43a3625576620d7effeef6e617aad9f25303aa34d208292d266f879960e177c0,3400445299,1807647758,c22_bata,final22,1.822900012,1.7386803423750001,PASS,
PABP,bata,10,original_main35,be19f60af950bf2f510be653fc4c9a3a5510bce040b5d175deecb08948941fd0,92638ac02ed89d9f9f89202dd74a92782ca90ba5f150af91fd5643674763b0bf,3357319709,1381346490,c22_bata,final22,1.964409118,1.8099870645000002,PASS,
PABP,bata,11,original_main35,e94a279713509596f995c58fb430a70ae0e44b595181b758bd108c0c1c453177,dc56f764e14d349e5c05ce82d80964f8d3efff771cc09d353e21cda934fd8572,2397635729,2837518473,c22_bata,final22,2.868778599,1.9808333718750002,PASS,
PABP,bata,12,original_main35,b7fa3e0afa56691d649291f39e3fa7144d30c0ab78a4aec20a40d5c55d6ee77d,7d49af674613867c103e3163ae8aa64367d01341b3f844e2b6c6007f5543c99c,3350512573,4218537639,c22_bata,final22,2.128194918,2.035474427625,PASS,
PABP,bata,13,original_main35,2f96593b0b3b9f45fde6a3da947747f1a16f4b8d7573653c979d47fa3d0638f2,17a8aa57ac921b46fd0f8668ca94f32dacd2adc76f06162ba28ce3c7e86cba84,2749260393,3112941785,c22_bata,final22,2.868778599,2.685154000625,PASS,
PABP,bata,14,original_main35,e111ce011fa39abcaf33f1499214367727b4f275ca5dbd458fbf5b17081dbf3c,1b24fdf1cace9dc013c8efca6e075f787ebbb8d739cacb4a36135fcce2953c38,2937642216,4209399969,c22_bata,final22,2.627942865,2.1345814192500003,PASS,
PABP,bata,15,original_main35,67aed866374c29645c1fccd7270fa7cdd3fd97596307d318c708c9450e9f93c2,f4d2190bf3d71f77c6388f882be68338d0f453f853c782ea0da35c3cbc7ae481,930793635,326417455,c22_bata,final22,2.308485747,2.1693494745,PASS,
PABP,bata,16,original_main35,f923386cb00802de099fa217f63ca7bd4c73e5c3d01ef0827ca8d0d687a136ec,047c1792e34f8160abd2e77779578eaecca857aabd5cd02c8c1d396df4a71f88,856479093,3292591818,c22_bata,final22,2.627942865,1.8376590508750001,PASS,
PABP,bata,17,original_main35,d61cbb06c4b52b519b4d9dd6c4a6ed13b87ca72f2783032d2e871d3e437a2ed4,4c27f762ef4975c07a756efdfe2347887c7f5ec01665b504b9fb771e40e12eb1,2650067199,1300752321,c22_bata,final22,2.868778599,1.8830004194999999,PASS,
PABP,bata,18,original_main35,e9c77ebdd88bf39887d7a61a2c49fd99219da437aeb2a4fa49a2fc803740f176,0bce3d63f1e9e73d684b6454eef06aac309942f7d17f672d753cb982407232c1,3116021179,838257668,c22_bata,final22,1.964409118,1.8616902427500002,PASS,
PABP,bata,19,original_main35,8387487d621684a7d141f32e898a6187ec5e3cb8e7c6b8529754659102247040,56bcc052f4b227f925efc37da0b13c95d9cb7a273390a0bfe88300edbc01d8f7,459614835,1674239785,c22_bata,final22,1.964409118,1.649837135125,PASS,
PABP,evolvepro650,0,original_main35,40543f083a9160dafc908a498e34dd36978a1ddf1941a174e8f8278ed0b84017,3b24c37ddb3dbe17921872e5022e2d836c6e4f95d7b13c0e19fecd5ea1333574,1931617089,3627850924,evolvepro650,final22,2.868778599,2.452085538,PASS,
PABP,evolvepro650,1,original_main35,3d597bfc8f9420ba6a2861b336ba4e6f1f8e236be04af31cacca70bfe1fd6243,9eef1fded7f2b653c3f43c12dd4a8e27038d2e2472baa0ea5dbd3ed838f5ec53,2452454326,2986028791,evolvepro650,final22,2.868778599,2.402952558125,PASS,
PABP,evolvepro650,2,original_main35,28ef77b004b596be79ed6444f8634d9a8f24d30b368f8c919a6992645184cc05,982c481560fc2ab645ddc8a843ef021416ef53d2d8e4ba7d467dacdbd3621041,3011507104,1059572730,evolvepro650,final22,2.868778599,2.6814033571249998,PASS,
PABP,evolvepro650,3,original_main35,d2628e9217882cd8de454f1623370b01d6459ce928ac770440a72d5a6a427d7d,fdd8fc4337253c07f5d6ef3f81d852497d68a226411fa0c385959decd75bd08a,1322461066,3798279899,evolvepro650,final22,2.868778599,2.11083856575,PASS,
PABP,evolvepro650,4,original_main35,e450712a6f2bb9ed7db1cd0bef8edb9f2d5f51635f76784af4399059bb420983,6873574f182ae1e3127dcb4505e601551bb9fafcfd28153531ab8cb970acb4fd,499092096,3938358988,evolvepro650,final22,2.868778599,2.428282479375,PASS,
PABP,evolvepro650,5,original_main35,32d0c302d07238adaf08c47af6f31ba1b9d01627604eca93c41f0ec8e2eb5c0a,489c28fadfbf91fbdc01121e34f921a63b5f80d97101053e0aa8348579db13c5,4062577797,548430716,evolvepro650,final22,2.0996727180000003,1.924448593875,PASS,
PABP,evolvepro650,6,original_main35,582aedbcf84dbf192822b295b542481b439f89c294575246c4d5da29d0ab7f9c,2642193ff869c8b144ed7831c1ea988d170241dfe4bcd9a46026ca06b56822cf,2930725948,2306972236,evolvepro650,final22,2.868778599,2.6683225545,PASS,
PABP,evolvepro650,7,original_main35,fe7fe1a68f85bedcb475b308dcfcd195a13176129efa51ff2132483e814f2bea,d8baf39f17432813fbee604a41f291a20f04fb9cf4ef8eb8deda6da40d3f802d,577710846,142285812,evolvepro650,final22,1.974613841,1.7276573490000002,PASS,
PABP,evolvepro650,8,original_main35,67f48641642d59b12ff174b3b7125d2be417090f069b4ba3bc177f3607de13ee,6576dafbe41f5177cb3af0c8366183c6ec293879723d247c45531e7875a79bc9,1080662220,461279292,evolvepro650,final22,2.042122007,1.6609075882500002,PASS,
PABP,evolvepro650,9,original_main35,4704302e32e7deb60c9200c5c2000a2084bfdef9bca118f1971a1c7e4102da53,43a3625576620d7effeef6e617aad9f25303aa34d208292d266f879960e177c0,3400445299,1807647758,evolvepro650,final22,2.868778599,2.115882998,PASS,
PABP,evolvepro650,10,original_main35,be19f60af950bf2f510be653fc4c9a3a5510bce040b5d175deecb08948941fd0,92638ac02ed89d9f9f89202dd74a92782ca90ba5f150af91fd5643674763b0bf,3357319709,1381346490,evolvepro650,final22,1.822900012,1.7227234097500002,PASS,
PABP,evolvepro650,11,original_main35,e94a279713509596f995c58fb430a70ae0e44b595181b758bd108c0c1c453177,dc56f764e14d349e5c05ce82d80964f8d3efff771cc09d353e21cda934fd8572,2397635729,2837518473,evolvepro650,final22,2.081572091,1.970304788125,PASS,
PABP,evolvepro650,12,original_main35,b7fa3e0afa56691d649291f39e3fa7144d30c0ab78a4aec20a40d5c55d6ee77d,7d49af674613867c103e3163ae8aa64367d01341b3f844e2b6c6007f5543c99c,3350512573,4218537639,evolvepro650,final22,1.765268704,1.7179139903749998,PASS,
PABP,evolvepro650,13,original_main35,2f96593b0b3b9f45fde6a3da947747f1a16f4b8d7573653c979d47fa3d0638f2,17a8aa57ac921b46fd0f8668ca94f32dacd2adc76f06162ba28ce3c7e86cba84,2749260393,3112941785,evolvepro650,final22,1.822900012,1.72984046475,PASS,
PABP,evolvepro650,14,original_main35,e111ce011fa39abcaf33f1499214367727b4f275ca5dbd458fbf5b17081dbf3c,1b24fdf1cace9dc013c8efca6e075f787ebbb8d739cacb4a36135fcce2953c38,2937642216,4209399969,evolvepro650,final22,2.627942865,1.87439847925,PASS,
PABP,evolvepro650,15,original_main35,67aed866374c29645c1fccd7270fa7cdd3fd97596307d318c708c9450e9f93c2,f4d2190bf3d71f77c6388f882be68338d0f453f853c782ea0da35c3cbc7ae481,930793635,326417455,evolvepro650,final22,1.83326862,1.749183376125,PASS,
PABP,evolvepro650,16,original_main35,f923386cb00802de099fa217f63ca7bd4c73e5c3d01ef0827ca8d0d687a136ec,047c1792e34f8160abd2e77779578eaecca857aabd5cd02c8c1d396df4a71f88,856479093,3292591818,evolvepro650,final22,2.081572091,1.859061559875,PASS,
PABP,evolvepro650,17,original_main35,d61cbb06c4b52b519b4d9dd6c4a6ed13b87ca72f2783032d2e871d3e437a2ed4,4c27f762ef4975c07a756efdfe2347887c7f5ec01665b504b9fb771e40e12eb1,2650067199,1300752321,evolvepro650,final22,1.870398111,1.5526137315000001,PASS,
PABP,evolvepro650,18,original_main35,e9c77ebdd88bf39887d7a61a2c49fd99219da437aeb2a4fa49a2fc803740f176,0bce3d63f1e9e73d684b6454eef06aac309942f7d17f672d753cb982407232c1,3116021179,838257668,evolvepro650,final22,2.868778599,2.426921168375,PASS,
PABP,evolvepro650,19,original_main35,8387487d621684a7d141f32e898a6187ec5e3cb8e7c6b8529754659102247040,56bcc052f4b227f925efc37da0b13c95d9cb7a273390a0bfe88300edbc01d8f7,459614835,1674239785,evolvepro650,final22,2.868778599,2.35698746425,PASS,
PABP,reap100,0,original_main35,40543f083a9160dafc908a498e34dd36978a1ddf1941a174e8f8278ed0b84017,3b24c37ddb3dbe17921872e5022e2d836c6e4f95d7b13c0e19fecd5ea1333574,1931617089,3627850924,reap100,final22,2.081572091,1.84428716025,PASS,
PABP,reap100,1,original_main35,3d597bfc8f9420ba6a2861b336ba4e6f1f8e236be04af31cacca70bfe1fd6243,9eef1fded7f2b653c3f43c12dd4a8e27038d2e2472baa0ea5dbd3ed838f5ec53,2452454326,2986028791,reap100,final22,2.128194918,1.8002151775,PASS,
PABP,reap100,2,original_main35,28ef77b004b596be79ed6444f8634d9a8f24d30b368f8c919a6992645184cc05,982c481560fc2ab645ddc8a843ef021416ef53d2d8e4ba7d467dacdbd3621041,3011507104,1059572730,reap100,final22,1.960901245,1.779669522125,PASS,
PABP,reap100,3,original_main35,d2628e9217882cd8de454f1623370b01d6459ce928ac770440a72d5a6a427d7d,fdd8fc4337253c07f5d6ef3f81d852497d68a226411fa0c385959decd75bd08a,1322461066,3798279899,reap100,final22,2.627942865,1.87640540275,PASS,
PABP,reap100,4,original_main35,e450712a6f2bb9ed7db1cd0bef8edb9f2d5f51635f76784af4399059bb420983,6873574f182ae1e3127dcb4505e601551bb9fafcfd28153531ab8cb970acb4fd,499092096,3938358988,reap100,final22,1.817332016,1.4841624660000001,PASS,
PABP,reap100,5,original_main35,32d0c302d07238adaf08c47af6f31ba1b9d01627604eca93c41f0ec8e2eb5c0a,489c28fadfbf91fbdc01121e34f921a63b5f80d97101053e0aa8348579db13c5,4062577797,548430716,reap100,final22,2.0996727180000003,2.040845680625,PASS,
PABP,reap100,6,original_main35,582aedbcf84dbf192822b295b542481b439f89c294575246c4d5da29d0ab7f9c,2642193ff869c8b144ed7831c1ea988d170241dfe4bcd9a46026ca06b56822cf,2930725948,2306972236,reap100,final22,2.868778599,2.14346314825,PASS,
PABP,reap100,7,original_main35,fe7fe1a68f85bedcb475b308dcfcd195a13176129efa51ff2132483e814f2bea,d8baf39f17432813fbee604a41f291a20f04fb9cf4ef8eb8deda6da40d3f802d,577710846,142285812,reap100,final22,1.822900012,1.7125289208749999,PASS,
PABP,reap100,8,original_main35,67f48641642d59b12ff174b3b7125d2be417090f069b4ba3bc177f3607de13ee,6576dafbe41f5177cb3af0c8366183c6ec293879723d247c45531e7875a79bc9,1080662220,461279292,reap100,final22,1.822900012,1.7543586141249998,PASS,
PABP,reap100,9,original_main35,4704302e32e7deb60c9200c5c2000a2084bfdef9bca118f1971a1c7e4102da53,43a3625576620d7effeef6e617aad9f25303aa34d208292d266f879960e177c0,3400445299,1807647758,reap100,final22,2.081572091,1.7729344649999998,PASS,
PABP,reap100,10,original_main35,be19f60af950bf2f510be653fc4c9a3a5510bce040b5d175deecb08948941fd0,92638ac02ed89d9f9f89202dd74a92782ca90ba5f150af91fd5643674763b0bf,3357319709,1381346490,reap100,final22,1.822900012,1.69264432325,PASS,
PABP,reap100,11,original_main35,e94a279713509596f995c58fb430a70ae0e44b595181b758bd108c0c1c453177,dc56f764e14d349e5c05ce82d80964f8d3efff771cc09d353e21cda934fd8572,2397635729,2837518473,reap100,final22,2.081572091,1.8071248941250002,PASS,
PABP,reap100,12,original_main35,b7fa3e0afa56691d649291f39e3fa7144d30c0ab78a4aec20a40d5c55d6ee77d,7d49af674613867c103e3163ae8aa64367d01341b3f844e2b6c6007f5543c99c,3350512573,4218537639,reap100,final22,2.081572091,1.9848169329999998,PASS,
PABP,reap100,13,original_main35,2f96593b0b3b9f45fde6a3da947747f1a16f4b8d7573653c979d47fa3d0638f2,17a8aa57ac921b46fd0f8668ca94f32dacd2adc76f06162ba28ce3c7e86cba84,2749260393,3112941785,reap100,final22,1.960901245,1.737068558625,PASS,
PABP,reap100,14,original_main35,e111ce011fa39abcaf33f1499214367727b4f275ca5dbd458fbf5b17081dbf3c,1b24fdf1cace9dc013c8efca6e075f787ebbb8d739cacb4a36135fcce2953c38,2937642216,4209399969,reap100,final22,2.128194918,1.8954900001250001,PASS,
PABP,reap100,15,original_main35,67aed866374c29645c1fccd7270fa7cdd3fd97596307d318c708c9450e9f93c2,f4d2190bf3d71f77c6388f882be68338d0f453f853c782ea0da35c3cbc7ae481,930793635,326417455,reap100,final22,1.822900012,1.587560228625,PASS,
PABP,reap100,16,original_main35,f923386cb00802de099fa217f63ca7bd4c73e5c3d01ef0827ca8d0d687a136ec,047c1792e34f8160abd2e77779578eaecca857aabd5cd02c8c1d396df4a71f88,856479093,3292591818,reap100,final22,2.081572091,1.847772327125,PASS,
PABP,reap100,17,original_main35,d61cbb06c4b52b519b4d9dd6c4a6ed13b87ca72f2783032d2e871d3e437a2ed4,4c27f762ef4975c07a756efdfe2347887c7f5ec01665b504b9fb771e40e12eb1,2650067199,1300752321,reap100,final22,2.128194918,1.779352246625,PASS,
PABP,reap100,18,original_main35,e9c77ebdd88bf39887d7a61a2c49fd99219da437aeb2a4fa49a2fc803740f176,0bce3d63f1e9e73d684b6454eef06aac309942f7d17f672d753cb982407232c1,3116021179,838257668,reap100,final22,2.0996727180000003,1.9800458927500002,PASS,
PABP,reap100,19,original_main35,8387487d621684a7d141f32e898a6187ec5e3cb8e7c6b8529754659102247040,56bcc052f4b227f925efc37da0b13c95d9cb7a273390a0bfe88300edbc01d8f7,459614835,1674239785,reap100,final22,1.822900012,1.6677814683749999,PASS,
TrpB,alde,0,original_main35,7b93ea4492f38e9ba7310e26b9de0b5245ab0ca0f44a47f63a2f5857e1644410,feb019900ddec56bcb423af81dacd4909611ac56df60bb4fd4241b134b76aa4e,3093850640,3900348958,alde,final22,1.0,0.926397910875,PASS,
TrpB,alde,1,original_main35,c1366f46363d8a6355bfe161be8143d8ebf6366eada65de2e2fba44dbd493086,84bde52b69f4f2641028d4af8fb5e7835d45566fe7a7dab937de8f4b34517fa8,3170216297,623442431,alde,final22,1.0,0.77375824475,PASS,
TrpB,alde,2,original_main35,951f46b7d8dbf8205769563335188c0b17d2be7beed5a296a0d22e294a74b988,d48251eb8800c8c8d1798c5e28cc4b82faaa7200d3657b799215dffa4c4ba7dd,2411313344,1717681679,alde,final22,0.800478399,0.6918327023749999,PASS,
TrpB,alde,3,original_main35,50a620c28421429014d591a3e28d866d4b18e911781af6f6ce8545ebf2c18312,ebdd5e9abc2bfe17e627830ea0836f33d0f7e921ed6131c311358265ac143bd2,1316920716,1176322298,alde,final22,0.794515883,0.700643891625,PASS,
TrpB,alde,4,original_main35,13756cbd57a4153f307e2219522e17cd8cc40ea6fb53edd4d208e31acd3e5210,491567b609b9ae6b94549c60d2ca6cb10cd7f6d1a31bd1c539a493c4c26e605a,3837727820,4269111096,alde,final22,0.752894791,0.690886031375,PASS,
TrpB,alde,5,original_main35,0a113c9b50f1119c0e0f3c2b4ee02c711f20f42ec9870b0e350ca1e76658fcfb,aee28460410696b3177854511eca2beac8083d0f7407082994afb371cca432d1,2569007194,3420889342,alde,final22,1.0,0.887615576875,PASS,
TrpB,alde,6,original_main35,04bdad223b906e294d204644ecb1b1c1a29b377d6650e3ea227bb1bdef9dc93b,8ca245a2c75e373a67c93b8d0465467e4d306d96f0ba79e39a47ef7eab327da5,2815334084,3391647969,alde,final22,1.0,0.7929194772499999,PASS,
TrpB,alde,7,original_main35,cbfbf6f4d1832f4ada96a6378d6fd838ae3a308fc7f727a45437a49d1e3a630f,31bfcccc5d9f8fc724718b33d631912511784386afed5f79fc53e350a4065eba,327804699,3388572414,alde,final22,0.932033526,0.794151553375,PASS,
TrpB,alde,8,original_main35,d750f4cd5090199fe0e2dcc550549aea599845c390d5b04ae0e25bec906d0035,059791034a2ddbb57b15f6f1a712dacb121efc8baa8c36b34fc53f10ba4fbadd,848131745,4237214569,alde,final22,0.746142028,0.6185471119999999,PASS,
TrpB,alde,9,original_main35,4d06445d3fc812a63e5572c5ddf17bb4fb9e0020e23bc5a53ba3a2719d44efbf,c645c9db0d5b49919b4ba7517e3a2cc96103f0318d1f3ba30c7b31316231a67b,807110372,2626670230,alde,final22,0.752894791,0.665140279625,PASS,
TrpB,alde,10,original_main35,731b0453033a695d5538aa1b336d940a63bb08875c9d378576e4ba23a5392c5f,ca64146843d177147bd466f5bca65c34caa87fd64a9c32164c73a028ab734770,2137118849,1729643244,alde,final22,0.742180293,0.657293795125,PASS,
TrpB,alde,11,original_main35,326f1dbf2094654896b5f260d78becd7f64268fb10c9fd43d50d2b3b39306d37,1999c34d727805a43c695706b9e97bcc96732428df7c497db7404fedbf78ccbf,1739248248,4188385899,alde,final22,0.782724725,0.7277250645,PASS,
TrpB,alde,12,original_main35,855691d36725a8a3df25f036ba282ca88e4f39595919cde8b01865b83b0d615c,f358ef951f7cc5077b2968aa4bab3e0d8692da5593a819a22a8feffee438f9c2,1658528635,2990701487,alde,final22,1.0,0.8693650795,PASS,
TrpB,alde,13,original_main35,53c95161c70acb0c399bdd18d939e38964612e115ec809c950a073f489af0366,4271a6f5383fcc6ca443c8f0be1493d09b669f8482083939016fbde9ce1e18cb,969030905,1790946409,alde,final22,0.749107106,0.6081867575000001,PASS,
TrpB,alde,14,original_main35,38d35cb6eac9fb01064c8407f6e268901c5b309247be6517f0c42bc7aaa28a9b,3b3374c255e1ecea4475f31284173a88d3bc9a5070ec111a9148b70e7da8e5a5,179308549,2661431370,alde,final22,1.0,0.8452398475,PASS,
TrpB,alde,15,original_main35,d00e3c950e298983377e2f77a877e6a29558dade1e0aa7e1a3a3b84c74dfd93e,59e0d0d4822a89d98d0b1def67422dae20204b544388b23412c99fe33b2786fa,4185550723,2764911243,alde,final22,0.752894791,0.68742795275,PASS,
TrpB,alde,16,original_main35,95ce61042ae1c991521900e00f1da4519257a164808ecd7afc74068090a9d5b2,01d1b03ddd220745726770227e78109572126cc358104fd0e42986330ce84789,2560272043,1113942057,alde,final22,0.922559227,0.681048422375,PASS,
TrpB,alde,17,original_main35,69120107292a633393c979bc7f081a7fca1e37ed26b71906261d53913b5b84af,ea0c9309f1d30386551e69bff976ff9728c7a560a1b7c334ce9bfd0dbfa19d27,1742390850,974588658,alde,final22,0.832570233,0.703552336625,PASS,
TrpB,alde,18,original_main35,3ff9a604df82dbffc3c1378e904876ece0dc62bf7be904660025d6903a84caa6,fc4c9f49a2b5a5c0356fb7c9dcea3b2e84e0b1c86cf80ca284b3367bc5ae445b,2980230760,1747706734,alde,final22,0.798137603,0.7345728507499999,PASS,
TrpB,alde,19,original_main35,c3af532be793e04796db762ec9bd9a94d201438eecd9bb806ea76e9ac208e999,76b3583bbc8e5f2a614b8b1fc1f59df1b4550512d8c80d5f0bbaaf09d9c9323e,3294626523,384874392,alde,final22,1.0,0.845598562875,PASS,
TrpB,bata,0,original_main35,7b93ea4492f38e9ba7310e26b9de0b5245ab0ca0f44a47f63a2f5857e1644410,feb019900ddec56bcb423af81dacd4909611ac56df60bb4fd4241b134b76aa4e,3093850640,3900348958,c22_bata,final22,0.922559227,0.8696333549999999,PASS,
TrpB,bata,1,original_main35,c1366f46363d8a6355bfe161be8143d8ebf6366eada65de2e2fba44dbd493086,84bde52b69f4f2641028d4af8fb5e7835d45566fe7a7dab937de8f4b34517fa8,3170216297,623442431,c22_bata,final22,0.932033526,0.76375243475,PASS,
TrpB,bata,2,original_main35,951f46b7d8dbf8205769563335188c0b17d2be7beed5a296a0d22e294a74b988,d48251eb8800c8c8d1798c5e28cc4b82faaa7200d3657b799215dffa4c4ba7dd,2411313344,1717681679,c22_bata,final22,0.922559227,0.7358036553749999,PASS,
TrpB,bata,3,original_main35,50a620c28421429014d591a3e28d866d4b18e911781af6f6ce8545ebf2c18312,ebdd5e9abc2bfe17e627830ea0836f33d0f7e921ed6131c311358265ac143bd2,1316920716,1176322298,c22_bata,final22,0.832570233,0.745416578375,PASS,
TrpB,bata,4,original_main35,13756cbd57a4153f307e2219522e17cd8cc40ea6fb53edd4d208e31acd3e5210,491567b609b9ae6b94549c60d2ca6cb10cd7f6d1a31bd1c539a493c4c26e605a,3837727820,4269111096,c22_bata,final22,0.895147379,0.7598344036249999,PASS,
TrpB,bata,5,original_main35,0a113c9b50f1119c0e0f3c2b4ee02c711f20f42ec9870b0e350ca1e76658fcfb,aee28460410696b3177854511eca2beac8083d0f7407082994afb371cca432d1,2569007194,3420889342,c22_bata,final22,0.932033526,0.881488342375,PASS,
TrpB,bata,6,original_main35,04bdad223b906e294d204644ecb1b1c1a29b377d6650e3ea227bb1bdef9dc93b,8ca245a2c75e373a67c93b8d0465467e4d306d96f0ba79e39a47ef7eab327da5,2815334084,3391647969,c22_bata,final22,1.0,0.7747529555,PASS,
TrpB,bata,7,original_main35,cbfbf6f4d1832f4ada96a6378d6fd838ae3a308fc7f727a45437a49d1e3a630f,31bfcccc5d9f8fc724718b33d631912511784386afed5f79fc53e350a4065eba,327804699,3388572414,c22_bata,final22,0.922559227,0.68359654725,PASS,
TrpB,bata,8,original_main35,d750f4cd5090199fe0e2dcc550549aea599845c390d5b04ae0e25bec906d0035,059791034a2ddbb57b15f6f1a712dacb121efc8baa8c36b34fc53f10ba4fbadd,848131745,4237214569,c22_bata,final22,0.932033526,0.67501224575,PASS,
TrpB,bata,9,original_main35,4d06445d3fc812a63e5572c5ddf17bb4fb9e0020e23bc5a53ba3a2719d44efbf,c645c9db0d5b49919b4ba7517e3a2cc96103f0318d1f3ba30c7b31316231a67b,807110372,2626670230,c22_bata,final22,0.922559227,0.761034878125,PASS,
TrpB,bata,10,original_main35,731b0453033a695d5538aa1b336d940a63bb08875c9d378576e4ba23a5392c5f,ca64146843d177147bd466f5bca65c34caa87fd64a9c32164c73a028ab734770,2137118849,1729643244,c22_bata,final22,0.922559227,0.754440974875,PASS,
TrpB,bata,11,original_main35,326f1dbf2094654896b5f260d78becd7f64268fb10c9fd43d50d2b3b39306d37,1999c34d727805a43c695706b9e97bcc96732428df7c497db7404fedbf78ccbf,1739248248,4188385899,c22_bata,final22,0.922559227,0.788808286,PASS,
TrpB,bata,12,original_main35,855691d36725a8a3df25f036ba282ca88e4f39595919cde8b01865b83b0d615c,f358ef951f7cc5077b2968aa4bab3e0d8692da5593a819a22a8feffee438f9c2,1658528635,2990701487,c22_bata,final22,1.0,0.8409283562500001,PASS,
TrpB,bata,13,original_main35,53c95161c70acb0c399bdd18d939e38964612e115ec809c950a073f489af0366,4271a6f5383fcc6ca443c8f0be1493d09b669f8482083939016fbde9ce1e18cb,969030905,1790946409,c22_bata,final22,1.0,0.7060932612499999,PASS,
TrpB,bata,14,original_main35,38d35cb6eac9fb01064c8407f6e268901c5b309247be6517f0c42bc7aaa28a9b,3b3374c255e1ecea4475f31284173a88d3bc9a5070ec111a9148b70e7da8e5a5,179308549,2661431370,c22_bata,final22,0.932033526,0.8066899445,PASS,
TrpB,bata,15,original_main35,d00e3c950e298983377e2f77a877e6a29558dade1e0aa7e1a3a3b84c74dfd93e,59e0d0d4822a89d98d0b1def67422dae20204b544388b23412c99fe33b2786fa,4185550723,2764911243,c22_bata,final22,0.922559227,0.7726673685,PASS,
TrpB,bata,16,original_main35,95ce61042ae1c991521900e00f1da4519257a164808ecd7afc74068090a9d5b2,01d1b03ddd220745726770227e78109572126cc358104fd0e42986330ce84789,2560272043,1113942057,c22_bata,final22,0.922559227,0.748289320375,PASS,
TrpB,bata,17,original_main35,69120107292a633393c979bc7f081a7fca1e37ed26b71906261d53913b5b84af,ea0c9309f1d30386551e69bff976ff9728c7a560a1b7c334ce9bfd0dbfa19d27,1742390850,974588658,c22_bata,final22,0.922559227,0.8304912378749999,PASS,
TrpB,bata,18,original_main35,3ff9a604df82dbffc3c1378e904876ece0dc62bf7be904660025d6903a84caa6,fc4c9f49a2b5a5c0356fb7c9dcea3b2e84e0b1c86cf80ca284b3367bc5ae445b,2980230760,1747706734,c22_bata,final22,0.932033526,0.792331368375,PASS,
TrpB,bata,19,original_main35,c3af532be793e04796db762ec9bd9a94d201438eecd9bb806ea76e9ac208e999,76b3583bbc8e5f2a614b8b1fc1f59df1b4550512d8c80d5f0bbaaf09d9c9323e,3294626523,384874392,c22_bata,final22,0.932033526,0.771384595875,PASS,
TrpB,reap100,0,original_main35,7b93ea4492f38e9ba7310e26b9de0b5245ab0ca0f44a47f63a2f5857e1644410,feb019900ddec56bcb423af81dacd4909611ac56df60bb4fd4241b134b76aa4e,3093850640,3900348958,reap100,final22,1.0,0.909406292375,PASS,
TrpB,reap100,1,original_main35,c1366f46363d8a6355bfe161be8143d8ebf6366eada65de2e2fba44dbd493086,84bde52b69f4f2641028d4af8fb5e7835d45566fe7a7dab937de8f4b34517fa8,3170216297,623442431,reap100,final22,1.0,0.8097465955,PASS,
TrpB,reap100,2,original_main35,951f46b7d8dbf8205769563335188c0b17d2be7beed5a296a0d22e294a74b988,d48251eb8800c8c8d1798c5e28cc4b82faaa7200d3657b799215dffa4c4ba7dd,2411313344,1717681679,reap100,final22,0.752894791,0.6680053136249999,PASS,
TrpB,reap100,3,original_main35,50a620c28421429014d591a3e28d866d4b18e911781af6f6ce8545ebf2c18312,ebdd5e9abc2bfe17e627830ea0836f33d0f7e921ed6131c311358265ac143bd2,1316920716,1176322298,reap100,final22,0.832570233,0.7158055201250001,PASS,
TrpB,reap100,4,original_main35,13756cbd57a4153f307e2219522e17cd8cc40ea6fb53edd4d208e31acd3e5210,491567b609b9ae6b94549c60d2ca6cb10cd7f6d1a31bd1c539a493c4c26e605a,3837727820,4269111096,reap100,final22,0.732172556,0.62477541625,PASS,
TrpB,reap100,5,original_main35,0a113c9b50f1119c0e0f3c2b4ee02c711f20f42ec9870b0e350ca1e76658fcfb,aee28460410696b3177854511eca2beac8083d0f7407082994afb371cca432d1,2569007194,3420889342,reap100,final22,1.0,0.926335963375,PASS,
TrpB,reap100,6,original_main35,04bdad223b906e294d204644ecb1b1c1a29b377d6650e3ea227bb1bdef9dc93b,8ca245a2c75e373a67c93b8d0465467e4d306d96f0ba79e39a47ef7eab327da5,2815334084,3391647969,reap100,final22,1.0,0.6975656367499999,PASS,
TrpB,reap100,7,original_main35,cbfbf6f4d1832f4ada96a6378d6fd838ae3a308fc7f727a45437a49d1e3a630f,31bfcccc5d9f8fc724718b33d631912511784386afed5f79fc53e350a4065eba,327804699,3388572414,reap100,final22,0.922559227,0.6906553822499999,PASS,
TrpB,reap100,8,original_main35,d750f4cd5090199fe0e2dcc550549aea599845c390d5b04ae0e25bec906d0035,059791034a2ddbb57b15f6f1a712dacb121efc8baa8c36b34fc53f10ba4fbadd,848131745,4237214569,reap100,final22,0.72526836,0.58976932075,PASS,
TrpB,reap100,9,original_main35,4d06445d3fc812a63e5572c5ddf17bb4fb9e0020e23bc5a53ba3a2719d44efbf,c645c9db0d5b49919b4ba7517e3a2cc96103f0318d1f3ba30c7b31316231a67b,807110372,2626670230,reap100,final22,1.0,0.7490754245,PASS,
TrpB,reap100,10,original_main35,731b0453033a695d5538aa1b336d940a63bb08875c9d378576e4ba23a5392c5f,ca64146843d177147bd466f5bca65c34caa87fd64a9c32164c73a028ab734770,2137118849,1729643244,reap100,final22,0.800478399,0.6994103923749999,PASS,
TrpB,reap100,11,original_main35,326f1dbf2094654896b5f260d78becd7f64268fb10c9fd43d50d2b3b39306d37,1999c34d727805a43c695706b9e97bcc96732428df7c497db7404fedbf78ccbf,1739248248,4188385899,reap100,final22,0.932033526,0.745492145125,PASS,
TrpB,reap100,12,original_main35,855691d36725a8a3df25f036ba282ca88e4f39595919cde8b01865b83b0d615c,f358ef951f7cc5077b2968aa4bab3e0d8692da5593a819a22a8feffee438f9c2,1658528635,2990701487,reap100,final22,1.0,0.8719093022500001,PASS,
TrpB,reap100,13,original_main35,53c95161c70acb0c399bdd18d939e38964612e115ec809c950a073f489af0366,4271a6f5383fcc6ca443c8f0be1493d09b669f8482083939016fbde9ce1e18cb,969030905,1790946409,reap100,final22,0.73943435,0.5116839382499999,PASS,
TrpB,reap100,14,original_main35,38d35cb6eac9fb01064c8407f6e268901c5b309247be6517f0c42bc7aaa28a9b,3b3374c255e1ecea4475f31284173a88d3bc9a5070ec111a9148b70e7da8e5a5,179308549,2661431370,reap100,final22,1.0,0.79572387175,PASS,
TrpB,reap100,15,original_main35,d00e3c950e298983377e2f77a877e6a29558dade1e0aa7e1a3a3b84c74dfd93e,59e0d0d4822a89d98d0b1def67422dae20204b544388b23412c99fe33b2786fa,4185550723,2764911243,reap100,final22,0.752894791,0.6539294932499999,PASS,
TrpB,reap100,16,original_main35,95ce61042ae1c991521900e00f1da4519257a164808ecd7afc74068090a9d5b2,01d1b03ddd220745726770227e78109572126cc358104fd0e42986330ce84789,2560272043,1113942057,reap100,final22,0.752894791,0.621426101875,PASS,
TrpB,reap100,17,original_main35,69120107292a633393c979bc7f081a7fca1e37ed26b71906261d53913b5b84af,ea0c9309f1d30386551e69bff976ff9728c7a560a1b7c334ce9bfd0dbfa19d27,1742390850,974588658,reap100,final22,1.0,0.79773914375,PASS,
TrpB,reap100,18,original_main35,3ff9a604df82dbffc3c1378e904876ece0dc62bf7be904660025d6903a84caa6,fc4c9f49a2b5a5c0356fb7c9dcea3b2e84e0b1c86cf80ca284b3367bc5ae445b,2980230760,1747706734,reap100,final22,0.752894791,0.6759201535,PASS,
TrpB,reap100,19,original_main35,c3af532be793e04796db762ec9bd9a94d201438eecd9bb806ea76e9ac208e999,76b3583bbc8e5f2a614b8b1fc1f59df1b4550512d8c80d5f0bbaaf09d9c9323e,3294626523,384874392,reap100,final22,1.0,0.803709392875,PASS,
GB1,alde,20,original_main35,6718f0ea3be6526b9ad3ce2f82c754ea06e0cab4e4406427294965fb3a9ef5cf,1b04f5dc3750657b89757c0b26bc5395cd449bee781ce669d076a54e9e003222,2190630591,3638383074,alde,robustness35,1.0,0.7137102251100174,PASS,
GB1,alde,21,original_main35,1c79b9a1b1e59b17308bed25284913d0f28ce689fe0072d548092095b03faf20,8ea2a4713228b651c018db5594aaea10e42539f7f5b8b83eb29dcddd0afdd882,3997751362,3306818900,alde,robustness35,1.0,0.7454356780264696,PASS,
GB1,alde,22,original_main35,7870e25b819d1608a212b5a22703cb0fc988fd27da28c3a73d3827c21bdd9f2f,26d770aa27003692ab08247ea4cb89e325423f8efa0382128b103395178e1661,3708379139,3977089483,alde,robustness35,1.0,0.7991395180635253,PASS,
GB1,alde,23,original_main35,5b413785f7ac71f58233be9a0e4297c583bf132f0fc88c8d6c0024eba8ea5937,e3e0548eae589f6e30f83c9da8d1dfd4eb928e9cd19c0717c764bb06c66c0174,3099709757,104786374,alde,robustness35,1.0,0.7631473430617839,PASS,
GB1,alde,24,original_main35,2629a1eb7b2b0a9b8fdd70e61277e4b047550ee86f9b8001a6a6b8a26c462349,0f11925daff6966cb928035d7976b04c5595cb64eea3e0f6e7fa6b442a2fbe75,1134289896,1617627562,alde,robustness35,0.9181903148057718,0.7006616641062763,PASS,
GB1,alde,25,original_main35,0bddf9040171b45fd230478fcc47e60188999353477464fae509844a363db76a,be491143339c2ccc9b46c47d73b45651feb37bfdb53b3976cf0e1e8b3319d4f8,3447449559,561646010,alde,robustness35,0.8622110018003477,0.6800972508000436,PASS,
GB1,alde,26,original_main35,5b6545e7201d49f2fcba6cf9824d2c8396cb2881e59bc55edac9acccef4da3df,6f5c779ab2072aa139dbca86f139090867864a51dc82cd27b0f47e68423fa0cd,2982962931,3943545500,alde,robustness35,1.0,0.5918326125198865,PASS,
GB1,alde,27,original_main35,0a7840cb61977a0ed783393e0a7a5e63a263923b7f7c0818f945dafe176799bb,59f24099dd758b102891a6142b3ad985deed88bccfb94775456ec6635e7ea489,3310863024,2937371069,alde,robustness35,1.0,0.8419238485114875,PASS,
GB1,alde,28,original_main35,ed6ba9799a654a0b16bc9fe764aac302b49e386ac98072c37fcbdc12038169e8,a96d6c96fcbd2d3cfb30aeffacc21a342aeee7401aa9e788df29242c8d33d8ca,887640600,846299589,alde,robustness35,0.8622110018003477,0.7193430957822737,PASS,
GB1,alde,29,original_main35,fc4fb87cd8dd0a24204d597bc0ad7c45ac8608e001460d1a68cc6d11666ccde9,005cdca0af0b9aff43bcf9d8ffc9ccbe38de95c780d347dbba3f0964fb7e5891,1313261040,1334225364,alde,robustness35,0.6587599672965438,0.55146191737424,PASS,
GB1,alde,30,original_main35,79e0b1e22f4d053b650875b398859a8c3474b46dd9397047d4e2b5810ca9c65f,bcf0f20437a140bfc98d481d00a9d80d2f4a061507a13aca34e06da382da1257,2891177089,2288877147,alde,robustness35,1.0,0.7641927293637409,PASS,
GB1,alde,31,original_main35,e31ee9ff1a8bc5a02548cf0618f860a04ca97c806596f1fa54fafe766d7fa152,9f88224ebef81836e91acf8b2d4ae3ae44c89d7b2e60b91c9ca0d10a2118bba2,3869160215,3919031300,alde,robustness35,1.0,0.7071873094631312,PASS,
GB1,alde,32,original_main35,7a94fe5e1427d9ae63385590949ece4f847ec59ae5f5c7a0f5d444a964dd5da4,7b1a485327817b7999bfde807da49cf009f94694cbb41918fa6e0f6ecd175f55,2910098028,847056601,alde,robustness35,1.0,0.7460291892406387,PASS,
GB1,alde,33,original_main35,601948b1aed01adc61abd1e212f8283aa8aceb6b7da6ffacf392ca1e6c24219c,11558e212f9a0d272dc5d09f983732137fa3a3212d36d15a5320373eb6d15168,3851519348,3394327626,alde,robustness35,1.0,0.7933141786928959,PASS,
GB1,alde,34,original_main35,cef10e2dc78b2c1ca7404366f34031d2a313e211f5cec8c15c2581d1f02b0f90,e7f48842f1a3fe0b6822dff3ff1cb8fc156f6b5750b76fd634ea0dcaca4b2e0b,482219205,2430106097,alde,robustness35,0.8622110018003477,0.709109636317205,PASS,
GB1,bata,20,original_main35,6718f0ea3be6526b9ad3ce2f82c754ea06e0cab4e4406427294965fb3a9ef5cf,1b04f5dc3750657b89757c0b26bc5395cd449bee781ce669d076a54e9e003222,2190630591,3638383074,c22_bata,robustness35,0.8311300290264457,0.6966002981956907,PASS,
GB1,bata,21,original_main35,1c79b9a1b1e59b17308bed25284913d0f28ce689fe0072d548092095b03faf20,8ea2a4713228b651c018db5594aaea10e42539f7f5b8b83eb29dcddd0afdd882,3997751362,3306818900,c22_bata,robustness35,0.8624627606050047,0.7672571920858258,PASS,
GB1,bata,22,original_main35,7870e25b819d1608a212b5a22703cb0fc988fd27da28c3a73d3827c21bdd9f2f,26d770aa27003692ab08247ea4cb89e325423f8efa0382128b103395178e1661,3708379139,3977089483,c22_bata,robustness35,1.0,0.7376546408224133,PASS,
GB1,bata,23,original_main35,5b413785f7ac71f58233be9a0e4297c583bf132f0fc88c8d6c0024eba8ea5937,e3e0548eae589f6e30f83c9da8d1dfd4eb928e9cd19c0717c764bb06c66c0174,3099709757,104786374,c22_bata,robustness35,0.8345908537078612,0.6824158945893042,PASS,
GB1,bata,24,original_main35,2629a1eb7b2b0a9b8fdd70e61277e4b047550ee86f9b8001a6a6b8a26c462349,0f11925daff6966cb928035d7976b04c5595cb64eea3e0f6e7fa6b442a2fbe75,1134289896,1617627562,c22_bata,robustness35,0.825004381071726,0.6770794781291483,PASS,
GB1,bata,25,original_main35,0bddf9040171b45fd230478fcc47e60188999353477464fae509844a363db76a,be491143339c2ccc9b46c47d73b45651feb37bfdb53b3976cf0e1e8b3319d4f8,3447449559,561646010,c22_bata,robustness35,0.8345908537078612,0.6798836615269883,PASS,
GB1,bata,26,original_main35,5b6545e7201d49f2fcba6cf9824d2c8396cb2881e59bc55edac9acccef4da3df,6f5c779ab2072aa139dbca86f139090867864a51dc82cd27b0f47e68423fa0cd,2982962931,3943545500,c22_bata,robustness35,1.0,0.570872456293499,PASS,
GB1,bata,27,original_main35,0a7840cb61977a0ed783393e0a7a5e63a263923b7f7c0818f945dafe176799bb,59f24099dd758b102891a6142b3ad985deed88bccfb94775456ec6635e7ea489,3310863024,2937371069,c22_bata,robustness35,0.8345908537078612,0.6942973511981545,PASS,
GB1,bata,28,original_main35,ed6ba9799a654a0b16bc9fe764aac302b49e386ac98072c37fcbdc12038169e8,a96d6c96fcbd2d3cfb30aeffacc21a342aeee7401aa9e788df29242c8d33d8ca,887640600,846299589,c22_bata,robustness35,0.8622110018003477,0.6868000867481374,PASS,
GB1,bata,29,original_main35,fc4fb87cd8dd0a24204d597bc0ad7c45ac8608e001460d1a68cc6d11666ccde9,005cdca0af0b9aff43bcf9d8ffc9ccbe38de95c780d347dbba3f0964fb7e5891,1313261040,1334225364,c22_bata,robustness35,0.8622110018003477,0.57250082146978,PASS,
GB1,bata,30,original_main35,79e0b1e22f4d053b650875b398859a8c3474b46dd9397047d4e2b5810ca9c65f,bcf0f20437a140bfc98d481d00a9d80d2f4a061507a13aca34e06da382da1257,2891177089,2288877147,c22_bata,robustness35,0.6989076464601929,0.61356375563326,PASS,
GB1,bata,31,original_main35,e31ee9ff1a8bc5a02548cf0618f860a04ca97c806596f1fa54fafe766d7fa152,9f88224ebef81836e91acf8b2d4ae3ae44c89d7b2e60b91c9ca0d10a2118bba2,3869160215,3919031300,c22_bata,robustness35,0.825004381071726,0.6681065370578531,PASS,
GB1,bata,32,original_main35,7a94fe5e1427d9ae63385590949ece4f847ec59ae5f5c7a0f5d444a964dd5da4,7b1a485327817b7999bfde807da49cf009f94694cbb41918fa6e0f6ecd175f55,2910098028,847056601,c22_bata,robustness35,1.0,0.8132686915544332,PASS,
GB1,bata,33,original_main35,601948b1aed01adc61abd1e212f8283aa8aceb6b7da6ffacf392ca1e6c24219c,11558e212f9a0d272dc5d09f983732137fa3a3212d36d15a5320373eb6d15168,3851519348,3394327626,c22_bata,robustness35,1.0,0.7298941413614918,PASS,
GB1,bata,34,original_main35,cef10e2dc78b2c1ca7404366f34031d2a313e211f5cec8c15c2581d1f02b0f90,e7f48842f1a3fe0b6822dff3ff1cb8fc156f6b5750b76fd634ea0dcaca4b2e0b,482219205,2430106097,c22_bata,robustness35,0.6587599672965438,0.5704021028320955,PASS,
GB1,reap100,20,original_main35,6718f0ea3be6526b9ad3ce2f82c754ea06e0cab4e4406427294965fb3a9ef5cf,1b04f5dc3750657b89757c0b26bc5395cd449bee781ce669d076a54e9e003222,2190630591,3638383074,reap100,robustness35,0.8345908537078612,0.625251555439902,PASS,
GB1,reap100,21,original_main35,1c79b9a1b1e59b17308bed25284913d0f28ce689fe0072d548092095b03faf20,8ea2a4713228b651c018db5594aaea10e42539f7f5b8b83eb29dcddd0afdd882,3997751362,3306818900,reap100,robustness35,1.0,0.7368644599689584,PASS,
GB1,reap100,22,original_main35,7870e25b819d1608a212b5a22703cb0fc988fd27da28c3a73d3827c21bdd9f2f,26d770aa27003692ab08247ea4cb89e325423f8efa0382128b103395178e1661,3708379139,3977089483,reap100,robustness35,0.8624627606050047,0.6702612958889462,PASS,
GB1,reap100,23,original_main35,5b413785f7ac71f58233be9a0e4297c583bf132f0fc88c8d6c0024eba8ea5937,e3e0548eae589f6e30f83c9da8d1dfd4eb928e9cd19c0717c764bb06c66c0174,3099709757,104786374,reap100,robustness35,0.8345908537078612,0.6434223412116968,PASS,
GB1,reap100,24,original_main35,2629a1eb7b2b0a9b8fdd70e61277e4b047550ee86f9b8001a6a6b8a26c462349,0f11925daff6966cb928035d7976b04c5595cb64eea3e0f6e7fa6b442a2fbe75,1134289896,1617627562,reap100,robustness35,1.0,0.7848870360973942,PASS,
GB1,reap100,25,original_main35,0bddf9040171b45fd230478fcc47e60188999353477464fae509844a363db76a,be491143339c2ccc9b46c47d73b45651feb37bfdb53b3976cf0e1e8b3319d4f8,3447449559,561646010,reap100,robustness35,0.7077333663997645,0.6326322009667098,PASS,
GB1,reap100,26,original_main35,5b6545e7201d49f2fcba6cf9824d2c8396cb2881e59bc55edac9acccef4da3df,6f5c779ab2072aa139dbca86f139090867864a51dc82cd27b0f47e68423fa0cd,2982962931,3943545500,reap100,robustness35,1.0,0.6246300355562591,PASS,
GB1,reap100,27,original_main35,0a7840cb61977a0ed783393e0a7a5e63a263923b7f7c0818f945dafe176799bb,59f24099dd758b102891a6142b3ad985deed88bccfb94775456ec6635e7ea489,3310863024,2937371069,reap100,robustness35,0.8345908537078612,0.7177543939804732,PASS,
GB1,reap100,28,original_main35,ed6ba9799a654a0b16bc9fe764aac302b49e386ac98072c37fcbdc12038169e8,a96d6c96fcbd2d3cfb30aeffacc21a342aeee7401aa9e788df29242c8d33d8ca,887640600,846299589,reap100,robustness35,0.8622110018003477,0.7014993826089702,PASS,
GB1,reap100,29,original_main35,fc4fb87cd8dd0a24204d597bc0ad7c45ac8608e001460d1a68cc6d11666ccde9,005cdca0af0b9aff43bcf9d8ffc9ccbe38de95c780d347dbba3f0964fb7e5891,1313261040,1334225364,reap100,robustness35,1.0,0.665005354336212,PASS,
GB1,reap100,30,original_main35,79e0b1e22f4d053b650875b398859a8c3474b46dd9397047d4e2b5810ca9c65f,bcf0f20437a140bfc98d481d00a9d80d2f4a061507a13aca34e06da382da1257,2891177089,2288877147,reap100,robustness35,1.0,0.5336722849167945,PASS,
GB1,reap100,31,original_main35,e31ee9ff1a8bc5a02548cf0618f860a04ca97c806596f1fa54fafe766d7fa152,9f88224ebef81836e91acf8b2d4ae3ae44c89d7b2e60b91c9ca0d10a2118bba2,3869160215,3919031300,reap100,robustness35,1.0,0.718363137849647,PASS,
GB1,reap100,32,original_main35,7a94fe5e1427d9ae63385590949ece4f847ec59ae5f5c7a0f5d444a964dd5da4,7b1a485327817b7999bfde807da49cf009f94694cbb41918fa6e0f6ecd175f55,2910098028,847056601,reap100,robustness35,1.0,0.6929992566898507,PASS,
GB1,reap100,33,original_main35,601948b1aed01adc61abd1e212f8283aa8aceb6b7da6ffacf392ca1e6c24219c,11558e212f9a0d272dc5d09f983732137fa3a3212d36d15a5320373eb6d15168,3851519348,3394327626,reap100,robustness35,0.9181903148057718,0.6087939817445229,PASS,
GB1,reap100,34,original_main35,cef10e2dc78b2c1ca7404366f34031d2a313e211f5cec8c15c2581d1f02b0f90,e7f48842f1a3fe0b6822dff3ff1cb8fc156f6b5750b76fd634ea0dcaca4b2e0b,482219205,2430106097,reap100,robustness35,0.8622110018003477,0.7605199320128447,PASS,
PABP,bata,20,original_main35,b951a7b7693be272e96f9f92a692c8c53ea4f807f6770a82532e1b369ac0f0ba,a52c1d7849e9d6ff3b306178ab0fdc63af6f1861af5e70a7659cbb3e65457573,1166126924,632983653,c22_bata,robustness35,1.964409118,1.691247348375,PASS,
PABP,bata,21,original_main35,31b9a6f69bcc3410a3793695fe0903c356355a9d8c09f06f78b1956523d42934,cf6f2f531e1869e0d4bca14697b767310e8c7b9e12df599ae501e89c2b128f42,3950727371,209369094,c22_bata,robustness35,2.868778599,1.89337817425,PASS,
PABP,bata,22,original_main35,230b302a5d0feadaa7d55fd540a0d107bb5d60ed0b2a523daa2409273acf05df,e1bde72fc33a562236a4d5b634705836ffff4ac785c63da545d6c48d6450413b,2218955058,1164206196,c22_bata,robustness35,2.868778599,1.818574766125,PASS,
PABP,bata,23,original_main35,bdba6f2740f6f5d33c2ca58a3b5e50944bf02769abdaa89fd41edb7413a58617,b48ed50030e149f5c6d5f0b8f42cfe6d0146e22937172381002a71e2032eaa42,3522947050,1225236808,c22_bata,robustness35,1.822900012,1.6838665039999998,PASS,
PABP,bata,24,original_main35,41c8bbf85a6dbe190eb6d2ef5b958a708abd6e2152ae3599e5e6638603e0a0c0,92a60ab5d2340ac5d8e9c7d1e03b8cccd280124c810f461a235b5a838b4d6468,4141324399,309676077,c22_bata,robustness35,2.627942865,2.26396794725,PASS,
PABP,bata,25,original_main35,bae86131884d81f717b926a1cf27558dd62b004cac3823b6b7b7e4aba73444c8,d978f0dc103e70456168a4f91d84bd83617a8759e8011ce96283d9afb54463b2,1742584530,490012776,c22_bata,robustness35,2.308485747,1.9855537998750001,PASS,
PABP,bata,26,original_main35,d10b8cba86151093730d8b7f1496577d01e4928854cd3b8045313a2399f0dee9,5c5caa3d8f5e39d820321e592db01b0634c35e6edbef5e2dc0687bc5bece2a02,2013899225,3431372334,c22_bata,robustness35,1.964409118,1.7415146216250001,PASS,
PABP,bata,27,original_main35,f999a5122b52660ddafea95ee83831153ab6499ab8acda5fbf567b8f22d4cfef,9852ee5a81a2e820365f13434bb404c9a7b7add4e2f93acf754ff67e371a29d8,453577031,2904052650,c22_bata,robustness35,2.868778599,2.20079714975,PASS,
PABP,bata,28,original_main35,3c2cde90b6f3bd1cf5aeb486ead21625d4b1caa557b903f2b8a44ef12bfe6a9d,ce2e392a004340e6de615af9b1f78d7cadffda84416c8de15a3818cc3a514518,65331392,4283458320,c22_bata,robustness35,2.042122007,1.8258095701250001,PASS,
PABP,bata,29,original_main35,4d75552af0a22dad9d21d5f57915cc1f6858dec14b4356a224b86ad45121664b,d89397102312850b1ab9740ce6405c1a1e2cebc35b378bb97029f44569e05df0,4232924722,1905859956,c22_bata,robustness35,2.868778599,1.7984199171250002,PASS,
PABP,bata,30,original_main35,2441b9e25d829e47a5b72fae4b0f038815af5702dc02220ba3d58e815973a4af,545dce3b73d12614fdb3e5c21cba03263a5e8e335ee6d489c98a4e1efd71c1c7,1679086892,4120979301,c22_bata,robustness35,2.128194918,1.659012770875,PASS,
PABP,bata,31,original_main35,f76ba5276b64b37d4ed5ce2cbf9b1f72e0ac11a32c919d565ada70023860d520,96d395f51934399044ac38cb098f6d7bdbbb59e92570666ab1a361463325ccfc,1408296719,1469847373,c22_bata,robustness35,2.308485747,2.204625302875,PASS,
PABP,bata,32,original_main35,4ab0a7133a16e47faf6ac58541f22b839db114b19c6addd332e7cd9b45d6649f,7637c80cbe4daa3e74590e06ce1022fe3ebd939dcb9947409793b176a12ed0f5,2229712563,4017092744,c22_bata,robustness35,2.868778599,1.9311695183750002,PASS,
PABP,bata,33,original_main35,326a6977a5ac1c137dbbff9d425057bea737ae251f26c5499fb356ca74773136,31edffc925dc0764101f9164896209cfddb3309c9780a2b40e322c00ec9c8902,1271647609,2793890137,c22_bata,robustness35,2.868778599,1.9202747908750002,PASS,
PABP,bata,34,original_main35,39208466f05349ae46f48282534c189e96eaabdccfd10c0a62321d85ccf7fa26,f429fcbe2189b61ae17809a0d61b8567cedf0ed115f7911c275e4155c528c9a5,1266960060,4026473019,c22_bata,robustness35,1.964409118,1.891244900875,PASS,
PABP,evolvepro650,20,original_main35,b951a7b7693be272e96f9f92a692c8c53ea4f807f6770a82532e1b369ac0f0ba,a52c1d7849e9d6ff3b306178ab0fdc63af6f1861af5e70a7659cbb3e65457573,1166126924,632983653,evolvepro650,robustness35,1.854210558,1.741956095875,PASS,
PABP,evolvepro650,21,original_main35,31b9a6f69bcc3410a3793695fe0903c356355a9d8c09f06f78b1956523d42934,cf6f2f531e1869e0d4bca14697b767310e8c7b9e12df599ae501e89c2b128f42,3950727371,209369094,evolvepro650,robustness35,2.128194918,1.667586253375,PASS,
PABP,evolvepro650,22,original_main35,230b302a5d0feadaa7d55fd540a0d107bb5d60ed0b2a523daa2409273acf05df,e1bde72fc33a562236a4d5b634705836ffff4ac785c63da545d6c48d6450413b,2218955058,1164206196,evolvepro650,robustness35,2.868778599,2.341356739125,PASS,
PABP,evolvepro650,23,original_main35,bdba6f2740f6f5d33c2ca58a3b5e50944bf02769abdaa89fd41edb7413a58617,b48ed50030e149f5c6d5f0b8f42cfe6d0146e22937172381002a71e2032eaa42,3522947050,1225236808,evolvepro650,robustness35,2.372511545,1.894230069125,PASS,
PABP,evolvepro650,24,original_main35,41c8bbf85a6dbe190eb6d2ef5b958a708abd6e2152ae3599e5e6638603e0a0c0,92a60ab5d2340ac5d8e9c7d1e03b8cccd280124c810f461a235b5a838b4d6468,4141324399,309676077,evolvepro650,robustness35,1.822900012,1.703644975375,PASS,
PABP,evolvepro650,25,original_main35,bae86131884d81f717b926a1cf27558dd62b004cac3823b6b7b7e4aba73444c8,d978f0dc103e70456168a4f91d84bd83617a8759e8011ce96283d9afb54463b2,1742584530,490012776,evolvepro650,robustness35,2.868778599,2.312772413375,PASS,
PABP,evolvepro650,26,original_main35,d10b8cba86151093730d8b7f1496577d01e4928854cd3b8045313a2399f0dee9,5c5caa3d8f5e39d820321e592db01b0634c35e6edbef5e2dc0687bc5bece2a02,2013899225,3431372334,evolvepro650,robustness35,2.081572091,1.625470183,PASS,
PABP,evolvepro650,27,original_main35,f999a5122b52660ddafea95ee83831153ab6499ab8acda5fbf567b8f22d4cfef,9852ee5a81a2e820365f13434bb404c9a7b7add4e2f93acf754ff67e371a29d8,453577031,2904052650,evolvepro650,robustness35,2.868778599,1.9271522435000001,PASS,
PABP,evolvepro650,28,original_main35,3c2cde90b6f3bd1cf5aeb486ead21625d4b1caa557b903f2b8a44ef12bfe6a9d,ce2e392a004340e6de615af9b1f78d7cadffda84416c8de15a3818cc3a514518,65331392,4283458320,evolvepro650,robustness35,2.081572091,1.708344608375,PASS,
PABP,evolvepro650,29,original_main35,4d75552af0a22dad9d21d5f57915cc1f6858dec14b4356a224b86ad45121664b,d89397102312850b1ab9740ce6405c1a1e2cebc35b378bb97029f44569e05df0,4232924722,1905859956,evolvepro650,robustness35,2.868778599,2.104236683375,PASS,
PABP,evolvepro650,30,original_main35,2441b9e25d829e47a5b72fae4b0f038815af5702dc02220ba3d58e815973a4af,545dce3b73d12614fdb3e5c21cba03263a5e8e335ee6d489c98a4e1efd71c1c7,1679086892,4120979301,evolvepro650,robustness35,2.128194918,1.8158664333749999,PASS,
PABP,evolvepro650,31,original_main35,f76ba5276b64b37d4ed5ce2cbf9b1f72e0ac11a32c919d565ada70023860d520,96d395f51934399044ac38cb098f6d7bdbbb59e92570666ab1a361463325ccfc,1408296719,1469847373,evolvepro650,robustness35,1.785928519,1.747387728375,PASS,
PABP,evolvepro650,32,original_main35,4ab0a7133a16e47faf6ac58541f22b839db114b19c6addd332e7cd9b45d6649f,7637c80cbe4daa3e74590e06ce1022fe3ebd939dcb9947409793b176a12ed0f5,2229712563,4017092744,evolvepro650,robustness35,2.868778599,2.466946135875,PASS,
PABP,evolvepro650,33,original_main35,326a6977a5ac1c137dbbff9d425057bea737ae251f26c5499fb356ca74773136,31edffc925dc0764101f9164896209cfddb3309c9780a2b40e322c00ec9c8902,1271647609,2793890137,evolvepro650,robustness35,1.556019656,1.556019656,PASS,
PABP,evolvepro650,34,original_main35,39208466f05349ae46f48282534c189e96eaabdccfd10c0a62321d85ccf7fa26,f429fcbe2189b61ae17809a0d61b8567cedf0ed115f7911c275e4155c528c9a5,1266960060,4026473019,evolvepro650,robustness35,2.868778599,2.6825681967499997,PASS,
PABP,reap100,20,original_main35,b951a7b7693be272e96f9f92a692c8c53ea4f807f6770a82532e1b369ac0f0ba,a52c1d7849e9d6ff3b306178ab0fdc63af6f1861af5e70a7659cbb3e65457573,1166126924,632983653,reap100,robustness35,2.068643072,1.784301898875,PASS,
PABP,reap100,21,original_main35,31b9a6f69bcc3410a3793695fe0903c356355a9d8c09f06f78b1956523d42934,cf6f2f531e1869e0d4bca14697b767310e8c7b9e12df599ae501e89c2b128f42,3950727371,209369094,reap100,robustness35,1.822900012,1.5682014398749997,PASS,
PABP,reap100,22,original_main35,230b302a5d0feadaa7d55fd540a0d107bb5d60ed0b2a523daa2409273acf05df,e1bde72fc33a562236a4d5b634705836ffff4ac785c63da545d6c48d6450413b,2218955058,1164206196,reap100,robustness35,1.7745712619999998,1.61801320175,PASS,
PABP,reap100,23,original_main35,bdba6f2740f6f5d33c2ca58a3b5e50944bf02769abdaa89fd41edb7413a58617,b48ed50030e149f5c6d5f0b8f42cfe6d0146e22937172381002a71e2032eaa42,3522947050,1225236808,reap100,robustness35,1.960901245,1.783907479625,PASS,
PABP,reap100,24,original_main35,41c8bbf85a6dbe190eb6d2ef5b958a708abd6e2152ae3599e5e6638603e0a0c0,92a60ab5d2340ac5d8e9c7d1e03b8cccd280124c810f461a235b5a838b4d6468,4141324399,309676077,reap100,robustness35,1.822900012,1.775034401625,PASS,
PABP,reap100,25,original_main35,bae86131884d81f717b926a1cf27558dd62b004cac3823b6b7b7e4aba73444c8,d978f0dc103e70456168a4f91d84bd83617a8759e8011ce96283d9afb54463b2,1742584530,490012776,reap100,robustness35,1.822900012,1.6616308055,PASS,
PABP,reap100,26,original_main35,d10b8cba86151093730d8b7f1496577d01e4928854cd3b8045313a2399f0dee9,5c5caa3d8f5e39d820321e592db01b0634c35e6edbef5e2dc0687bc5bece2a02,2013899225,3431372334,reap100,robustness35,1.822900012,1.688362875875,PASS,
PABP,reap100,27,original_main35,f999a5122b52660ddafea95ee83831153ab6499ab8acda5fbf567b8f22d4cfef,9852ee5a81a2e820365f13434bb404c9a7b7add4e2f93acf754ff67e371a29d8,453577031,2904052650,reap100,robustness35,1.822900012,1.807010456875,PASS,
PABP,reap100,28,original_main35,3c2cde90b6f3bd1cf5aeb486ead21625d4b1caa557b903f2b8a44ef12bfe6a9d,ce2e392a004340e6de615af9b1f78d7cadffda84416c8de15a3818cc3a514518,65331392,4283458320,reap100,robustness35,2.128194918,1.60775820525,PASS,
PABP,reap100,29,original_main35,4d75552af0a22dad9d21d5f57915cc1f6858dec14b4356a224b86ad45121664b,d89397102312850b1ab9740ce6405c1a1e2cebc35b378bb97029f44569e05df0,4232924722,1905859956,reap100,robustness35,1.870398111,1.8422872888750002,PASS,
PABP,reap100,30,original_main35,2441b9e25d829e47a5b72fae4b0f038815af5702dc02220ba3d58e815973a4af,545dce3b73d12614fdb3e5c21cba03263a5e8e335ee6d489c98a4e1efd71c1c7,1679086892,4120979301,reap100,robustness35,1.822900012,1.660688360375,PASS,
PABP,reap100,31,original_main35,f76ba5276b64b37d4ed5ce2cbf9b1f72e0ac11a32c919d565ada70023860d520,96d395f51934399044ac38cb098f6d7bdbbb59e92570666ab1a361463325ccfc,1408296719,1469847373,reap100,robustness35,2.308485747,1.9969044146250001,PASS,
PABP,reap100,32,original_main35,4ab0a7133a16e47faf6ac58541f22b839db114b19c6addd332e7cd9b45d6649f,7637c80cbe4daa3e74590e06ce1022fe3ebd939dcb9947409793b176a12ed0f5,2229712563,4017092744,reap100,robustness35,1.822900012,1.813272019,PASS,
PABP,reap100,33,original_main35,326a6977a5ac1c137dbbff9d425057bea737ae251f26c5499fb356ca74773136,31edffc925dc0764101f9164896209cfddb3309c9780a2b40e322c00ec9c8902,1271647609,2793890137,reap100,robustness35,1.822900012,1.7867559695,PASS,
PABP,reap100,34,original_main35,39208466f05349ae46f48282534c189e96eaabdccfd10c0a62321d85ccf7fa26,f429fcbe2189b61ae17809a0d61b8567cedf0ed115f7911c275e4155c528c9a5,1266960060,4026473019,reap100,robustness35,1.822900012,1.750502505875,PASS,
TrpB,alde,20,original_main35,3461004789a34cb26868ec17e00053fd67711222e1c062b8b46b26facdbac682,4eb20642c24d261cd5f6f0af5370d54b1fd5ab6410e9ec18b5e112e041178665,657880882,1078980171,alde,robustness35,1.0,0.776138413375,PASS,
TrpB,alde,21,original_main35,e2108074ce3eef00b4c5a26429c775b8b840779b16a611596eb8f956ea1667ae,6c92778b6426fa6053bb959e60e96d4042fe3178580c0e3cfff214079a0b79ca,3061771756,4273447489,alde,robustness35,0.800478399,0.7159766615,PASS,
TrpB,alde,22,original_main35,425a772dd425df0a0e48f6771354257609cfc2bf76e7e2cd975afeca8f9cdcb6,1a60108d42c1cf2f277d9553aad23a11145f34cb1dfe01f8cf8d25e28ad16ec2,681916664,947364728,alde,robustness35,0.832570233,0.7421333215,PASS,
TrpB,alde,23,original_main35,6f823a5f3a7a1b6c7130cf1ffe4c564e253dc6fef3558a43616fbcd1d0a712bb,453add68a3cbdfd9b0e0164af1d61b2593292b74344a59b85da0b25c639bd752,4284574173,2303191039,alde,robustness35,0.761709608,0.708617699,PASS,
TrpB,alde,24,original_main35,41e50d3f4f8c48608774258d2d513a19e3801c6802ae499b72a1d61844488f85,1aba683f5ce6dbbd8fc945f284210dd49b662477c98cd874fe50a631ace98c90,4254701629,3816456862,alde,robustness35,1.0,0.866133178,PASS,
TrpB,alde,25,original_main35,f7e1cd621d2a4cc26f3d08632bc7d7f51bab7598ac98a6131091f570d8ca236b,1965e273d7aa6f32105dee9412c2a0d9465c4f81759d410a40de79d6b3576733,2550056138,2813512266,alde,robustness35,1.0,0.84121832575,PASS,
TrpB,alde,26,original_main35,6d617291ec4c0ee6020ac22e13e8bbabbfd5e0d53bab5f1364b4348a7ec2ba39,c84fcb5728970c9299eaa09a31bd4167345ca150397daea83c10778df05d1efe,2171102328,2443709940,alde,robustness35,0.798137603,0.738402345625,PASS,
TrpB,alde,27,original_main35,82e2631db5a0b0a3e4c16e4b415d36d0cbf7e94dcb03be7ed25a6824ba7c78f2,ad6c8217c2ebab075d2c5a9641c0f3d2ec5c15ab8548a335c46dcf8b49d9d7aa,1272818518,441529416,alde,robustness35,1.0,0.850747697625,PASS,
TrpB,alde,28,original_main35,2ce519b1e993a1346c8da6f223ac88a66cc8fd589848f92e7521677863fe9910,e8f8f037dbc2e8648f5ec7fc6fcee9d281adc2a0744f6005bdf45230eef177b6,2126873814,2581651201,alde,robustness35,1.0,0.91026977,PASS,
TrpB,alde,29,original_main35,394b6ed603c494a5bc099b1f39c612a00bcd8474405ecdaaa72e1c4e1abbc59e,2fcbc0ad52eaf75d9215b03489f647b779c2987561cdde99525f18d1d32d3e66,3574642585,849359091,alde,robustness35,1.0,0.7510148265000001,PASS,
TrpB,alde,30,original_main35,ddeb7aa37ad2ff8523bfc7bb78287c8a6e8824cad52823e2c52dcf8da81f33ac,ebc041499f44ceeed64f4998f1d20f15a5c507f49c3adcfa7b4b1de5c751f39d,2007167913,173349196,alde,robustness35,1.0,0.907719196625,PASS,
TrpB,alde,31,original_main35,771be6fbdc50197bfae3f1f241f19c97bfe3f5ba6512dfc9883bc2b9572c354c,4f8861786cbf78ef89704cd30e8c9e5436d8914ff5ce30294406e7257969b715,872792043,2160880174,alde,robustness35,1.0,0.749678751,PASS,
TrpB,alde,32,original_main35,3f3577b9258a4a675793ccf9a0da2441c5da44fa834ae630c1a9547955707fd0,e1a5badab2fe8f756aefbc7f9433ab764eb702b9fda43be02a5b3d76cd1fcca2,3727870541,1292761220,alde,robustness35,1.0,0.899256314625,PASS,
TrpB,alde,33,original_main35,ee6229bd38c3d3df63bb851f0f78173d26f6890868cfad55af54763fc83dd444,61f1a33db9b95d687c20c8d831968aa92b8298f7a3ea8ccc8340e5d0922120c8,3744327078,1850198806,alde,robustness35,0.800478399,0.7075450542499999,PASS,
TrpB,alde,34,original_main35,7c7acfed716ba3bc034ea277e6ea9889adbbd58785a1bd829232748ab0357a57,37440d01c4da80b98057098baff3d301207eb9bfbc6cc371759abb17c64f2fa5,3075868727,3918096446,alde,robustness35,1.0,0.8453528819999999,PASS,
TrpB,bata,20,original_main35,3461004789a34cb26868ec17e00053fd67711222e1c062b8b46b26facdbac682,4eb20642c24d261cd5f6f0af5370d54b1fd5ab6410e9ec18b5e112e041178665,657880882,1078980171,c22_bata,robustness35,0.932033526,0.792871798125,PASS,
TrpB,bata,21,original_main35,e2108074ce3eef00b4c5a26429c775b8b840779b16a611596eb8f956ea1667ae,6c92778b6426fa6053bb959e60e96d4042fe3178580c0e3cfff214079a0b79ca,3061771756,4273447489,c22_bata,robustness35,0.922559227,0.83088389125,PASS,
TrpB,bata,22,original_main35,425a772dd425df0a0e48f6771354257609cfc2bf76e7e2cd975afeca8f9cdcb6,1a60108d42c1cf2f277d9553aad23a11145f34cb1dfe01f8cf8d25e28ad16ec2,681916664,947364728,c22_bata,robustness35,0.922559227,0.748360727,PASS,
TrpB,bata,23,original_main35,6f823a5f3a7a1b6c7130cf1ffe4c564e253dc6fef3558a43616fbcd1d0a712bb,453add68a3cbdfd9b0e0164af1d61b2593292b74344a59b85da0b25c639bd752,4284574173,2303191039,c22_bata,robustness35,0.922559227,0.761745140875,PASS,
TrpB,bata,24,original_main35,41e50d3f4f8c48608774258d2d513a19e3801c6802ae499b72a1d61844488f85,1aba683f5ce6dbbd8fc945f284210dd49b662477c98cd874fe50a631ace98c90,4254701629,3816456862,c22_bata,robustness35,0.922559227,0.8269007811250001,PASS,
TrpB,bata,25,original_main35,f7e1cd621d2a4cc26f3d08632bc7d7f51bab7598ac98a6131091f570d8ca236b,1965e273d7aa6f32105dee9412c2a0d9465c4f81759d410a40de79d6b3576733,2550056138,2813512266,c22_bata,robustness35,0.922559227,0.742085821875,PASS,
TrpB,bata,26,original_main35,6d617291ec4c0ee6020ac22e13e8bbabbfd5e0d53bab5f1364b4348a7ec2ba39,c84fcb5728970c9299eaa09a31bd4167345ca150397daea83c10778df05d1efe,2171102328,2443709940,c22_bata,robustness35,0.752894791,0.7273837508750001,PASS,
TrpB,bata,27,original_main35,82e2631db5a0b0a3e4c16e4b415d36d0cbf7e94dcb03be7ed25a6824ba7c78f2,ad6c8217c2ebab075d2c5a9641c0f3d2ec5c15ab8548a335c46dcf8b49d9d7aa,1272818518,441529416,c22_bata,robustness35,0.932033526,0.806234566875,PASS,
TrpB,bata,28,original_main35,2ce519b1e993a1346c8da6f223ac88a66cc8fd589848f92e7521677863fe9910,e8f8f037dbc2e8648f5ec7fc6fcee9d281adc2a0744f6005bdf45230eef177b6,2126873814,2581651201,c22_bata,robustness35,0.932033526,0.8591712734999999,PASS,
TrpB,bata,29,original_main35,394b6ed603c494a5bc099b1f39c612a00bcd8474405ecdaaa72e1c4e1abbc59e,2fcbc0ad52eaf75d9215b03489f647b779c2987561cdde99525f18d1d32d3e66,3574642585,849359091,c22_bata,robustness35,0.932033526,0.74611189625,PASS,
TrpB,bata,30,original_main35,ddeb7aa37ad2ff8523bfc7bb78287c8a6e8824cad52823e2c52dcf8da81f33ac,ebc041499f44ceeed64f4998f1d20f15a5c507f49c3adcfa7b4b1de5c751f39d,2007167913,173349196,c22_bata,robustness35,0.932033526,0.886831618375,PASS,
TrpB,bata,31,original_main35,771be6fbdc50197bfae3f1f241f19c97bfe3f5ba6512dfc9883bc2b9572c354c,4f8861786cbf78ef89704cd30e8c9e5436d8914ff5ce30294406e7257969b715,872792043,2160880174,c22_bata,robustness35,0.88246645,0.65549782675,PASS,
TrpB,bata,32,original_main35,3f3577b9258a4a675793ccf9a0da2441c5da44fa834ae630c1a9547955707fd0,e1a5badab2fe8f756aefbc7f9433ab764eb702b9fda43be02a5b3d76cd1fcca2,3727870541,1292761220,c22_bata,robustness35,0.895147379,0.8041936812499999,PASS,
TrpB,bata,33,original_main35,ee6229bd38c3d3df63bb851f0f78173d26f6890868cfad55af54763fc83dd444,61f1a33db9b95d687c20c8d831968aa92b8298f7a3ea8ccc8340e5d0922120c8,3744327078,1850198806,c22_bata,robustness35,0.88246645,0.8075115348749999,PASS,
TrpB,bata,34,original_main35,7c7acfed716ba3bc034ea277e6ea9889adbbd58785a1bd829232748ab0357a57,37440d01c4da80b98057098baff3d301207eb9bfbc6cc371759abb17c64f2fa5,3075868727,3918096446,c22_bata,robustness35,0.922559227,0.7832464748749999,PASS,
TrpB,reap100,20,original_main35,3461004789a34cb26868ec17e00053fd67711222e1c062b8b46b26facdbac682,4eb20642c24d261cd5f6f0af5370d54b1fd5ab6410e9ec18b5e112e041178665,657880882,1078980171,reap100,robustness35,1.0,0.740295857875,PASS,
TrpB,reap100,21,original_main35,e2108074ce3eef00b4c5a26429c775b8b840779b16a611596eb8f956ea1667ae,6c92778b6426fa6053bb959e60e96d4042fe3178580c0e3cfff214079a0b79ca,3061771756,4273447489,reap100,robustness35,1.0,0.866777143125,PASS,
TrpB,reap100,22,original_main35,425a772dd425df0a0e48f6771354257609cfc2bf76e7e2cd975afeca8f9cdcb6,1a60108d42c1cf2f277d9553aad23a11145f34cb1dfe01f8cf8d25e28ad16ec2,681916664,947364728,reap100,robustness35,0.752894791,0.6996671785,PASS,
TrpB,reap100,23,original_main35,6f823a5f3a7a1b6c7130cf1ffe4c564e253dc6fef3558a43616fbcd1d0a712bb,453add68a3cbdfd9b0e0164af1d61b2593292b74344a59b85da0b25c639bd752,4284574173,2303191039,reap100,robustness35,0.832570233,0.7199763096249999,PASS,
TrpB,reap100,24,original_main35,41e50d3f4f8c48608774258d2d513a19e3801c6802ae499b72a1d61844488f85,1aba683f5ce6dbbd8fc945f284210dd49b662477c98cd874fe50a631ace98c90,4254701629,3816456862,reap100,robustness35,1.0,0.863827814,PASS,
TrpB,reap100,25,original_main35,f7e1cd621d2a4cc26f3d08632bc7d7f51bab7598ac98a6131091f570d8ca236b,1965e273d7aa6f32105dee9412c2a0d9465c4f81759d410a40de79d6b3576733,2550056138,2813512266,reap100,robustness35,1.0,0.79553123325,PASS,
TrpB,reap100,26,original_main35,6d617291ec4c0ee6020ac22e13e8bbabbfd5e0d53bab5f1364b4348a7ec2ba39,c84fcb5728970c9299eaa09a31bd4167345ca150397daea83c10778df05d1efe,2171102328,2443709940,reap100,robustness35,0.73943435,0.65737264625,PASS,
TrpB,reap100,27,original_main35,82e2631db5a0b0a3e4c16e4b415d36d0cbf7e94dcb03be7ed25a6824ba7c78f2,ad6c8217c2ebab075d2c5a9641c0f3d2ec5c15ab8548a335c46dcf8b49d9d7aa,1272818518,441529416,reap100,robustness35,0.932033526,0.698296488875,PASS,
TrpB,reap100,28,original_main35,2ce519b1e993a1346c8da6f223ac88a66cc8fd589848f92e7521677863fe9910,e8f8f037dbc2e8648f5ec7fc6fcee9d281adc2a0744f6005bdf45230eef177b6,2126873814,2581651201,reap100,robustness35,1.0,0.91026977,PASS,
TrpB,reap100,29,original_main35,394b6ed603c494a5bc099b1f39c612a00bcd8474405ecdaaa72e1c4e1abbc59e,2fcbc0ad52eaf75d9215b03489f647b779c2987561cdde99525f18d1d32d3e66,3574642585,849359091,reap100,robustness35,0.752894791,0.654035126375,PASS,
TrpB,reap100,30,original_main35,ddeb7aa37ad2ff8523bfc7bb78287c8a6e8824cad52823e2c52dcf8da81f33ac,ebc041499f44ceeed64f4998f1d20f15a5c507f49c3adcfa7b4b1de5c751f39d,2007167913,173349196,reap100,robustness35,1.0,0.9340478141249999,PASS,
TrpB,reap100,31,original_main35,771be6fbdc50197bfae3f1f241f19c97bfe3f5ba6512dfc9883bc2b9572c354c,4f8861786cbf78ef89704cd30e8c9e5436d8914ff5ce30294406e7257969b715,872792043,2160880174,reap100,robustness35,0.73943435,0.5985542934999999,PASS,
TrpB,reap100,32,original_main35,3f3577b9258a4a675793ccf9a0da2441c5da44fa834ae630c1a9547955707fd0,e1a5badab2fe8f756aefbc7f9433ab764eb702b9fda43be02a5b3d76cd1fcca2,3727870541,1292761220,reap100,robustness35,0.800478399,0.709035646,PASS,
TrpB,reap100,33,original_main35,ee6229bd38c3d3df63bb851f0f78173d26f6890868cfad55af54763fc83dd444,61f1a33db9b95d687c20c8d831968aa92b8298f7a3ea8ccc8340e5d0922120c8,3744327078,1850198806,reap100,robustness35,0.756122223,0.71334858425,PASS,
TrpB,reap100,34,original_main35,7c7acfed716ba3bc034ea277e6ea9889adbbd58785a1bd829232748ab0357a57,37440d01c4da80b98057098baff3d301207eb9bfbc6cc371759abb17c64f2fa5,3075868727,3918096446,reap100,robustness35,1.0,0.8712249449999999,PASS,
